id,prix_mad,ville,quartier,surface_m2,nb_chambres,nb_salles_de_bain,log_prix,price_category,surface_par_chambre,mois_annonce
1692,1050000.0,Kénitra,La Ville Haute,120.0,3,2,13.864301674514206,Moyen,30.0,5
7881,750000.0,Casablanca,Belvédère,67.0,2,1,13.527829818844937,Moyen,22.333333333333332,5
6412,1550000.0,Rabat,Agdal,50.0,1,1,14.253766134056512,Luxe,25.0,5
4936,410000.0,Tanger,Moujahidine,52.0,2,1,12.923914877701906,Économique,17.333333333333332,5
4268,640000.0,Kénitra,Alliance,90.0,2,2,13.369225017834633,Moyen,30.0,5
6822,330000.0,Mohammedia,El Alia,54.0,2,1,12.706850963741102,Économique,18.0,5
419,930000.0,El Jadida,Hay Essalam,80.0,3,2,13.742940940397677,Moyen,20.0,5
5247,1290000.0,Casablanca,Bourgogne,107.0,2,2,14.070153551531353,Moyen,35.666666666666664,5
4533,1550000.0,Casablanca,Roches Noires,123.0,3,2,14.253766134056512,Luxe,30.75,5
6264,1250000.0,Kénitra,Maamora,102.0,3,2,14.038654909278163,Moyen,25.5,5
5042,1300000.0,Casablanca,Route D'Azemmour,90.0,2,2,14.077875591662238,Moyen,30.0,5
5081,2600000.0,Marrakech,Agdal,110.0,2,2,14.77102238760702,Luxe,36.666666666666664,5
4562,620000.0,Tanger,Moujahidine,62.0,2,2,13.3374763699232,Moyen,20.666666666666668,5
294,1500000.0,Casablanca,Maârif Extension,123.0,3,2,14.220976332738882,Moyen,30.75,5
8019,300000.0,Saidia,Toute La Ville,60.0,2,1,12.611541086966115,Économique,20.0,5
3816,740000.0,Marrakech,Hay Charaf,98.0,2,1,13.51440681653079,Moyen,32.666666666666664,5
7548,1420000.0,Casablanca,Belvédère,120.0,3,2,14.166168133802547,Moyen,30.0,5
8045,540000.0,Asilah,Toute La Ville,62.0,3,1,13.199326270390594,Moyen,15.5,5
6685,1000000.0,Casablanca,2 Mars,43.0,1,1,13.815511557963774,Moyen,21.5,5
1635,1490000.0,Tétouan,Autre Secteur,160.0,3,2,14.214287349062356,Moyen,40.0,5
5940,700000.0,El Mansouria,Toute La Ville,52.0,1,1,13.45883704259595,Moyen,26.0,5
7999,1260000.0,Marrakech,Semlalia,84.0,2,2,14.04662307257814,Moyen,28.0,5
2861,4000000.0,Casablanca,Aïn Diab,189.0,3,2,15.201805169084134,Luxe,47.25,5
1149,1050000.0,Casablanca,Hay Hassani,60.0,2,2,13.864301674514206,Moyen,20.0,5
3316,330000.0,Dar Bouazza,Toute La Ville,58.0,2,1,12.706850963741102,Économique,19.333333333333332,5
5773,1200000.0,Casablanca,Sidi Maarouf,118.0,3,2,13.997832948091215,Moyen,29.5,5
1851,900000.0,Kénitra,Maamora,121.0,3,1,13.710151153416941,Moyen,30.25,5
4756,2370000.0,Dar Bouazza,Toute La Ville,145.0,2,2,14.678400935052153,Luxe,48.333333333333336,5
6570,520000.0,Casablanca,Oulfa,56.0,2,2,13.161586013632684,Moyen,18.666666666666668,5
6194,2200000.0,Casablanca,Palmier,147.0,3,2,14.603968372873895,Luxe,36.75,5
2810,870000.0,Agadir,Hay Mohammadi,72.0,2,2,13.676249640055394,Moyen,24.0,5
439,660000.0,Marrakech,Amerchich,45.0,1,1,13.399996629152975,Moyen,22.5,5
2723,1378000.0,Tanger,Centre Ville,106.0,3,2,14.136144456244882,Moyen,26.5,5
1298,670000.0,Meknès,Autre Secteur,96.0,3,2,13.415034483903348,Moyen,24.0,5
5849,3750000.0,Casablanca,Racine,208.0,3,3,15.137266664613225,Luxe,52.0,5
4560,1000000.0,Casablanca,Sidi Maarouf,112.0,2,2,13.815511557963774,Moyen,37.333333333333336,5
5541,760000.0,El Jadida,Autre Secteur,106.0,4,2,13.541075028051122,Moyen,21.2,5
7986,1000000.0,Sidi Rahal,Toute La Ville,88.0,2,2,13.815511557963774,Moyen,29.333333333333332,5
7640,500000.0,Tanger,Autre Secteur,96.0,2,1,13.122365377402328,Économique,32.0,5
5275,1200000.0,Salé,Tabriquet,115.0,3,2,13.997832948091215,Moyen,28.75,5
7513,710000.0,Had Soualem,Toute La Ville,88.0,3,2,13.47302165746721,Moyen,22.0,5
4205,890000.0,Tanger,Jirrari,78.0,2,1,13.698977865303197,Moyen,26.0,5
1766,1930000.0,Casablanca,2 Mars,129.0,3,2,14.47303107901565,Luxe,32.25,5
1784,1690000.0,Casablanca,Centre Ville,189.0,3,2,14.340239678615058,Luxe,47.25,5
374,3500000.0,Casablanca,Racine,176.0,3,3,15.068273812173887,Luxe,44.0,5
4768,1350000.0,Marrakech,Av Mohammed Vi,77.0,1,1,14.115615891155079,Moyen,38.5,5
5925,380000.0,Berrechid,Toute La Ville,62.0,2,2,12.847929163278053,Économique,20.666666666666668,5
5807,1050000.0,Temara,Abbadi,134.0,3,1,13.864301674514206,Moyen,33.5,5
5931,660000.0,Kénitra,Mimosas,90.0,2,1,13.399996629152975,Moyen,30.0,5
7767,440000.0,Casablanca,Oulfa,50.0,1,1,12.994532278619134,Économique,25.0,5
4957,2480000.0,Casablanca,Racine,186.0,3,3,14.72376952136689,Luxe,46.5,5
1794,900000.0,Asilah,Toute La Ville,67.0,2,1,13.710151153416941,Moyen,22.333333333333332,5
5978,1606500.0,Casablanca,2 Mars,119.0,3,1,14.289569080009068,Luxe,29.75,5
7895,690000.0,Ait Melloul,Toute La Ville,70.0,2,1,13.444448325847754,Moyen,23.333333333333332,5
4443,600000.0,Casablanca,Sidi Bernoussi,86.0,2,2,13.304686600863562,Moyen,28.666666666666668,5
5461,2200000.0,Temara,Harhoura,138.0,2,2,14.603968372873895,Luxe,46.0,5
2389,2250000.0,Tanger,Malabata,88.0,2,2,14.626441218624949,Luxe,29.333333333333332,5
3933,570000.0,Kénitra,Bir Rami,90.0,3,2,13.25339339419516,Moyen,22.5,5
4814,740000.0,Bouznika,Plage Oued Cherrat,74.0,2,2,13.51440681653079,Moyen,24.666666666666668,5
1394,430000.0,Marrakech,Es Saada,60.0,2,1,12.971542813248437,Économique,20.0,5
813,900000.0,Temara,Autre Secteur,120.0,4,2,13.710151153416941,Moyen,24.0,5
6907,480000.0,Marrakech,Route De Casablanca,51.0,2,1,13.081543466215237,Économique,17.0,5
1704,100000000.0,Salé,Said Hajji,100.0,3,2,18.420680753952364,Luxe,25.0,5
3321,2100000.0,Marrakech,Guéliz,120.0,2,2,14.557448378884015,Luxe,40.0,5
6255,1350000.0,Kénitra,La Ville Haute,135.0,3,2,14.115615891155079,Moyen,33.75,5
5435,490000.0,Meknès,Autre Secteur,110.0,3,2,13.102162710901053,Économique,27.5,5
2164,1100000.0,Benslimane,Autre Secteur,93.0,2,1,13.910821646859095,Moyen,31.0,5
4881,1150000.0,Casablanca,Sidi Maarouf,106.0,3,2,13.955273369904273,Moyen,26.5,5
2252,832030.0,Dcheïra El Jihadia,Toute La Ville,83.0,4,2,13.631624978724608,Moyen,16.6,5
6604,650000.0,Bouznika,Autre Secteur,70.0,2,1,13.384729180332174,Moyen,23.333333333333332,5
3308,1650000.0,Casablanca,Almaz,143.0,3,3,14.316286451937186,Luxe,35.75,5
7502,860000.0,Had Soualem,Toute La Ville,130.0,5,2,13.664688831019712,Moyen,21.666666666666668,5
4697,970000.0,Casablanca,Belvédère,67.0,2,2,13.785052381406869,Moyen,22.333333333333332,5
5891,2000000.0,Tétouan,Autre Secteur,145.0,3,2,14.508658238524095,Luxe,36.25,5
4783,880000.0,Agadir,Hay Dakhla,108.0,2,2,13.68767832281738,Moyen,36.0,5
922,1750000.0,Casablanca,Val Fleuri,118.0,2,1,14.375126917328105,Luxe,39.333333333333336,5
323,1100000.0,Sidi Rahal,Toute La Ville,108.0,2,2,13.910821646859095,Moyen,36.0,5
5520,2750000.0,Casablanca,Bourgogne,212.0,4,3,14.827111833279051,Luxe,42.4,5
4114,3250000.0,Casablanca,Gauthier,188.0,3,2,14.99416586199818,Luxe,47.0,5
6333,330000.0,Meknès,Autre Secteur,67.0,3,1,12.706850963741102,Économique,16.75,5
6832,3810000.0,Casablanca,Marina,172.0,2,2,15.153140009570041,Luxe,57.333333333333336,5
4105,1950000.0,Casablanca,Maarif,118.0,2,1,14.48334044336031,Luxe,39.333333333333336,5
2618,5400000.0,Rabat,Hay Riad,326.0,4,4,15.501909696719672,Luxe,65.2,5
4229,1500000.0,Tanger,Casabarata,100.0,2,1,14.220976332738882,Moyen,33.333333333333336,5
7014,450000.0,Tanger,Marjane,57.0,2,1,13.017005083966255,Économique,19.0,5
232,240000.0,Meknès,Hay Salam,60.0,2,1,12.388398368982115,Économique,20.0,5
6135,1550000.0,Casablanca,Abdelmoumen,77.0,2,2,14.253766134056512,Luxe,25.666666666666668,5
111,860000.0,Casablanca,Sidi Bernoussi,101.0,3,2,13.664688831019712,Moyen,25.25,5
2836,740000.0,Bouznika,Plage Oued Cherrat,74.0,2,2,13.51440681653079,Moyen,24.666666666666668,5
4551,3200000.0,Casablanca,Anfa,223.0,3,2,14.978661680269907,Luxe,55.75,5
1080,3480000.0,Casablanca,Bourgogne,260.0,3,2,15.062543139106937,Luxe,65.0,5
4685,590000.0,Had Soualem,Toute La Ville,100.0,3,2,13.28787951079572,Moyen,25.0,5
1116,800000.0,Tanger,Tanja Balia,118.0,2,1,13.592368256649284,Moyen,39.333333333333336,5
1978,535000.0,Bouznika,Autre Secteur,55.0,2,1,13.190023895035274,Moyen,18.333333333333332,5
6889,2180000.0,Casablanca,2 Mars,156.0,3,3,14.594835893480763,Luxe,39.0,5
1468,750000.0,Tanger,Aharrarine,80.0,3,2,13.527829818844937,Moyen,20.0,5
3444,1850000.0,Casablanca,Californie,119.0,3,2,14.430696737594902,Luxe,29.75,5
7389,660000.0,Casablanca,Sidi Maarouf,96.0,3,1,13.399996629152975,Moyen,24.0,5
1579,680000.0,Marrakech,Allal El Fassi,87.0,2,2,13.429849547739444,Moyen,29.0,5
4100,2250000.0,Casablanca,Californie,123.0,3,2,14.626441218624949,Luxe,30.75,5
2465,600000.0,Casablanca,Sidi Bernoussi,86.0,2,2,13.304686600863562,Moyen,28.666666666666668,5
4658,650000.0,Casablanca,Sidi Moumen,48.0,2,1,13.384729180332174,Moyen,16.0,5
5556,3000000.0,Casablanca,Racine,154.0,3,3,14.914123179965662,Luxe,38.5,5
1451,1080000.0,Casablanca,Hay Mohammadi,120.0,3,2,13.8924725250259,Moyen,30.0,5
5715,790000.0,Kénitra,Bir Rami,85.0,2,2,13.579789490265188,Moyen,28.333333333333332,5
1841,2000000.0,Casablanca,Beauséjour,110.0,2,2,14.508658238524095,Luxe,36.666666666666664,5
7562,390000.0,Saidia,Toute La Ville,69.0,2,1,12.873904582205107,Économique,23.0,5
2608,800000.0,Casablanca,Bourgogne,86.0,2,1,13.592368256649284,Moyen,28.666666666666668,5
3949,545000.0,El Jadida,Autre Secteur,70.0,2,1,13.208542908506082,Moyen,23.333333333333332,5
6273,500000.0,Kénitra,Bir Rami,80.0,2,1,13.122365377402328,Économique,26.666666666666668,5
4016,450000.0,Tanger,Hay Hassani,52.0,2,2,13.017005083966255,Économique,17.333333333333332,5
3313,350000.0,Fès,Zouagha,128.0,2,1,12.765691290604371,Économique,42.666666666666664,5
5635,750000.0,Tanger,Aouama Gharbia,100.0,2,2,13.527829818844937,Moyen,33.333333333333336,5
2575,3650000.0,Casablanca,Maarif,245.0,4,3,15.11023799953124,Luxe,49.0,5
1489,800000.0,Marrakech,Guéliz,54.0,1,1,13.592368256649284,Moyen,27.0,5
5199,900000.0,Temara,Wifak,90.0,2,1,13.710151153416941,Moyen,30.0,5
2888,1340000.0,Casablanca,Maarif,106.0,2,1,14.108180918195472,Moyen,35.333333333333336,5
3066,2490000.0,Tanger,De La Plage,98.0,2,2,14.727793670047236,Luxe,32.666666666666664,5
4588,500000.0,Meknès,Autre Secteur,82.0,2,2,13.122365377402328,Économique,27.333333333333332,5
3351,560000.0,Sidi Rahal,Toute La Ville,79.0,2,2,13.235693848424024,Moyen,26.333333333333332,5
4960,580000.0,Casablanca,Al Fida,66.0,2,1,13.270785106659046,Moyen,22.0,5
3781,300000.0,Kénitra,Bir Rami,70.0,2,1,12.611541086966115,Économique,23.333333333333332,5
7346,2590000.0,Casablanca,C.I.L,170.0,3,2,14.767168819776032,Luxe,42.5,5
1515,4216000.0,Casablanca,Racine,284.0,3,3,15.254397606394958,Luxe,71.0,5
266,390000.0,Marrakech,Azzouzia,59.0,2,1,12.873904582205107,Économique,19.666666666666668,5
1,940000.0,El Mansouria,Toute La Ville,78.0,2,2,13.753636218075409,Moyen,26.0,5
1452,900000.0,Tanger,Ahlane,66.0,2,1,13.710151153416941,Moyen,22.0,5
3774,4900000.0,Agadir,Marina,110.0,2,2,15.404745967162468,Luxe,36.666666666666664,5
4607,1380000.0,Agadir,Hay Salam,105.0,3,2,14.137594781770806,Moyen,26.25,5
3878,1200000.0,Kénitra,Mimosas,160.0,3,3,13.997832948091215,Moyen,40.0,5
2886,1200000.0,Casablanca,La Gironde,104.0,3,1,13.997832948091215,Moyen,26.0,5
3485,2100000.0,Casablanca,2 Mars,172.0,3,3,14.557448378884015,Luxe,43.0,5
839,890000.0,Tanger,Jirrari,78.0,2,1,13.698977865303197,Moyen,26.0,5
15,1900000.0,Temara,Harhoura,95.0,2,2,14.45736497045232,Luxe,31.666666666666668,5
327,1300000.0,Casablanca,Palmier,62.0,2,2,14.077875591662238,Moyen,20.666666666666668,5
3729,1500000.0,Tétouan,Centre Ville,150.0,3,2,14.220976332738882,Moyen,37.5,5
3207,750000.0,Marrakech,Massira 1,81.0,2,2,13.527829818844937,Moyen,27.0,5
8088,540000.0,Sidi Allal Tazi,Toute La Ville,100.0,4,1,13.199326270390594,Moyen,20.0,5
9,2120000.0,Casablanca,2 Mars,188.0,3,3,14.566927118346197,Luxe,47.0,5
3097,1020000.0,Tanger,Tanja Balia,196.0,2,1,13.83531416565213,Moyen,65.33333333333333,5
2647,450000.0,Casablanca,Autre Secteur,110.0,3,1,13.017005083966255,Économique,27.5,5
6676,2450000.0,Tanger,Malabata,93.0,1,2,14.711598990684092,Luxe,46.5,5
1040,1200000.0,Tanger,Marjane,120.0,4,2,13.997832948091215,Moyen,24.0,5
4161,500000.0,Kénitra,Bir Rami,80.0,2,1,13.122365377402328,Économique,26.666666666666668,5
6987,1790000.0,Marrakech,El Ghoul,96.0,2,1,14.397726736475999,Luxe,32.0,5
3783,720000.0,Essaouira,Centre Ville,75.0,2,1,13.487007879880162,Moyen,25.0,5
3406,1078000.0,Marrakech,Hay Izdihar,77.0,2,2,13.890618958094434,Moyen,25.666666666666668,5
3956,535000.0,Bouznika,Autre Secteur,55.0,2,1,13.190023895035274,Moyen,18.333333333333332,5
5674,480000.0,El Jadida,Autre Secteur,140.0,2,2,13.081543466215237,Économique,46.666666666666664,5
340,1800000.0,Marrakech,Palmeraie,95.0,2,2,14.403297778421795,Luxe,31.666666666666668,5
122,580000.0,Martil,Toute La Ville,62.0,2,1,13.270785106659046,Moyen,20.666666666666668,5
4847,1900000.0,Tétouan,Centre Ville,260.0,9,2,14.45736497045232,Luxe,26.0,5
3981,2700000.0,Casablanca,Racine,135.0,3,3,14.80876270134486,Luxe,33.75,5
1091,1092000.0,Casablanca,Oulfa,78.0,2,2,13.903522351037484,Moyen,26.0,5
5937,795000.0,Casablanca,Oulfa,103.0,3,2,13.586098651497313,Moyen,25.75,5
1373,420000.0,Berrechid,Toute La Ville,72.0,2,2,12.948012371209098,Économique,24.0,5
8131,1250000.0,Marrakech,Autre Secteur,45.0,1,1,14.038654909278163,Moyen,22.5,5
1318,1500000.0,Rabat,Agdal,117.0,3,1,14.220976332738882,Moyen,29.25,5
623,420000.0,Tamesna,Toute La Ville,61.0,2,1,12.948012371209098,Économique,20.333333333333332,5
1420,1850000.0,Sidi Bouknadel,Toute La Ville,130.0,2,2,14.430696737594902,Luxe,43.333333333333336,5
1542,490000.0,Kénitra,Seyad,80.0,2,1,13.102162710901053,Économique,26.666666666666668,5
8108,1270000.0,Casablanca,Belvédère,116.0,2,2,14.054528245836039,Moyen,38.666666666666664,5
8119,480000.0,Casablanca,Sbata,51.0,2,1,13.081543466215237,Économique,17.0,5
6108,2500000.0,Temara,Wifak,200.0,3,2,14.731801689838349,Luxe,50.0,5
6014,3000000.0,Casablanca,Moulay Youssef,119.0,3,2,14.914123179965662,Luxe,29.75,5
2222,3200000.0,Salé,Toute La Ville,111.0,2,2,14.978661680269907,Luxe,37.0,5
2261,850000.0,Temara,Skikina,87.0,3,2,13.652992804936396,Moyen,21.75,5
1411,700000.0,Kénitra,Alliance,94.0,3,1,13.45883704259595,Moyen,23.5,5
4055,580000.0,Kénitra,Al Maghrib Al Arabi,70.0,2,1,13.270785106659046,Moyen,23.333333333333332,5
6450,1250000.0,Temara,Autre Secteur,112.0,2,2,14.038654909278163,Moyen,37.333333333333336,5
3122,1650000.0,Marrakech,Route De Casablanca,104.0,2,2,14.316286451937186,Luxe,34.666666666666664,5
890,650000.0,Meknès,El Bassatine,127.0,4,1,13.384729180332174,Moyen,25.4,5
7337,350000.0,Saidia,Toute La Ville,57.0,2,1,12.765691290604371,Économique,19.0,5
7275,920000.0,Casablanca,Ain Sebaa,87.0,2,2,13.732130035981154,Moyen,29.0,5
6634,4750000.0,Rabat,Riyad,202.0,3,1,15.373655386537118,Luxe,50.5,5
7415,2300000.0,Rabat,Agdal,120.0,3,2,14.648420115681892,Luxe,30.0,5
8069,680000.0,Had Soualem,Toute La Ville,90.0,5,2,13.429849547739444,Moyen,15.0,5
7890,120000.0,Zenata,Toute La Ville,49.0,1,1,11.695255355062795,Économique,24.5,5
197,390000.0,Kénitra,Bir Rami,82.0,2,2,12.873904582205107,Économique,27.333333333333332,5
4653,1150000.0,Casablanca,Palmier,57.0,1,1,13.955273369904273,Moyen,28.5,5
7215,630000.0,Martil,Toute La Ville,65.0,2,1,13.353476685668044,Moyen,21.666666666666668,5
416,300000.0,Kénitra,Bir Rami,70.0,2,1,12.611541086966115,Économique,23.333333333333332,5
8173,700000.0,Agadir,Cité Adrar,64.0,2,1,13.45883704259595,Moyen,21.333333333333332,5
2031,750000.0,Oued Laou,Toute La Ville,87.0,2,1,13.527829818844937,Moyen,29.0,5
7381,290000.0,Asilah,Toute La Ville,50.0,1,1,12.577639650232573,Économique,25.0,5
4772,350000.0,Bouskoura,Bouskoura Centre,57.0,2,1,12.765691290604371,Économique,19.0,5
433,1650000.0,Casablanca,Almaz,146.0,3,3,14.316286451937186,Luxe,36.5,5
2956,550000.0,Tanger,Aouama Gharbia,100.0,2,1,13.217675375388819,Moyen,33.333333333333336,5
2971,850000.0,Benslimane,Autre Secteur,107.0,3,2,13.652992804936396,Moyen,26.75,5
4252,1170000.0,Marrakech,Hay Izdihar,86.0,2,2,13.972515161474428,Moyen,28.666666666666668,5
3107,320000.0,Meknès,Autre Secteur,70.0,2,1,12.676079399771027,Économique,23.333333333333332,5
6922,2500000.0,Casablanca,Sidi Belyout,153.0,3,3,14.731801689838349,Luxe,38.25,5
3455,710000.0,Bouznika,Autre Secteur,108.0,2,2,13.47302165746721,Moyen,36.0,5
2250,1320000.0,Nouaceur,Toute La Ville,136.0,3,2,14.093143052138025,Moyen,34.0,5
6244,1750000.0,Bouznika,Plage Oued Cherrat,157.0,2,2,14.375126917328105,Luxe,52.333333333333336,5
2756,380000.0,Mohammedia,Nassim,58.0,2,1,12.847929163278053,Économique,19.333333333333332,5
1109,450000.0,Tanger,Marjane,57.0,2,1,13.017005083966255,Économique,19.0,5
5766,2950000.0,Casablanca,Triangle D'Or,200.0,3,3,14.897316067298997,Luxe,50.0,5
8008,340000.0,Temara,Temara Plage,50.0,2,1,12.73670383776449,Économique,16.666666666666668,5
7055,450000.0,Larache,Toute La Ville,82.0,3,1,13.017005083966255,Économique,20.5,5
5654,520000.0,Ben Guerir,Toute La Ville,92.0,2,2,13.161586013632684,Moyen,30.666666666666668,5
5434,710000.0,Had Soualem,Toute La Ville,88.0,3,2,13.47302165746721,Moyen,22.0,5
1906,1500000.0,Mohammedia,La Siesta,95.0,2,1,14.220976332738882,Moyen,31.666666666666668,5
1195,555000.0,Tanger,Tanja Balia,74.0,2,1,13.22672519452875,Moyen,24.666666666666668,5
2700,520000.0,Casablanca,Aïn Chock,55.0,2,1,13.161586013632684,Moyen,18.333333333333332,5
5884,420000.0,Fès,Oued Fès,92.0,2,2,12.948012371209098,Économique,30.666666666666668,5
605,330000.0,Fès,Mont Fleuri,64.0,2,1,12.706850963741102,Économique,21.333333333333332,5
6256,1850000.0,Temara,Wifak,135.0,2,1,14.430696737594902,Luxe,45.0,5
881,1400000.0,Marrakech,Guéliz,96.0,2,2,14.151983508870947,Moyen,32.0,5
1219,1350000.0,Marrakech,Victor Hugo,54.0,1,1,14.115615891155079,Moyen,27.0,5
6352,750000.0,Marrakech,Socoma,100.0,2,2,13.527829818844937,Moyen,33.333333333333336,5
2569,1300000.0,Casablanca,Hay Hassani,131.0,3,1,14.077875591662238,Moyen,32.75,5
2292,950000.0,Casablanca,Maarif,47.0,2,1,13.76421831620775,Moyen,15.666666666666666,5
2374,510000.0,Berrechid,Toute La Ville,100.0,2,1,13.1421679654829,Moyen,33.333333333333336,5
8052,660000.0,Marrakech,Route De Casablanca,60.0,2,1,13.399996629152975,Moyen,20.0,5
6689,760000.0,Tanger,Tanja Balia,76.0,2,1,13.541075028051122,Moyen,25.333333333333332,5
6653,1800000.0,Casablanca,Autre Secteur,114.0,3,2,14.403297778421795,Luxe,28.5,5
5363,3000000.0,Marrakech,Hivernage,180.0,2,2,14.914123179965662,Luxe,60.0,5
5963,1500000.0,Mohammedia,La Siesta,95.0,2,1,14.220976332738882,Moyen,31.666666666666668,5
8054,660000.0,Marrakech,Massira 1,74.0,2,1,13.399996629152975,Moyen,24.666666666666668,5
2949,798000.0,Tanger,Tanja Balia,76.0,2,1,13.589865129563993,Moyen,25.333333333333332,5
3529,800000.0,Marrakech,M'Hamid,95.0,3,1,13.592368256649284,Moyen,23.75,5
1707,950000.0,Casablanca,Belvédère,105.0,2,2,13.76421831620775,Moyen,35.0,5
1158,1400000.0,Casablanca,Hay Hassani,86.0,2,2,14.151983508870947,Moyen,28.666666666666668,5
7425,340000.0,Safi,Lamiaa,65.0,2,2,12.73670383776449,Économique,21.666666666666668,5
6957,800000.0,Bouznika,Autre Secteur,170.0,3,2,13.592368256649284,Moyen,42.5,5
8041,9000000.0,Tanger,Marchan,80.0,2,1,16.012735246411598,Luxe,26.666666666666668,5
4478,750000.0,Tanger,Tanja Balia,80.0,3,1,13.527829818844937,Moyen,20.0,5
2777,420000.0,Bouskoura,Bouskoura Centre,71.0,2,1,12.948012371209098,Économique,23.666666666666668,5
5242,660000.0,Salé,Frougui,76.0,3,2,13.399996629152975,Moyen,19.0,5
5012,540000.0,Benslimane,Autre Secteur,70.0,3,1,13.199326270390594,Moyen,17.5,5
4487,1100000.0,Tamaris,Toute La Ville,80.0,2,1,13.910821646859095,Moyen,26.666666666666668,5
5455,460000.0,Marrakech,M'Hamid,71.0,3,2,13.038983942375959,Économique,17.75,5
8051,470000.0,Marrakech,Mabrouka,58.0,2,1,13.060490101343552,Économique,19.333333333333332,5
7084,1300000.0,Casablanca,La Gironde,115.0,2,2,14.077875591662238,Moyen,38.333333333333336,5
4598,850000.0,Martil,Toute La Ville,76.0,2,2,13.652992804936396,Moyen,25.333333333333332,5
1783,970000.0,Casablanca,Belvédère,109.0,3,2,13.785052381406869,Moyen,27.25,5
2571,2595000.0,Casablanca,Maarif,167.0,3,2,14.769097459938507,Luxe,41.75,5
5214,480000.0,Martil,Toute La Ville,70.0,1,1,13.081543466215237,Économique,35.0,5
5595,1200000.0,Marrakech,Guéliz,52.0,1,1,13.997832948091215,Moyen,26.0,5
905,230000.0,Casablanca,Sidi Moumen,46.0,2,1,12.345838935721968,Économique,15.333333333333334,5
1447,550000.0,Tanger,Autre Secteur,60.0,2,1,13.217675375388819,Moyen,20.0,5
7687,750000.0,Marrakech,Hay Izdihar,57.0,1,1,13.527829818844937,Moyen,28.5,5
2923,1650000.0,Casablanca,Californie,97.0,2,2,14.316286451937186,Luxe,32.333333333333336,5
3793,740000.0,Zenata,Toute La Ville,50.0,1,1,13.51440681653079,Moyen,25.0,5
6162,850000.0,Kénitra,Seyad,102.0,3,2,13.652992804936396,Moyen,25.5,5
5983,1560000.0,Temara,Harhoura,92.0,2,1,14.260197020251155,Luxe,30.666666666666668,5
4238,620000.0,Sidi Rahal,Toute La Ville,92.0,3,2,13.3374763699232,Moyen,23.0,5
1785,1600000.0,Marrakech,Route De Tahanaoute,60.0,1,1,14.285514812209815,Luxe,30.0,5
1566,1420000.0,Salé,Sala El Jadida,118.0,3,2,14.166168133802547,Moyen,29.5,5
7360,520000.0,Casablanca,Bournazil,60.0,2,1,13.161586013632684,Moyen,20.0,5
2334,390000.0,Martil,Toute La Ville,83.0,2,1,12.873904582205107,Économique,27.666666666666668,5
7716,1250000.0,Fès,Autre Secteur,125.0,3,2,14.038654909278163,Moyen,31.25,5
4314,1330000.0,Casablanca,Les Princesses,68.0,1,2,14.100690252077353,Moyen,34.0,5
7001,592000.0,Tanger,Tanja Balia,74.0,2,1,13.291263603053904,Moyen,24.666666666666668,5
4982,640000.0,Tanger,Autre Secteur,64.0,2,1,13.369225017834633,Moyen,21.333333333333332,5
5660,750000.0,Martil,Toute La Ville,116.0,2,2,13.527829818844937,Moyen,38.666666666666664,5
2707,590000.0,Had Soualem,Toute La Ville,100.0,3,2,13.28787951079572,Moyen,25.0,5
6979,750000.0,Casablanca,Ain Sebaa,75.0,2,1,13.527829818844937,Moyen,25.0,5
3860,5500000.0,Rabat,Riyad,228.0,4,3,15.520258832020865,Luxe,45.6,5
3401,440000.0,Marrakech,Route De Casablanca,60.0,2,1,12.994532278619134,Économique,20.0,5
6571,760000.0,Bouznika,Autre Secteur,89.0,2,2,13.541075028051122,Moyen,29.666666666666668,5
3542,600000.0,Dar Bouazza,Toute La Ville,53.0,2,1,13.304686600863562,Moyen,17.666666666666668,5
2405,390000.0,El Jadida,Saada,75.0,2,1,12.873904582205107,Économique,25.0,5
2199,1850000.0,Temara,Wifak,135.0,2,1,14.430696737594902,Luxe,45.0,5
4824,720000.0,Marrakech,Mabrouka,81.0,2,1,13.487007879880162,Moyen,27.0,5
2797,880000.0,Casablanca,Hay Inara,86.0,2,1,13.68767832281738,Moyen,28.666666666666668,5
5900,2600000.0,Casablanca,Ferme Bretone,151.0,3,3,14.77102238760702,Luxe,37.75,5
6672,420000.0,Salé,Toute La Ville,60.0,2,1,12.948012371209098,Économique,20.0,5
7805,1300000.0,Casablanca,Bourgogne,109.0,2,2,14.077875591662238,Moyen,36.333333333333336,5
255,459000.0,Tanger,La Nouvelle Ville Ibn Battouta,65.0,3,2,13.036807667689546,Économique,16.25,5
4078,1800000.0,Fès,Autre Secteur,275.0,3,2,14.403297778421795,Luxe,68.75,5
1114,798000.0,Tanger,Tanja Balia,76.0,2,1,13.589865129563993,Moyen,25.333333333333332,5
5943,3200000.0,Tanger,Autre Secteur,84.0,2,2,14.978661680269907,Luxe,28.0,5
7721,1250000.0,Meknès,Autre Secteur,108.0,2,2,14.038654909278163,Moyen,36.0,5
222,750000.0,Marrakech,Autre Secteur,85.0,3,1,13.527829818844937,Moyen,21.25,5
268,4350000.0,Casablanca,Gauthier,267.0,4,4,15.285686632949897,Luxe,53.4,5
108,460000.0,Deroua,Toute La Ville,78.0,2,1,13.038983942375959,Économique,26.0,5
4838,660000.0,Kénitra,Al Maghrib Al Arabi,80.0,2,1,13.399996629152975,Moyen,26.666666666666668,5
1226,630000.0,Salé,Said Hajji,76.0,2,1,13.353476685668044,Moyen,25.333333333333332,5
2128,3000000.0,Tanger,Autre Secteur,140.0,2,2,14.914123179965662,Luxe,46.666666666666664,5
4757,300000.0,Kénitra,Bir Rami,66.0,2,1,12.611541086966115,Économique,22.0,5
5118,510000.0,Fès,Route Ain Chkaf,77.0,3,2,13.1421679654829,Moyen,19.25,5
5706,7400000.0,Tanger,Mozart,478.0,5,4,15.816990693309524,Luxe,79.66666666666667,5
1513,1160000.0,Temara,Riad Oulad Mtaa,85.0,3,2,13.963931425151141,Moyen,21.25,5
7008,730000.0,Casablanca,Sidi Moumen,96.0,2,2,13.500801182986649,Moyen,32.0,5
2645,2250000.0,Casablanca,Quartier Des Hôpitaux,144.0,3,2,14.626441218624949,Luxe,36.0,5
304,580000.0,Marrakech,Palmeraie,48.0,1,1,13.270785106659046,Moyen,24.0,5
2819,590000.0,Casablanca,Errahma,73.0,2,2,13.28787951079572,Moyen,24.333333333333332,5
6433,480000.0,Berkane,Toute La Ville,115.0,4,2,13.081543466215237,Économique,23.0,5
6557,750000.0,Tanger,Tanja Balia,80.0,3,1,13.527829818844937,Moyen,20.0,5
4412,850000.0,Fnideq,Toute La Ville,57.0,1,1,13.652992804936396,Moyen,28.5,5
4558,5200000.0,Casablanca,Maarif,283.0,3,3,15.46416937585933,Luxe,70.75,5
1210,2300000.0,Marrakech,Palmeraie,134.0,2,2,14.648420115681892,Luxe,44.666666666666664,5
1787,530000.0,Casablanca,Sidi Bernoussi,110.0,3,2,13.180634172318978,Moyen,27.5,5
3530,1220000.0,Agadir,Hay Mohammadi,107.0,3,2,14.014362236381235,Moyen,26.75,5
5621,600000.0,Dar Bouazza,Toute La Ville,53.0,2,1,13.304686600863562,Moyen,17.666666666666668,5
528,1269000.0,Casablanca,Les Princesses,57.0,1,1,14.053740534718278,Moyen,28.5,5
1437,1090000.0,Kénitra,Centre,128.0,3,2,13.901689171636098,Moyen,32.0,5
2125,1950000.0,Tanger,De La Plage,133.0,4,2,14.48334044336031,Luxe,26.6,5
5379,1236400.0,Agadir,Av Mokawama,88.0,3,1,14.027715298039512,Moyen,22.0,5
7667,1250000.0,Casablanca,Sidi Maarouf,105.0,3,2,14.038654909278163,Moyen,26.25,5
377,1500000.0,Marrakech,Victor Hugo,76.0,2,2,14.220976332738882,Moyen,25.333333333333332,5
1870,340000.0,Kénitra,Bir Rami,70.0,2,1,12.73670383776449,Économique,23.333333333333332,5
2813,1500000.0,Casablanca,Riviera,107.0,2,2,14.220976332738882,Moyen,35.666666666666664,5
6109,3000000.0,Casablanca,Maarif,250.0,4,3,14.914123179965662,Luxe,50.0,5
6767,570000.0,Kénitra,Seyad,90.0,2,1,13.25339339419516,Moyen,30.0,5
6262,680000.0,Casablanca,Aïn Chock,82.0,2,1,13.429849547739444,Moyen,27.333333333333332,5
756,2550000.0,Sidi Bouknadel,Toute La Ville,145.0,3,2,14.751604309291395,Luxe,36.25,5
292,1050000.0,Temara,Ain Atig,124.0,3,2,13.864301674514206,Moyen,31.0,5
5224,754000.0,Meknès,Autre Secteur,111.0,2,2,13.53314897324916,Moyen,37.0,5
2922,750000.0,Casablanca,Ain Sebaa,75.0,2,1,13.527829818844937,Moyen,25.0,5
1544,1400000.0,Agadir,Haut-Founty,70.0,2,2,14.151983508870947,Moyen,23.333333333333332,5
291,430000.0,Lamkansa,Toute La Ville,60.0,2,2,12.971542813248437,Économique,20.0,5
189,2000000.0,Casablanca,Californie,121.0,3,2,14.508658238524095,Luxe,30.25,5
2958,410000.0,Tanger,Moujahidine,52.0,2,1,12.923914877701906,Économique,17.333333333333332,5
1201,770000.0,Casablanca,Sidi Maarouf,72.0,2,1,13.554147092530322,Moyen,24.0,5
6805,1180000.0,Marrakech,Hay Izdihar,86.0,2,2,13.981025843899115,Moyen,28.666666666666668,5
3338,590000.0,El Jadida,Hay Essalam,80.0,2,2,13.28787951079572,Moyen,26.666666666666668,5
1537,650000.0,Agadir,Tilila,67.0,2,2,13.384729180332174,Moyen,22.333333333333332,5
5583,540000.0,Marrakech,M'Hamid,64.0,2,2,13.199326270390594,Moyen,21.333333333333332,5
4706,1950000.0,Tanger,Centre Ville,150.0,3,2,14.48334044336031,Luxe,37.5,5
502,4000000.0,Casablanca,Racine,318.0,4,3,15.201805169084134,Luxe,63.6,5
7010,1200000.0,Kénitra,Saknia,112.0,3,2,13.997832948091215,Moyen,28.0,5
3985,999000.0,Bouskoura,Victoria,114.0,3,2,13.81451105863119,Moyen,28.5,5
7270,4200000.0,Rabat,Riyad,156.0,4,2,15.250595321348806,Luxe,31.2,5
1540,1500000.0,Marrakech,Guéliz,61.0,1,1,14.220976332738882,Moyen,30.5,5
5875,1700000.0,Marrakech,Route De Safi,80.0,2,2,14.346139397261565,Luxe,26.666666666666668,5
7938,1650000.0,Casablanca,Ben Ejdia,105.0,2,2,14.316286451937186,Luxe,35.0,5
6852,1850000.0,Casablanca,Oasis,105.0,2,2,14.430696737594902,Luxe,35.0,5
6322,1700000.0,Bouznika,Plage Oued Cherrat,100.0,2,2,14.346139397261565,Luxe,33.333333333333336,5
7584,750000.0,Tanger,Tanja Balia,80.0,3,1,13.527829818844937,Moyen,20.0,5
673,450000.0,Fès,Hay Ouifak,93.0,3,1,13.017005083966255,Économique,23.25,5
5367,2500000.0,Rabat,Agdal,103.0,3,1,14.731801689838349,Luxe,25.75,5
5894,320000.0,Sidi Kacem,Toute La Ville,105.0,2,1,12.676079399771027,Économique,35.0,5
7143,340000.0,Bouskoura,Bouskoura Centre,52.0,2,1,12.73670383776449,Économique,17.333333333333332,5
7828,550000.0,Marrakech,Route De Casablanca,56.0,2,1,13.217675375388819,Moyen,18.666666666666668,5
5194,520000.0,Marrakech,M'Hamid,61.0,2,2,13.161586013632684,Moyen,20.333333333333332,5
6811,370000.0,Fès,Route Ain Chkaf,88.0,3,1,12.821260987319457,Économique,22.0,5
1465,1100000.0,Casablanca,Californie,58.0,1,1,13.910821646859095,Moyen,29.0,5
6761,2350000.0,Tanger,Centre Ville,84.0,2,2,14.669926311652166,Luxe,28.0,5
6422,750000.0,Casablanca,Oulfa,53.0,1,1,13.527829818844937,Moyen,26.5,5
1192,1000000.0,Casablanca,Sidi Maarouf,112.0,2,2,13.815511557963774,Moyen,37.333333333333336,5
4851,4000000.0,Casablanca,Californie,269.0,3,3,15.201805169084134,Luxe,67.25,5
5972,1269000.0,Casablanca,Les Princesses,57.0,1,1,14.053740534718278,Moyen,28.5,5
7849,1800000.0,Casablanca,Maarif,98.0,2,2,14.403297778421795,Luxe,32.666666666666664,5
4530,475000.0,Casablanca,Autre Secteur,64.0,2,1,13.07107218827772,Économique,21.333333333333332,5
7376,470000.0,Asilah,Toute La Ville,61.0,2,1,13.060490101343552,Économique,20.333333333333332,5
1514,1350000.0,Marrakech,Route De Safi,95.0,2,1,14.115615891155079,Moyen,31.666666666666668,5
217,1170000.0,Temara,Hoda,120.0,3,2,13.972515161474428,Moyen,30.0,5
4713,480000.0,Temara,Wifak,40.0,1,1,13.081543466215237,Économique,20.0,5
5557,1400000.0,Agadir,Haut-Founty,97.0,3,2,14.151983508870947,Moyen,24.25,5
422,950000.0,Casablanca,Sidi Maarouf,87.0,3,2,13.76421831620775,Moyen,21.75,5
506,990000.0,Dar Bouazza,Toute La Ville,65.0,1,1,13.805461232211272,Moyen,32.5,5
5445,940000.0,El Mansouria,Toute La Ville,78.0,2,2,13.753636218075409,Moyen,26.0,5
2210,660000.0,Kénitra,Autre Secteur,90.0,3,1,13.399996629152975,Moyen,22.5,5
4915,2200000.0,Casablanca,Racine,108.0,2,2,14.603968372873895,Luxe,36.0,5
6298,470000.0,Marrakech,Autre Secteur,60.0,2,1,13.060490101343552,Économique,20.0,5
1583,2330000.0,Marrakech,Guéliz,97.0,2,1,14.66137925472634,Luxe,32.333333333333336,5
507,2850000.0,Dar Bouazza,Toute La Ville,200.0,3,2,14.862829903121964,Luxe,50.0,5
6786,72000000.0,Martil,Toute La Ville,70.0,2,2,18.09217669086922,Luxe,23.333333333333332,5
4387,555000.0,Tanger,Tanja Balia,74.0,2,1,13.22672519452875,Moyen,24.666666666666668,5
4393,810000.0,Marrakech,Daoudiate,81.0,3,1,13.60479076121576,Moyen,20.25,5
4589,1600000.0,Agadir,Anza,80.0,2,2,14.285514812209815,Luxe,26.666666666666668,5
7760,600000.0,Sidi Rahal,Toute La Ville,75.0,3,2,13.304686600863562,Moyen,18.75,5
6683,820000.0,Casablanca,2 Mars,36.0,1,1,13.617060838751888,Moyen,18.0,5
4075,550000.0,Kénitra,Seyad,90.0,2,2,13.217675375388819,Moyen,30.0,5
2996,2390000.0,Marrakech,Route De Casablanca,136.0,3,2,14.686804342317648,Luxe,34.0,5
6480,1800000.0,Casablanca,Val Fleuri,129.0,2,2,14.403297778421795,Luxe,43.0,5
7579,750000.0,Bouskoura,Bouskoura Centre,68.0,3,2,13.527829818844937,Moyen,17.0,5
6770,1400000.0,Marrakech,Route De Casablanca,91.0,2,2,14.151983508870947,Moyen,30.333333333333332,5
3249,390000.0,Sidi Rahal,Toute La Ville,46.0,1,1,12.873904582205107,Économique,23.0,5
5256,579000.0,Casablanca,Sidi Moumen,72.0,2,1,13.269059483669357,Moyen,24.0,5
2693,370000.0,Casablanca,Sidi Belyout,56.0,2,2,12.821260987319457,Économique,18.666666666666668,5
348,330000.0,Tanger,Autre Secteur,55.0,2,1,12.706850963741102,Économique,18.333333333333332,5
8048,900000.0,Agadir,Hay Dakhla,68.0,2,1,13.710151153416941,Moyen,22.666666666666668,5
6866,370000.0,Mohammedia,Nassim,54.0,2,1,12.821260987319457,Économique,18.0,5
334,1235000.0,Casablanca,Palmier,54.0,1,1,14.026582337760486,Moyen,27.0,5
7375,810000.0,Kénitra,Al Maghrib Al Arabi,110.0,3,2,13.60479076121576,Moyen,27.5,5
2302,460000.0,Tanger,Moujahidine,60.0,2,1,13.038983942375959,Économique,20.0,5
6702,2250000.0,Casablanca,Quartier Des Hôpitaux,144.0,3,2,14.626441218624949,Luxe,36.0,5
4002,480000.0,Meknès,Autre Secteur,100.0,3,2,13.081543466215237,Économique,25.0,5
4926,830000.0,Temara,Centre Ville,60.0,2,1,13.629182184591333,Moyen,20.0,5
7464,1200000.0,Casablanca,Oasis,52.0,1,1,13.997832948091215,Moyen,26.0,5
6318,850000.0,Temara,Skikina,87.0,3,2,13.652992804936396,Moyen,21.75,5
7674,1300000.0,Casablanca,2 Mars,112.0,2,2,14.077875591662238,Moyen,37.333333333333336,5
3788,580000.0,Agadir,Anza,40.0,1,1,13.270785106659046,Moyen,20.0,5
4803,1850000.0,Tanger,Tanger City Center,85.0,2,2,14.430696737594902,Luxe,28.333333333333332,5
747,1200000.0,Tanger,Zouitina,129.0,3,2,13.997832948091215,Moyen,32.25,5
1564,600000.0,Dar Bouazza,Toute La Ville,53.0,2,1,13.304686600863562,Moyen,17.666666666666668,5
6381,700000.0,Casablanca,Al Madina Aljadida,74.0,2,2,13.45883704259595,Moyen,24.666666666666668,5
4020,950000.0,Casablanca,Maârif Extension,67.0,2,1,13.76421831620775,Moyen,22.333333333333332,5
7886,260000.0,Meknès,Riad Toulal,75.0,2,1,12.468440756144114,Économique,25.0,5
4705,620000.0,Tanger,Mesnana,56.0,2,1,13.3374763699232,Moyen,18.666666666666668,5
2024,480000.0,Meknès,Autre Secteur,100.0,3,2,13.081543466215237,Économique,25.0,5
5528,1680000.0,Casablanca,Belvédère,155.0,4,2,14.33430494661736,Luxe,31.0,5
7953,600000.0,Martil,Toute La Ville,51.0,2,1,13.304686600863562,Moyen,17.0,5
4608,900000.0,Casablanca,Hay Chrifa,70.0,2,1,13.710151153416941,Moyen,23.333333333333332,5
4568,430000.0,El Jadida,Autre Secteur,76.0,2,1,12.971542813248437,Économique,25.333333333333332,5
3133,1200000.0,Mdiq,Toute La Ville,105.0,2,1,13.997832948091215,Moyen,35.0,5
7295,42000000.0,Guercif,Toute La Ville,71.0,2,1,17.553180200057167,Luxe,23.666666666666668,5
3335,592000.0,Tanger,Tanja Balia,74.0,2,1,13.291263603053904,Moyen,24.666666666666668,5
3227,1120000.0,Casablanca,Mandarona,100.0,3,2,13.928840136128022,Moyen,25.0,5
3039,175000.0,Marrakech,Autre Secteur,47.0,1,1,12.07254696717504,Économique,23.5,5
260,690000.0,Casablanca,Autre Secteur,67.0,2,1,13.444448325847754,Moyen,22.333333333333332,5
5177,1512000.0,Casablanca,Maarif,63.0,2,2,14.228944497097057,Luxe,21.0,5
3126,1700000.0,Marrakech,Guéliz,107.0,1,1,14.346139397261565,Luxe,53.5,5
7007,910000.0,Tanger,Autre Secteur,86.0,3,2,13.721200977393528,Moyen,21.5,5
4363,870000.0,Fès,Narjis,145.0,3,1,13.676249640055394,Moyen,36.25,5
7155,450000.0,Tanger,Marjane,57.0,2,1,13.017005083966255,Économique,19.0,5
381,1250000.0,Essaouira,Toute La Ville,100.0,2,1,14.038654909278163,Moyen,33.333333333333336,5
4099,1300000.0,Casablanca,Beauséjour,134.0,2,1,14.077875591662238,Moyen,44.666666666666664,5
2685,320000.0,El Jadida,Autre Secteur,52.0,2,1,12.676079399771027,Économique,17.333333333333332,5
1913,300000.0,Casablanca,Lissasfa,56.0,2,1,12.611541086966115,Économique,18.666666666666668,5
7691,1170000.0,Kénitra,Val Fleury,127.0,2,2,13.972515161474428,Moyen,42.333333333333336,5
600,980000.0,Dar Bouazza,Toute La Ville,113.0,2,2,13.795308871054397,Moyen,37.666666666666664,5
46,1240000.0,Agadir,Haut-Founty,110.0,3,2,14.030622744032508,Moyen,27.5,5
1445,3400000.0,Rabat,Hay Riad,120.0,3,1,15.039286283703994,Luxe,30.0,5
1653,390000.0,Marrakech,Azzouzia,59.0,2,1,12.873904582205107,Économique,19.666666666666668,5
7843,624000.0,Casablanca,Ain Sebaa,52.0,1,1,13.343907249914384,Moyen,26.0,5
1894,2850000.0,Dar Bouazza,Toute La Ville,200.0,3,2,14.862829903121964,Luxe,50.0,5
3050,390000.0,Martil,Toute La Ville,48.0,2,1,12.873904582205107,Économique,16.0,5
6543,275000.0,Tanger,Autre Secteur,47.0,2,2,12.524530013005734,Économique,15.666666666666666,5
7836,550000.0,Agadir,Hay Mohammadi,55.0,2,1,13.217675375388819,Moyen,18.333333333333332,5
6173,1000000.0,Tanger,Moujahidine,86.0,2,1,13.815511557963774,Moyen,28.666666666666668,5
1966,1350000.0,Casablanca,Les Princesses,77.0,2,2,14.115615891155079,Moyen,25.666666666666668,5
4735,940000.0,El Jadida,Autre Secteur,140.0,3,3,13.753636218075409,Moyen,35.0,5
4051,670000.0,Kénitra,Seyad,84.0,3,2,13.415034483903348,Moyen,21.0,5
3291,1600000.0,Casablanca,Racine,112.0,3,2,14.285514812209815,Luxe,28.0,5
1601,1100000.0,Casablanca,Bourgogne,67.0,1,1,13.910821646859095,Moyen,33.5,5
5028,390000.0,Martil,Toute La Ville,48.0,2,1,12.873904582205107,Économique,16.0,5
6736,460000.0,Sidi Rahal,Toute La Ville,57.0,2,1,13.038983942375959,Économique,19.0,5
3516,1200000.0,Marrakech,Guéliz,52.0,1,1,13.997832948091215,Moyen,26.0,5
5346,340000.0,Safi,Lamiaa,65.0,2,2,12.73670383776449,Économique,21.666666666666668,5
2985,1520000.0,Casablanca,Laimoune,132.0,3,2,14.23422155071698,Luxe,33.0,5
3263,360000.0,Tiznit,Toute La Ville,47.0,2,1,12.793862088206213,Économique,15.666666666666666,5
427,680000.0,Sidi Rahal,Toute La Ville,84.0,3,2,13.429849547739444,Moyen,21.0,5
411,940000.0,Tanger,Autre Secteur,81.0,2,1,13.753636218075409,Moyen,27.0,5
6844,1190000.0,Marrakech,Guéliz,69.0,2,2,13.989464705423494,Moyen,23.0,5
2573,3200000.0,Casablanca,Anfa,223.0,3,2,14.978661680269907,Luxe,55.75,5
7064,750000.0,Salé,Hay Chmaou,73.0,2,1,13.527829818844937,Moyen,24.333333333333332,5
7319,1100000.0,Temara,Abbadi,114.0,3,2,13.910821646859095,Moyen,28.5,5
7980,670000.0,Casablanca,Roches Noires,76.0,2,1,13.415034483903348,Moyen,25.333333333333332,5
211,896000.0,Marrakech,Guéliz,56.0,2,1,13.705696808027874,Moyen,18.666666666666668,5
8001,360000.0,Casablanca,Sidi Maarouf,60.0,2,1,12.793862088206213,Économique,20.0,5
4111,1200000.0,Tanger,Autre Secteur,110.0,3,1,13.997832948091215,Moyen,27.5,5
4887,1300000.0,Casablanca,Maarif,119.0,2,1,14.077875591662238,Moyen,39.666666666666664,5
4086,1631250.0,Marrakech,Hay Izdihar,121.0,3,3,14.304857763079772,Luxe,30.25,5
1050,876000.0,Tanger,Marjane,73.0,3,2,13.683122511470389,Moyen,18.25,5
3182,450000.0,Tanger,Marjane,57.0,2,1,13.017005083966255,Économique,19.0,5
6806,1000000.0,El Mansouria,Toute La Ville,100.0,2,2,13.815511557963774,Moyen,33.333333333333336,5
3013,450000.0,Larache,Toute La Ville,82.0,3,1,13.017005083966255,Économique,20.5,5
1972,1010500.0,Casablanca,Ferme Bretone,47.0,1,1,13.825956805434428,Moyen,23.5,5
1500,1400000.0,Agadir,Haut-Founty,97.0,3,2,14.151983508870947,Moyen,24.25,5
1110,750000.0,Tanger,Tanja Balia,80.0,3,1,13.527829818844937,Moyen,20.0,5
2852,270000.0,Casablanca,Autre Secteur,70.0,2,1,12.506180941677357,Économique,23.333333333333332,5
653,660000.0,Marrakech,Ain Mezouar,75.0,2,1,13.399996629152975,Moyen,25.0,5
2440,876000.0,Tanger,Marjane,73.0,3,2,13.683122511470389,Moyen,18.25,5
6952,1295000.0,Casablanca,Abdelmoumen,117.0,2,2,14.07402202531625,Moyen,39.0,5
1796,4900000.0,Agadir,Marina,110.0,2,2,15.404745967162468,Luxe,36.666666666666664,5
1703,575000.0,Kénitra,Bir Rami,90.0,3,1,13.26212705890841,Moyen,22.5,5
6573,1450000.0,Casablanca,Quartier Des Hôpitaux,117.0,3,1,14.187074804051692,Moyen,29.25,5
7079,850000.0,El Jadida,Najd,145.0,3,2,13.652992804936396,Moyen,36.25,5
1499,3000000.0,Casablanca,Racine,154.0,3,3,14.914123179965662,Luxe,38.5,5
5273,1800000.0,Tanger,Tanja Balia,111.0,3,2,14.403297778421795,Luxe,27.75,5
3015,800000.0,Tanger,Val Fleuri,92.0,2,1,13.592368256649284,Moyen,30.666666666666668,5
6520,1150000.0,Agadir,Hay Mohammadi,86.0,3,2,13.955273369904273,Moyen,21.5,5
7446,2500000.0,Rabat,Agdal,103.0,3,1,14.731801689838349,Luxe,25.75,5
2622,400000.0,Casablanca,Sidi Moumen,58.0,2,1,12.899222326086994,Économique,19.333333333333332,5
706,1050000.0,Kénitra,El Haddada,90.0,3,2,13.864301674514206,Moyen,22.5,5
1873,1470000.0,Casablanca,Gauthier,66.0,2,1,14.200773639026796,Moyen,22.0,5
2628,1000000.0,Casablanca,2 Mars,43.0,1,1,13.815511557963774,Moyen,21.5,5
2686,450000.0,Chefchaouen,Toute La Ville,82.0,3,1,13.017005083966255,Économique,20.5,5
6145,1260000.0,Casablanca,Aïn Borja,97.0,2,2,14.04662307257814,Moyen,32.333333333333336,5
4012,1490000.0,Casablanca,Val Fleuri,133.0,3,2,14.214287349062356,Moyen,33.25,5
4997,280000.0,Casablanca,Sidi Moumen,50.0,2,1,12.54254845357358,Économique,16.666666666666668,5
4527,1540000.0,Marrakech,Semlalia,93.0,2,2,14.24729362374025,Luxe,31.0,5
5697,650000.0,El Jadida,Autre Secteur,120.0,3,2,13.384729180332174,Moyen,30.0,5
566,897000.0,Casablanca,Ain Sebaa,78.0,2,2,13.706812255867513,Moyen,26.0,5
4832,950000.0,Mohammedia,Quartier Du Parc,55.0,2,1,13.76421831620775,Moyen,18.333333333333332,5
3289,2590000.0,Casablanca,C.I.L,170.0,3,2,14.767168819776032,Luxe,42.5,5
7198,62700000.0,Tanger,Autre Secteur,57.0,2,1,17.95387202155211,Luxe,19.0,5
641,1600000.0,Casablanca,Beauséjour,164.0,2,2,14.285514812209815,Luxe,54.666666666666664,5
6729,2400000.0,Marrakech,Bouaakkaz,75.0,2,2,14.690979711984754,Luxe,25.0,5
7700,1000000.0,Marrakech,Massira 1,110.0,3,2,13.815511557963774,Moyen,27.5,5
3096,800000.0,Tanger,Tanja Balia,118.0,2,1,13.592368256649284,Moyen,39.333333333333336,5
5066,1950000.0,Tanger,Centre Ville,150.0,3,2,14.48334044336031,Luxe,37.5,5
1964,880000.0,Zenata,Toute La Ville,44.0,1,1,13.68767832281738,Moyen,22.0,5
5968,1550000.0,Tanger,Ahlane,128.0,3,3,14.253766134056512,Luxe,32.0,5
4962,1600000.0,Casablanca,Maarif,109.0,2,2,14.285514812209815,Luxe,36.333333333333336,5
326,1990000.0,Casablanca,2 Mars,167.0,3,3,14.503645699213111,Luxe,41.75,5
5285,580000.0,Salé,Sala El Jadida,80.0,2,1,13.270785106659046,Moyen,26.666666666666668,5
5169,720000.0,Oualidia,Toute La Ville,81.0,2,2,13.487007879880162,Moyen,27.0,5
2477,550000.0,Marrakech,M'Hamid,72.0,3,2,13.217675375388819,Moyen,18.0,5
5420,360000.0,Tanger,Autre Secteur,50.0,2,1,12.793862088206213,Économique,16.666666666666668,5
5867,580000.0,Agadir,Anza,40.0,1,1,13.270785106659046,Moyen,20.0,5
5848,1900000.0,Marrakech,Route De Casablanca,107.0,2,2,14.45736497045232,Luxe,35.666666666666664,5
7683,8750000.0,Tanger,Centre,250.0,3,2,15.984564372619506,Luxe,62.5,5
2754,370000.0,Fès,Route Ain Chkaf,88.0,3,1,12.821260987319457,Économique,22.0,5
2749,1000000.0,El Mansouria,Toute La Ville,100.0,2,2,13.815511557963774,Moyen,33.333333333333336,5
865,1150000.0,Casablanca,Maarif,50.0,1,1,13.955273369904273,Moyen,25.0,5
3593,1350000.0,Casablanca,2 Mars,114.0,2,2,14.115615891155079,Moyen,38.0,5
6929,1020000.0,Casablanca,2 Mars,116.0,3,1,13.83531416565213,Moyen,29.0,5
6983,450000.0,Fès,Al Hadiqa,89.0,1,2,13.017005083966255,Économique,44.5,5
3024,420000.0,Tanger,Hay Hassani,56.0,2,1,12.948012371209098,Économique,18.666666666666668,5
372,1900000.0,Casablanca,Ferme Bretone,94.0,2,2,14.45736497045232,Luxe,31.333333333333332,5
3771,1400000.0,Marrakech,Allal El Fassi,130.0,3,1,14.151983508870947,Moyen,32.5,5
2499,450000.0,Tanger,Marjane,57.0,2,1,13.017005083966255,Économique,19.0,5
6465,1070000.0,Tanger,Tanja Balia,102.0,4,2,13.883170141017091,Moyen,20.4,5
4882,900000.0,Kénitra,Val Fleury,85.0,2,2,13.710151153416941,Moyen,28.333333333333332,5
7676,1550000.0,Casablanca,Maârif Extension,126.0,3,2,14.253766134056512,Luxe,31.5,5
7217,430000.0,Fès,Dar Mehrez,100.0,3,2,12.971542813248437,Économique,25.0,5
7854,650000.0,Bouznika,Plage Oued Cherrat,67.0,2,2,13.384729180332174,Moyen,22.333333333333332,5
1361,720000.0,Tétouan,El Ensanche,80.0,2,1,13.487007879880162,Moyen,26.666666666666668,5
912,798000.0,Tanger,Tanja Balia,76.0,2,1,13.589865129563993,Moyen,25.333333333333332,5
7248,720000.0,Oualidia,Toute La Ville,81.0,2,2,13.487007879880162,Moyen,27.0,5
5663,890000.0,Kénitra,Centre,111.0,2,2,13.698977865303197,Moyen,37.0,5
4624,600000.0,Mdiq,Toute La Ville,48.0,2,1,13.304686600863562,Moyen,16.0,5
4938,550000.0,Tanger,Aouama Gharbia,80.0,2,1,13.217675375388819,Moyen,26.666666666666668,5
965,3600000.0,Temara,Harhoura,220.0,3,2,15.096444681204078,Luxe,55.0,5
1424,430000.0,Marrakech,Es Saada,56.0,2,1,12.971542813248437,Économique,18.666666666666668,5
123,1300000.0,Casablanca,Quartier Des Hôpitaux,100.0,3,2,14.077875591662238,Moyen,25.0,5
480,680000.0,Kénitra,Seyad,94.0,2,2,13.429849547739444,Moyen,31.333333333333332,5
663,870000.0,Fès,Autre Secteur,124.0,2,2,13.676249640055394,Moyen,41.333333333333336,5
2228,1330000.0,Casablanca,Maarif,55.0,1,1,14.100690252077353,Moyen,27.5,5
2284,1392000.0,Tanger,Moulay Youssef,126.0,3,2,14.14625283826705,Moyen,31.5,5
5340,650000.0,Tanger,Autre Secteur,60.0,2,1,13.384729180332174,Moyen,20.0,5
3686,2600000.0,Casablanca,Casablanca Finance City,118.0,2,2,14.77102238760702,Luxe,39.333333333333336,5
440,420000.0,Fès,Oued Fès,92.0,2,2,12.948012371209098,Économique,30.666666666666668,5
1380,790000.0,Kénitra,Ouled Oujih,110.0,3,2,13.579789490265188,Moyen,27.5,5
1444,190000.0,Rabat,Hay Arrachad,60.0,2,1,12.154784614286667,Économique,20.0,5
4484,800000.0,Tanger,Tanja Balia,118.0,2,1,13.592368256649284,Moyen,39.333333333333336,5
6182,1950000.0,Tanger,De La Plage,133.0,4,2,14.48334044336031,Luxe,26.6,5
1478,1200000.0,Tanger,Aida,90.0,3,1,13.997832948091215,Moyen,22.5,5
6900,1530000.0,Casablanca,Bourgogne,91.0,2,1,14.240778946963175,Luxe,30.333333333333332,5
1173,1270000.0,Casablanca,Roches Noires,94.0,2,2,14.054528245836039,Moyen,31.333333333333332,5
4640,350000.0,Settat,Hay Salam,45.0,2,1,12.765691290604371,Économique,15.0,5
4709,550000.0,Tanger,Tanja Balia,56.0,2,1,13.217675375388819,Moyen,18.666666666666668,5
5624,500000.0,Meknès,Autre Secteur,100.0,3,2,13.122365377402328,Économique,25.0,5
6630,3200000.0,Casablanca,Anfa,223.0,3,2,14.978661680269907,Luxe,55.75,5
5437,2800000.0,Agadir,Founty,114.0,2,2,14.845130332288226,Luxe,38.0,5
280,2100000.0,Marrakech,Route De Fès,140.0,2,2,14.557448378884015,Luxe,46.666666666666664,5
8050,800000.0,El Mansouria,Toute La Ville,80.0,2,2,13.592368256649284,Moyen,26.666666666666668,5
5904,1949000.0,Bouznika,Autre Secteur,121.0,3,2,14.482827491573198,Luxe,30.25,5
5045,380000.0,Oued Laou,Toute La Ville,75.0,2,1,12.847929163278053,Économique,25.0,5
1102,2500000.0,Tanger,Centre,200.0,5,2,14.731801689838349,Luxe,33.333333333333336,5
5406,960000.0,Casablanca,Sidi Moumen,204.0,2,2,13.774689605110144,Moyen,68.0,5
1695,600000.0,Salé,Toute La Ville,79.0,2,1,13.304686600863562,Moyen,26.333333333333332,5
2234,950000.0,Temara,Autre Secteur,115.0,3,2,13.76421831620775,Moyen,28.75,5
6499,590000.0,Salé,Bab Sebta,96.0,2,1,13.28787951079572,Moyen,32.0,5
2534,975000.0,Kénitra,Maamora,103.0,3,2,13.790193775620484,Moyen,25.75,5
6431,510000.0,Berrechid,Toute La Ville,100.0,2,1,13.1421679654829,Moyen,33.333333333333336,5
3046,450000.0,Fès,Route Ain Chkaf,75.0,2,2,13.017005083966255,Économique,25.0,5
578,1180000.0,Marrakech,Guéliz,45.0,1,1,13.981025843899115,Moyen,22.5,5
60,550000.0,Tanger,Autre Secteur,60.0,2,1,13.217675375388819,Moyen,20.0,5
788,650000.0,Kénitra,Ouled Oujih,85.0,2,1,13.384729180332174,Moyen,28.333333333333332,5
5714,650000.0,Casablanca,Ain Sebaa,127.0,2,2,13.384729180332174,Moyen,42.333333333333336,5
5680,400000.0,Marrakech,M'Hamid,56.0,2,1,12.899222326086994,Économique,18.666666666666668,5
6209,750000.0,Tanger,Aharrarine,82.0,3,2,13.527829818844937,Moyen,20.5,5
6605,1400000.0,Casablanca,Hay Hassani,86.0,2,2,14.151983508870947,Moyen,28.666666666666668,5
4152,320000.0,Meknès,Wislane,75.0,3,1,12.676079399771027,Économique,18.75,5
4864,1200000.0,Casablanca,La Gironde,104.0,3,1,13.997832948091215,Moyen,26.0,5
2911,620000.0,Tanger,Tanja Balia,55.0,2,1,13.3374763699232,Moyen,18.333333333333332,5
7437,2000000.0,Agadir,Secteur Touristique,134.0,2,3,14.508658238524095,Luxe,44.666666666666664,5
3843,1750000.0,Marrakech,Agdal,47.0,1,1,14.375126917328105,Luxe,23.5,5
7615,380000.0,Berrechid,Toute La Ville,60.0,2,1,12.847929163278053,Économique,20.0,5
6782,580000.0,Kénitra,Alliance,85.0,2,2,13.270785106659046,Moyen,28.333333333333332,5
3666,1200000.0,Marrakech,Mabrouka,70.0,2,2,13.997832948091215,Moyen,23.333333333333332,5
6944,1520000.0,Tanger,Marjane,98.0,3,2,14.23422155071698,Luxe,24.5,5
185,1800000.0,Aquouass Briech,Toute La Ville,133.0,3,2,14.403297778421795,Luxe,33.25,5
2581,1040000.0,Casablanca,Oulfa,100.0,3,2,13.854732232655556,Moyen,25.0,5
2627,480000.0,Meknès,El Bassatine,95.0,3,1,13.081543466215237,Économique,23.75,5
421,740000.0,Marrakech,Hay Charaf,98.0,2,1,13.51440681653079,Moyen,32.666666666666664,5
554,36000000.0,Agadir,Taddart Anza,60.0,2,1,17.399029524198163,Luxe,20.0,5
1398,460000.0,Marrakech,M'Hamid,71.0,3,2,13.038983942375959,Économique,17.75,5
7324,860000.0,Oued Laou,Toute La Ville,85.0,2,1,13.664688831019712,Moyen,28.333333333333332,5
2517,800000.0,Casablanca,Quartier Des Hôpitaux,63.0,1,1,13.592368256649284,Moyen,31.5,5
2868,1600000.0,Marrakech,Majorelle,100.0,2,2,14.285514812209815,Luxe,33.333333333333336,5
1761,3500000.0,Casablanca,Racine,176.0,3,3,15.068273812173887,Luxe,44.0,5
2821,2980000.0,Casablanca,Gauthier,186.0,3,2,14.907434194052001,Luxe,46.5,5
298,4850000.0,Casablanca,Racine,265.0,4,3,15.394489469099211,Luxe,53.0,5
444,1330000.0,Kénitra,Maamora,130.0,3,2,14.100690252077353,Moyen,32.5,5
5217,800000.0,Tétouan,Autre Secteur,95.0,2,1,13.592368256649284,Moyen,31.666666666666668,5
1120,850000.0,El Jadida,Quartier Aérodrome,130.0,3,3,13.652992804936396,Moyen,32.5,5
7022,750000.0,Martil,Toute La Ville,116.0,2,2,13.527829818844937,Moyen,38.666666666666664,5
3200,860000.0,Kénitra,La Ville Haute,112.0,2,2,13.664688831019712,Moyen,37.333333333333336,5
1921,1606500.0,Casablanca,2 Mars,119.0,3,1,14.289569080009068,Luxe,29.75,5
656,1260000.0,Casablanca,Oulfa,77.0,1,1,14.04662307257814,Moyen,38.5,5
4968,320000.0,Kénitra,Bir Rami,70.0,2,1,12.676079399771027,Économique,23.333333333333332,5
5665,495000.0,Tanger,Autre Secteur,60.0,2,1,13.112315061750808,Économique,20.0,5
2761,550000.0,Meknès,El Bassatine,90.0,3,1,13.217675375388819,Moyen,22.5,5
4344,1500000.0,Mohammedia,Autre Secteur,103.0,2,1,14.220976332738882,Moyen,34.333333333333336,5
6348,700000.0,Casablanca,Sidi Bernoussi,75.0,2,1,13.45883704259595,Moyen,25.0,5
2500,750000.0,Tanger,Tanja Balia,80.0,3,1,13.527829818844937,Moyen,20.0,5
6561,798000.0,Tanger,Tanja Balia,76.0,2,1,13.589865129563993,Moyen,25.333333333333332,5
4375,2600000.0,Marrakech,Guéliz,145.0,3,2,14.77102238760702,Luxe,36.25,5
559,800000.0,Sidi Rahal,Toute La Ville,75.0,2,2,13.592368256649284,Moyen,25.0,5
6890,2800000.0,Marrakech,Guéliz,169.0,3,2,14.845130332288226,Luxe,42.25,5
1372,420000.0,Berrechid,Toute La Ville,72.0,2,2,12.948012371209098,Économique,24.0,5
908,550000.0,Tanger,Tanja Balia,56.0,2,1,13.217675375388819,Moyen,18.666666666666668,5
3942,880000.0,Zenata,Toute La Ville,44.0,1,1,13.68767832281738,Moyen,22.0,5
1434,490000.0,Mdiq,Toute La Ville,58.0,2,1,13.102162710901053,Économique,19.333333333333332,5
6522,600000.0,Casablanca,Sidi Bernoussi,86.0,2,2,13.304686600863562,Moyen,28.666666666666668,5
4517,1050000.0,Casablanca,Hay Hassani,60.0,2,2,13.864301674514206,Moyen,20.0,5
2771,420000.0,Casablanca,Ain Sebaa,64.0,2,1,12.948012371209098,Économique,21.333333333333332,5
6107,870000.0,Fès,Autre Secteur,124.0,2,2,13.676249640055394,Moyen,41.333333333333336,5
4101,1100000.0,Tanger,Autre Secteur,89.0,2,1,13.910821646859095,Moyen,29.666666666666668,5
927,3400000.0,Casablanca,Quartier Des Hôpitaux,274.0,4,3,15.039286283703994,Luxe,54.8,5
6034,460000.0,Casablanca,Oulfa,54.0,2,1,13.038983942375959,Économique,18.0,5
16,350000.0,Tanger,Autre Secteur,47.0,1,1,12.765691290604371,Économique,23.5,5
7412,640000.0,Selouane,Toute La Ville,82.0,2,1,13.369225017834633,Moyen,27.333333333333332,5
6131,1180000.0,Casablanca,Maârif Extension,97.0,2,2,13.981025843899115,Moyen,32.333333333333336,5
4405,2300000.0,Rabat,Agdal,131.0,3,2,14.648420115681892,Luxe,32.75,5
5842,1600000.0,Marrakech,Route De Tahanaoute,60.0,1,1,14.285514812209815,Luxe,30.0,5
1161,980000.0,El Jadida,Quartier Aérodrome,130.0,3,2,13.795308871054397,Moyen,32.5,5
5822,2350000.0,Marrakech,Guéliz,110.0,2,2,14.669926311652166,Luxe,36.666666666666664,5
7650,3500000.0,Agadir,Haut-Founty,208.0,4,2,15.068273812173887,Luxe,41.6,5
2998,450000.0,Larache,Toute La Ville,82.0,3,1,13.017005083966255,Économique,20.5,5
4944,560000.0,El Jadida,Autre Secteur,70.0,3,2,13.235693848424024,Moyen,17.5,5
5098,1200000.0,Kénitra,La Ville Haute,118.0,3,2,13.997832948091215,Moyen,29.5,5
6762,1890000.0,Tanger,Centre Ville,79.0,2,2,14.452087916136215,Luxe,26.333333333333332,5
1363,620000.0,Agadir,Autre Secteur,50.0,2,1,13.3374763699232,Moyen,16.666666666666668,5
1212,390000.0,Tétouan,Autre Secteur,100.0,3,2,12.873904582205107,Économique,25.0,5
1877,3500000.0,Tanger,Centre Ville,202.0,3,3,15.068273812173887,Luxe,50.5,5
2751,720000.0,Tétouan,El Ensanche,80.0,2,1,13.487007879880162,Moyen,26.666666666666668,5
3177,830000.0,Casablanca,Sidi Moumen,83.0,3,1,13.629182184591333,Moyen,20.75,5
6367,560000.0,Marrakech,Autre Secteur,70.0,3,1,13.235693848424024,Moyen,17.5,5
3208,620000.0,Ait Melloul,Toute La Ville,75.0,2,2,13.3374763699232,Moyen,25.0,5
1170,1270000.0,Nouaceur,Toute La Ville,116.0,3,2,14.054528245836039,Moyen,29.0,5
580,627000.0,Dar Bouazza,Toute La Ville,78.0,2,2,13.348703414510117,Moyen,26.0,5
2182,560000.0,Kénitra,Bir Rami,90.0,3,1,13.235693848424024,Moyen,22.5,5
2841,480000.0,Agadir,Hay Salam,58.0,2,1,13.081543466215237,Économique,19.333333333333332,5
2355,1550000.0,Rabat,Agdal,50.0,1,1,14.253766134056512,Luxe,25.0,5
1834,2000000.0,Tétouan,Autre Secteur,145.0,3,2,14.508658238524095,Luxe,36.25,5
2945,400000.0,Marrakech,Hay Izdihar,48.0,1,1,12.899222326086994,Économique,24.0,5
1860,1030000.0,Agadir,Tamraght,80.0,2,2,13.845070331079134,Moyen,26.666666666666668,5
3092,760000.0,Tanger,Tanja Balia,76.0,2,1,13.541075028051122,Moyen,25.333333333333332,5
6395,135000.0,Casablanca,Oulfa,1001.0,2,2,11.813037464800539,Économique,333.6666666666667,5
4295,1300000.0,Tanger,Ziatene,140.0,2,1,14.077875591662238,Moyen,46.666666666666664,5
6174,1900000.0,Fès,Autre Secteur,244.0,4,2,14.45736497045232,Luxe,48.8,5
3525,1600000.0,Agadir,Hay Mohammadi,128.0,3,2,14.285514812209815,Luxe,32.0,5
388,850000.0,Casablanca,Aïn Chock,85.0,2,1,13.652992804936396,Moyen,28.333333333333332,5
7310,1700000.0,Agadir,Haut-Founty,102.0,2,2,14.346139397261565,Luxe,34.0,5
1033,1560000.0,Marrakech,Route De Casablanca,99.0,2,1,14.260197020251155,Luxe,33.0,5
5284,450000.0,Casablanca,Oulfa,52.0,2,1,13.017005083966255,Économique,17.333333333333332,5
2689,640000.0,Agadir,Tassila,46.0,2,1,13.369225017834633,Moyen,15.333333333333334,5
2493,900000.0,Casablanca,Sidi Maarouf,85.0,2,2,13.710151153416941,Moyen,28.333333333333332,5
2400,2400000.0,Marrakech,Agdal,85.0,2,2,14.690979711984754,Luxe,28.333333333333332,5
932,650000.0,Casablanca,Ain Sebaa,75.0,2,1,13.384729180332174,Moyen,25.0,5
5774,1450000.0,Casablanca,Val Fleuri,126.0,2,2,14.187074804051692,Moyen,42.0,5
692,550000.0,Kénitra,Seyad,78.0,2,1,13.217675375388819,Moyen,26.0,5
1892,480000.0,Bouznika,Autre Secteur,72.0,2,2,13.081543466215237,Économique,24.0,5
2269,1400000.0,Marrakech,Guéliz,96.0,2,2,14.151983508870947,Moyen,32.0,5
5837,708000.0,Casablanca,Ain Sebaa,59.0,2,2,13.470200785104238,Moyen,19.666666666666668,5
7440,600000.0,Casablanca,Sidi Moumen,73.0,2,2,13.304686600863562,Moyen,24.333333333333332,5
6509,980000.0,Casablanca,Aïn Chock,100.0,2,1,13.795308871054397,Moyen,33.333333333333336,5
2604,2500000.0,Tanger,Tanger City Center,84.0,2,1,14.731801689838349,Luxe,28.0,5
6920,930000.0,Kénitra,Seyad,110.0,3,2,13.742940940397677,Moyen,27.5,5
45,290000.0,Oujda,Agdal,130.0,3,1,12.577639650232573,Économique,32.5,5
3099,890000.0,Kénitra,Al Maghrib Al Arabi,127.0,3,2,13.698977865303197,Moyen,31.75,5
6974,540000.0,Marrakech,Hay Charaf,50.0,2,1,13.199326270390594,Moyen,16.666666666666668,5
7223,1020000.0,Tanger,Tanja Balia,196.0,2,1,13.83531416565213,Moyen,65.33333333333333,5
7075,560000.0,Tanger,Mghogha,72.0,3,1,13.235693848424024,Moyen,18.0,5
7713,1980000.0,Dar Bouazza,Toute La Ville,139.0,2,2,14.498607907721096,Luxe,46.333333333333336,5
3155,860000.0,Salé,Said Hajji,118.0,3,2,13.664688831019712,Moyen,29.5,5
1684,360000.0,Settat,Hay Al Kamal,102.0,2,1,12.793862088206213,Économique,34.0,5
7569,170000.0,Marrakech,Autre Secteur,47.0,1,1,12.04355959836804,Économique,23.5,5
3275,300000.0,Tanger,Autre Secteur,50.0,2,1,12.611541086966115,Économique,16.666666666666668,5
6046,740000.0,Saidia,Toute La Ville,74.0,2,1,13.51440681653079,Moyen,24.666666666666668,5
64,1080000.0,Casablanca,Hay Mohammadi,120.0,3,2,13.8924725250259,Moyen,30.0,5
3617,2583000.0,Marrakech,Hivernage,126.0,3,1,14.764462459224632,Luxe,31.5,5
4199,480000.0,Kénitra,Bir Rami,60.0,2,1,13.081543466215237,Économique,20.0,5
6222,670000.0,Kénitra,Seyad,96.0,3,2,13.415034483903348,Moyen,24.0,5
228,1350000.0,Casablanca,2 Mars,114.0,2,2,14.115615891155079,Moyen,38.0,5
3173,639000.0,Casablanca,Aïn Borja,70.0,2,1,13.367661298303675,Moyen,23.333333333333332,5
6394,600000.0,Marrakech,M'Hamid,56.0,2,1,13.304686600863562,Moyen,18.666666666666668,5
5027,450000.0,Casablanca,Sidi Bernoussi,56.0,3,1,13.017005083966255,Économique,14.0,5
5114,435000.0,Temara,Ain Atig,74.0,2,1,12.983103608918753,Économique,24.666666666666668,5
970,620000.0,Martil,Toute La Ville,45.0,2,1,13.3374763699232,Moyen,15.0,5
1806,930000.0,El Jadida,Hay Essalam,80.0,3,2,13.742940940397677,Moyen,20.0,5
6214,480000.0,Kénitra,Seyad,70.0,2,1,13.081543466215237,Économique,23.333333333333332,5
7286,950000.0,Casablanca,Nassim,120.0,2,2,13.76421831620775,Moyen,40.0,5
5396,1850000.0,Mohammedia,Corniche,85.0,2,1,14.430696737594902,Luxe,28.333333333333332,5
5821,1500000.0,Marrakech,Victor Hugo,76.0,2,2,14.220976332738882,Moyen,25.333333333333332,5
5524,530000.0,Bouznika,Autre Secteur,58.0,2,1,13.180634172318978,Moyen,19.333333333333332,5
4664,450000.0,Chefchaouen,Toute La Ville,82.0,3,1,13.017005083966255,Économique,20.5,5
1861,2000000.0,Tanger,Achakar,256.0,3,3,14.508658238524095,Luxe,64.0,5
4907,1135000.0,Casablanca,La Gironde,91.0,2,1,13.942144089954521,Moyen,30.333333333333332,5
5254,3850000.0,Casablanca,Racine,247.0,3,2,15.163583966004193,Luxe,61.75,5
6309,832030.0,Dcheïra El Jihadia,Toute La Ville,83.0,4,2,13.631624978724608,Moyen,16.6,5
2967,390000.0,Saidia,Toute La Ville,68.0,2,1,12.873904582205107,Économique,22.666666666666668,5
253,650000.0,El Jadida,Autre Secteur,120.0,3,2,13.384729180332174,Moyen,30.0,5
2699,400000.0,Casablanca,Hay Moulay Rachid,57.0,2,1,12.899222326086994,Économique,19.0,5
5317,1020000.0,Tanger,Tanja Balia,196.0,2,1,13.83531416565213,Moyen,65.33333333333333,5
1790,260000.0,Ouislane,Toute La Ville,73.0,2,1,12.468440756144114,Économique,24.333333333333332,5
3354,880000.0,Kénitra,Centre,120.0,2,2,13.68767832281738,Moyen,40.0,5
2059,1500000.0,Marrakech,Guéliz,86.0,1,1,14.220976332738882,Moyen,43.0,5
4307,581625.0,Dakhla,Toute La Ville,73.0,3,1,13.27358290846634,Moyen,18.25,5
5458,640000.0,Tanger,Autre Secteur,67.0,2,1,13.369225017834633,Moyen,22.333333333333332,5
7966,540000.0,Agadir,Hay Mohammadi,52.0,2,1,13.199326270390594,Moyen,17.333333333333332,5
1903,2250000.0,Casablanca,Maarif,150.0,3,2,14.626441218624949,Luxe,37.5,5
2120,410000.0,Kénitra,Ouled Oujih,70.0,2,1,12.923914877701906,Économique,23.333333333333332,5
6048,1127000.0,Casablanca,Route D'Azemmour,97.0,3,2,13.935070680332966,Moyen,24.25,5
4241,800000.0,Temara,Abbadi,75.0,2,1,13.592368256649284,Moyen,25.0,5
2808,1300000.0,Casablanca,Maarif,82.0,2,2,14.077875591662238,Moyen,27.333333333333332,5
4654,1800000.0,Casablanca,Gauthier,126.0,3,1,14.403297778421795,Luxe,31.5,5
3054,500000.0,Mers El Kheir,Toute La Ville,70.0,2,2,13.122365377402328,Économique,23.333333333333332,5
7150,1070000.0,Tanger,Tanja Balia,102.0,4,1,13.883170141017091,Moyen,20.4,5
76,2750000.0,Casablanca,Bourgogne,212.0,4,3,14.827111833279051,Luxe,42.4,5
2346,550000.0,Casablanca,Sidi Bernoussi,90.0,3,2,13.217675375388819,Moyen,22.5,5
3893,1269000.0,Casablanca,Les Princesses,57.0,1,1,14.053740534718278,Moyen,28.5,5
431,1700000.0,Marrakech,Route De Safi,80.0,2,2,14.346139397261565,Luxe,26.666666666666668,5
6464,2500000.0,Temara,Wifak,211.0,4,2,14.731801689838349,Luxe,42.2,5
7926,600000.0,Deroua,Toute La Ville,100.0,3,2,13.304686600863562,Moyen,25.0,5
8020,2340500.0,Tanger,Centre Ville,151.0,3,3,14.665875566981304,Luxe,37.75,5
3615,1300000.0,Marrakech,Hay Izdihar,86.0,2,2,14.077875591662238,Moyen,28.666666666666668,5
2843,1530000.0,Casablanca,Bourgogne,91.0,2,1,14.240778946963175,Luxe,30.333333333333332,5
4004,670000.0,Marrakech,Azzouzia,80.0,2,2,13.415034483903348,Moyen,26.666666666666668,5
5470,630000.0,Kénitra,Alliance,90.0,2,2,13.353476685668044,Moyen,30.0,5
5575,1900000.0,Marrakech,Ain Mezouar,100.0,3,2,14.45736497045232,Luxe,25.0,5
3018,560000.0,Tanger,Mghogha,72.0,3,1,13.235693848424024,Moyen,18.0,5
5142,1200000.0,Casablanca,Bourgogne,45.0,1,1,13.997832948091215,Moyen,22.5,5
241,1300000.0,Dar Bouazza,Toute La Ville,96.0,2,2,14.077875591662238,Moyen,32.0,5
784,860000.0,Mehdia,Toute La Ville,65.0,2,1,13.664688831019712,Moyen,21.666666666666668,5
1355,740000.0,Casablanca,Roches Noires,76.0,2,2,13.51440681653079,Moyen,25.333333333333332,5
3608,380000.0,Tanger,Mghogha,50.0,2,1,12.847929163278053,Économique,16.666666666666668,5
978,3900000.0,Marrakech,Autre Secteur,155.0,2,3,15.176487367510099,Luxe,51.666666666666664,5
810,1350000.0,Kénitra,La Ville Haute,135.0,3,2,14.115615891155079,Moyen,33.75,5
2168,1600000.0,Temara,Abbadi,129.0,3,2,14.285514812209815,Luxe,32.25,5
4396,2400000.0,Casablanca,Les Princesses,121.0,3,2,14.690979711984754,Luxe,30.25,5
1600,380000.0,Tanger,Aouama Gharbia,50.0,2,1,12.847929163278053,Économique,16.666666666666668,5
7950,2100000.0,Rabat,Agdal,74.0,2,1,14.557448378884015,Luxe,24.666666666666668,5
7496,450000.0,Béni Yakhlef,Toute La Ville,65.0,3,2,13.017005083966255,Économique,16.25,5
1621,900000.0,Bouskoura,,80.0,2,2,13.710151153416941,Moyen,26.666666666666668,5
3136,435000.0,Temara,Ain Atig,74.0,2,1,12.983103608918753,Économique,24.666666666666668,5
1483,750000.0,Marrakech,Massira 1,81.0,2,1,13.527829818844937,Moyen,27.0,5
7105,380000.0,Casablanca,Errahma,51.0,2,1,12.847929163278053,Économique,17.0,5
1802,1650000.0,Tétouan,Safir,147.0,2,2,14.316286451937186,Luxe,49.0,5
2096,2800000.0,Mehdia,Toute La Ville,121.0,3,2,14.845130332288226,Luxe,30.25,5
4081,7000000.0,Casablanca,Maarif,416.0,4,3,15.76142084987672,Luxe,83.2,5
1358,1180000.0,Marrakech,Hay Izdihar,86.0,2,2,13.981025843899115,Moyen,28.666666666666668,5
5762,850000.0,Casablanca,Belvédère,149.0,3,2,13.652992804936396,Moyen,37.25,5
6711,720000.0,Tanger,Autre Secteur,64.0,2,1,13.487007879880162,Moyen,21.333333333333332,5
4898,1500000.0,Casablanca,Centre Ville,94.0,2,2,14.220976332738882,Moyen,31.333333333333332,5
5488,530000.0,Bouznika,Autre Secteur,76.0,2,1,13.180634172318978,Moyen,25.333333333333332,5
3333,800000.0,Tanger,Tanja Balia,118.0,2,1,13.592368256649284,Moyen,39.333333333333336,5
4372,1170000.0,Temara,Riad Oulad Mtaa,65.0,2,2,13.972515161474428,Moyen,21.666666666666668,5
5171,490000.0,Meknès,Autre Secteur,128.0,3,2,13.102162710901053,Économique,32.0,5
3162,815000.0,Oued Laou,Toute La Ville,87.0,2,2,13.610944619216111,Moyen,29.0,5
3412,490000.0,Mdiq,Toute La Ville,58.0,2,1,13.102162710901053,Économique,19.333333333333332,5
7136,600000.0,Salé,Hay Chmaou,74.0,2,1,13.304686600863562,Moyen,24.666666666666668,5
2329,581625.0,Dakhla,Toute La Ville,73.0,3,1,13.27358290846634,Moyen,18.25,5
30,590000.0,Fès,Route Ain Chkaf,100.0,2,1,13.28787951079572,Moyen,33.333333333333336,5
6325,420000.0,Martil,Toute La Ville,51.0,2,1,12.948012371209098,Économique,17.0,5
4754,430000.0,Temara,Fath El Kheir,50.0,2,1,12.971542813248437,Économique,16.666666666666668,5
1093,3500000.0,Sidi Bouknadel,Toute La Ville,185.0,3,2,15.068273812173887,Luxe,46.25,5
125,640000.0,Kénitra,Alliance,80.0,2,2,13.369225017834633,Moyen,26.666666666666668,5
4336,300000.0,Berrechid,Toute La Ville,51.0,2,1,12.611541086966115,Économique,17.0,5
5987,1250000.0,Casablanca,Beauséjour,124.0,3,2,14.038654909278163,Moyen,31.0,5
3961,860000.0,Casablanca,Belvédère,101.0,2,2,13.664688831019712,Moyen,33.666666666666664,5
5014,110000.0,Casablanca,Bourgogne,92.0,3,1,11.608244735642321,Économique,23.0,5
2299,555000.0,Tanger,Tanja Balia,74.0,2,1,13.22672519452875,Moyen,24.666666666666668,5
5381,1160000.0,Mohammedia,Quartier Du Parc,127.0,4,2,13.963931425151141,Moyen,25.4,5
1554,870000.0,Agadir,Hay Mohammadi,66.0,2,2,13.676249640055394,Moyen,22.0,5
6918,4000000.0,Casablanca,Aïn Diab,189.0,3,2,15.201805169084134,Luxe,47.25,5
599,500000.0,Marrakech,Azzouzia,63.0,2,2,13.122365377402328,Économique,21.0,5
3802,660000.0,Marrakech,Route D'Ourika,37.0,1,1,13.399996629152975,Moyen,18.5,5
1417,590000.0,Fès,Route Ain Chkaf,100.0,2,1,13.28787951079572,Moyen,33.333333333333336,5
3880,1280000.0,Casablanca,Les Princesses,57.0,1,1,14.062371417145494,Moyen,28.5,5
4231,1150000.0,Casablanca,Maarif,50.0,1,1,13.955273369904273,Moyen,25.0,5
7738,800000.0,Tanger,Tanja Balia,118.0,2,1,13.592368256649284,Moyen,39.333333333333336,5
3850,490000.0,Kénitra,Bir Rami,95.0,3,2,13.102162710901053,Économique,23.75,5
2197,790000.0,Casablanca,Belvédère,50.0,1,1,13.579789490265188,Moyen,25.0,5
7737,1200000.0,Casablanca,Californie,85.0,2,1,13.997832948091215,Moyen,28.333333333333332,5
3750,570000.0,Casablanca,Errahma,75.0,3,2,13.25339339419516,Moyen,18.75,5
5428,1250000.0,Temara,Autre Secteur,112.0,2,2,14.038654909278163,Moyen,37.333333333333336,5
809,790000.0,Casablanca,Belvédère,50.0,1,1,13.579789490265188,Moyen,25.0,5
5608,800000.0,Marrakech,M'Hamid,95.0,3,1,13.592368256649284,Moyen,23.75,5
959,600000.0,Fès,Route Ain Chkaf,95.0,3,2,13.304686600863562,Moyen,23.75,5
7460,1160000.0,Mohammedia,Quartier Du Parc,127.0,4,2,13.963931425151141,Moyen,25.4,5
7457,1000000.0,Marrakech,Hay Izdihar,76.0,2,1,13.815511557963774,Moyen,25.333333333333332,5
811,1850000.0,Temara,Wifak,135.0,2,1,14.430696737594902,Luxe,45.0,5
835,450000.0,Casablanca,Oulfa,56.0,2,1,13.017005083966255,Économique,18.666666666666668,5
2865,2500000.0,Casablanca,Sidi Belyout,153.0,3,3,14.731801689838349,Luxe,38.25,5
2692,798000.0,Tanger,Tanja Balia,76.0,2,1,13.589865129563993,Moyen,25.333333333333332,5
1235,2000000.0,Marrakech,Route D'Ourika,100.0,3,1,14.508658238524095,Luxe,25.0,5
1225,420000.0,Salé,Toute La Ville,60.0,2,1,12.948012371209098,Économique,20.0,5
6032,1380000.0,Casablanca,Ferme Bretone,64.0,2,2,14.137594781770806,Moyen,21.333333333333332,5
5385,1200000.0,Casablanca,Oasis,52.0,1,1,13.997832948091215,Moyen,26.0,5
5007,670000.0,Marrakech,Route De Safi,54.0,2,1,13.415034483903348,Moyen,18.0,5
7550,1380000.0,Kénitra,Bir Rami,154.0,3,2,14.137594781770806,Moyen,38.5,5
2900,800000.0,Bouznika,Autre Secteur,170.0,3,2,13.592368256649284,Moyen,42.5,5
5260,620000.0,Meknès,Marjane 2,130.0,3,3,13.3374763699232,Moyen,32.5,5
6341,1392000.0,Tanger,Moulay Youssef,126.0,3,2,14.14625283826705,Moyen,31.5,5
3910,1500000.0,Casablanca,Californie,99.0,2,2,14.220976332738882,Moyen,33.0,5
1658,790000.0,Kénitra,Bir Rami,85.0,2,2,13.579789490265188,Moyen,28.333333333333332,5
6975,630000.0,Skhirat,Autre Secteur,64.0,2,1,13.353476685668044,Moyen,21.333333333333332,5
6958,370000.0,Berrechid,Toute La Ville,62.0,3,1,12.821260987319457,Économique,15.5,5
453,1250000.0,Marrakech,Route De Casablanca,70.0,1,2,14.038654909278163,Moyen,35.0,5
7213,1550000.0,Temara,Wifak,112.0,3,2,14.253766134056512,Luxe,28.0,5
2454,1450000.0,Tanger,Hay Hassani,106.0,3,2,14.187074804051692,Moyen,26.5,5
423,580000.0,Agadir,Anza,40.0,1,1,13.270785106659046,Moyen,20.0,5
1220,500000.0,Meknès,Autre Secteur,82.0,2,2,13.122365377402328,Économique,27.333333333333332,5
6879,1600000.0,Casablanca,Maârif Extension,123.0,3,2,14.285514812209815,Luxe,30.75,5
6517,1150000.0,Meknès,Hamria,143.0,3,3,13.955273369904273,Moyen,35.75,5
7641,2650000.0,Casablanca,Ferme Bretone,151.0,3,3,14.790070575320824,Luxe,37.75,5
5221,1100000.0,Tanger,Moujahidine,81.0,1,1,13.910821646859095,Moyen,40.5,5
103,1900000.0,Casablanca,Les Princesses,117.0,3,2,14.45736497045232,Luxe,29.25,5
2419,1155000.0,Marrakech,Guéliz,85.0,2,2,13.959611767738522,Moyen,28.333333333333332,5
6708,380000.0,Bouznika,Autre Secteur,56.0,2,1,12.847929163278053,Économique,18.666666666666668,5
3298,980000.0,Tétouan,Autre Secteur,148.0,4,2,13.795308871054397,Moyen,29.6,5
1581,1150000.0,Marrakech,Hivernage,51.0,1,1,13.955273369904273,Moyen,25.5,5
2866,930000.0,Kénitra,Seyad,110.0,3,2,13.742940940397677,Moyen,27.5,5
2206,2000000.0,Casablanca,Quartier Des Hôpitaux,157.0,3,2,14.508658238524095,Luxe,39.25,5
171,360000.0,Kénitra,Bir Rami,70.0,2,2,12.793862088206213,Économique,23.333333333333332,5
6060,2700000.0,Casablanca,Racine,135.0,3,3,14.80876270134486,Luxe,33.75,5
136,170000.0,Tétouan,Autre Secteur,82.0,2,1,12.04355959836804,Économique,27.333333333333332,5
3661,1800000.0,Casablanca,Val Fleuri,126.0,3,2,14.403297778421795,Luxe,31.5,5
4626,1350000.0,Tétouan,Autre Secteur,114.0,3,2,14.115615891155079,Moyen,28.5,5
1310,520000.0,Casablanca,Aïn Chock,55.0,2,1,13.161586013632684,Moyen,18.333333333333332,5
7367,350000.0,Fès,Zouagha,128.0,2,1,12.765691290604371,Économique,42.666666666666664,5
2285,1750000.0,Casablanca,Franceville,83.0,2,2,14.375126917328105,Luxe,27.666666666666668,5
8060,950000.0,Mohammedia,Wafa,88.0,2,2,13.76421831620775,Moyen,29.333333333333332,5
3115,700000.0,Béni Mellal,Toute La Ville,108.0,2,2,13.45883704259595,Moyen,36.0,5
3185,340000.0,Mohammedia,Autre Secteur,54.0,2,1,12.73670383776449,Économique,18.0,5
4694,330000.0,Ksar El-Kebir,Toute La Ville,80.0,2,2,12.706850963741102,Économique,26.666666666666668,5
1935,1260000.0,Casablanca,Al Qods,130.0,3,2,14.04662307257814,Moyen,32.5,5
5119,62700000.0,Tanger,Autre Secteur,57.0,2,1,17.95387202155211,Luxe,19.0,5
4680,1300000.0,El Mansouria,Toute La Ville,109.0,2,2,14.077875591662238,Moyen,36.333333333333336,5
2856,1365000.0,Fès,Autre Secteur,150.0,3,3,14.126665719201661,Moyen,37.5,5
808,800000.0,Casablanca,Aïn Chock,78.0,2,1,13.592368256649284,Moyen,26.0,5
2045,550000.0,Tanger,Aharrarine,60.0,2,1,13.217675375388819,Moyen,20.0,5
4975,1250000.0,Berkane,Toute La Ville,147.0,4,2,14.038654909278163,Moyen,29.4,5
463,1580000.0,Tanger,Centre Ville,103.0,2,2,14.272936037914342,Luxe,34.333333333333336,5
1956,640000.0,Marrakech,Autre Secteur,70.0,3,1,13.369225017834633,Moyen,17.5,5
2446,360000.0,Tanger,Autre Secteur,60.0,2,1,12.793862088206213,Économique,20.0,5
3839,2000000.0,Tanger,Achakar,256.0,3,3,14.508658238524095,Luxe,64.0,5
800,1320000.0,Kénitra,Maamora,174.0,2,2,14.093143052138025,Moyen,58.0,5
2403,380000.0,Mohammedia,Autre Secteur,52.0,2,1,12.847929163278053,Économique,17.333333333333332,5
4994,400000.0,Agadir,Amsernate,56.0,2,1,12.899222326086994,Économique,18.666666666666668,5
1074,660000.0,El Jadida,Hay Essalam,100.0,2,2,13.399996629152975,Moyen,33.333333333333336,5
3371,780000.0,Kénitra,Val Fleury,90.0,1,1,13.567050480716235,Moyen,45.0,5
145,930000.0,Casablanca,Oulfa,70.0,2,2,13.742940940397677,Moyen,23.333333333333332,5
5519,540000.0,Tanger,Mghogha,63.0,2,1,13.199326270390594,Moyen,21.0,5
1341,550000.0,Tanger,Tanja Balia,56.0,2,1,13.217675375388819,Moyen,18.666666666666668,5
2898,450000.0,Tanger,Aharrarine,56.0,2,1,13.017005083966255,Économique,18.666666666666668,5
3280,350000.0,Saidia,Toute La Ville,57.0,2,1,12.765691290604371,Économique,19.0,5
2091,612000.0,Marrakech,Hay Izdihar,36.0,1,1,13.324489195480057,Moyen,18.0,5
5551,3400000.0,Rabat,Agdal,150.0,3,2,15.039286283703994,Luxe,37.5,5
4542,1484800.0,Casablanca,Maarif,102.0,2,1,14.210791314505226,Moyen,34.0,5
7822,800000.0,Kénitra,La Ville Haute,81.0,2,2,13.592368256649284,Moyen,27.0,5
5228,410000.0,Kénitra,Bir Rami,75.0,2,1,12.923914877701906,Économique,25.0,5
6250,3000000.0,Rabat,Agdal,149.0,3,2,14.914123179965662,Luxe,37.25,5
4380,1250000.0,El Mansouria,Toute La Ville,92.0,2,2,14.038654909278163,Moyen,30.666666666666668,5
7385,2100000.0,Casablanca,Maârif Extension,228.0,3,2,14.557448378884015,Luxe,57.0,5
4615,450000.0,Casablanca,Route D'Azemmour,62.0,2,1,13.017005083966255,Économique,20.666666666666668,5
1004,1250000.0,Temara,Autre Secteur,112.0,2,2,14.038654909278163,Moyen,37.333333333333336,5
7124,380000.0,Oued Laou,Toute La Ville,75.0,2,1,12.847929163278053,Économique,25.0,5
5510,1500000.0,Tanger,Malabata,57.0,2,1,14.220976332738882,Moyen,19.0,5
556,640000.0,Kénitra,Al Maghrib Al Arabi,80.0,2,2,13.369225017834633,Moyen,26.666666666666668,5
8148,4800000.0,Casablanca,Racine,240.0,4,3,15.38412668421143,Luxe,48.0,5
7758,750000.0,Tanger,Tanja Balia,80.0,3,1,13.527829818844937,Moyen,20.0,5
1486,380000.0,Martil,Toute La Ville,63.0,2,1,12.847929163278053,Économique,21.0,5
5857,1050000.0,Temara,Autre Secteur,100.0,3,2,13.864301674514206,Moyen,25.0,5
1272,350000.0,Settat,Hay Salam,45.0,2,1,12.765691290604371,Économique,15.0,5
1412,950000.0,Casablanca,La Gironde,91.0,2,2,13.76421831620775,Moyen,30.333333333333332,5
7224,1200000.0,Casablanca,,75.0,2,2,13.997832948091215,Moyen,25.0,5
7486,1650000.0,Casablanca,Bourgogne,92.0,3,2,14.316286451937186,Luxe,23.0,5
1472,860000.0,Mdiq,Toute La Ville,155.0,2,2,13.664688831019712,Moyen,51.666666666666664,5
6406,2000000.0,Tamaris,Toute La Ville,117.0,2,1,14.508658238524095,Luxe,39.0,5
4623,2250000.0,Casablanca,Quartier Des Hôpitaux,144.0,3,2,14.626441218624949,Luxe,36.0,5
4861,980000.0,Bouznika,Quartier Industriel,87.0,3,1,13.795308871054397,Moyen,21.75,5
4732,370000.0,Fès,Route Ain Chkaf,88.0,3,1,12.821260987319457,Économique,22.0,5
5392,950000.0,Tanger,Marjane,115.0,3,2,13.76421831620775,Moyen,28.75,5
3873,1350000.0,Casablanca,Florida,124.0,3,1,14.115615891155079,Moyen,31.0,5
982,455000.0,Casablanca,Ben M'Sick,60.0,1,1,13.02805489573287,Économique,30.0,5
7777,550000.0,Tanger,Autre Secteur,65.0,2,1,13.217675375388819,Moyen,21.666666666666668,5
5910,1690000.0,Casablanca,Mandarona,123.0,2,2,14.340239678615058,Luxe,41.0,5
7228,4800000.0,Fès,Ouled Tayeb,120.0,4,2,15.38412668421143,Luxe,24.0,5
1268,330000.0,Saidia,Toute La Ville,54.0,2,1,12.706850963741102,Économique,18.0,5
2463,1150000.0,Agadir,Hay Mohammadi,86.0,3,2,13.955273369904273,Moyen,21.5,5
4048,1000000.0,Casablanca,Bachkou,59.0,1,2,13.815511557963774,Moyen,29.5,5
269,750000.0,Mohammedia,Autre Secteur,80.0,2,1,13.527829818844937,Moyen,26.666666666666668,5
655,950000.0,Casablanca,Maârif Extension,67.0,2,1,13.76421831620775,Moyen,22.333333333333332,5
3072,680000.0,Asilah,Toute La Ville,49.0,1,1,13.429849547739444,Moyen,24.5,5
5431,980000.0,Tétouan,Autre Secteur,148.0,4,2,13.795308871054397,Moyen,29.6,5
5493,570000.0,Tanger,Aharrarine,60.0,2,1,13.25339339419516,Moyen,20.0,5
5026,380000.0,Casablanca,Errahma,51.0,2,1,12.847929163278053,Économique,17.0,5
3297,1200000.0,Salé,Tabriquet,115.0,3,2,13.997832948091215,Moyen,28.75,5
590,460000.0,Casablanca,Oulfa,54.0,2,1,13.038983942375959,Économique,18.0,5
3932,1880000.0,Casablanca,Maârif Extension,142.0,3,2,14.446782866720884,Luxe,35.5,5
8186,600000.0,Tanger,Autre Secteur,57.0,2,1,13.304686600863562,Moyen,19.0,5
5262,1250000.0,Casablanca,Bourgogne,76.0,2,1,14.038654909278163,Moyen,25.333333333333332,5
4779,950000.0,Casablanca,Franceville,38.0,1,1,13.76421831620775,Moyen,19.0,5
6202,2950000.0,Casablanca,Palmier,173.0,3,2,14.897316067298997,Luxe,43.25,5
5271,950000.0,Tanger,Autre Secteur,64.0,2,1,13.76421831620775,Moyen,21.333333333333332,5
6949,1500000.0,Agadir,Autre Secteur,97.0,2,2,14.220976332738882,Moyen,32.333333333333336,5
1809,950000.0,Casablanca,Sidi Maarouf,87.0,3,2,13.76421831620775,Moyen,21.75,5
7047,320000.0,Kénitra,Bir Rami,70.0,2,1,12.676079399771027,Économique,23.333333333333332,5
5161,760000.0,Tanger,Tanja Balia,76.0,2,1,13.541075028051122,Moyen,25.333333333333332,5
6045,940000.0,Casablanca,Les Princesses,44.0,1,1,13.753636218075409,Moyen,22.0,5
678,1075000.0,Casablanca,Quartier Des Hôpitaux,65.0,1,1,13.887832149776026,Moyen,32.5,5
4901,1650000.0,Casablanca,Californie,97.0,2,2,14.316286451937186,Luxe,32.333333333333336,5
5511,380000.0,Mdiq,Toute La Ville,50.0,1,1,12.847929163278053,Économique,25.0,5
6171,2850000.0,Casablanca,Bachkou,156.0,3,2,14.862829903121964,Luxe,39.0,5
3143,920000.0,Casablanca,Maârif Extension,67.0,2,1,13.732130035981154,Moyen,22.333333333333332,5
4787,370000.0,Mohammedia,Nassim,54.0,2,1,12.821260987319457,Économique,18.0,5
8144,550000.0,Tanger,Tanja Balia,56.0,2,1,13.217675375388819,Moyen,18.666666666666668,5
2433,1270000.0,Casablanca,Beauséjour,95.0,2,2,14.054528245836039,Moyen,31.666666666666668,5
4265,1500000.0,Temara,Wifak,128.0,3,2,14.220976332738882,Moyen,32.0,5
4122,2550000.0,Sidi Bouknadel,Toute La Ville,145.0,3,2,14.751604309291395,Luxe,36.25,5
4031,3800000.0,Casablanca,Racine,190.0,3,2,15.150511887854474,Luxe,47.5,5
4206,1330000.0,Casablanca,Maarif,55.0,1,1,14.100690252077353,Moyen,27.5,5
4437,530000.0,Casablanca,Sidi Bernoussi,71.0,2,1,13.180634172318978,Moyen,23.666666666666668,5
2671,4700000.0,Salé,Abouab Sala,75.0,1,1,15.363073279446223,Luxe,37.5,5
1612,1750000.0,Casablanca,Palmier,95.0,2,2,14.375126917328105,Luxe,31.666666666666668,5
5426,1320000.0,Tanger,Autre Secteur,94.0,3,2,14.093143052138025,Moyen,23.5,5
2681,540000.0,Sidi Rahal,Toute La Ville,67.0,2,2,13.199326270390594,Moyen,22.333333333333332,5
3383,1200000.0,Rabat,Riyad Extension,76.0,2,2,13.997832948091215,Moyen,25.333333333333332,5
2674,420000.0,Marrakech,Les Portes De Marrakech,68.0,2,1,12.948012371209098,Économique,22.666666666666668,5
3502,1270000.0,Casablanca,Bourgogne,66.0,1,1,14.054528245836039,Moyen,33.0,5
4013,820000.0,Agadir,Hay Mohammadi,56.0,2,1,13.617060838751888,Moyen,18.666666666666668,5
6720,1200000.0,Sidi Rahal,Toute La Ville,93.0,2,2,13.997832948091215,Moyen,31.0,5
606,950000.0,Casablanca,Franceville,38.0,1,1,13.76421831620775,Moyen,19.0,5
3785,955000.0,Marrakech,Route De Casablanca,49.0,1,1,13.769467666582738,Moyen,24.5,5
4104,2200000.0,Casablanca,Ferme Bretone,99.0,2,2,14.603968372873895,Luxe,33.0,5
1469,1540000.0,Casablanca,Bourgogne,112.0,3,2,14.24729362374025,Luxe,28.0,5
6043,500000.0,Marrakech,Azzouzia,63.0,2,2,13.122365377402328,Économique,21.0,5
4435,750000.0,Tanger,Tanja Balia,88.0,2,1,13.527829818844937,Moyen,29.333333333333332,5
7616,980000.0,Casablanca,Oulfa,78.0,2,1,13.795308871054397,Moyen,26.0,5
4326,600000.0,Fès,Route Ain Chkaf,95.0,3,2,13.304686600863562,Moyen,23.75,5
5047,2490000.0,Tanger,Tanger City Center,98.0,2,2,14.727793670047236,Luxe,32.666666666666664,5
3952,3300000.0,Casablanca,Maârif Extension,206.0,4,2,15.009433329466965,Luxe,41.2,5
2155,600000.0,Kénitra,Seyad,78.0,2,2,13.304686600863562,Moyen,26.0,5
2906,2200000.0,Rabat,Diour Jamaa,113.0,3,2,14.603968372873895,Luxe,28.25,5
7844,592000.0,Tanger,Tanja Balia,74.0,2,1,13.291263603053904,Moyen,24.666666666666668,5
2077,580000.0,Kénitra,Al Maghrib Al Arabi,70.0,2,1,13.270785106659046,Moyen,23.333333333333332,5
4190,1490000.0,Casablanca,Oulfa,212.0,4,3,14.214287349062356,Moyen,42.4,5
3439,1500000.0,Casablanca,Bachkou,106.0,2,2,14.220976332738882,Moyen,35.333333333333336,5
5267,2590000.0,Casablanca,C.I.L,170.0,3,2,14.767168819776032,Luxe,42.5,5
4884,2200000.0,Rabat,Diour Jamaa,113.0,3,2,14.603968372873895,Luxe,28.25,5
585,1010500.0,Casablanca,Ferme Bretone,47.0,1,1,13.825956805434428,Moyen,23.5,5
3545,500000.0,Meknès,Autre Secteur,100.0,3,2,13.122365377402328,Économique,25.0,5
2827,370000.0,Mohammedia,Monica,58.0,2,1,12.821260987319457,Économique,19.333333333333332,5
5956,750000.0,El Jadida,Autre Secteur,81.0,2,1,13.527829818844937,Moyen,27.0,5
6382,1700000.0,Marrakech,Guéliz,94.0,2,2,14.346139397261565,Luxe,31.333333333333332,5
6346,700000.0,Béni Mellal,Toute La Ville,87.0,3,1,13.45883704259595,Moyen,21.75,5
6809,440000.0,Tétouan,Al Azhar,75.0,2,1,12.994532278619134,Économique,25.0,5
3456,1200000.0,Tanger,Aida,90.0,3,1,13.997832948091215,Moyen,22.5,5
6361,580000.0,Fès,Route De Sefrou,90.0,2,1,13.270785106659046,Moyen,30.0,5
6292,590000.0,Fès,Route Ain Chkaf,140.0,3,2,13.28787951079572,Moyen,35.0,5
5213,460000.0,Marrakech,Massira 1,68.0,2,1,13.038983942375959,Économique,22.666666666666668,5
7888,240000.0,Meknès,Riad Toulal,65.0,2,1,12.388398368982115,Économique,21.666666666666668,5
2550,850000.0,Marrakech,M'Hamid,81.0,3,2,13.652992804936396,Moyen,20.25,5
6765,1500000.0,Rabat,Agdal,117.0,3,1,14.220976332738882,Moyen,29.25,5
345,8200000.0,Tétouan,Wilaya,82.0,2,2,15.919644834185693,Luxe,27.333333333333332,5
6607,850000.0,Marrakech,M'Hamid,81.0,3,2,13.652992804936396,Moyen,20.25,5
4747,250000.0,El Jadida,Autre Secteur,60.0,2,1,12.429220196836383,Économique,20.0,5
7205,1300000.0,Casablanca,Palmier,88.0,1,1,14.077875591662238,Moyen,44.0,5
7689,1280000.0,Marrakech,Route De Casablanca,70.0,2,1,14.062371417145494,Moyen,23.333333333333332,5
872,620000.0,Sidi Rahal,Toute La Ville,92.0,3,2,13.3374763699232,Moyen,23.0,5
6345,770500.0,Dcheira,Toute La Ville,67.0,2,1,13.5547962316,Moyen,22.333333333333332,5
4044,430000.0,Marrakech,Hay Izdihar,46.0,1,1,12.971542813248437,Économique,23.0,5
3544,1420000.0,Salé,Sala El Jadida,118.0,3,2,14.166168133802547,Moyen,29.5,5
91,1200000.0,Tanger,Aida,90.0,3,1,13.997832948091215,Moyen,22.5,5
5736,1050000.0,Temara,Ain Atig,124.0,3,2,13.864301674514206,Moyen,31.0,5
4330,3900000.0,Casablanca,Marina,155.0,2,3,15.176487367510099,Luxe,51.666666666666664,5
5083,270000.0,Kénitra,Autre Secteur,80.0,3,1,12.506180941677357,Économique,20.0,5
3498,1450000.0,Bouznika,Plage Oued Cherrat,95.0,2,2,14.187074804051692,Moyen,31.666666666666668,5
2118,550000.0,El Jadida,Najmat Al Janoub,66.0,2,1,13.217675375388819,Moyen,22.0,5
7733,2390000.0,Marrakech,Hay Izdihar,240.0,3,3,14.686804342317648,Luxe,60.0,5
6226,2800000.0,Bouskoura,Ville Verte,160.0,3,3,14.845130332288226,Luxe,40.0,5
4695,340000.0,Marrakech,Azzouzia,54.0,2,1,12.73670383776449,Économique,18.0,5
3160,430000.0,Fès,Dar Mehrez,100.0,3,2,12.971542813248437,Économique,25.0,5
948,600000.0,Marrakech,M'Hamid,56.0,2,1,13.304686600863562,Moyen,18.666666666666668,5
3232,460000.0,Casablanca,Ben M'Sick,76.0,2,2,13.038983942375959,Économique,25.333333333333332,5
6078,550000.0,Marrakech,Azzouzia,71.0,2,1,13.217675375388819,Moyen,23.666666666666668,5
6388,1369592.0,Agadir,Av Mokawama,105.0,4,1,14.130024173375245,Moyen,21.0,5
884,820000.0,El Jadida,Corniche,107.0,3,2,13.617060838751888,Moyen,26.75,5
4746,480000.0,Tanger,Aviation,38.0,1,1,13.081543466215237,Économique,19.0,5
6463,2150000.0,Casablanca,Les Princesses,165.0,3,2,14.580978865220017,Luxe,41.25,5
4752,460000.0,Casablanca,Hay Moulay Rachid,59.0,2,1,13.038983942375959,Économique,19.666666666666668,5
2988,3300000.0,Marrakech,Agdal,100.0,3,2,15.009433329466965,Luxe,25.0,5
7018,550000.0,Agadir Melloul,Toute La Ville,85.0,2,1,13.217675375388819,Moyen,28.333333333333332,5
7511,1850000.0,Meknès,Hamria,208.0,3,2,14.430696737594902,Luxe,52.0,5
6053,1500000.0,Kénitra,Mimosas,190.0,3,2,14.220976332738882,Moyen,47.5,5
5477,1850000.0,Sidi Bouknadel,Toute La Ville,130.0,2,2,14.430696737594902,Luxe,43.333333333333336,5
5982,3100000.0,Casablanca,Autre Secteur,208.0,4,3,14.946912992035967,Luxe,41.6,5
5462,1200000.0,Rabat,Riyad Extension,76.0,2,2,13.997832948091215,Moyen,25.333333333333332,5
6260,850000.0,Kénitra,Autre Secteur,120.0,3,2,13.652992804936396,Moyen,30.0,5
5751,735000.0,Casablanca,Autre Secteur,70.0,3,2,13.507627138738266,Moyen,17.5,5
2416,360000.0,Casablanca,Sidi Bernoussi,54.0,2,1,12.793862088206213,Économique,18.0,5
3847,600000.0,Kénitra,Seyad,90.0,3,1,13.304686600863562,Moyen,22.5,5
6215,420000.0,Kénitra,Seyad,80.0,2,2,12.948012371209098,Économique,26.666666666666668,5
4141,3000000.0,Bouskoura,,306.0,4,4,14.914123179965662,Luxe,61.2,5
5508,1080000.0,Casablanca,Hay Mohammadi,120.0,3,2,13.8924725250259,Moyen,30.0,5
7443,870000.0,Marrakech,Route De Casablanca,72.0,1,1,13.676249640055394,Moyen,36.0,5
5678,900000.0,Bouskoura,,80.0,2,2,13.710151153416941,Moyen,26.666666666666668,5
2399,850000.0,Tanger,El Majd,86.0,3,2,13.652992804936396,Moyen,21.5,5
3911,1340000.0,Agadir,Hay Mohammadi,98.0,2,2,14.108180918195472,Moyen,32.666666666666664,5
1711,3250000.0,Rabat,Hay Riad,144.0,3,2,14.99416586199818,Luxe,36.0,5
4061,1760000.0,Casablanca,Palmier,98.0,2,2,14.38082493519599,Luxe,32.666666666666664,5
4818,800000.0,Casablanca,Belvédère,80.0,2,2,13.592368256649284,Moyen,26.666666666666668,5
1186,2600000.0,Casablanca,Maarif,206.0,3,3,14.77102238760702,Luxe,51.5,5
4005,2190000.0,Tanger,Centre Ville,115.0,2,2,14.599412558413583,Luxe,38.333333333333336,5
7868,900000.0,Mohammedia,El Alia,159.0,4,2,13.710151153416941,Moyen,31.8,5
5896,540000.0,Marrakech,Hay Izdihar,50.0,2,1,13.199326270390594,Moyen,16.666666666666668,5
6236,890000.0,Casablanca,Autre Secteur,105.0,2,1,13.698977865303197,Moyen,35.0,5
8010,750000.0,Tanger,Tanja Balia,80.0,3,1,13.527829818844937,Moyen,20.0,5
152,1100000.0,Meknès,Hamria,200.0,3,2,13.910821646859095,Moyen,50.0,5
916,800000.0,Tanger,Tanja Balia,118.0,2,1,13.592368256649284,Moyen,39.333333333333336,5
1305,2500000.0,Tanger,Centre Ville,160.0,3,2,14.731801689838349,Luxe,40.0,5
4011,2600000.0,Casablanca,Triangle D'Or,150.0,2,2,14.77102238760702,Luxe,50.0,5
5330,750000.0,Agadir,Cité Adrar,64.0,2,2,13.527829818844937,Moyen,21.333333333333332,5
5885,510000.0,Mohammedia,Autre Secteur,65.0,2,1,13.1421679654829,Moyen,21.666666666666668,5
4825,780000.0,Tanger,Centre Ville,95.0,3,2,13.567050480716235,Moyen,23.75,5
5410,744000.0,Tanger,Tanja Balia,93.0,3,1,13.519797657900348,Moyen,23.25,5
1399,2475000.0,Marrakech,Route De Casablanca,154.0,3,3,14.72175135802525,Luxe,38.5,5
2519,920000.0,Kénitra,Mimosas,87.0,2,2,13.732130035981154,Moyen,29.0,5
184,2800000.0,Agadir,Haut-Founty,150.0,3,3,14.845130332288226,Luxe,37.5,5
6688,750000.0,Tanger,Tanja Balia,80.0,3,1,13.527829818844937,Moyen,20.0,5
6727,840000.0,Ain Harrouda,Toute La Ville,283.0,2,2,13.641158361294979,Moyen,94.33333333333333,5
4554,2600000.0,Casablanca,Maarif,206.0,3,3,14.77102238760702,Luxe,51.5,5
2418,2400000.0,Casablanca,Les Princesses,121.0,3,2,14.690979711984754,Luxe,30.25,5
472,1700000.0,Kénitra,Maamora,120.0,3,2,14.346139397261565,Luxe,30.0,5
968,5400000.0,Rabat,Hay Riad,326.0,3,2,15.501909696719672,Luxe,81.5,5
7265,620000.0,Ait Melloul,Toute La Ville,75.0,2,2,13.3374763699232,Moyen,25.0,5
5401,650000.0,Casablanca,Sidi Bernoussi,85.0,3,2,13.384729180332174,Moyen,21.25,5
2657,300000.0,Meknès,Autre Secteur,67.0,2,1,12.611541086966115,Économique,22.333333333333332,5
210,520000.0,Ben Guerir,Toute La Ville,92.0,2,2,13.161586013632684,Moyen,30.666666666666668,5
1961,375000.0,Casablanca,Oulfa,50.0,2,1,12.834683971615659,Économique,16.666666666666668,5
897,1750000.0,Casablanca,Franceville,83.0,2,2,14.375126917328105,Luxe,27.666666666666668,5
6213,530000.0,Kénitra,Seyad,74.0,2,2,13.180634172318978,Moyen,24.666666666666668,5
7967,630500.0,Salé,Said Hajji,76.0,2,1,13.354270020428677,Moyen,25.333333333333332,5
5013,800000.0,Marrakech,M'Hamid,77.0,2,2,13.592368256649284,Moyen,25.666666666666668,5
1774,1800000.0,Asilah,Toute La Ville,113.0,3,2,14.403297778421795,Luxe,28.25,5
4311,1400000.0,Marrakech,Amerchich,240.0,3,2,14.151983508870947,Moyen,60.0,5
2300,798000.0,Tanger,Tanja Balia,76.0,2,1,13.589865129563993,Moyen,25.333333333333332,5
1209,849000.0,Temara,Centre Ville,78.0,2,2,13.651815643149092,Moyen,26.0,5
4388,1332000.0,Rabat,Hassan,120.0,2,1,14.102192880832941,Moyen,40.0,5
4675,800000.0,Tanger,Tanja Balia,118.0,2,1,13.592368256649284,Moyen,39.333333333333336,5
1270,2340000.0,Tanger,Tanger City Center,72.0,2,2,14.66566191468422,Luxe,24.0,5
1251,931000.0,Marrakech,M'Hamid,106.0,3,3,13.744015630372484,Moyen,26.5,5
4323,760000.0,Bouznika,Autre Secteur,146.0,3,2,13.541075028051122,Moyen,36.5,5
7528,2400000.0,Casablanca,Anfa,107.0,3,2,14.690979711984754,Luxe,26.75,5
4402,500000.0,Marrakech,M'Hamid,58.0,2,1,13.122365377402328,Économique,19.333333333333332,5
4939,550000.0,Agadir Melloul,Toute La Ville,85.0,2,1,13.217675375388819,Moyen,28.333333333333332,5
4335,5400000.0,Rabat,Hay Riad,326.0,3,2,15.501909696719672,Luxe,81.5,5
293,585000.0,Ouled Teïma,Toute La Ville,90.0,3,1,13.279368835614243,Moyen,22.5,5
7082,1550000.0,Casablanca,Franceville,114.0,3,2,14.253766134056512,Luxe,28.5,5
1052,590000.0,Salé,Bab Sebta,96.0,2,1,13.28787951079572,Moyen,32.0,5
3027,1300000.0,Casablanca,La Gironde,115.0,2,2,14.077875591662238,Moyen,38.333333333333336,5
3435,320000.0,Meknès,Wislane,70.0,1,1,12.676079399771027,Économique,35.0,5
273,1300000.0,Casablanca,Val Fleuri,97.0,1,1,14.077875591662238,Moyen,48.5,5
2042,950000.0,Casablanca,Maârif Extension,67.0,2,1,13.76421831620775,Moyen,22.333333333333332,5
6178,1300000.0,Casablanca,Beauséjour,134.0,2,1,14.077875591662238,Moyen,44.666666666666664,5
5485,1078000.0,Marrakech,Hay Izdihar,77.0,2,2,13.890618958094434,Moyen,25.666666666666668,5
7833,530000.0,Marrakech,Es Saada,52.0,2,1,13.180634172318978,Moyen,17.333333333333332,5
7573,390000.0,Marrakech,M'Hamid,48.0,2,1,12.873904582205107,Économique,16.0,5
1087,550000.0,Marrakech,M'Hamid,72.0,3,2,13.217675375388819,Moyen,18.0,5
4406,380000.0,Kénitra,Ouled Oujih,70.0,2,1,12.847929163278053,Économique,23.333333333333332,5
5046,1181300.0,Marrakech,Guéliz,60.0,2,2,13.982126931461268,Moyen,20.0,5
4505,590000.0,Martil,Toute La Ville,55.0,2,1,13.28787951079572,Moyen,18.333333333333332,5
5874,1350000.0,Marrakech,Mabrouka,76.0,2,2,14.115615891155079,Moyen,25.333333333333332,5
2860,660000.0,Kénitra,Al Maghrib Al Arabi,80.0,2,1,13.399996629152975,Moyen,26.666666666666668,5
6560,555000.0,Tanger,Tanja Balia,74.0,2,1,13.22672519452875,Moyen,24.666666666666668,5
7653,2300000.0,Marrakech,Guéliz,250.0,3,2,14.648420115681892,Luxe,62.5,5
5523,1850000.0,Casablanca,Californie,119.0,3,2,14.430696737594902,Luxe,29.75,5
7656,450000.0,Casablanca,Oulfa,62.0,3,1,13.017005083966255,Économique,15.5,5
8034,1070000.0,Tanger,Tanja Balia,102.0,4,2,13.883170141017091,Moyen,20.4,5
2926,450000.0,Fès,Al Hadiqa,89.0,1,2,13.017005083966255,Économique,44.5,5
4529,980000.0,El Jadida,Quartier Aérodrome,130.0,3,2,13.795308871054397,Moyen,32.5,5
614,880000.0,Bouskoura,Victoria,104.0,2,2,13.68767832281738,Moyen,34.666666666666664,5
6579,1250000.0,Kénitra,Val Fleury,115.0,3,2,14.038654909278163,Moyen,28.75,5
4040,700000.0,Agadir,El Houda,70.0,2,1,13.45883704259595,Moyen,23.333333333333332,5
3533,550000.0,El Jadida,Mouilha,88.0,2,1,13.217675375388819,Moyen,29.333333333333332,5
5463,1400000.0,Casablanca,Mers Sultan,127.0,3,2,14.151983508870947,Moyen,31.75,5
5336,2300000.0,Rabat,Agdal,120.0,3,2,14.648420115681892,Luxe,30.0,5
1749,1140000.0,Marrakech,Guéliz,60.0,1,1,13.946539697563276,Moyen,30.0,5
7388,3500000.0,Tanger,Manar,100.0,2,2,15.068273812173887,Luxe,33.333333333333336,5
6271,1500000.0,Kénitra,Mimosas,178.0,3,2,14.220976332738882,Moyen,44.5,5
6833,430000.0,Temara,Fath El Kheir,50.0,2,1,12.971542813248437,Économique,16.666666666666668,5
7695,340000.0,Kénitra,Ouled Oujih,69.0,2,1,12.73670383776449,Économique,23.0,5
5122,585000.0,Tétouan,Wilaya,60.0,2,1,13.279368835614243,Moyen,20.0,5
2663,1200000.0,Sidi Rahal,Toute La Ville,93.0,2,2,13.997832948091215,Moyen,31.0,5
4169,1580000.0,Casablanca,2 Mars,132.0,3,2,14.272936037914342,Luxe,33.0,5
7988,750000.0,Tanger,Tanja Balia,80.0,3,1,13.527829818844937,Moyen,20.0,5
2154,1085000.0,Marrakech,Hay Izdihar,70.0,2,2,13.897091466615258,Moyen,23.333333333333332,5
1345,480000.0,Temara,Wifak,40.0,1,1,13.081543466215237,Économique,20.0,5
7919,1650000.0,Temara,Wifak,128.0,3,2,14.316286451937186,Luxe,32.0,5
6156,980000.0,Mohammedia,Hay Al Amal,140.0,3,1,13.795308871054397,Moyen,35.0,5
3521,740000.0,Marrakech,Azli,53.0,3,2,13.51440681653079,Moyen,13.25,5
953,850000.0,Meknès,Ville Nouvelle,162.0,3,3,13.652992804936396,Moyen,40.5,5
5786,1100000.0,Kénitra,Mimosas,110.0,3,2,13.910821646859095,Moyen,27.5,5
1505,3500000.0,Tanger,Administratif,176.0,4,2,15.068273812173887,Luxe,35.2,5
3464,380000.0,Martil,Toute La Ville,63.0,2,1,12.847929163278053,Économique,21.0,5
8146,480000.0,Casablanca,Oulfa,54.0,2,1,13.081543466215237,Économique,18.0,5
5861,570000.0,Marrakech,Es Saada,54.0,2,1,13.25339339419516,Moyen,18.0,5
1122,180000.0,Kénitra,Alliance,51.0,2,1,12.100717685412471,Économique,17.0,5
4631,420000.0,Casablanca,Ain Sebaa,52.0,2,1,12.948012371209098,Économique,17.333333333333332,5
4933,1020000.0,Tanger,Tanja Balia,196.0,2,1,13.83531416565213,Moyen,65.33333333333333,5
4583,550000.0,Casablanca,Autre Secteur,56.0,2,1,13.217675375388819,Moyen,18.666666666666668,5
6562,1070000.0,Tanger,Tanja Balia,102.0,4,1,13.883170141017091,Moyen,20.4,5
4895,540000.0,Marrakech,Hay Charaf,50.0,2,1,13.199326270390594,Moyen,16.666666666666668,5
5333,640000.0,Selouane,Toute La Ville,82.0,2,1,13.369225017834633,Moyen,27.333333333333332,5
3197,350000.0,Tétouan,Autre Secteur,112.0,2,1,12.765691290604371,Économique,37.333333333333336,5
417,570000.0,Marrakech,Es Saada,54.0,2,1,13.25339339419516,Moyen,18.0,5
4853,420000.0,Azemmour,Toute La Ville,110.0,3,2,12.948012371209098,Économique,27.5,5
2432,1400000.0,Casablanca,Bourgogne,87.0,2,1,14.151983508870947,Moyen,29.0,5
3040,1000000.0,Casablanca,Ain Sebaa,110.0,3,2,13.815511557963774,Moyen,27.5,5
565,870000.0,Kénitra,Alliance,150.0,3,2,13.676249640055394,Moyen,37.5,5
2526,11000000.0,Kénitra,Centre,103.0,3,2,16.213405921671733,Luxe,25.75,5
1224,1150000.0,Casablanca,Maarif,90.0,3,2,13.955273369904273,Moyen,22.5,5
143,980000.0,Casablanca,Maarif,42.0,1,1,13.795308871054397,Moyen,21.0,5
3983,4100000.0,Marrakech,Harti,117.0,3,2,15.226497775576945,Luxe,29.25,5
1491,1360000.0,Marrakech,Guéliz,81.0,1,1,14.122995993006082,Moyen,40.5,5
3044,1850000.0,Tanger,Nouinouich,101.0,3,2,14.430696737594902,Luxe,25.25,5
3411,1240000.0,Agadir,Haut-Founty,110.0,3,2,14.030622744032508,Moyen,27.5,5
5059,3750000.0,Agadir,Sonaba,210.0,3,3,15.137266664613225,Luxe,52.5,5
2654,720000.0,Tanger,Autre Secteur,64.0,2,1,13.487007879880162,Moyen,21.333333333333332,5
2004,850000.0,Marrakech,Hay Charaf,93.0,2,1,13.652992804936396,Moyen,31.0,5
1194,620000.0,Tanger,Moujahidine,62.0,2,2,13.3374763699232,Moyen,20.666666666666668,5
3004,640000.0,Tanger,Autre Secteur,64.0,2,1,13.369225017834633,Moyen,21.333333333333332,5
6850,420000.0,Casablanca,Sidi Moumen,55.0,2,2,12.948012371209098,Économique,18.333333333333332,5
1757,1780000.0,Casablanca,Abdelmoumen,123.0,3,2,14.392124484065864,Luxe,30.75,5
498,1300000.0,Casablanca,Racine,74.0,1,1,14.077875591662238,Moyen,37.0,5
2822,1600000.0,Casablanca,Maârif Extension,123.0,3,2,14.285514812209815,Luxe,30.75,5
3003,2300000.0,Casablanca,Maarif,160.0,4,3,14.648420115681892,Luxe,32.0,5
8005,470000.0,Marrakech,Akioud,64.0,2,1,13.060490101343552,Économique,21.333333333333332,5
913,1050000.0,Tanger,Ahlane,105.0,2,2,13.864301674514206,Moyen,35.0,5
722,1600000.0,Casablanca,La Gironde,144.0,2,1,14.285514812209815,Luxe,48.0,5
5970,300000.0,Casablanca,Lissasfa,56.0,2,1,12.611541086966115,Économique,18.666666666666668,5
6547,320000.0,Martil,Toute La Ville,58.0,2,1,12.676079399771027,Économique,19.333333333333332,5
1497,620000.0,Marrakech,Azli,83.0,1,1,13.3374763699232,Moyen,41.5,5
3166,1020000.0,Tanger,Tanja Balia,196.0,2,1,13.83531416565213,Moyen,65.33333333333333,5
1521,1099800.0,Salé,Sala El Jadida,94.0,2,2,13.910639812311667,Moyen,31.333333333333332,5
5240,1100000.0,Temara,Abbadi,114.0,3,2,13.910821646859095,Moyen,28.5,5
2747,370000.0,Mohammedia,Autre Secteur,54.0,2,1,12.821260987319457,Économique,18.0,5
7876,32000000.0,Casablanca,Ain Sebaa,54.0,2,1,17.281246492014,Luxe,18.0,5
4240,1450000.0,Rabat,Massira,101.0,3,2,14.187074804051692,Moyen,25.25,5
3540,850000.0,Casablanca,Hay Mohammadi,128.0,4,2,13.652992804936396,Moyen,25.6,5
6598,680000.0,Marrakech,Autre Secteur,53.0,2,1,13.429849547739444,Moyen,17.666666666666668,5
109,2200000.0,Casablanca,Quartier Des Hôpitaux,157.0,2,2,14.603968372873895,Luxe,52.333333333333336,5
1755,1400000.0,Marrakech,Agdal,50.0,1,1,14.151983508870947,Moyen,25.0,5
5753,950000.0,Marrakech,Allal El Fassi,91.0,3,2,13.76421831620775,Moyen,22.75,5
1352,1070000.0,Tanger,Tanja Balia,102.0,4,2,13.883170141017091,Moyen,20.4,5
4630,620000.0,Casablanca,Ain Sebaa,59.0,1,1,13.3374763699232,Moyen,29.5,5
7182,510000.0,Martil,Toute La Ville,73.0,2,1,13.1421679654829,Moyen,24.333333333333332,5
4246,420000.0,Martil,Toute La Ville,51.0,2,1,12.948012371209098,Économique,17.0,5
1973,1800000.0,Casablanca,Maarif,179.0,2,2,14.403297778421795,Luxe,59.666666666666664,5
337,2650000.0,Temara,Wifak,213.0,3,1,14.790070575320824,Luxe,53.25,5
2765,330000.0,Mohammedia,El Alia,54.0,2,1,12.706850963741102,Économique,18.0,5
5154,1000000.0,Marrakech,Socoma,106.0,3,2,13.815511557963774,Moyen,26.5,5
5775,1077000.0,Marrakech,Guéliz,49.0,1,1,13.889690884643201,Moyen,24.5,5
6282,560000.0,Kénitra,Fouarate,84.0,3,1,13.235693848424024,Moyen,21.0,5
4961,1450000.0,Casablanca,Aïn Borja,131.0,3,2,14.187074804051692,Moyen,32.75,5
5815,2000000.0,Marrakech,Route De Tahanaoute,80.0,2,1,14.508658238524095,Luxe,26.666666666666668,5
8101,300000.0,Casablanca,Autre Secteur,56.0,2,1,12.611541086966115,Économique,18.666666666666668,5
3470,1134000.0,Marrakech,Guéliz,63.0,1,1,13.941262645103661,Moyen,31.5,5
725,3000000.0,Rabat,Hay Riad,133.0,3,2,14.914123179965662,Luxe,33.25,5
766,1085000.0,Marrakech,Hay Izdihar,70.0,2,2,13.897091466615258,Moyen,23.333333333333332,5
6044,980000.0,Dar Bouazza,Toute La Ville,113.0,2,2,13.795308871054397,Moyen,37.666666666666664,5
4052,1180000.0,Casablanca,Maârif Extension,97.0,2,2,13.981025843899115,Moyen,32.333333333333336,5
4609,750000.0,Tanger,Tanja Balia,80.0,3,1,13.527829818844937,Moyen,20.0,5
308,600000.0,Salé,Toute La Ville,79.0,2,1,13.304686600863562,Moyen,26.333333333333332,5
1278,950000.0,Casablanca,Roches Noires,100.0,2,2,13.76421831620775,Moyen,33.333333333333336,5
349,3500000.0,Marrakech,Guéliz,139.0,3,2,15.068273812173887,Luxe,34.75,5
3916,500000.0,Had Soualem,Toute La Ville,74.0,2,2,13.122365377402328,Économique,24.666666666666668,5
6380,1000000.0,Tit Mellil,Toute La Ville,106.0,3,2,13.815511557963774,Moyen,26.5,5
7726,1499000.0,Marrakech,Guéliz,100.0,3,2,14.22030944419592,Moyen,25.0,5
7428,860000.0,Berrechid,Toute La Ville,120.0,3,1,13.664688831019712,Moyen,30.0,5
1792,3750000.0,Casablanca,Racine,208.0,3,3,15.137266664613225,Luxe,52.0,5
6912,1300000.0,Marrakech,Hivernage,87.0,2,1,14.077875591662238,Moyen,29.0,5
8011,1200000.0,Tanger,Marjane,120.0,4,2,13.997832948091215,Moyen,24.0,5
7292,460000.0,Marrakech,Massira 1,68.0,2,1,13.038983942375959,Économique,22.666666666666668,5
2053,3800000.0,Casablanca,Racine,190.0,3,2,15.150511887854474,Luxe,47.5,5
6533,1400000.0,Casablanca,Bachkou,106.0,3,2,14.151983508870947,Moyen,26.5,5
7947,370000.0,Marrakech,M'Hamid,58.0,2,1,12.821260987319457,Économique,19.333333333333332,5
72,980000.0,Casablanca,Beauséjour,106.0,2,2,13.795308871054397,Moyen,35.333333333333336,5
3378,260000.0,Oujda,Autre Secteur,80.0,2,1,12.468440756144114,Économique,26.666666666666668,5
2760,450000.0,Tanger,Mesnana,51.0,2,1,13.017005083966255,Économique,17.0,5
6478,1176000.0,Salé,Sala El Jadida,84.0,3,2,13.977630257780485,Moyen,21.0,5
4210,480000.0,Casablanca,Autre Secteur,55.0,2,1,13.081543466215237,Économique,18.333333333333332,5
5661,1170000.0,Temara,Hoda,120.0,3,2,13.972515161474428,Moyen,30.0,5
4232,880000.0,Kénitra,Bir Rami Industriel,126.0,3,2,13.68767832281738,Moyen,31.5,5
5466,370000.0,Oujda,Andalous,105.0,3,2,12.821260987319457,Économique,26.25,5
3353,1000000.0,Tanger,Val Fleuri,90.0,3,1,13.815511557963774,Moyen,22.5,5
1260,1600000.0,Casablanca,Hay Hassani,145.0,3,1,14.285514812209815,Luxe,36.25,5
1667,2100000.0,Marrakech,Route De Fès,140.0,2,2,14.557448378884015,Luxe,46.666666666666664,5
3239,800000.0,Tétouan,Autre Secteur,95.0,2,1,13.592368256649284,Moyen,31.666666666666668,5
6017,490000.0,Had Soualem,Toute La Ville,69.0,2,2,13.102162710901053,Économique,23.0,5
5832,850000.0,Casablanca,Aïn Chock,85.0,2,1,13.652992804936396,Moyen,28.333333333333332,5
3218,920000.0,Casablanca,Ain Sebaa,87.0,2,2,13.732130035981154,Moyen,29.0,5
2167,1800000.0,Casablanca,2 Mars,179.0,2,1,14.403297778421795,Luxe,59.666666666666664,5
7801,380000.0,Meknès,Autre Secteur,77.0,2,1,12.847929163278053,Économique,25.666666666666668,5
2533,1720000.0,Casablanca,Maarif,106.0,2,2,14.357835430184815,Luxe,35.333333333333336,5
1696,950000.0,Marrakech,Allal El Fassi,91.0,3,2,13.76421831620775,Moyen,22.75,5
1096,275000.0,Tanger,Autre Secteur,47.0,2,2,12.524530013005734,Économique,15.666666666666666,5
6169,3000000.0,Rabat,Hay Riad,133.0,3,2,14.914123179965662,Luxe,33.25,5
6004,600000.0,Bouznika,Autre Secteur,71.0,2,1,13.304686600863562,Moyen,23.666666666666668,5
3922,850000.0,Cabo Negro,Toute La Ville,46.0,1,1,13.652992804936396,Moyen,23.0,5
1631,380000.0,Tanger,Autre Secteur,50.0,2,1,12.847929163278053,Économique,16.666666666666668,5
5023,770000.0,Salé,Sidi Moussa,94.0,3,2,13.554147092530322,Moyen,23.5,5
1882,5500000.0,Rabat,Riyad,228.0,4,3,15.520258832020865,Luxe,45.6,5
4410,1400000.0,Casablanca,Bourgogne,87.0,2,1,14.151983508870947,Moyen,29.0,5
5500,1030000.0,Mohammedia,Autre Secteur,91.0,2,2,13.845070331079134,Moyen,30.333333333333332,5
1613,360000.0,Lahraouyine,Toute La Ville,84.0,3,1,12.793862088206213,Économique,21.0,5
979,380000.0,Casablanca,Hay Mohammadi,65.0,2,2,12.847929163278053,Économique,21.666666666666668,5
1414,820000.0,Kénitra,Mimosas,106.0,3,2,13.617060838751888,Moyen,26.5,5
5907,1580000.0,Tanger,Centre Ville,103.0,2,2,14.272936037914342,Luxe,34.333333333333336,5
3479,750000.0,Tanger,Tanja Balia,80.0,3,1,13.527829818844937,Moyen,20.0,5
849,800000.0,Marrakech,Route De Casablanca,54.0,1,1,13.592368256649284,Moyen,27.0,5
3945,627000.0,Dar Bouazza,Toute La Ville,78.0,2,2,13.348703414510117,Moyen,26.0,5
4829,740000.0,Kénitra,Alliance,92.0,3,1,13.51440681653079,Moyen,23.0,5
2272,820000.0,El Jadida,Corniche,107.0,3,2,13.617060838751888,Moyen,26.75,5
2393,1250000.0,Temara,Autre Secteur,112.0,2,2,14.038654909278163,Moyen,37.333333333333336,5
6468,290000.0,Bouznika,Autre Secteur,55.0,2,1,12.577639650232573,Économique,18.333333333333332,5
1831,1330000.0,Kénitra,Maamora,130.0,3,2,14.100690252077353,Moyen,32.5,5
5677,2950000.0,Casablanca,Mers Sultan,176.0,3,2,14.897316067298997,Luxe,44.0,5
48,960000.0,Saidia,Toute La Ville,118.0,2,2,13.774689605110144,Moyen,39.333333333333336,5
4308,1200000.0,Agadir,Anza,60.0,1,1,13.997832948091215,Moyen,30.0,5
4465,2100000.0,Casablanca,2 Mars,156.0,3,2,14.557448378884015,Luxe,39.0,5
1351,750000.0,Tanger,Tanja Balia,93.0,2,2,13.527829818844937,Moyen,31.0,5
7629,2100000.0,Rabat,Souissi,148.0,3,2,14.557448378884015,Luxe,37.0,5
6036,890000.0,Fès,Route Ain Chkaf,109.0,3,2,13.698977865303197,Moyen,27.25,5
447,2000000.0,Tétouan,Autre Secteur,145.0,3,2,14.508658238524095,Luxe,36.25,5
2249,640000.0,Marrakech,Route De Casablanca,45.0,1,1,13.369225017834633,Moyen,22.5,5
1744,600000.0,Casablanca,Ain Sebaa,67.0,2,1,13.304686600863562,Moyen,22.333333333333332,5
845,1650000.0,Kénitra,El Haddada,150.0,3,3,14.316286451937186,Luxe,37.5,5
4076,920000.0,Meknès,Autre Secteur,110.0,3,2,13.732130035981154,Moyen,27.5,5
6073,1500000.0,Casablanca,Ferme Bretone,70.0,1,1,14.220976332738882,Moyen,35.0,5
5830,1750000.0,Casablanca,Mers Sultan,139.0,2,2,14.375126917328105,Luxe,46.333333333333336,5
2441,1700000.0,Casablanca,Maarif,74.0,1,1,14.346139397261565,Luxe,37.0,5
679,430000.0,Marrakech,Hay Izdihar,46.0,1,1,12.971542813248437,Économique,23.0,5
4871,750000.0,Agadir,Tilila,60.0,2,1,13.527829818844937,Moyen,20.0,5
8039,400000.0,Casablanca,Sidi Moumen,55.0,2,1,12.899222326086994,Économique,18.333333333333332,5
1294,480000.0,Tanger,Moujahidine,55.0,2,1,13.081543466215237,Économique,18.333333333333332,5
8130,300000.0,El Jadida,Autre Secteur,51.0,2,1,12.611541086966115,Économique,17.0,5
4023,550000.0,Tanger,Aharrarine,60.0,2,1,13.217675375388819,Moyen,20.0,5
4642,1350000.0,Casablanca,2 Mars,80.0,2,2,14.115615891155079,Moyen,26.666666666666668,5
7657,950000.0,Bouskoura,Victoria,127.0,3,3,13.76421831620775,Moyen,31.75,5
6195,1500000.0,Kénitra,Maamora,156.0,3,2,14.220976332738882,Moyen,39.0,5
4902,360000.0,Casablanca,Sidi Bernoussi,50.0,2,1,12.793862088206213,Économique,16.666666666666668,5
1113,555000.0,Tanger,Tanja Balia,74.0,2,1,13.22672519452875,Moyen,24.666666666666668,5
2909,1300000.0,Casablanca,Maarif,119.0,2,1,14.077875591662238,Moyen,39.666666666666664,5
777,670000.0,Kénitra,Seyad,96.0,3,2,13.415034483903348,Moyen,24.0,5
7748,1200000.0,Casablanca,Maarif,85.0,2,1,13.997832948091215,Moyen,28.333333333333332,5
2232,480000.0,Casablanca,Autre Secteur,55.0,2,1,13.081543466215237,Économique,18.333333333333332,5
2229,830000.0,Casablanca,Oulfa,83.0,2,2,13.629182184591333,Moyen,27.666666666666668,5
2153,1700000.0,Rabat,Diour Jamaa,115.0,4,1,14.346139397261565,Luxe,23.0,5
5578,1099800.0,Salé,Sala El Jadida,94.0,2,2,13.910639812311667,Moyen,31.333333333333332,5
3974,1500000.0,Kénitra,Mimosas,190.0,3,2,14.220976332738882,Moyen,47.5,5
7338,800000.0,Tétouan,Centre Ville,95.0,2,1,13.592368256649284,Moyen,31.666666666666668,5
7416,670000.0,Bouznika,Autre Secteur,75.0,2,2,13.415034483903348,Moyen,25.0,5
1367,940000.0,El Jadida,Autre Secteur,140.0,3,3,13.753636218075409,Moyen,35.0,5
1470,1380000.0,Casablanca,Bourgogne,125.0,3,2,14.137594781770806,Moyen,31.25,5
1852,2400000.0,Casablanca,2 Mars,159.0,3,3,14.690979711984754,Luxe,39.75,5
1963,440000.0,Bouskoura,Bouskoura Centre,61.0,2,2,12.994532278619134,Économique,20.333333333333332,5
3065,1350000.0,Casablanca,Derb Omar,137.0,4,2,14.115615891155079,Moyen,27.4,5
4916,846999.0,Salé,Mkinssia,77.0,2,1,13.649455973634192,Moyen,25.666666666666668,5
6933,300000.0,Mohammedia,Autre Secteur,54.0,2,1,12.611541086966115,Économique,18.0,5
6613,2350000.0,Casablanca,Anfa,122.0,3,1,14.669926311652166,Luxe,30.5,5
486,1470000.0,Casablanca,Gauthier,66.0,2,1,14.200773639026796,Moyen,22.0,5
2240,740000.0,Marrakech,Semlalia,37.0,1,1,13.51440681653079,Moyen,18.5,5
4174,800000.0,Casablanca,Aïn Chock,78.0,2,1,13.592368256649284,Moyen,26.0,5
6728,4700000.0,Salé,Abouab Sala,75.0,1,1,15.363073279446223,Luxe,37.5,5
4571,425000.0,Casablanca,Ain Sebaa,55.0,2,2,12.959846800844963,Économique,18.333333333333332,5
7834,2500000.0,Casablanca,Laimoune,252.0,4,3,14.731801689838349,Luxe,50.4,5
31,1350000.0,Casablanca,Maârif Extension,126.0,2,2,14.115615891155079,Moyen,42.0,5
6351,450000.0,Tanger,Marjane,57.0,2,1,13.017005083966255,Économique,19.0,5
1880,795000.0,Casablanca,Oulfa,103.0,3,2,13.586098651497313,Moyen,25.75,5
7593,1950000.0,Marrakech,Hivernage,98.0,3,2,14.48334044336031,Luxe,24.5,5
3091,592000.0,Tanger,Tanja Balia,74.0,2,1,13.291263603053904,Moyen,24.666666666666668,5
7089,2800000.0,Bouskoura,Victoria,90.0,2,1,14.845130332288226,Luxe,30.0,5
3556,750000.0,Tanger,Aouama Gharbia,100.0,2,2,13.527829818844937,Moyen,33.333333333333336,5
6221,1100000.0,Benslimane,Autre Secteur,93.0,2,1,13.910821646859095,Moyen,31.0,5
5610,2500000.0,Tanger,Autre Secteur,165.0,2,2,14.731801689838349,Luxe,55.0,5
1037,2000000.0,Rabat,Agdal,120.0,2,2,14.508658238524095,Luxe,40.0,5
637,480000.0,Meknès,Autre Secteur,100.0,3,2,13.081543466215237,Économique,25.0,5
5215,1050000.0,Tétouan,Autre Secteur,70.0,7,3,13.864301674514206,Moyen,8.75,5
4627,1150000.0,Tanger,Hay Hassani,80.0,2,1,13.955273369904273,Moyen,26.666666666666668,5
1084,180000.0,El Jadida,Ezzohor,50.0,1,1,12.100717685412471,Économique,25.0,5
2614,1150000.0,Casablanca,Maarif,90.0,3,2,13.955273369904273,Moyen,22.5,5
862,1320000.0,Nouaceur,Toute La Ville,136.0,3,2,14.093143052138025,Moyen,34.0,5
4167,560000.0,Tanger,Aharrarine,65.0,2,1,13.235693848424024,Moyen,21.666666666666668,5
904,950000.0,Casablanca,Maarif,47.0,2,1,13.76421831620775,Moyen,15.666666666666666,5
7109,2400000.0,Marrakech,Guéliz,217.0,3,2,14.690979711984754,Luxe,54.25,5
110,620000.0,Marrakech,Azli,83.0,1,1,13.3374763699232,Moyen,41.5,5
7877,32000000.0,Casablanca,Ain Sebaa,54.0,2,1,17.281246492014,Luxe,18.0,5
4587,1350000.0,Marrakech,Victor Hugo,54.0,1,1,14.115615891155079,Moyen,27.0,5
3410,290000.0,Oujda,Agdal,130.0,3,1,12.577639650232573,Économique,32.5,5
3134,850000.0,Casablanca,Aïn Borja,90.0,2,1,13.652992804936396,Moyen,30.0,5
8091,1300000.0,Casablanca,Oulfa,131.0,3,1,14.077875591662238,Moyen,32.75,5
5258,350000.0,Saidia,Toute La Ville,57.0,2,1,12.765691290604371,Économique,19.0,5
6022,1180000.0,Marrakech,Guéliz,45.0,1,1,13.981025843899115,Moyen,22.5,5
1832,1000000.0,Essaouira,Centre Ville,75.0,3,2,13.815511557963774,Moyen,18.75,5
6436,850000.0,Bouskoura,Bouskoura Centre,114.0,2,1,13.652992804936396,Moyen,38.0,5
5586,420000.0,Agadir,Autre Secteur,58.0,2,2,12.948012371209098,Économique,19.333333333333332,5
783,1180000.0,Kénitra,Centre,127.0,3,2,13.981025843899115,Moyen,31.75,5
7991,592000.0,Tanger,Tanja Balia,74.0,2,1,13.291263603053904,Moyen,24.666666666666668,5
5021,1150000.0,Marrakech,,75.0,2,2,13.955273369904273,Moyen,25.0,5
3822,1450000.0,Marrakech,Sidi Abbad,125.0,3,2,14.187074804051692,Moyen,31.25,5
7171,460000.0,Casablanca,Oulfa,60.0,2,1,13.038983942375959,Économique,20.0,5
4413,1100000.0,Salé,Hay Chmaou,120.0,3,2,13.910821646859095,Moyen,30.0,5
4878,800000.0,Bouznika,Autre Secteur,170.0,3,2,13.592368256649284,Moyen,42.5,5
1826,660000.0,Marrakech,Amerchich,45.0,1,1,13.399996629152975,Moyen,22.5,5
2616,630000.0,Salé,Said Hajji,76.0,2,1,13.353476685668044,Moyen,25.333333333333332,5
5653,550000.0,Kénitra,Seyad,80.0,2,2,13.217675375388819,Moyen,26.666666666666668,5
1095,1250000.0,Tanger,Castilla,131.0,3,2,14.038654909278163,Moyen,32.75,5
6444,1500000.0,Kénitra,Maamora,137.0,3,2,14.220976332738882,Moyen,34.25,5
4158,820000.0,Mohammedia,Wafa,88.0,4,1,13.617060838751888,Moyen,17.6,5
5196,920000.0,Casablanca,Ain Sebaa,87.0,2,2,13.732130035981154,Moyen,29.0,5
4990,670000.0,Marrakech,Route D'Amezmiz,65.0,2,1,13.415034483903348,Moyen,21.666666666666668,5
3481,1250000.0,Casablanca,Palmier,53.0,1,1,14.038654909278163,Moyen,26.5,5
4315,600000.0,Marrakech,M'Hamid,56.0,2,1,13.304686600863562,Moyen,18.666666666666668,5
7912,750000.0,Tanger,Manar,85.0,2,1,13.527829818844937,Moyen,28.333333333333332,5
1655,4350000.0,Casablanca,Gauthier,267.0,4,4,15.285686632949897,Luxe,53.4,5
6704,450000.0,Casablanca,Autre Secteur,110.0,3,1,13.017005083966255,Économique,27.5,5
7506,830000.0,Tanger,Marjane,72.0,2,1,13.629182184591333,Moyen,24.0,5
2324,700000.0,Casablanca,Al Madina Aljadida,74.0,2,2,13.45883704259595,Moyen,24.666666666666668,5
2414,1300000.0,Casablanca,Oulfa,144.0,2,1,14.077875591662238,Moyen,48.0,5
6280,450000.0,Casablanca,Oulfa,56.0,2,1,13.017005083966255,Économique,18.666666666666668,5
2655,560000.0,Kénitra,Alliance,70.0,3,2,13.235693848424024,Moyen,17.5,5
4539,1850000.0,Casablanca,Maarif,116.0,3,2,14.430696737594902,Luxe,29.0,5
3703,4200000.0,Casablanca,Anfa,203.0,3,2,15.250595321348806,Luxe,50.75,5
2679,460000.0,Sidi Rahal,Toute La Ville,57.0,2,1,13.038983942375959,Économique,19.0,5
5034,460000.0,Kénitra,Ouled Oujih,70.0,2,1,13.038983942375959,Économique,23.333333333333332,5
5339,3100000.0,Casablanca,Racine,181.0,3,3,14.946912992035967,Luxe,45.25,5
4128,1199999.0,Kénitra,La Ville Haute,113.0,3,2,13.997832114758229,Moyen,28.25,5
5131,1335000.0,Marrakech,Guéliz,53.0,1,1,14.104442598879876,Moyen,26.5,5
4966,3300000.0,Marrakech,Agdal,100.0,3,2,15.009433329466965,Luxe,25.0,5
179,1420000.0,Salé,Sala El Jadida,118.0,3,2,14.166168133802547,Moyen,29.5,5
7263,1250000.0,Marrakech,Route De Casablanca,70.0,1,2,14.038654909278163,Moyen,35.0,5
3950,1010500.0,Casablanca,Ferme Bretone,47.0,1,1,13.825956805434428,Moyen,23.5,5
6635,2500000.0,Casablanca,Mers Sultan,198.0,4,3,14.731801689838349,Luxe,39.6,5
1204,600000.0,Marrakech,Route De Casablanca,52.0,2,1,13.304686600863562,Moyen,17.333333333333332,5
2202,750000.0,Temara,Autre Secteur,75.0,2,1,13.527829818844937,Moyen,25.0,5
3572,640000.0,Kénitra,Alliance,90.0,2,1,13.369225017834633,Moyen,30.0,5
7253,970000.0,Temara,Skikina,90.0,2,2,13.785052381406869,Moyen,30.0,5
6321,310000.0,Salé,Abouab Sala,50.0,2,1,12.644330802262578,Économique,16.666666666666668,5
3195,750000.0,Tanger,Tanja Balia,80.0,3,1,13.527829818844937,Moyen,20.0,5
8147,750000.0,Tanger,Tanja Balia,80.0,3,1,13.527829818844937,Moyen,20.0,5
3786,740000.0,Marrakech,Hay Charaf,98.0,2,1,13.51440681653079,Moyen,32.666666666666664,5
1771,1200000.0,Marrakech,Guéliz,54.0,1,1,13.997832948091215,Moyen,27.0,5
830,1300000.0,Kénitra,Centre,112.0,3,1,14.077875591662238,Moyen,28.0,5
942,1369592.0,Agadir,Av Mokawama,105.0,4,1,14.130024173375245,Moyen,21.0,5
3317,180000.0,Kénitra,Autre Secteur,40.0,1,1,12.100717685412471,Économique,20.0,5
2487,2100000.0,Casablanca,2 Mars,156.0,3,2,14.557448378884015,Luxe,39.0,5
628,700000.0,Agadir,Hay Salam,53.0,2,1,13.45883704259595,Moyen,17.666666666666668,5
3152,1900000.0,Dar Bouazza,Toute La Ville,175.0,2,2,14.45736497045232,Luxe,58.333333333333336,5
4827,1300000.0,Marrakech,Victor Hugo,75.0,2,2,14.077875591662238,Moyen,25.0,5
926,960000.0,Tanger,Du Golf,79.0,2,1,13.774689605110144,Moyen,26.333333333333332,5
296,1800000.0,Casablanca,Val Fleuri,126.0,3,2,14.403297778421795,Luxe,31.5,5
1053,530000.0,El Hajeb,Toute La Ville,80.0,2,1,13.180634172318978,Moyen,26.666666666666668,5
2708,1500000.0,Rabat,Agdal,117.0,3,1,14.220976332738882,Moyen,29.25,5
7613,2000000.0,Casablanca,Quartier Des Hôpitaux,136.0,2,2,14.508658238524095,Luxe,45.333333333333336,5
7345,1900000.0,Marrakech,Allal El Fassi,136.0,2,2,14.45736497045232,Luxe,45.333333333333336,5
7532,1550000.0,Rabat,Riyad Extension,100.0,2,2,14.253766134056512,Luxe,33.333333333333336,5
3002,800000.0,Berkane,Toute La Ville,120.0,3,2,13.592368256649284,Moyen,30.0,5
2790,1350000.0,Marrakech,Av Mohammed Vi,77.0,1,1,14.115615891155079,Moyen,38.5,5
945,390000.0,Martil,Toute La Ville,83.0,2,1,12.873904582205107,Économique,27.666666666666668,5
6516,530000.0,Casablanca,Sidi Bernoussi,71.0,2,1,13.180634172318978,Moyen,23.666666666666668,5
6792,480000.0,Temara,Wifak,40.0,1,1,13.081543466215237,Économique,20.0,5
13,260000.0,Oujda,Autre Secteur,80.0,2,1,12.468440756144114,Économique,26.666666666666668,5
1118,1600000.0,Casablanca,Anfa,70.0,1,1,14.285514812209815,Luxe,35.0,5
5976,4750000.0,Rabat,Hay Riad,202.0,3,1,15.373655386537118,Luxe,50.5,5
8012,820000.0,Had Soualem,Toute La Ville,122.0,3,2,13.617060838751888,Moyen,30.5,5
4668,2500000.0,Casablanca,Route D'El Jadida,126.0,3,2,14.731801689838349,Luxe,31.5,5
4810,2180000.0,Casablanca,2 Mars,156.0,3,3,14.594835893480763,Luxe,39.0,5
4585,920000.0,El Mansouria,Toute La Ville,96.0,1,1,13.732130035981154,Moyen,48.0,5
1320,570000.0,Kénitra,Seyad,90.0,2,1,13.25339339419516,Moyen,30.0,5
780,1600000.0,Temara,Abbadi,129.0,3,2,14.285514812209815,Luxe,32.25,5
8002,1200000.0,Casablanca,Quartier Des Hôpitaux,60.0,1,1,13.997832948091215,Moyen,30.0,5
7495,860000.0,Salé,Bettana,98.0,2,1,13.664688831019712,Moyen,32.666666666666664,5
3784,930000.0,El Jadida,Hay Essalam,80.0,3,2,13.742940940397677,Moyen,20.0,5
3937,1046000.0,Casablanca,Ain Sebaa,91.0,2,2,13.860484879629492,Moyen,30.333333333333332,5
434,700000.0,Kénitra,Alliance,85.0,2,1,13.45883704259595,Moyen,28.333333333333332,5
654,1300000.0,Marrakech,Route De Safi,82.0,2,2,14.077875591662238,Moyen,27.333333333333332,5
2478,1200000.0,Benslimane,Autre Secteur,98.0,2,1,13.997832948091215,Moyen,32.666666666666664,5
4056,1550000.0,Casablanca,Abdelmoumen,77.0,2,2,14.253766134056512,Luxe,25.666666666666668,5
3536,360000.0,Kénitra,Bir Rami,70.0,2,2,12.793862088206213,Économique,23.333333333333332,5
7933,750000.0,Agadir,El Houda,85.0,2,1,13.527829818844937,Moyen,28.333333333333332,5
4943,750000.0,Martil,Toute La Ville,116.0,2,2,13.527829818844937,Moyen,38.666666666666664,5
4731,620000.0,Agadir,Autre Secteur,50.0,2,1,13.3374763699232,Moyen,16.666666666666668,5
3376,460000.0,Marrakech,M'Hamid,71.0,3,2,13.038983942375959,Économique,17.75,5
7982,1340000.0,Marrakech,Guéliz,56.0,1,2,14.108180918195472,Moyen,28.0,5
3814,36000000.0,Casablanca,Oulfa,51.0,2,1,17.399029524198163,Luxe,17.0,5
2887,1520000.0,Tanger,Marjane,98.0,3,2,14.23422155071698,Luxe,24.5,5
6606,1540000.0,Marrakech,Semlalia,93.0,2,2,14.24729362374025,Luxe,31.0,5
7642,800000.0,Sidi Rahal,Toute La Ville,63.0,1,1,13.592368256649284,Moyen,31.5,5
5979,3400000.0,Rabat,Agdal,150.0,3,2,15.039286283703994,Luxe,37.5,5
5529,860000.0,Mdiq,Toute La Ville,155.0,2,2,13.664688831019712,Moyen,51.666666666666664,5
5728,1500000.0,Marrakech,Palmeraie,85.0,2,2,14.220976332738882,Moyen,28.333333333333332,5
5702,4300000.0,Rabat,Hay Riad,210.0,3,3,15.274125813221904,Luxe,52.5,5
8156,1240000.0,Casablanca,Roches Noires,87.0,2,2,14.030622744032508,Moyen,29.0,5
571,920000.0,Casablanca,Ain Sebaa,85.0,2,2,13.732130035981154,Moyen,28.333333333333332,5
1449,2500000.0,Sidi Bouknadel,Toute La Ville,98.0,2,2,14.731801689838349,Luxe,32.666666666666664,5
4288,560000.0,Marrakech,Autre Secteur,70.0,3,1,13.235693848424024,Moyen,17.5,5
4605,480000.0,Meknès,El Bassatine,95.0,3,1,13.081543466215237,Économique,23.75,5
4398,695000.0,Meknès,Hamria,102.0,2,1,13.451668563394815,Moyen,34.0,5
3423,3400000.0,Rabat,Hay Riad,120.0,3,1,15.039286283703994,Luxe,30.0,5
6740,490000.0,Mohammedia,Autre Secteur,70.0,2,1,13.102162710901053,Économique,23.333333333333332,5
1746,650000.0,Bouznika,Autre Secteur,65.0,2,2,13.384729180332174,Moyen,21.666666666666668,5
2742,1070000.0,Tanger,Tanja Balia,102.0,4,2,13.883170141017091,Moyen,20.4,5
1591,1012000.0,Inzegan,Toute La Ville,92.0,3,1,13.827440116971353,Moyen,23.0,5
7790,200000.0,Meknès,Autre Secteur,75.0,2,2,12.206077645517674,Économique,25.0,5
3996,490000.0,Meknès,Marjane 2,90.0,2,1,13.102162710901053,Économique,30.0,5
288,1500000.0,Martil,Toute La Ville,150.0,3,1,14.220976332738882,Moyen,37.5,5
1739,1708000.0,Marrakech,Av Abdelkrim El Khattabi,74.0,1,2,14.350834238810574,Luxe,37.0,5
7050,1100000.0,Casablanca,Sidi Maarouf,106.0,3,2,13.910821646859095,Moyen,26.5,5
7235,1400000.0,Tanger,Autre Secteur,107.0,3,2,14.151983508870947,Moyen,26.75,5
3590,1750000.0,Casablanca,Palmier,95.0,2,2,14.375126917328105,Luxe,31.666666666666668,5
5087,860000.0,Salé,Said Hajji,76.0,2,2,13.664688831019712,Moyen,25.333333333333332,5
4897,1200000.0,Marrakech,Targa,106.0,3,2,13.997832948091215,Moyen,26.5,5
6218,750000.0,Kénitra,Seyad,103.0,3,2,13.527829818844937,Moyen,25.75,5
6476,1155000.0,Marrakech,Guéliz,85.0,2,2,13.959611767738522,Moyen,28.333333333333332,5
2828,1950000.0,Casablanca,Les Princesses,121.0,3,2,14.48334044336031,Luxe,30.25,5
1685,4850000.0,Casablanca,Racine,265.0,4,3,15.394489469099211,Luxe,53.0,5
6113,1300000.0,Marrakech,Allal El Fassi,98.0,3,2,14.077875591662238,Moyen,24.5,5
1339,72000000.0,Martil,Toute La Ville,70.0,2,2,18.09217669086922,Luxe,23.333333333333332,5
5516,980000.0,Casablanca,Beauséjour,106.0,2,2,13.795308871054397,Moyen,35.333333333333336,5
2743,1020000.0,Tanger,Tanja Balia,196.0,2,1,13.83531416565213,Moyen,65.33333333333333,5
6400,640000.0,El Jadida,Autre Secteur,100.0,3,1,13.369225017834633,Moyen,25.0,5
6719,350000.0,Settat,Hay Salam,45.0,2,1,12.765691290604371,Économique,15.0,5
4047,340000.0,Kénitra,Bir Rami,70.0,2,1,12.73670383776449,Économique,23.333333333333332,5
4582,2500000.0,Tanger,Tanger City Center,84.0,2,1,14.731801689838349,Luxe,28.0,5
2903,1150000.0,Casablanca,Sidi Maarouf,106.0,3,2,13.955273369904273,Moyen,26.5,5
2259,440000.0,Casablanca,Sidi Othmane,81.0,2,1,12.994532278619134,Économique,27.0,5
7334,540000.0,Sidi Rahal,Toute La Ville,71.0,3,2,13.199326270390594,Moyen,17.75,5
2987,2500000.0,Marrakech,Agdal,78.0,2,2,14.731801689838349,Luxe,26.0,5
7181,320000.0,El Jadida,Saada,56.0,2,1,12.676079399771027,Économique,18.666666666666668,5
2122,2250000.0,Casablanca,Californie,123.0,3,2,14.626441218624949,Luxe,30.75,5
6744,1100000.0,Tanger,Malabata,75.0,2,1,13.910821646859095,Moyen,25.0,5
5662,1650000.0,Casablanca,2 Mars,144.0,2,2,14.316286451937186,Luxe,48.0,5
8042,1800000.0,Tanger,Tanja Balia,111.0,3,2,14.403297778421795,Luxe,27.75,5
1565,1215000.0,Salé,Tabriquet,111.0,2,2,14.010255457801716,Moyen,37.0,5
6259,750000.0,Temara,Autre Secteur,75.0,2,1,13.527829818844937,Moyen,25.0,5
4764,1290000.0,Marrakech,Guéliz,87.0,2,2,14.070153551531353,Moyen,29.0,5
3938,490000.0,Had Soualem,Toute La Ville,69.0,2,2,13.102162710901053,Économique,23.0,5
3300,540000.0,Asilah,Toute La Ville,62.0,2,1,13.199326270390594,Moyen,20.666666666666668,5
2185,620000.0,Kénitra,Alliance,90.0,2,2,13.3374763699232,Moyen,30.0,5
4049,840000.0,Marrakech,Autre Secteur,100.0,3,1,13.641158361294979,Moyen,25.0,5
1231,780000.0,Asilah,Toute La Ville,69.0,1,1,13.567050480716235,Moyen,34.5,5
5167,750000.0,Agadir,Ben Serguaou,60.0,2,1,13.527829818844937,Moyen,20.0,5
1258,1350000.0,Tétouan,Autre Secteur,114.0,3,2,14.115615891155079,Moyen,28.5,5
2255,650000.0,Tétouan,Kouilma,62.0,2,1,13.384729180332174,Moyen,20.666666666666668,5
1951,250000.0,Fès,Agdal,70.0,2,1,12.429220196836383,Économique,23.333333333333332,5
7617,550000.0,Tanger,Tanja Balia,56.0,2,1,13.217675375388819,Moyen,18.666666666666668,5
114,750000.0,Tanger,Tanja Balia,80.0,3,1,13.527829818844937,Moyen,20.0,5
6947,1190000.0,Mdiq,Toute La Ville,68.0,2,2,13.989464705423494,Moyen,22.666666666666668,5
2510,850000.0,El Jadida,Quartier Aérodrome,130.0,3,3,13.652992804936396,Moyen,32.5,5
6008,250000.0,Fès,Agdal,70.0,2,1,12.429220196836383,Économique,23.333333333333332,5
7488,1100000.0,Dar Bouazza,Toute La Ville,93.0,3,2,13.910821646859095,Moyen,23.25,5
3104,660000.0,Rabat,Hay Nahda,86.0,2,1,13.399996629152975,Moyen,28.666666666666668,5
2548,1400000.0,Casablanca,Hay Hassani,86.0,2,2,14.151983508870947,Moyen,28.666666666666668,5
3559,1150000.0,Marrakech,Hivernage,51.0,1,1,13.955273369904273,Moyen,25.5,5
508,1350000.0,Casablanca,Florida,124.0,3,1,14.115615891155079,Moyen,31.0,5
8003,1150000.0,Casablanca,Maarif,71.0,1,1,13.955273369904273,Moyen,35.5,5
4195,1300000.0,Kénitra,Maamora,119.0,3,1,14.077875591662238,Moyen,29.75,5
5408,630000.0,Tamesna,Toute La Ville,65.0,2,2,13.353476685668044,Moyen,21.666666666666668,5
5740,1800000.0,Casablanca,Val Fleuri,126.0,3,2,14.403297778421795,Luxe,31.5,5
3715,1320000.0,Marrakech,Guéliz,60.0,2,1,14.093143052138025,Moyen,20.0,5
6602,1200000.0,Marrakech,Autre Secteur,72.0,2,2,13.997832948091215,Moyen,24.0,5
4707,72000000.0,Martil,Toute La Ville,70.0,2,2,18.09217669086922,Luxe,23.333333333333332,5
2851,740000.0,Kénitra,Alliance,92.0,3,1,13.51440681653079,Moyen,23.0,5
6488,700000.0,Marrakech,M'Hamid,70.0,3,1,13.45883704259595,Moyen,17.5,5
4369,1750000.0,Casablanca,Abdelmoumen,136.0,3,2,14.375126917328105,Luxe,34.0,5
7710,930000.0,Mohammedia,Autre Secteur,82.0,3,1,13.742940940397677,Moyen,20.5,5
351,1800000.0,Marrakech,Agdal,118.0,2,2,14.403297778421795,Luxe,39.333333333333336,5
6876,590000.0,Casablanca,Errahma,73.0,2,2,13.28787951079572,Moyen,24.333333333333332,5
2907,680000.0,Martil,Toute La Ville,70.0,2,1,13.429849547739444,Moyen,23.333333333333332,5
6152,1420000.0,Casablanca,Bourgogne,89.0,2,1,14.166168133802547,Moyen,29.666666666666668,5
4592,1150000.0,Casablanca,Maarif,90.0,3,2,13.955273369904273,Moyen,22.5,5
2506,800000.0,Tanger,Tanja Balia,118.0,2,1,13.592368256649284,Moyen,39.333333333333336,5
2619,2450000.0,Tanger,Malabata,93.0,1,2,14.711598990684092,Luxe,46.5,5
4442,660000.0,El Jadida,Hay Essalam,100.0,2,2,13.399996629152975,Moyen,33.333333333333336,5
1115,1070000.0,Tanger,Tanja Balia,102.0,4,1,13.883170141017091,Moyen,20.4,5
2847,780000.0,Tanger,Centre Ville,95.0,3,2,13.567050480716235,Moyen,23.75,5
8043,850000.0,Agadir,Hay Mohammadi,61.0,2,1,13.652992804936396,Moyen,20.333333333333332,5
299,3750000.0,Casablanca,Triangle D'Or,267.0,3,2,15.137266664613225,Luxe,66.75,5
1676,855000.0,Bouskoura,Victoria,115.0,3,2,13.658857917508856,Moyen,28.75,5
6502,700000.0,El Jadida,Saada,97.0,1,1,13.45883704259595,Moyen,48.5,5
7764,230000.0,Ain Harrouda,Toute La Ville,80.0,2,1,12.345838935721968,Économique,26.666666666666668,5
4087,1600000.0,Casablanca,La Gironde,144.0,2,1,14.285514812209815,Luxe,48.0,5
6249,1950000.0,Sidi Bouknadel,Toute La Ville,118.0,2,2,14.48334044336031,Luxe,39.333333333333336,5
6682,2000000.0,Marrakech,Route D'Ourika,100.0,3,1,14.508658238524095,Luxe,25.0,5
8149,500000.0,Fès,Route Ain Chkaf,120.0,3,3,13.122365377402328,Économique,30.0,5
3837,1700000.0,Kénitra,Maamora,120.0,3,2,14.346139397261565,Luxe,30.0,5
230,480000.0,El Jadida,Autre Secteur,140.0,2,2,13.081543466215237,Économique,46.666666666666664,5
77,698500.0,Marrakech,Route D'Amezmiz,44.0,1,1,13.456691889317355,Moyen,22.0,5
3881,2250000.0,Casablanca,Maarif,150.0,3,2,14.626441218624949,Luxe,37.5,5
6485,380000.0,Kénitra,Ouled Oujih,70.0,2,1,12.847929163278053,Économique,23.333333333333332,5
7976,790000.0,Temara,Autre Secteur,79.0,2,2,13.579789490265188,Moyen,26.333333333333332,5
7821,790000.0,Tétouan,Autre Secteur,967.0,3,2,13.579789490265188,Moyen,241.75,5
2104,900000.0,Marrakech,Issil,103.0,2,1,13.710151153416941,Moyen,34.333333333333336,5
6443,650000.0,Fès,Route Ain Chkaf,112.0,3,2,13.384729180332174,Moyen,28.0,5
6003,800000.0,Sidi Rahal,Toute La Ville,75.0,2,2,13.592368256649284,Moyen,25.0,5
7806,3200000.0,Rabat,Hay Riad,118.0,3,2,14.978661680269907,Luxe,29.5,5
7809,730000.0,Mohammedia,El Alia,171.0,2,1,13.500801182986649,Moyen,57.0,5
7905,1250000.0,Casablanca,Nassim,133.0,4,3,14.038654909278163,Moyen,26.6,5
5483,830000.0,Casablanca,Almaz,71.0,2,1,13.629182184591333,Moyen,23.666666666666668,5
1615,1350000.0,Casablanca,2 Mars,114.0,2,2,14.115615891155079,Moyen,38.0,5
608,330000.0,Casablanca,Route D'Azemmour,58.0,2,1,12.706850963741102,Économique,19.333333333333332,5
4029,2500000.0,Temara,Wifak,200.0,3,2,14.731801689838349,Luxe,50.0,5
5325,2499000.0,Marrakech,Amelkis,125.0,2,2,14.731401609977073,Luxe,41.666666666666664,5
1094,470000.0,Marrakech,M'Hamid,70.0,2,2,13.060490101343552,Économique,23.333333333333332,5
7298,930000.0,Tétouan,Autre Secteur,100.0,2,1,13.742940940397677,Moyen,33.333333333333336,5
2621,780000.0,Asilah,Toute La Ville,69.0,1,1,13.567050480716235,Moyen,34.5,5
6633,2600000.0,Casablanca,Maarif,206.0,3,3,14.77102238760702,Luxe,51.5,5
8044,900000.0,Casablanca,Hay Moulay Rachid,96.0,3,1,13.710151153416941,Moyen,24.0,5
7779,900000.0,Mohammedia,Autre Secteur,75.0,2,2,13.710151153416941,Moyen,25.0,5
204,1012000.0,Inzegan,Toute La Ville,92.0,3,1,13.827440116971353,Moyen,23.0,5
2388,2596000.0,Casablanca,Gauthier,138.0,2,2,14.769482742014056,Luxe,46.0,5
3858,795000.0,Casablanca,Oulfa,103.0,3,2,13.586098651497313,Moyen,25.75,5
4718,760000.0,Tanger,Tanja Balia,76.0,2,1,13.541075028051122,Moyen,25.333333333333332,5
838,870000.0,Marrakech,Route De Casablanca,72.0,1,1,13.676249640055394,Moyen,36.0,5
2935,850000.0,Tanger,Moujahidine,708.0,2,1,13.652992804936396,Moyen,236.0,5
4928,910000.0,Tanger,Autre Secteur,86.0,3,2,13.721200977393528,Moyen,21.5,5
8127,880000.0,Temara,Massira 1,84.0,3,1,13.68767832281738,Moyen,21.0,5
1230,850000.0,Martil,Toute La Ville,76.0,2,2,13.652992804936396,Moyen,25.333333333333332,5
6225,1600000.0,Temara,Abbadi,129.0,3,2,14.285514812209815,Luxe,32.25,5
5533,770000.0,Mohammedia,Autre Secteur,78.0,2,2,13.554147092530322,Moyen,26.0,5
1610,480000.0,Had Soualem,Toute La Ville,120.0,4,2,13.081543466215237,Économique,24.0,5
7666,905000.0,Casablanca,Ain Sebaa,82.0,2,2,13.715691327653829,Moyen,27.333333333333332,5
5447,1100000.0,Casablanca,Maarif,90.0,2,1,13.910821646859095,Moyen,30.0,5
5158,2200000.0,Marrakech,Av Mohammed Vi,104.0,2,2,14.603968372873895,Luxe,34.666666666666664,5
4834,1365000.0,Fès,Autre Secteur,150.0,3,3,14.126665719201661,Moyen,37.5,5
6525,430000.0,Sidi Rahal,Toute La Ville,57.0,2,1,12.971542813248437,Économique,19.0,5
2733,650000.0,Tamesna,Toute La Ville,85.0,3,1,13.384729180332174,Moyen,21.25,5
8036,1050000.0,Safi,Ville Nouvelle,113.0,3,1,13.864301674514206,Moyen,28.25,5
7461,450000.0,Tanger,Moujahidine,56.0,2,1,13.017005083966255,Économique,18.666666666666668,5
7810,300000.0,Mohammedia,Hay Salam,50.0,2,1,12.611541086966115,Économique,16.666666666666668,5
6013,640000.0,Marrakech,Autre Secteur,70.0,3,1,13.369225017834633,Moyen,17.5,5
4223,290000.0,Oujda,Autre Secteur,70.0,2,1,12.577639650232573,Économique,23.333333333333332,5
6684,480000.0,Meknès,El Bassatine,95.0,3,1,13.081543466215237,Économique,23.75,5
4018,660000.0,Marrakech,Ain Mezouar,75.0,2,1,13.399996629152975,Moyen,25.0,5
7252,750000.0,Tanger,Tanja Balia,80.0,3,1,13.527829818844937,Moyen,20.0,5
6041,3800000.0,Rabat,Agdal,274.0,3,3,15.150511887854474,Luxe,68.5,5
8046,1500000.0,Casablanca,Hay Hassani,165.0,3,2,14.220976332738882,Moyen,41.25,5
7300,1100000.0,Tanger,Moujahidine,81.0,1,1,13.910821646859095,Moyen,40.5,5
658,550000.0,Tanger,Aharrarine,60.0,2,1,13.217675375388819,Moyen,20.0,5
791,890000.0,Casablanca,Autre Secteur,105.0,2,1,13.698977865303197,Moyen,35.0,5
3210,1200000.0,Salé,Sala El Jadida,86.0,3,2,13.997832948091215,Moyen,21.5,5
4989,520000.0,Fès,Narjis,97.0,2,2,13.161586013632684,Moyen,32.333333333333336,5
6752,2500000.0,Tanger,Centre Ville,160.0,3,2,14.731801689838349,Luxe,40.0,5
2561,1850000.0,Casablanca,Maarif,116.0,3,2,14.430696737594902,Luxe,29.0,5
2641,931000.0,Marrakech,M'Hamid,106.0,3,3,13.744015630372484,Moyen,26.5,5
1360,640000.0,Casablanca,Al Qods,71.0,2,1,13.369225017834633,Moyen,23.666666666666668,5
6021,880000.0,Zenata,Toute La Ville,44.0,1,1,13.68767832281738,Moyen,22.0,5
2348,600000.0,Fès,Route Ain Chkaf,95.0,3,2,13.304686600863562,Moyen,23.75,5
5564,2100000.0,Casablanca,2 Mars,172.0,3,3,14.557448378884015,Luxe,43.0,5
3283,580000.0,Tétouan,Autre Secteur,63.0,2,1,13.270785106659046,Moyen,21.0,5
2782,5500000.0,Rabat,Souissi,225.0,3,3,15.520258832020865,Luxe,56.25,5
3400,1950000.0,Marrakech,Av Mohammed Vi,98.0,3,2,14.48334044336031,Luxe,24.5,5
7384,1250000.0,Temara,Wifak,89.0,2,2,14.038654909278163,Moyen,29.666666666666668,5
6227,680000.0,Mohammedia,Wafa,74.0,3,2,13.429849547739444,Moyen,18.5,5
6200,754000.0,Marrakech,Assif,51.0,1,1,13.53314897324916,Moyen,25.5,5
7160,2600000.0,Marrakech,Agdal,110.0,2,2,14.77102238760702,Luxe,36.666666666666664,5
4274,550000.0,Tanger,Tanja Balia,56.0,2,1,13.217675375388819,Moyen,18.666666666666668,5
616,2700000.0,Casablanca,Racine,135.0,3,3,14.80876270134486,Luxe,33.75,5
2574,1690000.0,Casablanca,Californie,144.0,2,2,14.340239678615058,Luxe,48.0,5
6267,660000.0,Kénitra,Autre Secteur,90.0,3,1,13.399996629152975,Moyen,22.5,5
2315,960000.0,Tanger,Du Golf,79.0,2,1,13.774689605110144,Moyen,26.333333333333332,5
1706,1450000.0,Casablanca,Bourgogne,103.0,2,2,14.187074804051692,Moyen,34.333333333333336,5
5816,1900000.0,Casablanca,Ferme Bretone,94.0,2,2,14.45736497045232,Luxe,31.333333333333332,5
6863,1650000.0,Casablanca,Californie,97.0,2,2,14.316286451937186,Luxe,32.333333333333336,5
6988,200000.0,Had Soualem,Toute La Ville,63.0,2,2,12.206077645517674,Économique,21.0,5
1781,1200000.0,Casablanca,Quartier Des Hôpitaux,92.0,2,2,13.997832948091215,Moyen,30.666666666666668,5
4463,1250000.0,Tanger,Castilla,131.0,3,2,14.038654909278163,Moyen,32.75,5
804,1950000.0,Sidi Bouknadel,Toute La Ville,118.0,2,2,14.48334044336031,Luxe,39.333333333333336,5
858,3650000.0,Bouznika,Plage Oued Cherrat,251.0,2,1,15.11023799953124,Luxe,83.66666666666667,5
4681,940000.0,Casablanca,La Gironde,80.0,2,2,13.753636218075409,Moyen,26.666666666666668,5
4788,870000.0,Agadir,Hay Mohammadi,72.0,2,2,13.676249640055394,Moyen,24.0,5
991,740000.0,Bouznika,Autre Secteur,140.0,3,2,13.51440681653079,Moyen,35.0,5
5515,620000.0,Tanger,Tanja Balia,78.0,2,1,13.3374763699232,Moyen,26.0,5
5200,360000.0,Dar Bouazza,Toute La Ville,58.0,2,1,12.793862088206213,Économique,19.333333333333332,5
8027,2400000.0,Tanger,Malabata,170.0,2,2,14.690979711984754,Luxe,56.666666666666664,5
6785,1950000.0,Tanger,Centre Ville,150.0,3,2,14.48334044336031,Luxe,37.5,5
220,1050000.0,Marrakech,Mabrouka,95.0,3,2,13.864301674514206,Moyen,23.75,5
7383,1400000.0,Temara,Wifak,144.0,2,2,14.151983508870947,Moyen,48.0,5
1288,2260000.0,Casablanca,Maarif,118.0,3,1,14.630875813726247,Luxe,29.5,5
3164,1200000.0,Casablanca,Bourgogne,45.0,1,1,13.997832948091215,Moyen,22.5,5
583,170000.0,Meknès,Wislane,60.0,2,1,12.04355959836804,Économique,20.0,5
2617,430000.0,Mohammedia,Autre Secteur,64.0,3,2,12.971542813248437,Économique,16.0,5
44,530000.0,Bouznika,Autre Secteur,76.0,2,1,13.180634172318978,Moyen,25.333333333333332,5
1234,2800000.0,Tanger,Centre Ville,170.0,3,3,14.845130332288226,Luxe,42.5,5
5783,1526500.0,Marrakech,Av Abdelkrim El Khattabi,61.0,1,1,14.238488746250205,Luxe,30.5,5
7918,1000000.0,Skhirat,Autre Secteur,100.0,3,2,13.815511557963774,Moyen,25.0,5
3442,698500.0,Marrakech,Route D'Amezmiz,44.0,1,1,13.456691889317355,Moyen,22.0,5
7923,1040000.0,Meknès,Hamria,124.0,3,3,13.854732232655556,Moyen,31.0,5
1893,990000.0,Dar Bouazza,Toute La Ville,65.0,1,1,13.805461232211272,Moyen,32.5,5
4995,260000.0,Meknès,Autre Secteur,88.0,2,2,12.468440756144114,Économique,29.333333333333332,5
7173,420000.0,Casablanca,Sbata,64.0,2,1,12.948012371209098,Économique,21.333333333333332,5
4693,940000.0,Bouznika,Autre Secteur,99.0,2,2,13.753636218075409,Moyen,33.0,5
6769,1350000.0,Casablanca,Riviera,48.0,1,1,14.115615891155079,Moyen,24.0,5
1072,480000.0,Martil,Toute La Ville,50.0,2,1,13.081543466215237,Économique,16.666666666666668,5
719,870000.0,Kénitra,Seyad,100.0,3,2,13.676249640055394,Moyen,25.0,5
2365,750000.0,Casablanca,Oulfa,53.0,1,1,13.527829818844937,Moyen,26.5,5
1506,1200000.0,Tanger,Autre Secteur,80.0,2,1,13.997832948091215,Moyen,26.666666666666668,5
3775,440000.0,Casablanca,Mers Sultan,174.0,3,2,12.994532278619134,Économique,43.5,5
671,4450000.0,Casablanca,Racine,250.0,3,3,15.308414878861498,Luxe,62.5,5
4723,740000.0,Casablanca,Roches Noires,76.0,2,2,13.51440681653079,Moyen,25.333333333333332,5
2953,1200000.0,Kénitra,Saknia,112.0,3,2,13.997832948091215,Moyen,28.0,5
4950,950000.0,Casablanca,Aïn Chock,95.0,2,1,13.76421831620775,Moyen,31.666666666666668,5
6552,1500000.0,Casablanca,Bourgogne,113.0,3,1,14.220976332738882,Moyen,28.25,5
5205,1120000.0,Casablanca,Mandarona,100.0,3,2,13.928840136128022,Moyen,25.0,5
898,850000.0,Kénitra,Autre Secteur,100.0,3,2,13.652992804936396,Moyen,25.0,5
6592,9500000.0,Tanger,Mesnana,105.0,3,1,16.066802461833923,Luxe,26.25,5
2667,1100000.0,Tétouan,Safir,132.0,3,2,13.910821646859095,Moyen,33.0,5
3194,1070000.0,Tanger,Tanja Balia,102.0,4,2,13.883170141017091,Moyen,20.4,5
2891,450000.0,Tanger,Aharrarine,56.0,2,1,13.017005083966255,Économique,18.666666666666668,5
3972,3500000.0,Casablanca,Racine,170.0,3,2,15.068273812173887,Luxe,42.5,5
1531,630000.0,Casablanca,Ain Sebaa,59.0,2,1,13.353476685668044,Moyen,19.666666666666668,5
6066,2800000.0,Tanger,Achakar,165.0,2,2,14.845130332288226,Luxe,55.0,5
6848,350000.0,Bouznika,Autre Secteur,52.0,2,1,12.765691290604371,Économique,17.333333333333332,5
4715,1020000.0,Tanger,Marjane,120.0,4,2,13.83531416565213,Moyen,24.0,5
6539,3300000.0,Sidi Bouknadel,Toute La Ville,180.0,3,2,15.009433329466965,Luxe,45.0,5
3998,1400000.0,Casablanca,Sidi Moumen,158.0,3,2,14.151983508870947,Moyen,39.5,5
3806,510000.0,Mohammedia,Autre Secteur,65.0,2,1,13.1421679654829,Moyen,21.666666666666668,5
3935,3000000.0,Casablanca,Moulay Youssef,119.0,3,2,14.914123179965662,Luxe,29.75,5
3528,300000.0,Ben Guerir,Toute La Ville,64.0,3,2,12.611541086966115,Économique,16.0,5
6253,800000.0,Casablanca,Aïn Chock,78.0,2,1,13.592368256649284,Moyen,26.0,5
1875,2300000.0,Fès,Champ De Course,329.0,3,3,14.648420115681892,Luxe,82.25,5
2371,455000.0,Casablanca,Ben M'Sick,60.0,1,1,13.02805489573287,Économique,30.0,5
1770,440000.0,Deroua,Toute La Ville,72.0,2,1,12.994532278619134,Économique,24.0,5
5965,340000.0,Meknès,Hamria,62.0,2,1,12.73670383776449,Économique,20.666666666666668,5
6819,420000.0,Berrechid,Toute La Ville,72.0,2,2,12.948012371209098,Économique,24.0,5
1983,860000.0,Casablanca,Belvédère,101.0,2,2,13.664688831019712,Moyen,33.666666666666664,5
532,4750000.0,Rabat,Hay Riad,202.0,3,1,15.373655386537118,Luxe,50.5,5
7535,3750000.0,Casablanca,Racine,197.0,3,3,15.137266664613225,Luxe,49.25,5
6186,2200000.0,Casablanca,Les Princesses,146.0,2,2,14.603968372873895,Luxe,48.666666666666664,5
6671,1150000.0,Casablanca,Maarif,90.0,3,2,13.955273369904273,Moyen,22.5,5
2882,860000.0,Tanger,Ain El Hayani,65.0,2,1,13.664688831019712,Moyen,21.666666666666668,5
82,1540000.0,Casablanca,Bourgogne,112.0,3,2,14.24729362374025,Luxe,28.0,5
4082,900000.0,Marrakech,Issil,103.0,2,1,13.710151153416941,Moyen,34.333333333333336,5
7534,1250000.0,Tétouan,Centre Ville,108.0,2,2,14.038654909278163,Moyen,36.0,5
4440,480000.0,Martil,Toute La Ville,50.0,2,1,13.081543466215237,Économique,16.666666666666668,5
2163,3000000.0,Bouskoura,,306.0,4,4,14.914123179965662,Luxe,61.2,5
732,610000.0,Tanger,Du Golf,56.0,2,1,13.321215875492413,Moyen,18.666666666666668,5
2340,740000.0,Fès,Route Ain Chkaf,118.0,2,2,13.51440681653079,Moyen,39.333333333333336,5
5967,1100000.0,Temara,Harhoura,70.0,2,1,13.910821646859095,Moyen,23.333333333333332,5
2233,1650000.0,Kénitra,El Haddada,150.0,3,3,14.316286451937186,Luxe,37.5,5
4109,1200000.0,Marrakech,Autre Secteur,89.0,2,1,13.997832948091215,Moyen,29.666666666666668,5
4462,470000.0,Marrakech,M'Hamid,70.0,2,2,13.060490101343552,Économique,23.333333333333332,5
7725,400000.0,Salé,Abouab Sala,62.0,2,2,12.899222326086994,Économique,20.666666666666668,5
7066,108000.0,Mohammedia,Autre Secteur,210.0,3,2,11.58989576532275,Économique,52.5,5
6986,1135000.0,Casablanca,La Gironde,91.0,2,1,13.942144089954521,Moyen,30.333333333333332,5
3347,2499000.0,Marrakech,Amelkis,125.0,2,2,14.731401609977073,Luxe,41.666666666666664,5
3957,890000.0,Fès,Route Ain Chkaf,109.0,3,2,13.698977865303197,Moyen,27.25,5
6646,350000.0,Tanger,La Nouvelle Ville Ibn Battouta,55.0,2,1,12.765691290604371,Économique,18.333333333333332,5
2706,300000.0,Béni Yakhlef,Toute La Ville,56.0,2,1,12.611541086966115,Économique,18.666666666666668,5
1255,2250000.0,Casablanca,Quartier Des Hôpitaux,144.0,3,2,14.626441218624949,Luxe,36.0,5
2105,850000.0,Kénitra,Seyad,102.0,3,2,13.652992804936396,Moyen,25.5,5
4419,1700000.0,Casablanca,Maarif,74.0,1,1,14.346139397261565,Luxe,37.0,5
4516,1330000.0,Casablanca,Les Princesses,106.0,2,1,14.100690252077353,Moyen,35.333333333333336,5
4512,975000.0,Kénitra,Maamora,103.0,3,2,13.790193775620484,Moyen,25.75,5
899,1500000.0,Temara,Wifak,128.0,3,2,14.220976332738882,Moyen,32.0,5
429,380000.0,Benslimane,Autre Secteur,126.0,3,1,12.847929163278053,Économique,31.5,5
5676,240000.0,Meknès,Hay Salam,60.0,2,1,12.388398368982115,Économique,20.0,5
3804,660000.0,Marrakech,Amerchich,45.0,1,1,13.399996629152975,Moyen,22.5,5
6414,5400000.0,Rabat,Hay Riad,326.0,3,2,15.501909696719672,Luxe,81.5,5
7417,420000.0,Rabat,El Youssoufia,50.0,1,1,12.948012371209098,Économique,25.0,5
1222,700000.0,Benslimane,Autre Secteur,100.0,2,1,13.45883704259595,Moyen,33.333333333333336,5
5924,680000.0,Kénitra,Seyad,94.0,2,2,13.429849547739444,Moyen,31.333333333333332,5
6861,700000.0,Agadir,El Houda,59.0,2,1,13.45883704259595,Moyen,19.666666666666668,5
5890,3800000.0,Casablanca,Maarif,199.0,3,3,15.150511887854474,Luxe,49.75,5
5628,2800000.0,Agadir,Haut-Founty,150.0,3,3,14.845130332288226,Luxe,37.5,5
3429,1080000.0,Casablanca,Hay Mohammadi,120.0,3,2,13.8924725250259,Moyen,30.0,5
6191,1200000.0,Tanger,Zouitina,129.0,3,2,13.997832948091215,Moyen,32.25,5
1622,700000.0,Dar Bouazza,Toute La Ville,47.0,1,1,13.45883704259595,Moyen,23.5,5
7317,1240000.0,Agadir,Hay Mohammadi,89.0,2,1,14.030622744032508,Moyen,29.666666666666668,5
3165,1900000.0,Casablanca,Autre Secteur,175.0,2,2,14.45736497045232,Luxe,58.333333333333336,5
4211,1650000.0,Kénitra,El Haddada,150.0,3,3,14.316286451937186,Luxe,37.5,5
6540,3500000.0,Sidi Bouknadel,Toute La Ville,185.0,3,2,15.068273812173887,Luxe,46.25,5
1097,2100000.0,Casablanca,2 Mars,156.0,3,2,14.557448378884015,Luxe,39.0,5
2716,330000.0,Ksar El-Kebir,Toute La Ville,80.0,2,2,12.706850963741102,Économique,26.666666666666668,5
2072,570000.0,Kénitra,Seyad,90.0,2,2,13.25339339419516,Moyen,30.0,5
7539,1200000.0,Temara,Wifak,90.0,3,2,13.997832948091215,Moyen,22.5,5
5370,2211000.0,Tanger,Centre Ville,67.0,2,2,14.608955912123516,Luxe,22.333333333333332,5
4185,1250000.0,Kénitra,Maamora,102.0,3,2,14.038654909278163,Moyen,25.5,5
3393,830000.0,Marrakech,Guéliz,45.0,1,1,13.629182184591333,Moyen,22.5,5
6905,1300000.0,Berrechid,Toute La Ville,89.0,4,2,14.077875591662238,Moyen,17.8,5
2587,650000.0,Tanger,Autre Secteur,80.0,3,1,13.384729180332174,Moyen,20.0,5
5322,1000000.0,Marrakech,Socoma,106.0,3,2,13.815511557963774,Moyen,26.5,5
1789,1600000.0,Casablanca,Aïn Borja,225.0,4,2,14.285514812209815,Luxe,45.0,5
5950,990000.0,Dar Bouazza,Toute La Ville,65.0,1,1,13.805461232211272,Moyen,32.5,5
6722,440000.0,Tanger,Hay Hassani,56.0,2,1,12.994532278619134,Économique,18.666666666666668,5
529,1650000.0,Sidi Rahal,Toute La Ville,125.0,2,2,14.316286451937186,Luxe,41.666666666666664,5
5188,1200000.0,Salé,Sala El Jadida,86.0,3,2,13.997832948091215,Moyen,21.5,5
193,1250000.0,Temara,Oued Eddahab,94.0,3,1,14.038654909278163,Moyen,23.5,5
3647,1750000.0,Tanger,Malabata,100.0,2,2,14.375126917328105,Luxe,33.333333333333336,5
1127,800000.0,Casablanca,Quartier Des Hôpitaux,63.0,1,1,13.592368256649284,Moyen,31.5,5
3800,820000.0,Mohammedia,Autre Secteur,80.0,2,2,13.617060838751888,Moyen,26.666666666666668,5
6279,3200000.0,Salé,Toute La Ville,111.0,2,2,14.978661680269907,Luxe,37.0,5
7307,410000.0,Kénitra,Bir Rami,75.0,2,1,12.923914877701906,Économique,25.0,5
305,1050000.0,Kénitra,La Ville Haute,120.0,3,2,13.864301674514206,Moyen,30.0,5
7552,1600000.0,Casablanca,Casablanca Finance City,70.0,1,1,14.285514812209815,Luxe,35.0,5
1292,340000.0,Casablanca,Oulfa,50.0,2,1,12.73670383776449,Économique,16.666666666666668,5
71,620000.0,Tanger,Tanja Balia,78.0,2,1,13.3374763699232,Moyen,26.0,5
4230,832030.0,Dcheïra El Jihadia,Toute La Ville,83.0,4,2,13.631624978724608,Moyen,16.6,5
6144,670000.0,Kénitra,Seyad,83.0,3,2,13.415034483903348,Moyen,20.75,5
2688,670000.0,Meknès,Autre Secteur,96.0,3,2,13.415034483903348,Moyen,24.0,5
6743,450000.0,Chefchaouen,Toute La Ville,82.0,3,1,13.017005083966255,Économique,20.5,5
3820,1200000.0,Casablanca,Triangle D'Or,80.0,2,1,13.997832948091215,Moyen,26.666666666666668,5
832,1490000.0,Casablanca,Oulfa,212.0,4,3,14.214287349062356,Moyen,42.4,5
5397,800000.0,Fès,Route Ain Chkaf,125.0,3,2,13.592368256649284,Moyen,31.25,5
1457,320000.0,Meknès,Wislane,70.0,1,1,12.676079399771027,Économique,35.0,5
2606,290000.0,Bouznika,Autre Secteur,60.0,2,1,12.577639650232573,Économique,20.0,5
5016,2200000.0,Agadir,Secteur Touristique,95.0,2,2,14.603968372873895,Luxe,31.666666666666668,5
239,980000.0,Casablanca,Oulfa,78.0,2,2,13.795308871054397,Moyen,26.0,5
93,1500000.0,Marrakech,Palmeraie,90.0,2,2,14.220976332738882,Moyen,30.0,5
2978,889000.0,Temara,Centre Ville,108.0,3,2,13.697853639354802,Moyen,27.0,5
5769,3150000.0,Temara,Wifak,230.0,4,2,14.962913328262083,Luxe,46.0,5
6639,1000000.0,Casablanca,Sidi Maarouf,112.0,2,2,13.815511557963774,Moyen,37.333333333333336,5
5638,1150000.0,Marrakech,Hivernage,51.0,1,1,13.955273369904273,Moyen,25.5,5
4510,1592889.0,Casablanca,Hay Hassani,129.0,2,3,14.281060534405029,Luxe,43.0,5
4520,520000.0,Marrakech,Autre Secteur,44.0,2,1,13.161586013632684,Moyen,14.666666666666666,5
6334,650000.0,Tanger,La Nouvelle Ville Ibn Battouta,60.0,2,1,13.384729180332174,Moyen,20.0,5
4329,948000.0,Casablanca,Ain Sebaa,79.0,3,2,13.762110836088922,Moyen,19.75,5
5166,200000.0,Meknès,Marjane 2,50.0,2,2,12.206077645517674,Économique,16.666666666666668,5
1002,1750000.0,Casablanca,Abdelmoumen,136.0,3,2,14.375126917328105,Luxe,34.0,5
6659,390000.0,Tétouan,Autre Secteur,100.0,3,2,12.873904582205107,Économique,25.0,5
8151,744000.0,Tanger,Tanja Balia,93.0,3,1,13.519797657900348,Moyen,23.25,5
2378,1070000.0,Kénitra,Centre,117.0,3,2,13.883170141017091,Moyen,29.25,5
4591,390000.0,Fès,Hay Saada,62.0,1,1,12.873904582205107,Économique,31.0,5
4959,820000.0,Temara,Autre Secteur,79.0,2,2,13.617060838751888,Moyen,26.333333333333332,5
7480,650000.0,Casablanca,Sidi Bernoussi,85.0,3,2,13.384729180332174,Moyen,21.25,5
3361,3100000.0,Casablanca,Racine,181.0,3,3,14.946912992035967,Luxe,45.25,5
3247,800000.0,Marrakech,Mabrouka,70.0,2,1,13.592368256649284,Moyen,23.333333333333332,5
4595,430000.0,Mohammedia,Autre Secteur,64.0,3,2,12.971542813248437,Économique,16.0,5
1533,1300000.0,Bouskoura,Victoria,140.0,3,2,14.077875591662238,Moyen,35.0,5
2411,290000.0,Bouznika,Autre Secteur,55.0,2,1,12.577639650232573,Économique,18.333333333333332,5
4978,600000.0,Berkane,Toute La Ville,84.0,2,1,13.304686600863562,Moyen,28.0,5
412,640000.0,Casablanca,Hay Hassani,64.0,2,1,13.369225017834633,Moyen,21.333333333333332,5
3758,708000.0,Casablanca,Ain Sebaa,59.0,2,2,13.470200785104238,Moyen,19.666666666666668,5
7857,1080000.0,Casablanca,Maarif,47.0,1,1,13.8924725250259,Moyen,23.5,5
5547,1900000.0,Casablanca,Les Princesses,117.0,3,2,14.45736497045232,Luxe,29.25,5
2806,1650000.0,Casablanca,Californie,97.0,2,2,14.316286451937186,Luxe,32.333333333333336,5
7567,1770000.0,Dar Bouazza,Toute La Ville,133.0,3,2,14.386490669521603,Luxe,33.25,5
6564,1020000.0,Tanger,Tanja Balia,196.0,2,1,13.83531416565213,Moyen,65.33333333333333,5
3083,500000.0,Kénitra,Val Fleury,66.0,2,1,13.122365377402328,Économique,22.0,5
7549,490000.0,Saidia,Toute La Ville,68.0,2,1,13.102162710901053,Économique,22.666666666666668,5
1737,1320000.0,Marrakech,Guéliz,60.0,2,1,14.093143052138025,Moyen,20.0,5
4464,275000.0,Tanger,Autre Secteur,47.0,2,2,12.524530013005734,Économique,15.666666666666666,5
5153,530000.0,Berrechid,Toute La Ville,88.0,2,1,13.180634172318978,Moyen,29.333333333333332,5
7475,1850000.0,Mohammedia,Corniche,85.0,2,1,14.430696737594902,Luxe,28.333333333333332,5
6483,2000000.0,Rabat,Agdal,120.0,2,2,14.508658238524095,Luxe,40.0,5
6248,1580000.0,Casablanca,2 Mars,132.0,3,2,14.272936037914342,Luxe,33.0,5
8134,2700000.0,Bouznika,Plage Oued Cherrat,124.0,3,2,14.80876270134486,Luxe,31.0,5
634,550000.0,Marrakech,Azzouzia,71.0,2,1,13.217675375388819,Moyen,23.666666666666668,5
3022,850000.0,El Jadida,Najd,145.0,3,2,13.652992804936396,Moyen,36.25,5
499,3200000.0,Tanger,Autre Secteur,84.0,2,2,14.978661680269907,Luxe,28.0,5
3915,3400000.0,Tanger,Centre Ville,238.0,3,2,15.039286283703994,Luxe,59.5,5
2464,660000.0,El Jadida,Hay Essalam,100.0,2,2,13.399996629152975,Moyen,33.333333333333336,5
7204,640000.0,Oujda,Centre Ville,89.0,2,1,13.369225017834633,Moyen,29.666666666666668,5
638,1180000.0,Kénitra,Autre Secteur,108.0,3,2,13.981025843899115,Moyen,27.0,5
721,1631250.0,Marrakech,Hay Izdihar,121.0,3,3,14.304857763079772,Luxe,30.25,5
289,855000.0,Bouskoura,Victoria,115.0,3,2,13.658857917508856,Moyen,28.75,5
758,3100000.0,Casablanca,Maarif,178.0,3,2,14.946912992035967,Luxe,44.5,5
3430,900000.0,Tanger,Ahlane,66.0,2,1,13.710151153416941,Moyen,22.0,5
4421,530000.0,El Hajeb,Toute La Ville,80.0,2,1,13.180634172318978,Moyen,26.666666666666668,5
3090,750000.0,Tanger,Tanja Balia,80.0,3,1,13.527829818844937,Moyen,20.0,5
7226,660000.0,Casablanca,Autre Secteur,74.0,2,2,13.399996629152975,Moyen,24.666666666666668,5
4929,730000.0,Casablanca,Sidi Moumen,96.0,2,2,13.500801182986649,Moyen,32.0,5
5130,1900000.0,Dar Bouazza,Toute La Ville,175.0,2,2,14.45736497045232,Luxe,58.333333333333336,5
450,320000.0,Sidi Kacem,Toute La Ville,105.0,2,1,12.676079399771027,Économique,35.0,5
597,3800000.0,Rabat,Agdal,274.0,3,3,15.150511887854474,Luxe,68.5,5
4103,1950000.0,Tanger,De La Plage,133.0,4,2,14.48334044336031,Luxe,26.6,5
3766,950000.0,Casablanca,Aïn Borja,112.0,3,1,13.76421831620775,Moyen,28.0,5
1069,530000.0,Casablanca,Sidi Bernoussi,71.0,2,1,13.180634172318978,Moyen,23.666666666666668,5
1942,280000.0,Tit Mellil,Toute La Ville,59.0,2,1,12.54254845357358,Économique,19.666666666666668,5
1648,980000.0,Bouskoura,Victoria,99.0,2,2,13.795308871054397,Moyen,33.0,5
495,5500000.0,Rabat,Riyad,228.0,4,3,15.520258832020865,Luxe,45.6,5
5399,370000.0,Marrakech,Hay Izdihar,53.0,2,1,12.821260987319457,Économique,17.666666666666668,5
2701,1750000.0,Temara,Wifak,103.0,3,2,14.375126917328105,Luxe,25.75,5
1701,850000.0,Marrakech,Allal El Fassi,62.0,2,1,13.652992804936396,Moyen,20.666666666666668,5
6597,420000.0,Bouskoura,,56.0,2,1,12.948012371209098,Économique,18.666666666666668,5
6568,360000.0,Ain Harrouda,Toute La Ville,82.0,2,1,12.793862088206213,Économique,27.333333333333332,5
4867,730000.0,Marrakech,M'Hamid,104.0,3,2,13.500801182986649,Moyen,26.0,5
6140,1760000.0,Casablanca,Palmier,98.0,2,2,14.38082493519599,Luxe,32.666666666666664,5
2943,1100000.0,Kénitra,La Ville Haute,154.0,3,3,13.910821646859095,Moyen,38.5,5
6714,300000.0,Meknès,Autre Secteur,67.0,2,1,12.611541086966115,Économique,22.333333333333332,5
5632,840000.0,Mohammedia,Corniche,89.0,2,1,13.641158361294979,Moyen,29.666666666666668,5
3986,504000.0,Casablanca,Ain Sebaa,42.0,1,1,13.130333531178522,Moyen,21.0,5
2124,1600000.0,Tanger,Iberie,97.0,2,1,14.285514812209815,Luxe,32.333333333333336,5
4852,1600000.0,Marrakech,Guéliz,84.0,2,2,14.285514812209815,Luxe,28.0,5
87,1350000.0,Marrakech,Hay Izdihar,100.0,2,2,14.115615891155079,Moyen,33.333333333333336,5
2309,600000.0,Casablanca,Sidi Moumen,93.0,2,1,13.304686600863562,Moyen,31.0,5
2678,2260000.0,Casablanca,Maarif,118.0,3,1,14.630875813726247,Luxe,29.5,5
5534,710000.0,Bouznika,Autre Secteur,108.0,2,2,13.47302165746721,Moyen,36.0,5
4175,790000.0,Casablanca,Belvédère,50.0,1,1,13.579789490265188,Moyen,25.0,5
6818,550000.0,Meknès,El Bassatine,90.0,3,1,13.217675375388819,Moyen,22.5,5
2593,425000.0,Casablanca,Ain Sebaa,55.0,2,2,12.959846800844963,Économique,18.333333333333332,5
7661,355000.0,Sidi Rahal,Toute La Ville,68.0,2,1,12.779875885354993,Économique,22.666666666666668,5
3059,460000.0,Bouskoura,Bouskoura Centre,60.0,2,1,13.038983942375959,Économique,20.0,5
1030,1155000.0,Marrakech,Guéliz,85.0,2,2,13.959611767738522,Moyen,28.333333333333332,5
137,1270000.0,Casablanca,Bourgogne,66.0,1,1,14.054528245836039,Moyen,33.0,5
2877,1350000.0,Temara,Wifak,86.0,2,1,14.115615891155079,Moyen,28.666666666666668,5
4611,1140000.0,Tanger,Autre Secteur,85.0,2,1,13.946539697563276,Moyen,28.333333333333332,5
4483,1070000.0,Tanger,Tanja Balia,102.0,4,1,13.883170141017091,Moyen,20.4,5
2145,2950000.0,Casablanca,Palmier,173.0,3,2,14.897316067298997,Luxe,43.25,5
5441,460000.0,Marrakech,Es Saada,58.0,2,1,13.038983942375959,Économique,19.333333333333332,5
6467,1332000.0,Rabat,Hassan,120.0,2,1,14.102192880832941,Moyen,40.0,5
6549,2500000.0,Tanger,Centre,200.0,5,2,14.731801689838349,Luxe,33.333333333333336,5
3434,980000.0,Agadir,Hay Mohammadi,77.0,2,1,13.795308871054397,Moyen,25.666666666666668,5
1200,430000.0,El Jadida,Autre Secteur,76.0,2,1,12.971542813248437,Économique,25.333333333333332,5
2025,1180000.0,Kénitra,Autre Secteur,108.0,3,2,13.981025843899115,Moyen,27.0,5
622,2800000.0,Tanger,Achakar,165.0,2,2,14.845130332288226,Luxe,55.0,5
7453,300000.0,Casablanca,Lissasfa,70.0,3,2,12.611541086966115,Économique,17.5,5
567,1880000.0,Casablanca,Maârif Extension,142.0,3,2,14.446782866720884,Luxe,35.5,5
5472,830000.0,Marrakech,Guéliz,45.0,1,1,13.629182184591333,Moyen,22.5,5
1838,740000.0,Marrakech,Hay Charaf,98.0,2,1,13.51440681653079,Moyen,32.666666666666664,5
1335,580000.0,Kénitra,Alliance,85.0,2,2,13.270785106659046,Moyen,28.333333333333332,5
6503,360000.0,Tanger,Autre Secteur,60.0,2,1,12.793862088206213,Économique,20.0,5
7792,370000.0,Casablanca,Oulfa,50.0,2,1,12.821260987319457,Économique,16.666666666666668,5
2100,1800000.0,Fès,Autre Secteur,275.0,3,2,14.403297778421795,Luxe,68.75,5
6838,650000.0,Mohammedia,Autre Secteur,59.0,2,1,13.384729180332174,Moyen,19.666666666666668,5
5104,1700000.0,Marrakech,Guéliz,107.0,1,1,14.346139397261565,Luxe,53.5,5
3568,450000.0,Fès,Route Ain Chkaf,76.0,1,1,13.017005083966255,Économique,38.0,5
7333,3850000.0,Casablanca,Racine,247.0,3,2,15.163583966004193,Luxe,61.75,5
1689,400000.0,Marrakech,M'Hamid,65.0,2,2,12.899222326086994,Économique,21.666666666666668,5
746,1200000.0,Tanger,Autre Secteur,110.0,3,1,13.997832948091215,Moyen,27.5,5
5613,1157000.0,Agadir,Tilila,89.0,2,1,13.961341870479675,Moyen,29.666666666666668,5
3928,509000.0,Meknès,Zitoune,131.0,3,2,13.140205260167273,Moyen,32.75,5
2187,1750000.0,Bouznika,Plage Oued Cherrat,157.0,2,2,14.375126917328105,Luxe,52.333333333333336,5
196,2330000.0,Marrakech,Guéliz,97.0,2,1,14.66137925472634,Luxe,32.333333333333336,5
1152,520000.0,Marrakech,Autre Secteur,44.0,2,1,13.161586013632684,Moyen,14.666666666666666,5
3574,550000.0,Kénitra,Seyad,80.0,2,2,13.217675375388819,Moyen,26.666666666666668,5
5411,1070000.0,Tanger,Tanja Balia,102.0,4,2,13.883170141017091,Moyen,20.4,5
803,1580000.0,Casablanca,2 Mars,132.0,3,2,14.272936037914342,Luxe,33.0,5
6687,900000.0,Casablanca,Hay Chrifa,70.0,2,1,13.710151153416941,Moyen,23.333333333333332,5
2351,948000.0,Casablanca,Ain Sebaa,79.0,3,2,13.762110836088922,Moyen,19.75,5
4296,2450000.0,Casablanca,Palmier,140.0,3,2,14.711598990684092,Luxe,35.0,5
4120,580000.0,Kénitra,Ouled Oujih,80.0,2,2,13.270785106659046,Moyen,26.666666666666668,5
7419,650000.0,Tanger,Autre Secteur,60.0,2,1,13.384729180332174,Moyen,20.0,5
5310,660000.0,Casablanca,Sidi Maarouf,96.0,3,1,13.399996629152975,Moyen,24.0,5
2068,1030000.0,Kénitra,La Ville Haute,114.0,2,1,13.845070331079134,Moyen,38.0,5
2908,1490000.0,Temara,Wifak,95.0,3,2,14.214287349062356,Moyen,23.75,5
5003,1550000.0,Casablanca,Franceville,114.0,3,2,14.253766134056512,Luxe,28.5,5
6330,3200000.0,Casablanca,Gauthier,272.0,4,3,14.978661680269907,Luxe,54.4,5
645,1516000.0,Casablanca,Quartier Des Hôpitaux,84.0,3,2,14.231586504814842,Luxe,21.0,5
7245,200000.0,Meknès,Marjane 2,50.0,2,2,12.206077645517674,Économique,16.666666666666668,5
6851,350000.0,Bouskoura,Bouskoura Centre,57.0,2,1,12.765691290604371,Économique,19.0,5
5403,2500000.0,Rabat,Hassan,113.0,3,2,14.731801689838349,Luxe,28.25,5
3951,1800000.0,Casablanca,Maarif,179.0,2,2,14.403297778421795,Luxe,59.666666666666664,5
5705,980000.0,Bouskoura,Victoria,99.0,2,2,13.795308871054397,Moyen,33.0,5
4509,1800000.0,Casablanca,Maarif,141.0,3,1,14.403297778421795,Luxe,35.25,5
121,2350000.0,Casablanca,Ferme Bretone,144.0,3,3,14.669926311652166,Luxe,36.0,5
1778,1280000.0,Casablanca,Maarif,68.0,2,1,14.062371417145494,Moyen,22.666666666666668,5
2982,580000.0,Casablanca,Al Fida,66.0,2,1,13.270785106659046,Moyen,22.0,5
4378,2400000.0,Marrakech,Agdal,85.0,2,2,14.690979711984754,Luxe,28.333333333333332,5
3075,960000.0,Bouznika,Plage Oued Cherrat,68.0,1,2,13.774689605110144,Moyen,34.0,5
6581,9500000.0,Marrakech,Guéliz,242.0,3,3,16.066802461833923,Luxe,60.5,5
4904,450000.0,Fès,Al Hadiqa,89.0,1,2,13.017005083966255,Économique,44.5,5
7154,1020000.0,Tanger,Tanja Balia,196.0,2,1,13.83531416565213,Moyen,65.33333333333333,5
3036,110000.0,Casablanca,Bourgogne,92.0,3,1,11.608244735642321,Économique,23.0,5
2136,3250000.0,Casablanca,Gauthier,188.0,3,2,14.99416586199818,Luxe,47.0,5
5696,2583000.0,Marrakech,Hivernage,126.0,3,1,14.764462459224632,Luxe,31.5,5
5010,2800000.0,Bouskoura,Victoria,90.0,2,1,14.845130332288226,Luxe,30.0,5
135,7200000.0,Tanger,Malabata,186.0,4,2,15.789591722875162,Luxe,37.2,5
7238,1050000.0,Rabat,Autre Secteur,68.0,2,2,13.864301674514206,Moyen,22.666666666666668,5
4225,1700000.0,Tanger,Branes 1,113.0,3,3,14.346139397261565,Luxe,28.25,5
6009,870000.0,Kénitra,Alliance,150.0,3,2,13.676249640055394,Moyen,37.5,5
4355,1079000.0,Casablanca,Ain Sebaa,83.0,2,2,13.8915461710239,Moyen,27.666666666666668,5
3934,640000.0,Marrakech,Autre Secteur,70.0,3,1,13.369225017834633,Moyen,17.5,5
1162,475000.0,Casablanca,Autre Secteur,64.0,2,1,13.07107218827772,Économique,21.333333333333332,5
2559,1000000.0,Temara,Autre Secteur,120.0,3,1,13.815511557963774,Moyen,30.0,5
63,560000.0,Marrakech,Hay Izdihar,60.0,2,1,13.235693848424024,Moyen,20.0,5
7222,1900000.0,Casablanca,Autre Secteur,175.0,2,2,14.45736497045232,Luxe,58.333333333333336,5
7131,340000.0,Salé,Sala El Jadida,60.0,1,1,12.73670383776449,Économique,30.0,5
4686,1500000.0,Rabat,Agdal,117.0,3,1,14.220976332738882,Moyen,29.25,5
1643,830000.0,Mohammedia,Quartier Du Parc,65.0,1,1,13.629182184591333,Moyen,32.5,5
5873,380000.0,Benslimane,Autre Secteur,126.0,3,1,12.847929163278053,Économique,31.5,5
2468,430000.0,Sidi Rahal,Toute La Ville,57.0,2,1,12.971542813248437,Économique,19.0,5
680,850000.0,Zenata,Toute La Ville,44.0,1,1,13.652992804936396,Moyen,22.0,5
6741,480000.0,Tanger,Moujahidine,55.0,2,1,13.081543466215237,Économique,18.333333333333332,5
742,2200000.0,Casablanca,Les Princesses,146.0,2,2,14.603968372873895,Luxe,48.666666666666664,5
1211,250000.0,Casablanca,Errahma,51.0,2,1,12.429220196836383,Économique,17.0,5
2170,680000.0,Mohammedia,Wafa,74.0,3,2,13.429849547739444,Moyen,18.5,5
6187,1100000.0,Fès,Hay Saada,140.0,3,2,13.910821646859095,Moyen,35.0,5
5612,550000.0,El Jadida,Mouilha,88.0,2,1,13.217675375388819,Moyen,29.333333333333332,5
5459,1900000.0,Temara,Harhoura,95.0,2,2,14.45736497045232,Luxe,31.666666666666668,5
2901,370000.0,Berrechid,Toute La Ville,62.0,3,1,12.821260987319457,Économique,15.5,5
3259,1600000.0,Marrakech,Guéliz,86.0,2,1,14.285514812209815,Luxe,28.666666666666668,5
568,570000.0,Kénitra,Bir Rami,90.0,3,2,13.25339339419516,Moyen,22.5,5
1874,660000.0,Kénitra,Mimosas,90.0,2,1,13.399996629152975,Moyen,30.0,5
649,780000.0,Tamaris,Toute La Ville,81.0,2,1,13.567050480716235,Moyen,27.0,5
2595,2950000.0,Agadir,Marina,110.0,2,2,14.897316067298997,Luxe,36.666666666666664,5
1718,1077000.0,Marrakech,Guéliz,49.0,1,1,13.889690884643201,Moyen,24.5,5
6788,550000.0,Tanger,Tanja Balia,56.0,2,1,13.217675375388819,Moyen,18.666666666666668,5
2844,1650000.0,Marrakech,Guéliz,80.0,2,1,14.316286451937186,Luxe,26.666666666666668,5
1393,780000.0,Kénitra,Val Fleury,90.0,1,1,13.567050480716235,Moyen,45.0,5
6161,900000.0,Marrakech,Issil,103.0,2,1,13.710151153416941,Moyen,34.333333333333336,5
4177,1850000.0,Temara,Wifak,135.0,2,1,14.430696737594902,Luxe,45.0,5
5465,780000.0,Casablanca,Hay Mohammadi,91.0,4,2,13.567050480716235,Moyen,18.2,5
3620,459000.0,Tanger,La Nouvelle Ville Ibn Battouta,65.0,3,2,13.036807667689546,Économique,16.25,5
6018,375000.0,Casablanca,Oulfa,50.0,2,1,12.834683971615659,Économique,16.666666666666668,5
490,3500000.0,Tanger,Centre Ville,202.0,3,3,15.068273812173887,Luxe,50.5,5
494,590000.0,Agadir,Tilila,58.0,2,1,13.28787951079572,Moyen,19.333333333333332,5
691,1550000.0,Casablanca,Abdelmoumen,77.0,2,2,14.253766134056512,Luxe,25.666666666666668,5
5749,1050000.0,Kénitra,La Ville Haute,120.0,3,2,13.864301674514206,Moyen,30.0,5
603,2140000.0,Tanger,Castilla,112.0,3,2,14.576316854287645,Luxe,28.0,5
1912,850000.0,Mohammedia,Quartier Du Parc,57.0,1,1,13.652992804936396,Moyen,28.5,5
5648,1012000.0,Inzegan,Toute La Ville,92.0,3,1,13.827440116971353,Moyen,23.0,5
2881,2200000.0,Casablanca,Casablanca Finance City,64.0,1,1,14.603968372873895,Luxe,32.0,5
4149,1180000.0,Kénitra,Centre,127.0,3,2,13.981025843899115,Moyen,31.75,5
5818,3500000.0,Casablanca,Racine,176.0,3,3,15.068273812173887,Luxe,44.0,5
7038,820000.0,Temara,Autre Secteur,79.0,2,2,13.617060838751888,Moyen,26.333333333333332,5
6513,1990000.0,Tanger,Centre,146.0,3,3,14.503645699213111,Luxe,36.5,5
6963,2200000.0,Rabat,Diour Jamaa,113.0,3,2,14.603968372873895,Luxe,28.25,5
2367,3900000.0,Marrakech,Autre Secteur,155.0,2,3,15.176487367510099,Luxe,51.666666666666664,5
8137,450000.0,Tanger,Marjane,57.0,2,1,13.017005083966255,Économique,19.0,5
1187,4750000.0,Rabat,Riyad,202.0,3,1,15.373655386537118,Luxe,50.5,5
275,1750000.0,Casablanca,Maarif,118.0,3,2,14.375126917328105,Luxe,29.5,5
4817,2150000.0,Casablanca,Palmier,125.0,3,2,14.580978865220017,Luxe,31.25,5
7392,592000.0,Tanger,Tanja Balia,74.0,2,1,13.291263603053904,Moyen,24.666666666666668,5
1362,440000.0,Tétouan,Al Azhar,75.0,2,1,12.994532278619134,Économique,25.0,5
4377,850000.0,Tanger,El Majd,86.0,3,2,13.652992804936396,Moyen,21.5,5
1527,3400000.0,Casablanca,Oasis,163.0,3,2,15.039286283703994,Luxe,40.75,5
6336,460000.0,Tanger,Autre Secteur,63.0,2,1,13.038983942375959,Économique,21.0,5
4092,2850000.0,Casablanca,Bachkou,156.0,3,2,14.862829903121964,Luxe,39.0,5
8071,700000.0,Casablanca,Mers Sultan,77.0,2,1,13.45883704259595,Moyen,25.666666666666668,5
1552,1220000.0,Agadir,Hay Mohammadi,107.0,3,2,14.014362236381235,Moyen,26.75,5
331,1077000.0,Marrakech,Guéliz,49.0,1,1,13.889690884643201,Moyen,24.5,5
7706,2850000.0,Marrakech,Hivernage,149.0,3,2,14.862829903121964,Luxe,37.25,5
1338,1950000.0,Tanger,Centre Ville,150.0,3,2,14.48334044336031,Luxe,37.5,5
8096,630000.0,Casablanca,Lissasfa,52.0,2,1,13.353476685668044,Moyen,17.333333333333332,5
946,1250000.0,Temara,Autre Secteur,112.0,2,2,14.038654909278163,Moyen,37.333333333333336,5
6442,870000.0,Fès,Narjis,145.0,3,1,13.676249640055394,Moyen,36.25,5
2251,1500000.0,Tanger,Casabarata,100.0,2,1,14.220976332738882,Moyen,33.333333333333336,5
6446,2250000.0,Tanger,Malabata,88.0,2,2,14.626441218624949,Luxe,29.333333333333332,5
802,2440000.0,Casablanca,Racine,132.0,3,3,14.707509007105367,Luxe,33.0,5
4113,2000000.0,Casablanca,Beauséjour,200.0,4,2,14.508658238524095,Luxe,40.0,5
2347,880000.0,Casablanca,Aïn Borja,83.0,2,1,13.68767832281738,Moyen,27.666666666666668,5
69,980000.0,Agadir,Hay Mohammadi,77.0,2,1,13.795308871054397,Moyen,25.666666666666668,5
6011,1880000.0,Casablanca,Maârif Extension,142.0,3,2,14.446782866720884,Luxe,35.5,5
5836,693500.0,Casablanca,Aïn Borja,79.0,3,1,13.449507960697051,Moyen,19.75,5
2785,350000.0,Bouznika,Autre Secteur,52.0,2,1,12.765691290604371,Économique,17.333333333333332,5
1599,560000.0,Fès,Ain Amiyer,87.0,2,1,13.235693848424024,Moyen,29.0,5
6192,2000000.0,Casablanca,Beauséjour,200.0,4,2,14.508658238524095,Luxe,40.0,5
6098,1300000.0,Marrakech,Route De Safi,82.0,2,2,14.077875591662238,Moyen,27.333333333333332,5
5323,1400000.0,Agadir,Av Des Far,90.0,3,2,14.151983508870947,Moyen,22.5,5
1504,3900000.0,Tanger,Autre Secteur,155.0,2,3,15.176487367510099,Luxe,51.666666666666664,5
5282,470000.0,Benslimane,Autre Secteur,180.0,2,2,13.060490101343552,Économique,60.0,5
151,1200000.0,Marrakech,Guéliz,52.0,1,1,13.997832948091215,Moyen,26.0,5
2805,880000.0,Agadir,Hay Dakhla,108.0,2,2,13.68767832281738,Moyen,36.0,5
4503,750000.0,Saidia,Toute La Ville,80.0,2,1,13.527829818844937,Moyen,26.666666666666668,5
2086,2800000.0,Salé,Toute La Ville,211.0,3,3,14.845130332288226,Luxe,52.75,5
7469,710000.0,Casablanca,Sidi Moumen,98.0,2,2,13.47302165746721,Moyen,32.666666666666664,5
2260,620000.0,Sidi Rahal,Toute La Ville,92.0,3,2,13.3374763699232,Moyen,23.0,5
6076,1050000.0,Casablanca,Maârif Extension,76.0,2,2,13.864301674514206,Moyen,25.333333333333332,5
7839,460000.0,Meknès,Autre Secteur,80.0,3,2,13.038983942375959,Économique,20.0,5
6673,630000.0,Salé,Said Hajji,76.0,2,1,13.353476685668044,Moyen,25.333333333333332,5
3834,8000000.0,Rabat,Hay Riad,270.0,3,4,15.894952224644102,Luxe,67.5,5
860,1460000.0,Salé,Sala El Jadida,120.0,3,2,14.19394767861579,Moyen,30.0,5
3639,520000.0,Fès,Tghat,100.0,3,2,13.161586013632684,Moyen,25.0,5
6220,3000000.0,Bouskoura,,306.0,4,4,14.914123179965662,Luxe,61.2,5
7973,1219000.0,Casablanca,Oasis,53.0,1,1,14.013542228807617,Moyen,26.5,5
6623,2100000.0,Casablanca,Maarif,110.0,2,2,14.557448378884015,Luxe,36.666666666666664,5
5423,860000.0,Had Soualem,Toute La Ville,130.0,5,2,13.664688831019712,Moyen,21.666666666666668,5
6302,290000.0,Oujda,Autre Secteur,70.0,2,1,12.577639650232573,Économique,23.333333333333332,5
367,810000.0,Bouznika,Al Kawtar,95.0,2,2,13.60479076121576,Moyen,31.666666666666668,5
1433,1240000.0,Agadir,Haut-Founty,110.0,3,2,14.030622744032508,Moyen,27.5,5
4408,1650000.0,Marrakech,Guéliz,79.0,2,1,14.316286451937186,Luxe,26.333333333333332,5
5752,600000.0,Salé,Toute La Ville,79.0,2,1,13.304686600863562,Moyen,26.333333333333332,5
3579,1100000.0,Casablanca,Bourgogne,67.0,1,1,13.910821646859095,Moyen,33.5,5
1780,708000.0,Casablanca,Ain Sebaa,59.0,2,2,13.470200785104238,Moyen,19.666666666666668,5
4858,1400000.0,Temara,Wifak,81.0,2,1,14.151983508870947,Moyen,27.0,5
5009,750000.0,Casablanca,Sidi Bernoussi,96.0,3,2,13.527829818844937,Moyen,24.0,5
7717,850000.0,Tamesna,Toute La Ville,142.0,2,1,13.652992804936396,Moyen,47.333333333333336,5
1819,1120000.0,El Jadida,Autre Secteur,203.0,3,1,13.928840136128022,Moyen,50.75,5
5246,800000.0,Tanger,Aouama Gharbia,90.0,3,1,13.592368256649284,Moyen,22.5,5
842,280000.0,Casablanca,Oulfa,45.0,1,1,12.54254845357358,Économique,22.5,5
2705,1890000.0,Tanger,Centre Ville,79.0,2,2,14.452087916136215,Luxe,26.333333333333332,5
1189,4900000.0,Casablanca,Anfa,185.0,3,2,15.404745967162468,Luxe,46.25,5
176,1147500.0,Tanger,Marjane,96.0,2,2,13.953097092376153,Moyen,32.0,5
4546,2450000.0,Casablanca,Hay Hassani,136.0,3,2,14.711598990684092,Luxe,34.0,5
7708,640000.0,Dar Bouazza,Toute La Ville,84.0,2,2,13.369225017834633,Moyen,28.0,5
618,4100000.0,Marrakech,Harti,117.0,3,2,15.226497775576945,Luxe,29.25,5
2094,1350000.0,Nador,Al Boustane,158.0,3,2,14.115615891155079,Moyen,39.5,5
3309,570000.0,Berkane,Toute La Ville,98.0,2,1,13.25339339419516,Moyen,32.666666666666664,5
5962,988000.0,Marrakech,Guéliz,52.0,1,1,13.803438988875241,Moyen,26.0,5
3492,1350000.0,Marrakech,Route De Safi,95.0,2,1,14.115615891155079,Moyen,31.666666666666668,5
4003,1180000.0,Kénitra,Autre Secteur,108.0,3,2,13.981025843899115,Moyen,27.0,5
83,1380000.0,Casablanca,Bourgogne,125.0,3,2,14.137594781770806,Moyen,31.25,5
3995,990000.0,Sidi Rahal,Toute La Ville,127.0,3,2,13.805461232211272,Moyen,31.75,5
3209,170000.0,Mehdia,Toute La Ville,40.0,1,1,12.04355959836804,Économique,20.0,5
817,680000.0,Casablanca,Aïn Chock,82.0,2,1,13.429849547739444,Moyen,27.333333333333332,5
1031,695000.0,Meknès,Hamria,102.0,2,1,13.451668563394815,Moyen,34.0,5
6663,290000.0,Bouznika,Autre Secteur,60.0,2,1,12.577639650232573,Économique,20.0,5
301,1200000.0,Marrakech,Mabrouka,70.0,2,2,13.997832948091215,Moyen,23.333333333333332,5
6980,1650000.0,Casablanca,Californie,97.0,2,2,14.316286451937186,Luxe,32.333333333333336,5
1473,850000.0,Temara,Ain Atig,88.0,3,1,13.652992804936396,Moyen,22.0,5
284,1500000.0,Marrakech,Palmeraie,85.0,2,2,14.220976332738882,Moyen,28.333333333333332,5
2028,1600000.0,Casablanca,Beauséjour,164.0,2,2,14.285514812209815,Luxe,54.666666666666664,5
4415,800000.0,Fès,Oued Fès,143.0,3,2,13.592368256649284,Moyen,35.75,5
6553,1950000.0,Tanger,Centre Ville,150.0,3,2,14.48334044336031,Luxe,37.5,5
6498,1700000.0,Casablanca,Maarif,74.0,1,1,14.346139397261565,Luxe,37.0,5
2916,2250000.0,Casablanca,Gauthier,145.0,3,2,14.626441218624949,Luxe,36.25,5
1814,680000.0,Sidi Rahal,Toute La Ville,84.0,3,2,13.429849547739444,Moyen,21.0,5
1271,1100000.0,Kénitra,Val Fleury,145.0,2,2,13.910821646859095,Moyen,48.333333333333336,5
5599,490000.0,Kénitra,Seyad,80.0,2,1,13.102162710901053,Économique,26.666666666666668,5
8163,700000.0,Agadir,Hay Mohammadi,60.0,2,2,13.45883704259595,Moyen,20.0,5
4728,640000.0,Casablanca,Al Qods,71.0,2,1,13.369225017834633,Moyen,23.666666666666668,5
6104,1430000.0,Casablanca,Quartier Des Hôpitaux,70.0,2,2,14.173185701536545,Moyen,23.333333333333332,5
5201,1680000.0,Casablanca,2 Mars,120.0,3,2,14.33430494661736,Luxe,30.0,5
3821,2600000.0,Casablanca,Ferme Bretone,151.0,3,3,14.77102238760702,Luxe,37.75,5
3151,450000.0,Kénitra,El Haddada,68.0,1,1,13.017005083966255,Économique,34.0,5
821,1100000.0,Kénitra,Centre,80.0,2,1,13.910821646859095,Moyen,26.666666666666668,5
2314,1550000.0,Casablanca,Gauthier,97.0,2,2,14.253766134056512,Luxe,32.333333333333336,5
2008,504000.0,Casablanca,Ain Sebaa,42.0,1,1,13.130333531178522,Moyen,21.0,5
4946,3300000.0,Rabat,Agdal,165.0,3,3,15.009433329466965,Luxe,41.25,5
2643,1250000.0,Bouznika,Plage Oued Cherrat,83.0,2,2,14.038654909278163,Moyen,27.666666666666668,5
4417,740000.0,Tanger,Marjane,74.0,2,1,13.51440681653079,Moyen,24.666666666666668,5
3838,1030000.0,Agadir,Tamraght,80.0,2,2,13.845070331079134,Moyen,26.666666666666668,5
7467,60000000.0,Tanger,Mesnana,62.0,2,1,17.909855136853043,Luxe,20.666666666666668,5
2306,2800000.0,Tanger,Centre Ville,260.0,4,3,14.845130332288226,Luxe,52.0,5
4382,1050000.0,Casablanca,Bourgogne,76.0,2,1,13.864301674514206,Moyen,25.333333333333332,5
5909,2400000.0,Casablanca,2 Mars,159.0,3,3,14.690979711984754,Luxe,39.75,5
100,1200000.0,Tanger,Aida,97.0,3,2,13.997832948091215,Moyen,24.25,5
4808,2400000.0,Tanger,Castilla,133.0,3,1,14.690979711984754,Luxe,33.25,5
745,2250000.0,Casablanca,Val Fleuri,132.0,3,2,14.626441218624949,Luxe,33.0,5
7869,660000.0,Meknès,Marjane 2,109.0,3,1,13.399996629152975,Moyen,27.25,5
7580,850000.0,Marrakech,Route De Casablanca,52.0,2,1,13.652992804936396,Moyen,17.333333333333332,5
5905,21000000.0,El Menzeh,Toute La Ville,128.0,3,2,16.860033043306743,Luxe,32.0,5
481,380000.0,Berrechid,Toute La Ville,62.0,2,2,12.847929163278053,Économique,20.666666666666668,5
5990,1340000.0,Agadir,Hay Mohammadi,98.0,2,2,14.108180918195472,Moyen,32.666666666666664,5
7949,285000.0,Mohammedia,Autre Secteur,84.0,2,1,12.560247968016562,Économique,28.0,5
5798,330000.0,Oujda,Centre Ville,60.0,2,1,12.706850963741102,Économique,20.0,5
1157,650000.0,Bouznika,Autre Secteur,70.0,2,1,13.384729180332174,Moyen,23.333333333333332,5
6862,880000.0,Agadir,Hay Dakhla,108.0,2,2,13.68767832281738,Moyen,36.0,5
5352,300000.0,Mohammedia,Autre Secteur,52.0,2,1,12.611541086966115,Économique,17.333333333333332,5
6050,950000.0,Casablanca,Franceville,38.0,1,1,13.76421831620775,Moyen,19.0,5
1438,950000.0,Tanger,Centre,75.0,2,1,13.76421831620775,Moyen,25.0,5
2415,810000.0,Marrakech,Daoudiate,81.0,3,1,13.60479076121576,Moyen,20.25,5
3555,2255000.0,Casablanca,Californie,143.0,3,2,14.628660974377798,Luxe,35.75,5
5334,840000.0,Agadir,Hay Mohammadi,63.0,2,2,13.641158361294979,Moyen,21.0,5
403,260000.0,Ouislane,Toute La Ville,73.0,2,1,12.468440756144114,Économique,24.333333333333332,5
5574,3200000.0,Rabat,Hay Riad,117.0,3,2,14.978661680269907,Luxe,29.25,5
2195,1300000.0,Kénitra,Centre,199.0,3,2,14.077875591662238,Moyen,49.75,5
950,1100000.0,Martil,Toute La Ville,130.0,2,1,13.910821646859095,Moyen,43.333333333333336,5
5623,1420000.0,Salé,Sala El Jadida,118.0,3,2,14.166168133802547,Moyen,29.5,5
2067,850000.0,Zenata,Toute La Ville,44.0,1,1,13.652992804936396,Moyen,22.0,5
5957,1200000.0,Kénitra,Mimosas,160.0,3,3,13.997832948091215,Moyen,40.0,5
5746,400000.0,Marrakech,M'Hamid,65.0,2,2,12.899222326086994,Économique,21.666666666666668,5
669,1300000.0,Marrakech,Allal El Fassi,98.0,3,2,14.077875591662238,Moyen,24.5,5
219,890000.0,Kénitra,Centre,111.0,2,2,13.698977865303197,Moyen,37.0,5
3367,1530000.0,Marrakech,Guéliz,61.0,1,1,14.240778946963175,Luxe,30.5,5
7889,550000.0,Tanger,Marjane,57.0,2,1,13.217675375388819,Moyen,19.0,5
1962,1200000.0,Casablanca,Ferme Bretone,55.0,2,2,13.997832948091215,Moyen,18.333333333333332,5
6251,1250000.0,Kénitra,Maamora,110.0,3,1,14.038654909278163,Moyen,27.5,5
6482,2500000.0,Casablanca,Marina,67.0,1,2,14.731801689838349,Luxe,33.5,5
2213,1110000.0,Kénitra,Centre,134.0,3,1,13.919871474189012,Moyen,33.5,5
2632,760000.0,Tanger,Tanja Balia,76.0,2,1,13.541075028051122,Moyen,25.333333333333332,5
1660,1300000.0,Casablanca,Val Fleuri,97.0,1,1,14.077875591662238,Moyen,48.5,5
7783,1990000.0,Casablanca,Autre Secteur,178.0,2,1,14.503645699213111,Luxe,59.333333333333336,5
6507,2200000.0,Tanger,Centre Ville,138.0,3,2,14.603968372873895,Luxe,34.5,5
5952,1350000.0,Casablanca,Florida,124.0,3,1,14.115615891155079,Moyen,31.0,5
5620,1147500.0,Tanger,Marjane,96.0,2,2,13.953097092376153,Moyen,32.0,5
2146,3100000.0,Casablanca,Maarif,178.0,3,2,14.946912992035967,Luxe,44.5,5
778,410000.0,Kénitra,Bir Rami,80.0,2,2,12.923914877701906,Économique,26.666666666666668,5
2435,1100000.0,Salé,Hay Chmaou,120.0,3,2,13.910821646859095,Moyen,30.0,5
3067,380000.0,Oued Laou,Toute La Ville,75.0,2,1,12.847929163278053,Économique,25.0,5
5614,1650000.0,Casablanca,Sidi Maarouf,159.0,2,3,14.316286451937186,Luxe,53.0,5
5193,480000.0,Casablanca,Sidi Bernoussi,75.0,2,2,13.081543466215237,Économique,25.0,5
5887,620000.0,Kénitra,Centre,75.0,2,2,13.3374763699232,Moyen,25.0,5
4688,570000.0,Kénitra,Seyad,90.0,2,1,13.25339339419516,Moyen,30.0,5
4985,750000.0,Salé,Hay Chmaou,73.0,2,1,13.527829818844937,Moyen,24.333333333333332,5
1492,1134000.0,Marrakech,Guéliz,63.0,1,1,13.941262645103661,Moyen,31.5,5
3546,3000000.0,Agadir,Haut-Founty,187.0,3,3,14.914123179965662,Luxe,46.75,5
3154,592000.0,Tanger,Tanja Balia,74.0,2,1,13.291263603053904,Moyen,24.666666666666668,5
3946,1350000.0,Casablanca,Roches Noires,85.0,2,2,14.115615891155079,Moyen,28.333333333333332,5
7694,550000.0,Marrakech,Route De Ouarzazate,60.0,2,1,13.217675375388819,Moyen,20.0,5
3754,580000.0,Marrakech,Autre Secteur,74.0,3,1,13.270785106659046,Moyen,18.5,5
6139,580000.0,Marrakech,Allal El Fassi,50.0,2,2,13.270785106659046,Moyen,16.666666666666668,5
8055,840000.0,Tanger,El Majd,86.0,3,2,13.641158361294979,Moyen,21.5,5
3641,770000.0,Casablanca,Casablanca Finance City,50.0,1,1,13.554147092530322,Moyen,25.0,5
518,988000.0,Marrakech,Guéliz,52.0,1,1,13.803438988875241,Moyen,26.0,5
7663,1290000.0,Marrakech,Guéliz,80.0,2,2,14.070153551531353,Moyen,26.666666666666668,5
4263,1750000.0,Casablanca,Franceville,83.0,2,2,14.375126917328105,Luxe,27.666666666666668,5
4634,1450000.0,Marrakech,Centre Ville,90.0,2,1,14.187074804051692,Moyen,30.0,5
5629,1800000.0,Aquouass Briech,Toute La Ville,133.0,3,2,14.403297778421795,Luxe,33.25,5
7969,1173000.0,Casablanca,Oasis,51.0,1,1,13.975075980150168,Moyen,25.5,5
6274,1300000.0,Kénitra,Maamora,119.0,3,1,14.077875591662238,Moyen,29.75,5
1416,480000.0,Mdiq,Toute La Ville,60.0,2,1,13.081543466215237,Économique,20.0,5
569,640000.0,Marrakech,Autre Secteur,70.0,3,1,13.369225017834633,Moyen,17.5,5
361,3000000.0,Casablanca,Palmier,227.0,4,3,14.914123179965662,Luxe,45.4,5
7394,1070000.0,Tanger,Tanja Balia,102.0,4,2,13.883170141017091,Moyen,20.4,5
7054,1250000.0,Berkane,Toute La Ville,147.0,4,2,14.038654909278163,Moyen,29.4,5
6815,400000.0,Casablanca,Oulfa,50.0,2,1,12.899222326086994,Économique,16.666666666666668,5
4270,950000.0,Casablanca,Maarif,47.0,2,1,13.76421831620775,Moyen,15.666666666666666,5
3101,560000.0,Meknès,Riad Toulal,100.0,3,2,13.235693848424024,Moyen,25.0,5
5594,650000.0,Agadir,Tilila,67.0,2,2,13.384729180332174,Moyen,22.333333333333332,5
760,1450000.0,Mohammedia,Autre Secteur,143.0,2,1,14.187074804051692,Moyen,47.666666666666664,5
3549,2800000.0,Agadir,Haut-Founty,150.0,3,3,14.845130332288226,Luxe,37.5,5
6315,330000.0,Saidia,Toute La Ville,57.0,2,1,12.706850963741102,Économique,19.0,5
7703,1350000.0,Fès,Autre Secteur,174.0,4,2,14.115615891155079,Moyen,34.8,5
7900,1612000.0,Casablanca,Almaz,124.0,3,2,14.292986822395912,Luxe,31.0,5
6647,430000.0,El Jadida,Autre Secteur,76.0,2,1,12.971542813248437,Économique,25.333333333333332,5
5357,640000.0,Bouskoura,Victoria,71.0,2,2,13.369225017834633,Moyen,23.666666666666668,5
215,1850000.0,Mohammedia,Corniche,117.0,3,2,14.430696737594902,Luxe,29.25,5
3662,360000.0,Settat,Hay Al Kamal,102.0,2,1,12.793862088206213,Économique,34.0,5
6068,1150000.0,Sidi Rahal,Toute La Ville,85.0,2,2,13.955273369904273,Moyen,28.333333333333332,5
5953,420000.0,Casablanca,Oulfa,59.0,2,2,12.948012371209098,Économique,19.666666666666668,5
6622,2250000.0,Casablanca,Maarif,114.0,2,2,14.626441218624949,Luxe,38.0,5
4980,800000.0,Berkane,Toute La Ville,120.0,3,2,13.592368256649284,Moyen,30.0,5
3795,1350000.0,Marrakech,Mabrouka,76.0,2,2,14.115615891155079,Moyen,25.333333333333332,5
5729,830000.0,Casablanca,Almaz,74.0,2,1,13.629182184591333,Moyen,24.666666666666668,5
1474,1350000.0,Marrakech,Hay Izdihar,100.0,2,2,14.115615891155079,Moyen,33.333333333333336,5
2245,290000.0,Oujda,Autre Secteur,70.0,2,1,12.577639650232573,Économique,23.333333333333332,5
726,1710000.0,Tanger,Administratif,123.0,2,1,14.352004513273993,Luxe,41.0,5
7611,1869000.0,Marrakech,Guéliz,89.0,2,1,14.440914621483035,Luxe,29.666666666666668,5
3561,2330000.0,Marrakech,Guéliz,97.0,2,1,14.66137925472634,Luxe,32.333333333333336,5
50,1090000.0,Kénitra,Centre,128.0,3,2,13.901689171636098,Moyen,32.0,5
6417,600000.0,Salé,El Qaria,87.0,2,1,13.304686600863562,Moyen,29.0,5
6106,1134000.0,Tanger,Tanja Balia,80.0,2,2,13.941262645103661,Moyen,26.666666666666668,5
3131,680000.0,Salé,Said Hajji,77.0,2,1,13.429849547739444,Moyen,25.666666666666668,5
888,330000.0,Meknès,Autre Secteur,67.0,3,1,12.706850963741102,Économique,16.75,5
7170,1440000.0,Casablanca,Maarif,115.0,2,2,14.180154365996387,Moyen,38.333333333333336,5
4528,850000.0,Marrakech,M'Hamid,81.0,3,2,13.652992804936396,Moyen,20.25,5
2894,3000000.0,Tanger,Centre Ville,84.0,2,2,14.914123179965662,Luxe,28.0,5
5668,1600000.0,Agadir,Hay Mohammadi,115.0,3,2,14.285514812209815,Luxe,28.75,5
7400,945000.0,Casablanca,Ain Sebaa,74.0,2,1,13.758941264676379,Moyen,24.666666666666668,5
517,1050000.0,Casablanca,Maarif,109.0,2,2,13.864301674514206,Moyen,36.333333333333336,5
3169,660000.0,Casablanca,Autre Secteur,74.0,2,2,13.399996629152975,Moyen,24.666666666666668,5
2950,910000.0,Tanger,Autre Secteur,86.0,3,2,13.721200977393528,Moyen,21.5,5
4057,550000.0,Kénitra,Seyad,78.0,2,1,13.217675375388819,Moyen,26.0,5
140,3400000.0,Casablanca,Oasis,163.0,3,2,15.039286283703994,Luxe,40.75,5
7152,2300000.0,Casablanca,Almaz,146.0,3,2,14.648420115681892,Luxe,36.5,5
4060,580000.0,Marrakech,Allal El Fassi,50.0,2,2,13.270785106659046,Moyen,16.666666666666668,5
2379,850000.0,Bouskoura,Bouskoura Centre,114.0,2,1,13.652992804936396,Moyen,38.0,5
7194,950000.0,Temara,Al Moustakbal,124.0,3,1,13.76421831620775,Moyen,31.0,5
3198,440000.0,Bouznika,Autre Secteur,58.0,1,1,12.994532278619134,Économique,29.0,5
4354,480000.0,Berkane,Toute La Ville,115.0,4,2,13.081543466215237,Économique,23.0,5
113,1400000.0,Agadir,Haut-Founty,97.0,3,2,14.151983508870947,Moyen,24.25,5
3196,970000.0,Temara,Skikina,90.0,2,2,13.785052381406869,Moyen,30.0,5
464,900000.0,Kénitra,Maamora,121.0,3,1,13.710151153416941,Moyen,30.25,5
5065,910000.0,Casablanca,Oulfa,70.0,2,2,13.721200977393528,Moyen,23.333333333333332,5
1233,2100000.0,Marrakech,Guéliz,95.0,2,2,14.557448378884015,Luxe,31.666666666666668,5
3251,1400000.0,Kénitra,Centre,150.0,4,1,14.151983508870947,Moyen,30.0,5
595,1300000.0,Casablanca,Californie,146.0,1,2,14.077875591662238,Moyen,73.0,5
7411,880000.0,Kénitra,Centre,120.0,2,2,13.68767832281738,Moyen,40.0,5
7606,1100000.0,Casablanca,Roches Noires,85.0,2,2,13.910821646859095,Moyen,28.333333333333332,5
451,740000.0,Marrakech,Hay Charaf,98.0,2,1,13.51440681653079,Moyen,32.666666666666664,5
4782,700000.0,Agadir,El Houda,59.0,2,1,13.45883704259595,Moyen,19.666666666666668,5
3278,579000.0,Casablanca,Sidi Moumen,72.0,2,1,13.269059483669357,Moyen,24.0,5
4236,330000.0,Saidia,Toute La Ville,57.0,2,1,12.706850963741102,Économique,19.0,5
4801,533000.0,Ain Harrouda,Toute La Ville,67.0,2,1,13.186278579318829,Moyen,22.333333333333332,5
313,1600000.0,Tanger,Branes 1,113.0,3,2,14.285514812209815,Luxe,28.25,5
7053,2390000.0,Marrakech,Route De Casablanca,136.0,3,2,14.686804342317648,Luxe,34.0,5
6084,2190000.0,Tanger,Centre Ville,115.0,2,2,14.599412558413583,Luxe,38.333333333333336,5
4770,550000.0,Salé,Sala El Jadida,70.0,2,2,13.217675375388819,Moyen,23.333333333333332,5
6075,490000.0,Meknès,Marjane 2,90.0,2,1,13.102162710901053,Économique,30.0,5
7402,1400000.0,Agadir,Av Des Far,90.0,3,2,14.151983508870947,Moyen,22.5,5
6725,950000.0,Casablanca,Roches Noires,100.0,2,2,13.76421831620775,Moyen,33.333333333333336,5
452,540000.0,Marrakech,Hay Izdihar,50.0,2,1,13.199326270390594,Moyen,16.666666666666668,5
3167,1200000.0,Casablanca,,75.0,2,2,13.997832948091215,Moyen,25.0,5
3732,810000.0,Bouznika,Al Kawtar,95.0,2,2,13.60479076121576,Moyen,31.666666666666668,5
6247,2440000.0,Casablanca,Racine,132.0,3,3,14.707509007105367,Luxe,33.0,5
7545,1400000.0,Rabat,Quartier De L'Océan,80.0,2,2,14.151983508870947,Moyen,26.666666666666668,5
3626,980000.0,Bouskoura,Victoria,99.0,2,2,13.795308871054397,Moyen,33.0,5
891,460000.0,Tanger,Autre Secteur,63.0,2,1,13.038983942375959,Économique,21.0,5
6416,620000.0,Martil,Toute La Ville,45.0,2,1,13.3374763699232,Moyen,15.0,5
2764,900000.0,Casablanca,Oulfa,80.0,2,2,13.710151153416941,Moyen,26.666666666666668,5
659,1400000.0,Marrakech,Massira 1,114.0,2,2,14.151983508870947,Moyen,38.0,5
1507,2100000.0,Casablanca,2 Mars,172.0,3,3,14.557448378884015,Luxe,43.0,5
5165,1950000.0,Tanger,Centre Ville,150.0,3,2,14.48334044336031,Luxe,37.5,5
4661,490000.0,Mohammedia,Autre Secteur,70.0,2,1,13.102162710901053,Économique,23.333333333333332,5
7669,450000.0,Tamesna,Toute La Ville,66.0,2,1,13.017005083966255,Économique,22.0,5
1000,2250000.0,Tanger,Malabata,88.0,2,2,14.626441218624949,Luxe,29.333333333333332,5
390,660000.0,Casablanca,Al Fida,66.0,2,1,13.399996629152975,Moyen,22.0,5
3408,1209700.0,Marrakech,Guéliz,60.0,2,2,14.005883779598834,Moyen,20.0,5
2331,1369592.0,Agadir,Av Mokawama,105.0,4,1,14.130024173375245,Moyen,21.0,5
1477,710000.0,Bouznika,Autre Secteur,108.0,2,2,13.47302165746721,Moyen,36.0,5
2241,470000.0,Marrakech,Autre Secteur,60.0,2,1,13.060490101343552,Économique,20.0,5
7362,380000.0,Bouznika,Autre Secteur,60.0,2,1,12.847929163278053,Économique,20.0,5
7373,330000.0,Dar Bouazza,Toute La Ville,58.0,2,1,12.706850963741102,Économique,19.333333333333332,5
6830,1530000.0,Tanger,Centre Ville,82.0,2,1,14.240778946963175,Luxe,27.333333333333332,5
5935,850000.0,Marrakech,Hay Charaf,93.0,2,1,13.652992804936396,Moyen,31.0,5
6902,1900000.0,Marrakech,Av Mohammed Vi,150.0,2,2,14.45736497045232,Luxe,50.0,5
2973,520000.0,Marrakech,Route De Safi,56.0,2,1,13.161586013632684,Moyen,18.666666666666668,5
3387,370000.0,Oujda,Andalous,105.0,3,2,12.821260987319457,Économique,26.25,5
2776,430000.0,Temara,Fath El Kheir,50.0,2,1,12.971542813248437,Économique,16.666666666666668,5
1923,340000.0,Mediouna,Toute La Ville,53.0,2,1,12.73670383776449,Économique,17.666666666666668,5
759,790000.0,Mohammedia,Nassim,70.0,2,1,13.579789490265188,Moyen,23.333333333333332,5
701,1260000.0,Casablanca,Aïn Borja,97.0,2,2,14.04662307257814,Moyen,32.333333333333336,5
7172,700000.0,Béni Mellal,Toute La Ville,108.0,2,2,13.45883704259595,Moyen,36.0,5
1293,490000.0,Mohammedia,Autre Secteur,70.0,2,1,13.102162710901053,Économique,23.333333333333332,5
7227,410000.0,Mohammedia,Nassim,63.0,2,1,12.923914877701906,Économique,21.0,5
2874,1600000.0,Marrakech,Guéliz,84.0,2,2,14.285514812209815,Luxe,28.0,5
6849,550000.0,Salé,Sala El Jadida,70.0,2,2,13.217675375388819,Moyen,23.333333333333332,5
2535,9500000.0,Tanger,Mesnana,105.0,3,1,16.066802461833923,Luxe,26.25,5
6880,533000.0,Ain Harrouda,Toute La Ville,67.0,2,1,13.186278579318829,Moyen,22.333333333333332,5
1908,340000.0,Meknès,Hamria,62.0,2,1,12.73670383776449,Économique,20.666666666666668,5
6082,1180000.0,Kénitra,Autre Secteur,108.0,3,2,13.981025843899115,Moyen,27.0,5
5701,2700000.0,Sidi Bouknadel,Toute La Ville,211.0,4,2,14.80876270134486,Luxe,42.2,5
369,1900000.0,Casablanca,Ferme Bretone,97.0,2,2,14.45736497045232,Luxe,32.333333333333336,5
1937,3400000.0,Tanger,Centre Ville,238.0,3,2,15.039286283703994,Luxe,59.5,5
4318,740000.0,Fès,Route Ain Chkaf,118.0,2,2,13.51440681653079,Moyen,39.333333333333336,5
1151,680000.0,Marrakech,Autre Secteur,53.0,2,1,13.429849547739444,Moyen,17.666666666666668,5
7855,1550000.0,Casablanca,Palmier,113.0,3,2,14.253766134056512,Luxe,28.25,5
8168,650000.0,Béni Mellal,Toute La Ville,110.0,3,2,13.384729180332174,Moyen,27.5,5
4297,1950000.0,Marrakech,Guéliz,85.0,3,1,14.48334044336031,Luxe,21.25,5
4384,2150000.0,Casablanca,Les Princesses,165.0,3,2,14.580978865220017,Luxe,41.25,5
3011,520000.0,Fès,Narjis,97.0,2,2,13.161586013632684,Moyen,32.333333333333336,5
8057,440000.0,Casablanca,Sidi Moumen,61.0,2,1,12.994532278619134,Économique,20.333333333333332,5
192,680000.0,Marrakech,Allal El Fassi,87.0,2,2,13.429849547739444,Moyen,29.0,5
5230,440000.0,Casablanca,Salmia,70.0,2,2,12.994532278619134,Économique,23.333333333333332,5
5278,540000.0,Asilah,Toute La Ville,62.0,2,1,13.199326270390594,Moyen,20.666666666666668,5
175,850000.0,Casablanca,Hay Mohammadi,128.0,4,2,13.652992804936396,Moyen,25.6,5
1904,1050000.0,Casablanca,Maarif,109.0,2,2,13.864301674514206,Moyen,36.333333333333336,5
1100,320000.0,Martil,Toute La Ville,58.0,2,1,12.676079399771027,Économique,19.333333333333332,5
5442,250000.0,Casablanca,Autre Secteur,64.0,2,1,12.429220196836383,Économique,21.333333333333332,5
3646,2000000.0,Asilah,Toute La Ville,150.0,3,3,14.508658238524095,Luxe,37.5,5
3409,530000.0,Bouznika,Autre Secteur,76.0,2,1,13.180634172318978,Moyen,25.333333333333332,5
5607,300000.0,Ben Guerir,Toute La Ville,64.0,3,2,12.611541086966115,Économique,16.0,5
2293,230000.0,Casablanca,Sidi Moumen,46.0,2,1,12.345838935721968,Économique,15.333333333333334,5
7135,850000.0,Mdiq,Toute La Ville,82.0,2,1,13.652992804936396,Moyen,27.333333333333332,5
7962,2000000.0,Marrakech,Guéliz,92.0,2,2,14.508658238524095,Luxe,30.666666666666668,5
7880,240000.0,Oujda,Autre Secteur,60.0,2,1,12.388398368982115,Économique,20.0,5
5015,380000.0,Marrakech,Les Portes De Marrakech,48.0,2,1,12.847929163278053,Économique,16.0,5
1164,750000.0,Salé,Hay Chmaou,69.0,2,1,13.527829818844937,Moyen,23.0,5
5845,950000.0,Casablanca,Aïn Borja,112.0,3,1,13.76421831620775,Moyen,28.0,5
6681,2800000.0,Tanger,Centre Ville,170.0,3,3,14.845130332288226,Luxe,42.5,5
7473,2400000.0,Mohammedia,Quartier Du Parc,136.0,3,2,14.690979711984754,Luxe,34.0,5
6114,1700000.0,Tanger,Malabata,91.0,2,2,14.346139397261565,Luxe,30.333333333333332,5
5145,1200000.0,Casablanca,,75.0,2,2,13.997832948091215,Moyen,25.0,5
3664,3750000.0,Casablanca,Triangle D'Or,267.0,3,2,15.137266664613225,Luxe,66.75,5
7043,1150000.0,Casablanca,Oulfa,93.0,2,2,13.955273369904273,Moyen,31.0,5
1662,1750000.0,Casablanca,Maarif,118.0,3,2,14.375126917328105,Luxe,29.5,5
509,420000.0,Casablanca,Oulfa,59.0,2,2,12.948012371209098,Économique,19.666666666666668,5
167,870000.0,Agadir,Hay Mohammadi,66.0,2,2,13.676249640055394,Moyen,22.0,5
4455,550000.0,Marrakech,M'Hamid,72.0,3,2,13.217675375388819,Moyen,18.0,5
5649,390000.0,Kénitra,Bir Rami,75.0,2,2,12.873904582205107,Économique,25.0,5
1007,360000.0,Kénitra,Bir Rami,70.0,2,1,12.793862088206213,Économique,23.333333333333332,5
7837,2800000.0,Sidi Bouknadel,Toute La Ville,140.0,2,2,14.845130332288226,Luxe,46.666666666666664,5
3270,1400000.0,Casablanca,Oasis,65.0,1,1,14.151983508870947,Moyen,32.5,5
7892,260000.0,Meknès,Autre Secteur,86.0,2,2,12.468440756144114,Économique,28.666666666666668,5
3495,3200000.0,Rabat,Hay Riad,117.0,3,2,14.978661680269907,Luxe,29.25,5
4348,990000.0,Marrakech,Route De Safi,80.0,2,2,13.805461232211272,Moyen,26.666666666666668,5
6715,330000.0,Saidia,Toute La Ville,54.0,2,1,12.706850963741102,Économique,18.0,5
104,1360000.0,Marrakech,Guéliz,81.0,1,1,14.122995993006082,Moyen,40.5,5
3266,580000.0,Martil,Toute La Ville,80.0,2,1,13.270785106659046,Moyen,26.666666666666668,5
1112,750000.0,Tanger,Tanja Balia,93.0,3,2,13.527829818844937,Moyen,23.25,5
4983,680000.0,Agadir,Hay Salam,53.0,2,1,13.429849547739444,Moyen,17.666666666666668,5
2536,540000.0,Sidi Rahal,Toute La Ville,67.0,2,2,13.199326270390594,Moyen,22.333333333333332,5
1105,1500000.0,Casablanca,Bourgogne,113.0,3,1,14.220976332738882,Moyen,28.25,5
3876,300000.0,El Jadida,Quartier Aérodrome,60.0,2,1,12.611541086966115,Économique,20.0,5
8016,1950000.0,Tanger,Centre Ville,150.0,3,2,14.48334044336031,Luxe,37.5,5
1753,770500.0,Casablanca,Ain Sebaa,67.0,2,2,13.5547962316,Moyen,22.333333333333332,5
7316,1600000.0,Marrakech,Guéliz,86.0,2,1,14.285514812209815,Luxe,28.666666666666668,5
5747,3750000.0,Casablanca,Racine,190.0,4,3,15.137266664613225,Luxe,38.0,5
3919,36000000.0,Agadir,Taddart Anza,60.0,2,1,17.399029524198163,Luxe,20.0,5
7989,798000.0,Tanger,Tanja Balia,76.0,2,1,13.589865129563993,Moyen,25.333333333333332,5
2917,540000.0,Marrakech,Hay Charaf,50.0,2,1,13.199326270390594,Moyen,16.666666666666668,5
5412,800000.0,Tanger,Tanja Balia,118.0,2,1,13.592368256649284,Moyen,39.333333333333336,5
1659,890000.0,Kénitra,La Ville Haute,104.0,2,2,13.698977865303197,Moyen,34.666666666666664,5
153,1500000.0,Marrakech,Guéliz,61.0,1,1,14.220976332738882,Moyen,30.5,5
4506,1100000.0,Marrakech,Guéliz,45.0,1,1,13.910821646859095,Moyen,22.5,5
2484,470000.0,Marrakech,M'Hamid,70.0,2,2,13.060490101343552,Économique,23.333333333333332,5
1584,390000.0,Kénitra,Bir Rami,82.0,2,2,12.873904582205107,Économique,27.333333333333332,5
6886,1200000.0,Tanger,El Majd,87.0,3,2,13.997832948091215,Moyen,21.75,5
2552,475000.0,Casablanca,Autre Secteur,64.0,2,1,13.07107218827772,Économique,21.333333333333332,5
8018,290000.0,Meknès,Autre Secteur,69.0,2,2,12.577639650232573,Économique,23.0,5
5593,1070000.0,Casablanca,Ain Sebaa,81.0,2,2,13.883170141017091,Moyen,27.0,5
3552,1400000.0,Cabo Negro,Toute La Ville,75.0,1,1,14.151983508870947,Moyen,37.5,5
3723,1700000.0,Mohammedia,Centre Ville,125.0,3,2,14.346139397261565,Luxe,31.25,5
4476,2500000.0,Marrakech,Palmeraie,188.0,2,2,14.731801689838349,Luxe,62.666666666666664,5
6029,1010500.0,Casablanca,Ferme Bretone,47.0,1,1,13.825956805434428,Moyen,23.5,5
3978,1450000.0,Tamesna,Toute La Ville,179.0,3,1,14.187074804051692,Moyen,44.75,5
7157,5900000.0,Kénitra,Alliance,84.0,2,2,15.59046307836746,Luxe,28.0,5
2209,1100000.0,Kénitra,Centre,80.0,2,1,13.910821646859095,Moyen,26.666666666666668,5
4553,3650000.0,Casablanca,Maarif,245.0,4,3,15.11023799953124,Luxe,49.0,5
7992,744000.0,Tanger,Tanja Balia,93.0,3,1,13.519797657900348,Moyen,23.25,5
6329,820000.0,El Jadida,Corniche,107.0,3,2,13.617060838751888,Moyen,26.75,5
2986,1150000.0,Casablanca,Oulfa,93.0,2,2,13.955273369904273,Moyen,31.0,5
1823,1450000.0,Marrakech,Palmeraie,74.0,2,2,14.187074804051692,Moyen,24.666666666666668,5
4142,1100000.0,Benslimane,Autre Secteur,93.0,2,1,13.910821646859095,Moyen,31.0,5
6324,700000.0,Agadir,Hay Mohammadi,38.0,1,1,13.45883704259595,Moyen,19.0,5
4699,820000.0,Casablanca,Hay Al Amal,89.0,3,1,13.617060838751888,Moyen,22.25,5
5840,970000.0,Casablanca,Belvédère,109.0,3,2,13.785052381406869,Moyen,27.25,5
7188,680000.0,Salé,Said Hajji,77.0,2,1,13.429849547739444,Moyen,25.666666666666668,5
310,885000.0,Dakhla,Toute La Ville,118.0,4,1,13.69334405393293,Moyen,23.6,5
213,380000.0,Tanger,Aouama Gharbia,50.0,2,1,12.847929163278053,Économique,16.666666666666668,5
7759,550000.0,Tanger,Tanja Balia,56.0,2,1,13.217675375388819,Moyen,18.666666666666668,5
4924,2400000.0,Rabat,Kébibat,180.0,3,2,14.690979711984754,Luxe,45.0,5
3718,370000.0,Tanger,Tanja Balia,54.0,2,1,12.821260987319457,Économique,18.0,5
3622,2700000.0,Sidi Bouknadel,Toute La Ville,211.0,4,2,14.80876270134486,Luxe,42.2,5
7835,280000.0,Meknès,Autre Secteur,72.0,2,1,12.54254845357358,Économique,24.0,5
4491,520000.0,Casablanca,Oulfa,56.0,2,2,13.161586013632684,Moyen,18.666666666666668,5
7916,699000.0,Meknès,Hamria,124.0,2,2,13.457407451830088,Moyen,41.333333333333336,5
3451,850000.0,Temara,Ain Atig,88.0,3,1,13.652992804936396,Moyen,22.0,5
496,700000.0,El Mansouria,Toute La Ville,52.0,1,1,13.45883704259595,Moyen,26.0,5
5889,1000000.0,Essaouira,Centre Ville,75.0,3,2,13.815511557963774,Moyen,18.75,5
3257,640000.0,Martil,Toute La Ville,105.0,2,1,13.369225017834633,Moyen,35.0,5
206,630000.0,Kénitra,Alliance,90.0,2,2,13.353476685668044,Moyen,30.0,5
1435,960000.0,Saidia,Toute La Ville,118.0,2,2,13.774689605110144,Moyen,39.333333333333336,5
1136,11000000.0,Kénitra,Centre,103.0,3,2,16.213405921671733,Luxe,25.75,5
2583,400000.0,Salé,Toute La Ville,55.0,2,1,12.899222326086994,Économique,18.333333333333332,5
869,4700000.0,Rabat,Souissi,135.0,3,2,15.363073279446223,Luxe,33.75,5
2750,640000.0,Casablanca,Al Qods,71.0,2,1,13.369225017834633,Moyen,23.666666666666668,5
3613,1490000.0,Tétouan,Autre Secteur,160.0,3,2,14.214287349062356,Moyen,40.0,5
306,2500000.0,Casablanca,Val Fleuri,136.0,3,2,14.731801689838349,Luxe,34.0,5
1850,1580000.0,Tanger,Centre Ville,103.0,2,2,14.272936037914342,Luxe,34.333333333333336,5
7134,1300000.0,Nador,Hay Al Matar,124.0,3,2,14.077875591662238,Moyen,31.0,5
4170,1950000.0,Sidi Bouknadel,Toute La Ville,118.0,2,2,14.48334044336031,Luxe,39.333333333333336,5
1988,940000.0,Casablanca,Les Princesses,44.0,1,1,13.753636218075409,Moyen,22.0,5
3241,930000.0,Tétouan,Autre Secteur,100.0,2,1,13.742940940397677,Moyen,33.333333333333336,5
2799,1150000.0,Casablanca,Aïn Chock,96.0,3,1,13.955273369904273,Moyen,24.0,5
4646,950000.0,Casablanca,Roches Noires,100.0,2,2,13.76421831620775,Moyen,33.333333333333336,5
1535,1900000.0,Marrakech,Route D'Ourika,99.0,2,1,14.45736497045232,Luxe,33.0,5
3110,1020000.0,Kénitra,Val Fleury,145.0,2,2,13.83531416565213,Moyen,48.333333333333336,5
844,480000.0,Casablanca,Autre Secteur,55.0,2,1,13.081543466215237,Économique,18.333333333333332,5
1987,980000.0,Dar Bouazza,Toute La Ville,113.0,2,2,13.795308871054397,Moyen,37.666666666666664,5
5646,610000.0,Kénitra,Ouled Oujih,80.0,2,2,13.321215875492413,Moyen,26.666666666666668,5
5517,1100000.0,Casablanca,Belvédère,163.0,2,2,13.910821646859095,Moyen,54.333333333333336,5
1715,250000.0,Meknès,Hay Salam,60.0,2,1,12.429220196836383,Économique,20.0,5
384,1200000.0,Marrakech,Guéliz,54.0,1,1,13.997832948091215,Moyen,27.0,5
1539,1100000.0,Meknès,Hamria,200.0,3,2,13.910821646859095,Moyen,50.0,5
212,560000.0,Fès,Ain Amiyer,87.0,2,1,13.235693848424024,Moyen,29.0,5
3389,700000.0,Kénitra,Alliance,94.0,3,1,13.45883704259595,Moyen,23.5,5
6574,800000.0,Casablanca,Quartier Des Hôpitaux,63.0,1,1,13.592368256649284,Moyen,31.5,5
1957,3000000.0,Casablanca,Moulay Youssef,119.0,3,2,14.914123179965662,Luxe,29.75,5
7020,750000.0,Béni Mellal,Toute La Ville,70.0,3,1,13.527829818844937,Moyen,17.5,5
2439,740000.0,Tanger,Marjane,74.0,2,1,13.51440681653079,Moyen,24.666666666666668,5
2728,1950000.0,Tanger,Centre Ville,150.0,3,2,14.48334044336031,Luxe,37.5,5
4276,750000.0,Tanger,Tanja Balia,80.0,3,1,13.527829818844937,Moyen,20.0,5
4234,1267000.0,Marrakech,Guéliz,51.0,1,1,14.052163248568947,Moyen,25.5,5
6243,1098000.0,Casablanca,Maarif,83.0,1,1,13.90900181179801,Moyen,41.5,5
1350,760000.0,Tanger,Tanja Balia,76.0,2,1,13.541075028051122,Moyen,25.333333333333332,5
5149,4800000.0,Fès,Ouled Tayeb,120.0,4,2,15.38412668421143,Luxe,24.0,5
6459,1250000.0,El Mansouria,Toute La Ville,92.0,2,2,14.038654909278163,Moyen,30.666666666666668,5
3833,640000.0,Kénitra,Alliance,82.0,2,2,13.369225017834633,Moyen,27.333333333333332,5
3581,750000.0,Martil,Toute La Ville,116.0,2,2,13.527829818844937,Moyen,38.666666666666664,5
6275,1300000.0,Kénitra,Centre,112.0,3,1,14.077875591662238,Moyen,28.0,5
681,1030000.0,Kénitra,La Ville Haute,114.0,2,1,13.845070331079134,Moyen,38.0,5
3902,1030000.0,Casablanca,Ain Sebaa,125.0,2,1,13.845070331079134,Moyen,41.666666666666664,5
181,3000000.0,Agadir,Haut-Founty,187.0,3,3,14.914123179965662,Luxe,46.75,5
7798,2100000.0,Marrakech,Majorelle,120.0,2,2,14.557448378884015,Luxe,40.0,5
863,1500000.0,Tanger,Casabarata,100.0,2,1,14.220976332738882,Moyen,33.333333333333336,5
7570,750000.0,Martil,Toute La Ville,116.0,2,2,13.527829818844937,Moyen,38.666666666666664,5
6784,620000.0,Tanger,Mesnana,56.0,2,1,13.3374763699232,Moyen,18.666666666666668,5
279,860000.0,Marrakech,Hay Izdihar,69.0,2,1,13.664688831019712,Moyen,23.0,5
6825,480000.0,Tanger,Aviation,38.0,1,1,13.081543466215237,Économique,19.0,5
3320,500000.0,Bouznika,Autre Secteur,76.0,2,1,13.122365377402328,Économique,25.333333333333332,5
3253,1700000.0,Agadir,Haut-Founty,102.0,2,2,14.346139397261565,Luxe,34.0,5
2518,1270000.0,Casablanca,Belvédère,116.0,2,2,14.054528245836039,Moyen,38.666666666666664,5
2481,1092000.0,Casablanca,Oulfa,78.0,2,2,13.903522351037484,Moyen,26.0,5
290,1450000.0,Mohammedia,Quartier Du Parc,125.0,3,2,14.187074804051692,Moyen,31.25,5
5308,750000.0,Tanger,Tanja Balia,56.0,2,1,13.527829818844937,Moyen,18.666666666666668,5
3076,365000.0,El Jadida,Saada,52.0,2,1,12.807655372286902,Économique,17.333333333333332,5
5141,430000.0,Sidi Rahal,Toute La Ville,57.0,2,1,12.971542813248437,Économique,19.0,5
4320,850000.0,Meknès,Ville Nouvelle,162.0,3,3,13.652992804936396,Moyen,40.5,5
6163,870000.0,Kénitra,Seyad,100.0,3,2,13.676249640055394,Moyen,25.0,5
994,840000.0,Temara,Autre Secteur,96.0,2,2,13.641158361294979,Moyen,32.0,5
3236,480000.0,Martil,Toute La Ville,70.0,1,1,13.081543466215237,Économique,35.0,5
2237,800000.0,Marrakech,Route De Casablanca,54.0,1,1,13.592368256649284,Moyen,27.0,5
7648,1350000.0,Temara,Wifak,94.0,3,2,14.115615891155079,Moyen,23.5,5
40,1690000.0,Temara,Oued Eddahab,115.0,3,1,14.340239678615058,Luxe,28.75,5
7750,220000.0,Had Soualem,Toute La Ville,60.0,2,2,12.301387370778713,Économique,20.0,5
5550,505000.0,Tanger,Autre Secteur,67.0,2,1,13.132315688453556,Moyen,22.333333333333332,5
5799,2200000.0,Marrakech,Semlalia,101.0,2,2,14.603968372873895,Luxe,33.666666666666664,5
2755,850000.0,Casablanca,Ain Sebaa,70.0,2,1,13.652992804936396,Moyen,23.333333333333332,5
6835,2370000.0,Dar Bouazza,Toute La Ville,145.0,2,2,14.678400935052153,Luxe,48.333333333333336,5
7035,889000.0,Temara,Centre Ville,108.0,3,2,13.697853639354802,Moyen,27.0,5
271,790000.0,Kénitra,Bir Rami,85.0,2,2,13.579789490265188,Moyen,28.333333333333332,5
4059,1250000.0,Casablanca,Palmier,59.0,1,1,14.038654909278163,Moyen,29.5,5
2884,1350000.0,Casablanca,Belvédère,126.0,2,2,14.115615891155079,Moyen,42.0,5
6691,650000.0,Dar Bouazza,Toute La Ville,66.0,2,2,13.384729180332174,Moyen,22.0,5
5514,320000.0,Meknès,Wislane,70.0,1,1,12.676079399771027,Économique,35.0,5
7048,1295900.0,Casablanca,Maarif,54.0,1,1,14.074716764087688,Moyen,27.0,5
5908,900000.0,Kénitra,Maamora,121.0,3,1,13.710151153416941,Moyen,30.25,5
7243,2500000.0,Marrakech,Guéliz,161.0,3,2,14.731801689838349,Luxe,40.25,5
6369,400000.0,Sidi Allal El Bahraoui,Toute La Ville,112.0,3,2,12.899222326086994,Économique,28.0,5
112,3000000.0,Casablanca,Racine,154.0,3,3,14.914123179965662,Luxe,38.5,5
3219,820000.0,El Jadida,Corniche,107.0,3,2,13.617060838751888,Moyen,26.75,5
1392,2700000.0,Casablanca,Mers Sultan,197.0,4,2,14.80876270134486,Luxe,39.4,5
2599,849000.0,Temara,Centre Ville,78.0,2,2,13.651815643149092,Moyen,26.0,5
3976,1900000.0,Casablanca,Val Fleuri,132.0,3,2,14.45736497045232,Luxe,33.0,5
221,495000.0,Tanger,Autre Secteur,60.0,2,1,13.112315061750808,Économique,20.0,5
5364,870000.0,Marrakech,Route De Casablanca,72.0,1,1,13.676249640055394,Moyen,36.0,5
8189,1000000.0,Agadir,Hay Al Farah,96.0,2,1,13.815511557963774,Moyen,32.0,5
4127,490000.0,Kénitra,Seyad,80.0,2,2,13.102162710901053,Économique,26.666666666666668,5
6582,750000.0,Saidia,Toute La Ville,80.0,2,1,13.527829818844937,Moyen,26.666666666666668,5
84,1680000.0,Casablanca,Belvédère,155.0,4,2,14.33430494661736,Luxe,31.0,5
874,1450000.0,Rabat,Massira,101.0,3,2,14.187074804051692,Moyen,25.25,5
7592,2100000.0,Mohammedia,Mimosas,107.0,2,2,14.557448378884015,Luxe,35.666666666666664,5
6423,1500000.0,Mohammedia,Autre Secteur,103.0,2,1,14.220976332738882,Moyen,34.333333333333336,5
462,740000.0,Rabat,Hay Riad,377.0,5,3,13.51440681653079,Moyen,62.833333333333336,5
7206,330000.0,Dar Bouazza,Toute La Ville,56.0,2,1,12.706850963741102,Économique,18.666666666666668,5
6071,1380000.0,Zenata,Toute La Ville,101.0,3,2,14.137594781770806,Moyen,25.25,5
552,3996000.0,Martil,Toute La Ville,148.0,3,2,15.2008046690008,Luxe,37.0,5
2201,900000.0,Temara,Autre Secteur,120.0,4,2,13.710151153416941,Moyen,24.0,5
2375,2550000.0,Mdiq,Toute La Ville,64.0,1,1,14.751604309291395,Luxe,32.0,5
6881,1280000.0,Casablanca,Californie,137.0,1,2,14.062371417145494,Moyen,68.5,5
4310,1000000.0,El Mansouria,Toute La Ville,100.0,2,2,13.815511557963774,Moyen,33.333333333333336,5
2247,1700000.0,Tanger,Branes 1,113.0,3,3,14.346139397261565,Luxe,28.25,5
7714,3400000.0,Dar Bouazza,Toute La Ville,199.0,3,3,15.039286283703994,Luxe,49.75,5
6710,420000.0,Casablanca,Ain Sebaa,52.0,2,1,12.948012371209098,Économique,17.333333333333332,5
2451,1800000.0,Zenata,Toute La Ville,87.0,2,2,14.403297778421795,Luxe,29.0,5
3955,460000.0,Casablanca,Oulfa,54.0,2,1,13.038983942375959,Économique,18.0,5
2330,1200000.0,Agadir,Anza,60.0,1,1,13.997832948091215,Moyen,30.0,5
6867,870000.0,Agadir,Hay Mohammadi,72.0,2,2,13.676249640055394,Moyen,24.0,5
2147,790000.0,Mohammedia,Nassim,70.0,2,1,13.579789490265188,Moyen,23.333333333333332,5
4751,1530000.0,Tanger,Centre Ville,82.0,2,1,14.240778946963175,Luxe,27.333333333333332,5
4521,520000.0,Casablanca,Sidi Moumen,62.0,2,1,13.161586013632684,Moyen,20.666666666666668,5
7232,530000.0,Berrechid,Toute La Ville,88.0,2,1,13.180634172318978,Moyen,29.333333333333332,5
651,450000.0,Tanger,Hay Hassani,52.0,2,2,13.017005083966255,Économique,17.333333333333332,5
7705,2000000.0,Marrakech,Hivernage,62.0,1,1,14.508658238524095,Luxe,31.0,5
709,2800000.0,Mehdia,Toute La Ville,121.0,3,2,14.845130332288226,Luxe,30.25,5
6996,570000.0,Temara,Wifak,63.0,2,1,13.25339339419516,Moyen,21.0,5
4374,360000.0,Kénitra,Bir Rami,70.0,2,1,12.793862088206213,Économique,23.333333333333332,5
7145,1950000.0,Tanger,Centre Ville,150.0,3,2,14.48334044336031,Luxe,37.5,5
4293,960000.0,Tanger,Du Golf,79.0,2,1,13.774689605110144,Moyen,26.333333333333332,5
3064,1300000.0,Casablanca,Route D'Azemmour,90.0,2,2,14.077875591662238,Moyen,30.0,5
5509,900000.0,Tanger,Ahlane,66.0,2,1,13.710151153416941,Moyen,22.0,5
3350,960000.0,Agadir,Hay Mohammadi,76.0,3,2,13.774689605110144,Moyen,19.0,5
1425,2200000.0,Casablanca,2 Mars,150.0,3,2,14.603968372873895,Luxe,37.5,5
1216,290000.0,Bouznika,Autre Secteur,60.0,2,1,12.577639650232573,Économique,20.0,5
6261,1100000.0,Casablanca,Maârif Extension,52.0,2,2,13.910821646859095,Moyen,17.333333333333332,5
1924,1030000.0,Casablanca,Ain Sebaa,125.0,2,1,13.845070331079134,Moyen,41.666666666666664,5
105,1134000.0,Marrakech,Guéliz,63.0,1,1,13.941262645103661,Moyen,31.5,5
1065,400000.0,Béni Mellal,Toute La Ville,84.0,3,2,12.899222326086994,Économique,21.0,5
3787,950000.0,Casablanca,Sidi Maarouf,87.0,3,2,13.76421831620775,Moyen,21.75,5
315,1400000.0,Casablanca,Maarif,70.0,3,1,14.151983508870947,Moyen,17.5,5
1289,460000.0,Sidi Rahal,Toute La Ville,57.0,2,1,13.038983942375959,Économique,19.0,5
6609,475000.0,Casablanca,Autre Secteur,64.0,2,1,13.07107218827772,Économique,21.333333333333332,5
4561,400000.0,Salé,Toute La Ville,55.0,2,1,12.899222326086994,Économique,18.333333333333332,5
1428,1078000.0,Marrakech,Hay Izdihar,77.0,2,2,13.890618958094434,Moyen,25.666666666666668,5
4557,4900000.0,Casablanca,Anfa,185.0,3,2,15.404745967162468,Luxe,46.25,5
6449,2500000.0,Tanger,Centre Ville,122.0,2,2,14.731801689838349,Luxe,40.666666666666664,5
3130,670000.0,Casablanca,Oulfa,73.0,2,1,13.415034483903348,Moyen,24.333333333333332,5
5031,2390000.0,Marrakech,Hay Izdihar,240.0,3,3,14.686804342317648,Luxe,60.0,5
6627,1980000.0,Casablanca,Sidi Belyout,130.0,3,2,14.498607907721096,Luxe,32.5,5
3009,108000.0,Mohammedia,Autre Secteur,210.0,3,2,11.58989576532275,Économique,52.5,5
6775,600000.0,Casablanca,Bachkou,58.0,2,1,13.304686600863562,Moyen,19.333333333333332,5
1106,1950000.0,Tanger,Centre Ville,150.0,3,2,14.48334044336031,Luxe,37.5,5
4488,850000.0,El Jadida,Quartier Aérodrome,130.0,3,3,13.652992804936396,Moyen,32.5,5
7590,3000000.0,Tanger,Centre Ville,125.0,3,2,14.914123179965662,Luxe,31.25,5
5051,690000.0,Casablanca,Hay Inara,67.0,2,1,13.444448325847754,Moyen,22.333333333333332,5
8191,380000.0,Mohammedia,Autre Secteur,63.0,3,1,12.847929163278053,Économique,15.75,5
4451,64000000.0,Safi,Autre Secteur,120.0,3,2,17.974393656948944,Luxe,30.0,5
685,570000.0,Kénitra,Seyad,90.0,2,2,13.25339339419516,Moyen,30.0,5
7771,900000.0,Casablanca,Les Princesses,44.0,1,1,13.710151153416941,Moyen,22.0,5
5286,1650000.0,Casablanca,Almaz,143.0,3,3,14.316286451937186,Luxe,35.75,5
2766,480000.0,Agadir,Autre Secteur,150.0,2,1,13.081543466215237,Économique,50.0,5
3930,870000.0,Kénitra,Alliance,150.0,3,2,13.676249640055394,Moyen,37.5,5
6758,1750000.0,Temara,Wifak,103.0,3,2,14.375126917328105,Luxe,25.75,5
6317,620000.0,Sidi Rahal,Toute La Ville,92.0,3,2,13.3374763699232,Moyen,23.0,5
5062,650000.0,Temara,Wifak,65.0,2,1,13.384729180332174,Moyen,21.666666666666668,5
3682,100000000.0,Salé,Said Hajji,100.0,3,2,18.420680753952364,Luxe,25.0,5
7507,1250000.0,Temara,Autre Secteur,112.0,2,2,14.038654909278163,Moyen,37.333333333333336,5
4317,1100000.0,Martil,Toute La Ville,130.0,2,1,13.910821646859095,Moyen,43.333333333333336,5
6384,1456000.0,Agadir,Centre Ville,104.0,3,1,14.19120419455172,Moyen,26.0,5
2452,980000.0,Casablanca,Aïn Chock,100.0,2,1,13.795308871054397,Moyen,33.333333333333336,5
4422,450000.0,El Hajeb,Toute La Ville,80.0,2,1,13.017005083966255,Économique,26.666666666666668,5
4439,3200000.0,Casablanca,Racine,204.0,3,3,14.978661680269907,Luxe,51.0,5
3825,1949000.0,Bouznika,Autre Secteur,121.0,3,2,14.482827491573198,Luxe,30.25,5
2653,420000.0,Casablanca,Ain Sebaa,52.0,2,1,12.948012371209098,Économique,17.333333333333332,5
6846,280000.0,Mohammedia,Autre Secteur,60.0,2,1,12.54254845357358,Économique,20.0,5
7929,360000.0,Tanger,Al Irfane 2,56.0,2,1,12.793862088206213,Économique,18.666666666666668,5
2176,650000.0,Kénitra,Ouled Oujih,85.0,2,1,13.384729180332174,Moyen,28.333333333333332,5
7088,750000.0,Casablanca,Sidi Bernoussi,96.0,3,2,13.527829818844937,Moyen,24.0,5
3319,470000.0,Asilah,Toute La Ville,61.0,2,1,13.060490101343552,Économique,20.333333333333332,5
4285,1020000.0,Tanger,Tanja Balia,196.0,2,1,13.83531416565213,Moyen,65.33333333333333,5
2788,744000.0,Tanger,Tanja Balia,93.0,3,1,13.519797657900348,Moyen,23.25,5
4106,3000000.0,Tanger,Autre Secteur,140.0,2,2,14.914123179965662,Luxe,46.666666666666664,5
5187,170000.0,Mehdia,Toute La Ville,40.0,1,1,12.04355959836804,Économique,20.0,5
1677,1450000.0,Mohammedia,Quartier Du Parc,125.0,3,2,14.187074804051692,Moyen,31.25,5
3948,170000.0,Meknès,Wislane,60.0,2,1,12.04355959836804,Économique,20.0,5
5994,3400000.0,Tanger,Centre Ville,238.0,3,2,15.039286283703994,Luxe,59.5,5
6245,1320000.0,Kénitra,Maamora,174.0,2,2,14.093143052138025,Moyen,58.0,5
5225,800000.0,Marrakech,Mabrouka,70.0,2,1,13.592368256649284,Moyen,23.333333333333332,5
5002,420000.0,Tanger,Hay Hassani,56.0,2,1,12.948012371209098,Économique,18.666666666666668,5
2504,798000.0,Tanger,Tanja Balia,76.0,2,1,13.589865129563993,Moyen,25.333333333333332,5
5926,600000.0,Kénitra,Seyad,90.0,3,1,13.304686600863562,Moyen,22.5,5
2370,990000.0,Marrakech,Route De Safi,80.0,2,2,13.805461232211272,Moyen,26.666666666666668,5
2218,1300000.0,Kénitra,Centre,112.0,3,1,14.077875591662238,Moyen,28.0,5
2219,800000.0,El Jadida,Saada,131.0,3,2,13.592368256649284,Moyen,32.75,5
3327,1250000.0,Temara,Wifak,89.0,2,2,14.038654909278163,Moyen,29.666666666666668,5
4937,3750000.0,Rabat,Hay Riad,143.0,3,2,15.137266664613225,Luxe,35.75,5
3584,890000.0,Kénitra,Centre,111.0,2,2,13.698977865303197,Moyen,37.0,5
7745,798000.0,Tanger,Tanja Balia,76.0,2,1,13.589865129563993,Moyen,25.333333333333332,5
5504,550000.0,Tanger,Autre Secteur,60.0,2,1,13.217675375388819,Moyen,20.0,5
7660,1650000.0,Sidi Rahal,Toute La Ville,155.0,2,2,14.316286451937186,Luxe,51.666666666666664,5
6426,1400000.0,Tanger,Centre Ville,112.0,2,1,14.151983508870947,Moyen,37.333333333333336,5
86,850000.0,Temara,Ain Atig,88.0,3,1,13.652992804936396,Moyen,22.0,5
2802,1690000.0,Casablanca,Californie,106.0,3,2,14.340239678615058,Luxe,26.5,5
3671,2500000.0,Casablanca,Val Fleuri,136.0,3,2,14.731801689838349,Luxe,34.0,5
3667,400000.0,Marrakech,M'Hamid,65.0,2,2,12.899222326086994,Économique,21.666666666666668,5
2019,1050000.0,Casablanca,Maârif Extension,76.0,2,2,13.864301674514206,Moyen,25.333333333333332,5
5270,729000.0,Marrakech,M'Hamid,104.0,3,3,13.499430382731967,Moyen,26.0,5
2525,750000.0,Saidia,Toute La Ville,80.0,2,1,13.527829818844937,Moyen,26.666666666666668,5
4922,592000.0,Tanger,Tanja Balia,74.0,2,1,13.291263603053904,Moyen,24.666666666666668,5
4202,1300000.0,Marrakech,Semlalia,82.0,2,1,14.077875591662238,Moyen,27.333333333333332,5
6338,1083000.0,Agadir,Haut-Founty,57.0,1,1,13.895246449343736,Moyen,28.5,5
6049,330000.0,Fès,Mont Fleuri,64.0,2,1,12.706850963741102,Économique,21.333333333333332,5
4563,555000.0,Tanger,Tanja Balia,74.0,2,1,13.22672519452875,Moyen,24.666666666666668,5
2896,870000.0,Casablanca,Sidi Bernoussi,99.0,2,2,13.676249640055394,Moyen,33.0,5
7121,1300000.0,Casablanca,Route D'Azemmour,90.0,2,2,14.077875591662238,Moyen,30.0,5
7006,798000.0,Tanger,Tanja Balia,76.0,2,1,13.589865129563993,Moyen,25.333333333333332,5
3426,1200000.0,Agadir,Hay Mohammadi,113.0,3,2,13.997832948091215,Moyen,28.25,5
4679,1750000.0,Temara,Wifak,103.0,3,2,14.375126917328105,Luxe,25.75,5
4536,2380000.0,Rabat,Souissi,120.0,3,2,14.682611465815636,Luxe,30.0,5
4472,1780000.0,Bouskoura,Victoria,188.0,3,3,14.392124484065864,Luxe,47.0,5
4162,650000.0,Casablanca,Oulfa,51.0,1,1,13.384729180332174,Moyen,25.5,5
8068,1450000.0,Salé,Sala El Jadida,102.0,3,2,14.187074804051692,Moyen,25.5,5
2001,880000.0,Bouskoura,Victoria,104.0,2,2,13.68767832281738,Moyen,34.666666666666664,5
6125,1030000.0,Kénitra,La Ville Haute,114.0,2,1,13.845070331079134,Moyen,38.0,5
870,330000.0,Saidia,Toute La Ville,57.0,2,1,12.706850963741102,Économique,19.0,5
357,600000.0,Casablanca,Ain Sebaa,67.0,2,1,13.304686600863562,Moyen,22.333333333333332,5
5602,1700000.0,Casablanca,2 Mars,133.0,3,2,14.346139397261565,Luxe,33.25,5
6337,2288000.0,Taghazout,Toute La Ville,130.0,1,2,14.643189068544666,Luxe,65.0,5
8078,1700000.0,Casablanca,Autre Secteur,104.0,2,1,14.346139397261565,Luxe,34.666666666666664,5
1891,1200000.0,Tanger,Aharrarine,170.0,3,2,13.997832948091215,Moyen,42.5,5
6385,1150000.0,Temara,Abbadi,105.0,3,1,13.955273369904273,Moyen,26.25,5
6964,680000.0,Martil,Toute La Ville,70.0,2,1,13.429849547739444,Moyen,23.333333333333332,5
3564,600000.0,Marrakech,Allal El Fassi,47.0,2,1,13.304686600863562,Moyen,15.666666666666666,5
5565,2350000.0,Casablanca,Ferme Bretone,144.0,3,3,14.669926311652166,Luxe,36.0,5
2381,570000.0,Bouznika,Autre Secteur,84.0,2,1,13.25339339419516,Moyen,28.0,5
7106,450000.0,Casablanca,Sidi Bernoussi,56.0,3,1,13.017005083966255,Économique,14.0,5
5717,1300000.0,Casablanca,Val Fleuri,97.0,1,1,14.077875591662238,Moyen,48.5,5
6508,1800000.0,Zenata,Toute La Ville,87.0,2,2,14.403297778421795,Luxe,29.0,5
3307,580000.0,Salé,Sala El Jadida,80.0,2,1,13.270785106659046,Moyen,26.666666666666668,5
6350,230000.0,Casablanca,Sidi Moumen,46.0,2,1,12.345838935721968,Économique,15.333333333333334,5
3500,7200000.0,Tanger,Malabata,186.0,4,2,15.789591722875162,Luxe,37.2,5
7659,1350000.0,Marrakech,Guéliz,50.0,1,1,14.115615891155079,Moyen,25.0,5
1117,1020000.0,Tanger,Tanja Balia,196.0,2,1,13.83531416565213,Moyen,65.33333333333333,5
7538,1550000.0,Marrakech,Palmeraie,85.0,2,2,14.253766134056512,Luxe,28.333333333333332,5
6377,1180000.0,Casablanca,Bourgogne,60.0,1,1,13.981025843899115,Moyen,30.0,5
6638,1040000.0,Casablanca,Oulfa,100.0,3,2,13.854732232655556,Moyen,25.0,5
5548,1360000.0,Marrakech,Guéliz,81.0,1,1,14.122995993006082,Moyen,40.5,5
5355,590000.0,Casablanca,Al Madina Aljadida,70.0,2,1,13.28787951079572,Moyen,23.333333333333332,5
8024,510000.0,Fès,Autre Secteur,77.0,3,1,13.1421679654829,Moyen,19.25,5
2501,550000.0,Tanger,Tanja Balia,56.0,2,1,13.217675375388819,Moyen,18.666666666666668,5
6615,2380000.0,Rabat,Souissi,120.0,3,2,14.682611465815636,Luxe,30.0,5
7274,430000.0,Meknès,Autre Secteur,80.0,3,2,12.971542813248437,Économique,20.0,5
3810,1000000.0,Essaouira,Centre Ville,75.0,3,2,13.815511557963774,Moyen,18.75,5
7608,1700000.0,Casablanca,Beauséjour,171.0,3,2,14.346139397261565,Luxe,42.75,5
6180,1100000.0,Tanger,Autre Secteur,89.0,2,1,13.910821646859095,Moyen,29.666666666666668,5
6868,430000.0,El Jadida,Amal,64.0,2,1,12.971542813248437,Économique,21.333333333333332,5
7807,550000.0,Kénitra,Alliance,75.0,2,2,13.217675375388819,Moyen,25.0,5
6670,390000.0,Fès,Hay Saada,62.0,1,1,12.873904582205107,Économique,31.0,5
2052,3000000.0,Casablanca,Maarif,250.0,4,3,14.914123179965662,Luxe,50.0,5
1777,660000.0,Casablanca,Al Fida,66.0,2,1,13.399996629152975,Moyen,22.0,5
6652,2950000.0,Agadir,Marina,110.0,2,2,14.897316067298997,Luxe,36.666666666666664,5
3314,720000.0,Casablanca,Roches Noires,75.0,2,1,13.487007879880162,Moyen,25.0,5
5897,1250000.0,Marrakech,Route De Casablanca,70.0,1,2,14.038654909278163,Moyen,35.0,5
4575,1680000.0,Casablanca,Racine,144.0,3,1,14.33430494661736,Luxe,36.0,5
1593,630000.0,Kénitra,Alliance,90.0,2,2,13.353476685668044,Moyen,30.0,5
1724,2650000.0,Temara,Wifak,213.0,3,1,14.790070575320824,Luxe,53.25,5
6415,300000.0,Berrechid,Toute La Ville,51.0,2,1,12.611541086966115,Économique,17.0,5
4271,230000.0,Casablanca,Sidi Moumen,46.0,2,1,12.345838935721968,Économique,15.333333333333334,5
5587,980000.0,Casablanca,Maarif,42.0,1,1,13.795308871054397,Moyen,21.0,5
491,850000.0,Marrakech,Hay Charaf,93.0,2,1,13.652992804936396,Moyen,31.0,5
6884,370000.0,Mohammedia,Monica,58.0,2,1,12.821260987319457,Économique,19.333333333333332,5
3484,1200000.0,Tanger,Autre Secteur,80.0,2,1,13.997832948091215,Moyen,26.666666666666668,5
3432,380000.0,Mdiq,Toute La Ville,50.0,1,1,12.847929163278053,Économique,25.0,5
5380,1350000.0,Casablanca,Bourgogne,163.0,3,3,14.115615891155079,Moyen,40.75,5
5186,620000.0,Ait Melloul,Toute La Ville,75.0,2,2,13.3374763699232,Moyen,25.0,5
26,630000.0,Kénitra,Alliance,90.0,2,2,13.353476685668044,Moyen,30.0,5
7290,570000.0,Agadir,Tilila,58.0,2,1,13.25339339419516,Moyen,19.333333333333332,5
2410,1332000.0,Rabat,Hassan,120.0,2,1,14.102192880832941,Moyen,40.0,5
3271,830000.0,Martil,Toute La Ville,68.0,2,1,13.629182184591333,Moyen,22.666666666666668,5
1553,2500000.0,Tanger,Autre Secteur,165.0,2,2,14.731801689838349,Luxe,55.0,5
6994,2200000.0,Casablanca,Racine,108.0,2,2,14.603968372873895,Luxe,36.0,5
6133,2000000.0,Tanger,Centre Ville,177.0,3,2,14.508658238524095,Luxe,44.25,5
3872,2850000.0,Dar Bouazza,Toute La Ville,200.0,3,2,14.862829903121964,Luxe,50.0,5
3403,2200000.0,Casablanca,2 Mars,150.0,3,2,14.603968372873895,Luxe,37.5,5
980,1400000.0,Tanger,Centre Ville,112.0,2,1,14.151983508870947,Moyen,37.333333333333336,5
2656,1450000.0,Marrakech,Centre Ville,90.0,2,1,14.187074804051692,Moyen,30.0,5
1848,21000000.0,El Menzeh,Toute La Ville,128.0,3,2,16.860033043306743,Luxe,32.0,5
7934,570000.0,Tétouan,Autre Secteur,78.0,2,1,13.25339339419516,Moyen,26.0,5
5571,1350000.0,Marrakech,Route De Safi,95.0,2,1,14.115615891155079,Moyen,31.666666666666668,5
4816,1620000.0,Casablanca,Californie,98.0,2,1,14.297937324492327,Luxe,32.666666666666664,5
6096,640000.0,Bouznika,Autre Secteur,74.0,2,2,13.369225017834633,Moyen,24.666666666666668,5
4857,1100000.0,Marrakech,Route De Casablanca,83.0,2,1,13.910821646859095,Moyen,27.666666666666668,5
1103,900000.0,Casablanca,Sidi Maarouf,85.0,2,2,13.710151153416941,Moyen,28.333333333333332,5
3277,540000.0,Sidi Rahal,Toute La Ville,71.0,3,2,13.199326270390594,Moyen,17.75,5
7438,285000.0,Meknès,,67.0,2,1,12.560247968016562,Économique,22.333333333333332,5
6091,1490000.0,Casablanca,Val Fleuri,133.0,3,2,14.214287349062356,Moyen,33.25,5
5711,950000.0,Mohammedia,Riad 2,91.0,2,1,13.76421831620775,Moyen,30.333333333333332,5
3997,1050000.0,Casablanca,Maârif Extension,76.0,2,2,13.864301674514206,Moyen,25.333333333333332,5
195,440000.0,Marrakech,Es Saada,60.0,2,1,12.994532278619134,Économique,20.0,5
644,750000.0,Oued Laou,Toute La Ville,87.0,2,1,13.527829818844937,Moyen,29.0,5
3286,1020000.0,Temara,Centre Ville,110.0,3,2,13.83531416565213,Moyen,27.5,5
3117,990000.0,Marrakech,Route De Safi,77.0,2,2,13.805461232211272,Moyen,25.666666666666668,5
3576,896000.0,Marrakech,Guéliz,56.0,2,1,13.705696808027874,Moyen,18.666666666666668,5
6716,1450000.0,Temara,Wifak,87.0,2,2,14.187074804051692,Moyen,29.0,5
2207,1250000.0,Kénitra,Maamora,102.0,3,2,14.038654909278163,Moyen,25.5,5
3719,330000.0,Oujda,Centre Ville,60.0,2,1,12.706850963741102,Économique,20.0,5
973,650000.0,Saidia,Toute La Ville,110.0,3,2,13.384729180332174,Moyen,27.5,5
720,800000.0,Kénitra,Seyad,104.0,3,2,13.592368256649284,Moyen,26.0,5
7390,800000.0,Tanger,Tanja Balia,118.0,2,1,13.592368256649284,Moyen,39.333333333333336,5
3897,4750000.0,Rabat,Hay Riad,202.0,3,1,15.373655386537118,Luxe,50.5,5
2804,700000.0,Agadir,El Houda,59.0,2,1,13.45883704259595,Moyen,19.666666666666668,5
2566,2100000.0,Casablanca,Maarif,110.0,2,2,14.557448378884015,Luxe,36.666666666666664,5
4026,795000.0,Bouznika,Hamza,96.0,3,2,13.586098651497313,Moyen,24.0,5
33,1850000.0,Sidi Bouknadel,Toute La Ville,130.0,2,2,14.430696737594902,Luxe,43.333333333333336,5
7636,900000.0,Marrakech,Guéliz,53.0,1,2,13.710151153416941,Moyen,26.5,5
4064,2800000.0,Salé,Toute La Ville,211.0,3,3,14.845130332288226,Luxe,52.75,5
6608,980000.0,El Jadida,Quartier Aérodrome,130.0,3,2,13.795308871054397,Moyen,32.5,5
1698,2300000.0,Casablanca,Anfa,121.0,2,1,14.648420115681892,Luxe,40.333333333333336,5
2793,420000.0,Casablanca,Sidi Moumen,55.0,2,2,12.948012371209098,Économique,18.333333333333332,5
2223,450000.0,Casablanca,Oulfa,56.0,2,1,13.017005083966255,Économique,18.666666666666668,5
3765,530000.0,Casablanca,Sidi Bernoussi,110.0,3,2,13.180634172318978,Moyen,27.5,5
3867,4000000.0,Casablanca,Racine,318.0,4,3,15.201805169084134,Luxe,63.6,5
6203,3100000.0,Casablanca,Maarif,178.0,3,2,14.946912992035967,Luxe,44.5,5
6595,1330000.0,Casablanca,Les Princesses,106.0,2,1,14.100690252077353,Moyen,35.333333333333336,5
5103,510000.0,Martil,Toute La Ville,73.0,2,1,13.1421679654829,Moyen,24.333333333333332,5
4774,1250000.0,Kénitra,La Ville Haute,147.0,3,3,14.038654909278163,Moyen,36.75,5
3759,1200000.0,Casablanca,Quartier Des Hôpitaux,92.0,2,2,13.997832948091215,Moyen,30.666666666666668,5
6354,620000.0,Casablanca,Sidi Maarouf,80.0,2,1,13.3374763699232,Moyen,26.666666666666668,5
3228,1150000.0,Casablanca,Mandarona,99.0,3,2,13.955273369904273,Moyen,24.75,5
5248,1400000.0,Casablanca,Oasis,65.0,1,1,14.151983508870947,Moyen,32.5,5
5761,100000000.0,Salé,Said Hajji,100.0,3,2,18.420680753952364,Luxe,25.0,5
3905,470000.0,Had Soualem,Toute La Ville,63.0,2,2,13.060490101343552,Économique,21.0,5
2278,650000.0,Meknès,El Bassatine,127.0,4,1,13.384729180332174,Moyen,25.4,5
4596,5400000.0,Rabat,Hay Riad,326.0,4,4,15.501909696719672,Luxe,65.2,5
1402,1900000.0,Temara,Harhoura,95.0,2,2,14.45736497045232,Luxe,31.666666666666668,5
740,1950000.0,Casablanca,Maarif,118.0,2,1,14.48334044336031,Luxe,39.333333333333336,5
5019,720000.0,Asilah,Toute La Ville,92.0,2,1,13.487007879880162,Moyen,30.666666666666668,5
7747,1150000.0,Casablanca,Ain Sebaa,91.0,2,2,13.955273369904273,Moyen,30.333333333333332,5
6153,2800000.0,Mehdia,Toute La Ville,121.0,3,2,14.845130332288226,Luxe,30.25,5
6001,850000.0,Cabo Negro,Toute La Ville,46.0,1,1,13.652992804936396,Moyen,23.0,5
4383,390000.0,El Jadida,Saada,75.0,2,1,12.873904582205107,Économique,25.0,5
4620,800000.0,Tanger,Tanja Balia,118.0,2,1,13.592368256649284,Moyen,39.333333333333336,5
675,700000.0,Agadir,El Houda,70.0,2,1,13.45883704259595,Moyen,23.333333333333332,5
7297,550000.0,Agadir,Hay Mohammadi,96.0,2,1,13.217675375388819,Moyen,32.0,5
3842,8000000.0,Tanger,Sania,366.0,3,2,15.894952224644102,Luxe,91.5,5
1816,380000.0,Benslimane,Autre Secteur,126.0,3,1,12.847929163278053,Économique,31.5,5
5708,1800000.0,Marrakech,Route De Casablanca,131.0,3,2,14.403297778421795,Luxe,32.75,5
7936,1650000.0,Marrakech,Hivernage,78.0,2,2,14.316286451937186,Luxe,26.0,5
6999,750000.0,Tanger,Tanja Balia,80.0,3,1,13.527829818844937,Moyen,20.0,5
4923,400000.0,Marrakech,Hay Izdihar,48.0,1,1,12.899222326086994,Économique,24.0,5
2101,760000.0,Fès,Autre Secteur,144.0,3,2,13.541075028051122,Moyen,36.0,5
7246,750000.0,Agadir,Ben Serguaou,60.0,2,1,13.527829818844937,Moyen,20.0,5
2102,840000.0,Marrakech,Issil,74.0,2,1,13.641158361294979,Moyen,24.666666666666668,5
4214,880000.0,Fès,Autre Secteur,113.0,3,1,13.68767832281738,Moyen,28.25,5
4696,600000.0,Casablanca,Bachkou,58.0,2,1,13.304686600863562,Moyen,19.333333333333332,5
1549,960000.0,Kénitra,Val Fleury,112.0,3,2,13.774689605110144,Moyen,28.0,5
6276,800000.0,El Jadida,Saada,131.0,3,2,13.592368256649284,Moyen,32.75,5
3324,290000.0,Asilah,Toute La Ville,50.0,1,1,12.577639650232573,Économique,25.0,5
4891,1975000.0,Casablanca,Californie,115.0,3,2,14.496079462646344,Luxe,28.75,5
356,440000.0,Casablanca,Aïn Borja,69.0,3,1,12.994532278619134,Économique,17.25,5
1462,540000.0,Tanger,Mghogha,63.0,2,1,13.199326270390594,Moyen,21.0,5
7260,860000.0,Kénitra,La Ville Haute,112.0,2,2,13.664688831019712,Moyen,37.333333333333336,5
3221,900000.0,Temara,Wifak,90.0,2,1,13.710151153416941,Moyen,30.0,5
5858,850000.0,Martil,Toute La Ville,80.0,3,1,13.652992804936396,Moyen,20.0,5
7679,1460000.0,Casablanca,Maarif,76.0,2,2,14.19394767861579,Moyen,25.333333333333332,5
1752,2900000.0,Tanger,Malabata,82.0,2,1,14.88022163978423,Luxe,27.333333333333332,5
5382,450000.0,Tanger,Moujahidine,56.0,2,1,13.017005083966255,Économique,18.666666666666668,5
6026,1980000.0,Casablanca,Maârif Extension,132.0,3,2,14.498607907721096,Luxe,33.0,5
1773,1750000.0,Casablanca,Mers Sultan,139.0,2,2,14.375126917328105,Luxe,46.333333333333336,5
1196,280000.0,Salé,Sidi Moussa,46.0,1,1,12.54254845357358,Économique,23.0,5
1879,2390000.0,Dar Bouazza,Toute La Ville,132.0,3,2,14.686804342317648,Luxe,33.0,5
2669,680000.0,Marrakech,Azzouzia,88.0,2,1,13.429849547739444,Moyen,29.333333333333332,5
8177,750000.0,Casablanca,Sidi Maarouf,59.0,2,1,13.527829818844937,Moyen,19.666666666666668,5
2016,1500000.0,Casablanca,Ferme Bretone,70.0,1,1,14.220976332738882,Moyen,35.0,5
2005,4100000.0,Marrakech,Harti,117.0,3,2,15.226497775576945,Luxe,29.25,5
3894,1650000.0,Sidi Rahal,Toute La Ville,125.0,2,2,14.316286451937186,Luxe,41.666666666666664,5
3238,42000000.0,Guercif,Toute La Ville,71.0,2,1,17.553180200057167,Luxe,23.666666666666668,5
2078,1550000.0,Casablanca,Abdelmoumen,77.0,2,2,14.253766134056512,Luxe,25.666666666666668,5
397,1690000.0,Casablanca,Centre Ville,189.0,3,2,14.340239678615058,Luxe,47.25,5
2789,280000.0,Mohammedia,Autre Secteur,60.0,2,1,12.54254845357358,Économique,20.0,5
4813,1170000.0,Tanger,Marjane,78.0,2,2,13.972515161474428,Moyen,26.0,5
4073,1420000.0,Casablanca,Bourgogne,89.0,2,1,14.166168133802547,Moyen,29.666666666666668,5
5755,2300000.0,Casablanca,Anfa,121.0,2,1,14.648420115681892,Luxe,40.333333333333336,5
7326,1290000.0,Casablanca,Bourgogne,107.0,2,2,14.070153551531353,Moyen,35.666666666666664,5
1520,1450000.0,Bouznika,Plage Oued Cherrat,95.0,2,2,14.187074804051692,Moyen,31.666666666666668,5
5501,190000.0,Rabat,Hay Arrachad,60.0,2,1,12.154784614286667,Économique,20.0,5
1379,250000.0,El Jadida,Autre Secteur,60.0,2,1,12.429220196836383,Économique,20.0,5
1024,350000.0,Ksar El-Kebir,Toute La Ville,62.0,2,2,12.765691290604371,Économique,20.666666666666668,5
2586,280000.0,Salé,Sidi Moussa,46.0,1,1,12.54254845357358,Économique,23.0,5
5139,370000.0,Meknès,Autre Secteur,70.0,3,1,12.821260987319457,Économique,17.5,5
2858,1100000.0,Marrakech,Hivernage,74.0,2,1,13.910821646859095,Moyen,24.666666666666668,5
5584,3400000.0,Casablanca,Oasis,163.0,3,2,15.039286283703994,Luxe,40.75,5
1630,380000.0,Tanger,Mghogha,50.0,2,1,12.847929163278053,Économique,16.666666666666668,5
3524,2272500.0,Agadir,Talborjt,165.0,4,1,14.636391545077679,Luxe,33.0,5
5235,640000.0,Martil,Toute La Ville,105.0,2,1,13.369225017834633,Moyen,35.0,5
3607,400000.0,Marrakech,Azzouzia,64.0,2,1,12.899222326086994,Économique,21.333333333333332,5
7312,450000.0,Casablanca,Hay Hassani,61.0,2,1,13.017005083966255,Économique,20.333333333333332,5
235,700000.0,Dar Bouazza,Toute La Ville,47.0,1,1,13.45883704259595,Moyen,23.5,5
7906,250000.0,Had Soualem,Toute La Ville,54.0,1,1,12.429220196836383,Économique,27.0,5
3797,1120000.0,El Jadida,Autre Secteur,203.0,3,1,13.928840136128022,Moyen,50.75,5
4119,1550000.0,Tamesna,Toute La Ville,178.0,3,2,14.253766134056512,Luxe,44.5,5
3801,1450000.0,Marrakech,Palmeraie,74.0,2,2,14.187074804051692,Moyen,24.666666666666668,5
7452,724000.0,Casablanca,La Gironde,71.0,2,2,13.49254805258237,Moyen,23.666666666666668,5
6040,860000.0,Casablanca,Belvédère,101.0,2,2,13.664688831019712,Moyen,33.666666666666664,5
1948,2150000.0,Casablanca,Maârif Extension,146.0,3,3,14.580978865220017,Luxe,36.5,5
7278,900000.0,Temara,Wifak,90.0,2,1,13.710151153416941,Moyen,30.0,5
5078,5900000.0,Kénitra,Alliance,84.0,2,2,15.59046307836746,Luxe,28.0,5
3493,4216000.0,Casablanca,Racine,284.0,3,3,15.254397606394958,Luxe,71.0,5
2672,2400000.0,Marrakech,Bouaakkaz,75.0,2,2,14.690979711984754,Luxe,25.0,5
7305,720000.0,Temara,Wifak,64.0,2,1,13.487007879880162,Moyen,21.333333333333332,5
2225,560000.0,Kénitra,Fouarate,84.0,3,1,13.235693848424024,Moyen,21.0,5
1107,890000.0,Mohammedia,La Colline,79.0,2,2,13.698977865303197,Moyen,26.333333333333332,5
6750,370000.0,Casablanca,Sidi Belyout,56.0,2,2,12.821260987319457,Économique,18.666666666666668,5
819,1250000.0,Kénitra,Maamora,102.0,3,2,14.038654909278163,Moyen,25.5,5
6383,1200000.0,Marrakech,Guéliz,54.0,1,1,13.997832948091215,Moyen,27.0,5
6314,4700000.0,Rabat,Souissi,135.0,3,2,15.363073279446223,Luxe,33.75,5
7269,1100000.0,Marrakech,Allal El Fassi,93.0,2,2,13.910821646859095,Moyen,31.0,5
889,650000.0,Tanger,La Nouvelle Ville Ibn Battouta,60.0,2,1,13.384729180332174,Moyen,20.0,5
2438,1300000.0,Casablanca,Autre Secteur,74.0,2,2,14.077875591662238,Moyen,24.666666666666668,5
818,2000000.0,Casablanca,Quartier Des Hôpitaux,157.0,3,2,14.508658238524095,Luxe,39.25,5
3415,1090000.0,Kénitra,Centre,128.0,3,2,13.901689171636098,Moyen,32.0,5
2342,850000.0,Meknès,Ville Nouvelle,162.0,3,3,13.652992804936396,Moyen,40.5,5
6726,680000.0,Marrakech,Azzouzia,88.0,2,1,13.429849547739444,Moyen,29.333333333333332,5
3168,580000.0,Salé,Sala El Jadida,65.0,2,1,13.270785106659046,Moyen,21.666666666666668,5
6059,2000000.0,Marrakech,Route De Casablanca,107.0,2,2,14.508658238524095,Luxe,35.666666666666664,5
5398,1700000.0,Marrakech,Guéliz,67.0,2,1,14.346139397261565,Luxe,22.333333333333332,5
1264,720000.0,Tanger,Autre Secteur,64.0,2,1,13.487007879880162,Moyen,21.333333333333332,5
7558,2500000.0,Marrakech,Agdal,82.0,2,2,14.731801689838349,Luxe,27.333333333333332,5
5920,340000.0,Kénitra,Bir Rami,68.0,2,1,12.73670383776449,Économique,22.666666666666668,5
5777,440000.0,Casablanca,Sidi Othmane,81.0,2,1,12.994532278619134,Économique,27.0,5
1228,5400000.0,Rabat,Hay Riad,326.0,4,4,15.501909696719672,Luxe,65.2,5
4899,700000.0,Casablanca,Belvédère,45.0,1,1,13.45883704259595,Moyen,22.5,5
53,1500000.0,Marrakech,Guéliz,106.0,2,1,14.220976332738882,Moyen,35.333333333333336,5
5457,260000.0,Oujda,Autre Secteur,80.0,2,1,12.468440756144114,Économique,26.666666666666668,5
5792,330000.0,Tanger,Autre Secteur,55.0,2,1,12.706850963741102,Économique,18.333333333333332,5
160,1600000.0,Agadir,Hay Mohammadi,128.0,3,2,14.285514812209815,Luxe,32.0,5
5075,1020000.0,Tanger,Tanja Balia,196.0,2,1,13.83531416565213,Moyen,65.33333333333333,5
1588,1300000.0,Casablanca,Bourgogne,43.0,1,1,14.077875591662238,Moyen,21.5,5
1590,450000.0,Fès,Route Ain Chkaf,76.0,1,1,13.017005083966255,Économique,38.0,5
4678,520000.0,Casablanca,Aïn Chock,55.0,2,1,13.161586013632684,Moyen,18.333333333333332,5
4450,749000.0,Casablanca,Oulfa,112.0,2,2,13.52649559761195,Moyen,37.333333333333336,5
5172,1070000.0,Tanger,Tanja Balia,102.0,4,2,13.883170141017091,Moyen,20.4,5
3859,590000.0,Agadir,Tilila,58.0,2,1,13.28787951079572,Moyen,19.333333333333332,5
4514,540000.0,Sidi Rahal,Toute La Ville,67.0,2,2,13.199326270390594,Moyen,22.333333333333332,5
2829,1200000.0,Tanger,El Majd,87.0,3,2,13.997832948091215,Moyen,21.75,5
437,660000.0,Marrakech,Route D'Ourika,37.0,1,1,13.399996629152975,Moyen,18.5,5
5479,1950000.0,Marrakech,Av Mohammed Vi,98.0,3,2,14.48334044336031,Luxe,24.5,5
3879,1989000.0,Tétouan,Safir,153.0,2,2,14.503143060601191,Luxe,51.0,5
1589,610000.0,Kénitra,Ouled Oujih,80.0,2,2,13.321215875492413,Moyen,26.666666666666668,5
2781,650000.0,Mohammedia,Autre Secteur,59.0,2,1,13.384729180332174,Moyen,19.666666666666668,5
6658,250000.0,Casablanca,Errahma,51.0,2,1,12.429220196836383,Économique,17.0,5
6047,2140000.0,Tanger,Castilla,112.0,3,2,14.576316854287645,Luxe,28.0,5
6033,670000.0,Temara,Autre Secteur,64.0,2,2,13.415034483903348,Moyen,21.333333333333332,5
974,540000.0,Casablanca,Sidi Maarouf,52.0,2,1,13.199326270390594,Moyen,17.333333333333332,5
1238,1000000.0,Casablanca,2 Mars,43.0,1,1,13.815511557963774,Moyen,21.5,5
2952,3200000.0,Dar Bouazza,Toute La Ville,158.0,3,2,14.978661680269907,Luxe,39.5,5
2343,640000.0,El Jadida,Autre Secteur,100.0,3,1,13.369225017834633,Moyen,25.0,5
4921,1100000.0,Kénitra,La Ville Haute,154.0,3,3,13.910821646859095,Moyen,38.5,5
6991,460000.0,Casablanca,Sidi Moumen,58.0,2,2,13.038983942375959,Économique,19.333333333333332,5
1498,860000.0,Casablanca,Sidi Bernoussi,101.0,3,2,13.664688831019712,Moyen,25.25,5
4258,2288000.0,Taghazout,Toute La Ville,130.0,1,2,14.643189068544666,Luxe,65.0,5
2423,1800000.0,Casablanca,Val Fleuri,129.0,2,2,14.403297778421795,Luxe,43.0,5
8193,365000.0,Temara,Massira 2,46.0,1,2,12.807655372286902,Économique,23.0,5
5383,1500000.0,Casablanca,Derb Ghallef,116.0,3,2,14.220976332738882,Moyen,29.0,5
7052,260000.0,Casablanca,Errahma,48.0,1,1,12.468440756144114,Économique,24.0,5
2092,380000.0,Casablanca,Lissasfa,53.0,2,1,12.847929163278053,Économique,17.666666666666668,5
2015,700000.0,Agadir,Hay Salam,53.0,2,1,13.45883704259595,Moyen,17.666666666666668,5
6773,330000.0,Ksar El-Kebir,Toute La Ville,80.0,2,2,12.706850963741102,Économique,26.666666666666668,5
5981,1030000.0,Casablanca,Ain Sebaa,125.0,2,1,13.845070331079134,Moyen,41.666666666666664,5
188,840000.0,Mohammedia,Corniche,89.0,2,1,13.641158361294979,Moyen,29.666666666666668,5
4823,1900000.0,Marrakech,Av Mohammed Vi,150.0,2,2,14.45736497045232,Luxe,50.0,5
3655,1450000.0,Mohammedia,Quartier Du Parc,125.0,3,2,14.187074804051692,Moyen,31.25,5
3427,2500000.0,Sidi Bouknadel,Toute La Ville,98.0,2,2,14.731801689838349,Luxe,32.666666666666664,5
4848,520000.0,Casablanca,La Gironde,44.0,1,1,13.161586013632684,Moyen,22.0,5
1382,499999.0,Temara,Autre Secteur,62.0,2,2,13.122363377404328,Économique,20.666666666666668,5
7503,999999.0,Mohammedia,El Alia,85.0,4,2,13.815510557964274,Moyen,17.0,5
414,850000.0,Martil,Toute La Ville,80.0,3,1,13.652992804936396,Moyen,20.0,5
3337,1070000.0,Tanger,Tanja Balia,102.0,4,2,13.883170141017091,Moyen,20.4,5
3606,1300000.0,Dar Bouazza,Toute La Ville,96.0,2,2,14.077875591662238,Moyen,32.0,5
7682,1950000.0,Tanger,Malabata,79.0,2,2,14.48334044336031,Luxe,26.333333333333332,5
7731,1760000.0,Marrakech,Guéliz,92.0,2,2,14.38082493519599,Luxe,30.666666666666668,5
6780,1378000.0,Tanger,Centre Ville,106.0,3,2,14.136144456244882,Moyen,26.5,5
257,2700000.0,Sidi Bouknadel,Toute La Ville,211.0,4,2,14.80876270134486,Luxe,42.2,5
5666,750000.0,Marrakech,Autre Secteur,85.0,3,1,13.527829818844937,Moyen,21.25,5
8032,1400000.0,Casablanca,Bournazil,168.0,3,3,14.151983508870947,Moyen,42.0,5
2236,880000.0,Fès,Autre Secteur,113.0,3,1,13.68767832281738,Moyen,28.25,5
1768,1250000.0,Essaouira,Toute La Ville,100.0,2,1,14.038654909278163,Moyen,33.333333333333336,5
4237,440000.0,Casablanca,Sidi Othmane,81.0,2,1,12.994532278619134,Économique,27.0,5
5866,950000.0,Casablanca,Sidi Maarouf,87.0,3,2,13.76421831620775,Moyen,21.75,5
1573,650000.0,Mohammedia,Centre Ville,80.0,2,1,13.384729180332174,Moyen,26.666666666666668,5
25,950000.0,Casablanca,La Gironde,91.0,2,2,13.76421831620775,Moyen,30.333333333333332,5
6477,695000.0,Meknès,Hamria,102.0,2,1,13.451668563394815,Moyen,34.0,5
1089,1400000.0,Casablanca,Bachkou,106.0,3,2,14.151983508870947,Moyen,26.5,5
2695,2500000.0,Tanger,Centre Ville,160.0,3,2,14.731801689838349,Luxe,40.0,5
5100,1650000.0,Marrakech,Route De Casablanca,104.0,2,2,14.316286451937186,Luxe,34.666666666666664,5
3399,600000.0,Mohammedia,Nassim,70.0,2,1,13.304686600863562,Moyen,23.333333333333332,5
3560,440000.0,Marrakech,Es Saada,60.0,2,1,12.994532278619134,Économique,20.0,5
6916,3000000.0,Tanger,Administratif,234.0,3,2,14.914123179965662,Luxe,58.5,5
2842,280000.0,Casablanca,Autre Secteur,54.0,2,1,12.54254845357358,Économique,18.0,5
2312,400000.0,Sidi Allal El Bahraoui,Toute La Ville,112.0,3,2,12.899222326086994,Économique,28.0,5
5860,300000.0,Kénitra,Bir Rami,70.0,2,1,12.611541086966115,Économique,23.333333333333332,5
7784,890000.0,Temara,Massira 2,90.0,2,2,13.698977865303197,Moyen,30.0,5
4153,590000.0,Kénitra,Alliance,80.0,2,2,13.28787951079572,Moyen,26.666666666666668,5
1309,400000.0,Casablanca,Hay Moulay Rachid,57.0,2,1,12.899222326086994,Économique,19.0,5
696,1760000.0,Casablanca,Palmier,98.0,2,2,14.38082493519599,Luxe,32.666666666666664,5
4691,1400000.0,Marrakech,Route De Casablanca,91.0,2,2,14.151983508870947,Moyen,30.333333333333332,5
3753,850000.0,Casablanca,Aïn Chock,85.0,2,1,13.652992804936396,Moyen,28.333333333333332,5
1227,430000.0,Mohammedia,Autre Secteur,64.0,3,2,12.971542813248437,Économique,16.0,5
1999,2800000.0,Casablanca,Californie,207.0,5,2,14.845130332288226,Luxe,34.5,5
277,880000.0,Casablanca,Roches Noires,90.0,2,2,13.68767832281738,Moyen,30.0,5
6559,750000.0,Tanger,Tanja Balia,93.0,3,2,13.527829818844937,Moyen,23.25,5
6149,380000.0,Casablanca,Lissasfa,53.0,2,1,12.847929163278053,Économique,17.666666666666668,5
7056,390000.0,Meknès,Wislane,91.0,3,1,12.873904582205107,Économique,22.75,5
7915,890000.0,Casablanca,Sidi Maarouf,90.0,2,1,13.698977865303197,Moyen,30.0,5
5554,620000.0,Marrakech,Azli,83.0,1,1,13.3374763699232,Moyen,41.5,5
7720,420000.0,Tanger,Aharrarine,56.0,2,1,12.948012371209098,Économique,18.666666666666668,5
8159,400000.0,Rabat,Autre Secteur,50.0,2,2,12.899222326086994,Économique,16.666666666666668,5
4740,420000.0,Berrechid,Toute La Ville,72.0,2,2,12.948012371209098,Économique,24.0,5
1138,1100000.0,Marrakech,Guéliz,45.0,1,1,13.910821646859095,Moyen,22.5,5
2768,480000.0,Tanger,Aviation,38.0,1,1,13.081543466215237,Économique,19.0,5
5502,3400000.0,Rabat,Hay Riad,120.0,3,1,15.039286283703994,Luxe,30.0,5
6286,830000.0,Casablanca,Oulfa,83.0,2,2,13.629182184591333,Moyen,27.666666666666668,5
943,1000000.0,El Mansouria,Toute La Ville,100.0,2,2,13.815511557963774,Moyen,33.333333333333336,5
7189,1900000.0,Casablanca,Centre Ville,175.0,2,2,14.45736497045232,Luxe,58.333333333333336,5
3936,920000.0,Casablanca,Ain Sebaa,85.0,2,2,13.732130035981154,Moyen,28.333333333333332,5
2385,870000.0,Fès,Narjis,145.0,3,1,13.676249640055394,Moyen,36.25,5
116,1250000.0,Casablanca,Palmier,53.0,1,1,14.038654909278163,Moyen,26.5,5
5733,855000.0,Bouskoura,Victoria,115.0,3,2,13.658857917508856,Moyen,28.75,5
8152,798000.0,Tanger,Tanja Balia,76.0,2,1,13.589865129563993,Moyen,25.333333333333332,5
3120,1200000.0,Kénitra,La Ville Haute,118.0,3,2,13.997832948091215,Moyen,29.5,5
4259,1083000.0,Agadir,Haut-Founty,57.0,1,1,13.895246449343736,Moyen,28.5,5
4523,1200000.0,Marrakech,Autre Secteur,72.0,2,2,13.997832948091215,Moyen,24.0,5
5901,1450000.0,Marrakech,Sidi Abbad,125.0,3,2,14.187074804051692,Moyen,31.25,5
2820,1450000.0,Casablanca,Val Fleuri,118.0,3,1,14.187074804051692,Moyen,29.5,5
3823,520000.0,Kénitra,Seyad,68.0,2,1,13.161586013632684,Moyen,22.666666666666668,5
6817,450000.0,Tanger,Mesnana,51.0,2,1,13.017005083966255,Économique,17.0,5
6567,850000.0,El Jadida,Quartier Aérodrome,130.0,3,3,13.652992804936396,Moyen,32.5,5
3803,660000.0,El Jadida,Al Boustane,92.0,2,1,13.399996629152975,Moyen,30.666666666666668,5
3537,2136000.0,Tanger,Malabata,89.0,2,1,14.574445947226907,Luxe,29.666666666666668,5
3826,21000000.0,El Menzeh,Toute La Ville,128.0,3,2,16.860033043306743,Luxe,32.0,5
6175,550000.0,El Jadida,Najmat Al Janoub,66.0,2,1,13.217675375388819,Moyen,22.0,5
1946,800000.0,Sidi Rahal,Toute La Ville,75.0,2,2,13.592368256649284,Moyen,25.0,5
7192,810000.0,Salé,Said Hajji,80.0,2,1,13.60479076121576,Moyen,26.666666666666668,5
3489,1150000.0,El Mansouria,Toute La Ville,100.0,3,2,13.955273369904273,Moyen,25.0,5
1611,1600000.0,Agadir,Hay Mohammadi,115.0,3,2,14.285514812209815,Luxe,28.75,5
6365,2000000.0,Casablanca,Abdelmoumen,131.0,2,2,14.508658238524095,Luxe,43.666666666666664,5
2194,1250000.0,Kénitra,Maamora,110.0,3,1,14.038654909278163,Moyen,27.5,5
5376,1100000.0,Bouznika,Autre Secteur,200.0,3,2,13.910821646859095,Moyen,50.0,5
558,2150000.0,Tanger,Malabata,163.0,3,2,14.580978865220017,Luxe,40.75,5
5415,2430000.0,Mohammedia,Autre Secteur,164.0,3,2,14.70340222683928,Luxe,41.0,5
1207,1680000.0,Casablanca,Racine,144.0,3,1,14.33430494661736,Luxe,36.0,5
4743,330000.0,Mohammedia,El Alia,54.0,2,1,12.706850963741102,Économique,18.0,5
4920,750000.0,Tanger,Tanja Balia,80.0,3,1,13.527829818844937,Moyen,20.0,5
1511,1150000.0,El Mansouria,Toute La Ville,100.0,3,2,13.955273369904273,Moyen,25.0,5
3830,2400000.0,Casablanca,2 Mars,159.0,3,3,14.690979711984754,Luxe,39.75,5
3733,1400000.0,Marrakech,Agdal,50.0,1,1,14.151983508870947,Moyen,25.0,5
5350,390000.0,Casablanca,Sidi Moumen,49.0,2,1,12.873904582205107,Économique,16.333333333333332,5
3212,1100000.0,Marrakech,Allal El Fassi,93.0,2,2,13.910821646859095,Moyen,31.0,5
3630,950000.0,Casablanca,Aïn Chock,95.0,2,1,13.76421831620775,Moyen,31.666666666666668,5
5601,1400000.0,Agadir,Haut-Founty,70.0,2,2,14.151983508870947,Moyen,23.333333333333332,5
5605,560000.0,Fès,Narjis,120.0,3,2,13.235693848424024,Moyen,30.0,5
267,950000.0,Mohammedia,Riad 2,91.0,2,1,13.76421831620775,Moyen,30.333333333333332,5
1140,4000000.0,Casablanca,Autre Secteur,224.0,4,3,15.201805169084134,Luxe,44.8,5
3163,430000.0,Sidi Rahal,Toute La Ville,57.0,2,1,12.971542813248437,Économique,19.0,5
5831,1800000.0,Asilah,Toute La Ville,113.0,3,2,14.403297778421795,Luxe,28.25,5
7942,350000.0,Casablanca,Sidi Bernoussi,68.0,3,2,12.765691290604371,Économique,17.0,5
1910,1100000.0,Temara,Harhoura,70.0,2,1,13.910821646859095,Moyen,23.333333333333332,5
4919,550000.0,Tanger,Tanja Balia,56.0,2,1,13.217675375388819,Moyen,18.666666666666668,5
6981,360000.0,Casablanca,Sidi Bernoussi,50.0,2,1,12.793862088206213,Économique,16.666666666666668,5
657,720000.0,Marrakech,Azzouzia,90.0,2,1,13.487007879880162,Moyen,30.0,5
5809,2900000.0,Tanger,Malabata,82.0,2,1,14.88022163978423,Luxe,27.333333333333332,5
7301,720000.0,Kénitra,Alliance,135.0,3,2,13.487007879880162,Moyen,33.75,5
999,2596000.0,Casablanca,Gauthier,138.0,2,2,14.769482742014056,Luxe,46.0,5
4996,560000.0,Tanger,Mghogha,72.0,3,1,13.235693848424024,Moyen,18.0,5
2835,1170000.0,Tanger,Marjane,78.0,2,2,13.972515161474428,Moyen,26.0,5
7002,400000.0,Marrakech,Hay Izdihar,48.0,1,1,12.899222326086994,Économique,24.0,5
1237,480000.0,Meknès,El Bassatine,95.0,3,1,13.081543466215237,Économique,23.75,5
7264,750000.0,Marrakech,Massira 1,81.0,2,2,13.527829818844937,Moyen,27.0,5
5903,3200000.0,Agadir,Tamraght,99.0,1,2,14.978661680269907,Luxe,49.5,5
6263,2000000.0,Casablanca,Quartier Des Hôpitaux,157.0,3,2,14.508658238524095,Luxe,39.25,5
2186,1098000.0,Casablanca,Maarif,83.0,1,1,13.90900181179801,Moyen,41.5,5
1135,750000.0,Saidia,Toute La Ville,80.0,2,1,13.527829818844937,Moyen,26.666666666666668,5
1303,370000.0,Casablanca,Sidi Belyout,56.0,2,2,12.821260987319457,Économique,18.666666666666668,5
1628,1300000.0,Dar Bouazza,Toute La Ville,96.0,2,2,14.077875591662238,Moyen,32.0,5
8035,1020000.0,Tanger,Tanja Balia,196.0,2,1,13.83531416565213,Moyen,65.33333333333333,5
1523,170000.0,Tétouan,Autre Secteur,82.0,2,1,12.04355959836804,Économique,27.333333333333332,5
359,650000.0,Bouznika,Autre Secteur,65.0,2,2,13.384729180332174,Moyen,21.666666666666668,5
139,540000.0,Marrakech,M'Hamid,64.0,2,2,13.199326270390594,Moyen,21.333333333333332,5
300,760000.0,Casablanca,Sidi Maarouf,74.0,2,2,13.541075028051122,Moyen,24.666666666666668,5
1557,1650000.0,Casablanca,Sidi Maarouf,159.0,2,3,14.316286451937186,Luxe,53.0,5
383,440000.0,Deroua,Toute La Ville,72.0,2,1,12.994532278619134,Économique,24.0,5
8090,860000.0,Temara,Autre Secteur,64.0,2,1,13.664688831019712,Moyen,21.333333333333332,5
4690,1350000.0,Casablanca,Riviera,48.0,1,1,14.115615891155079,Moyen,24.0,5
6519,480000.0,Martil,Toute La Ville,50.0,2,1,13.081543466215237,Économique,16.666666666666668,5
5960,2250000.0,Casablanca,Maarif,150.0,3,2,14.626441218624949,Luxe,37.5,5
5689,1500000.0,Marrakech,Route De Casablanca,73.0,2,1,14.220976332738882,Moyen,24.333333333333332,5
6624,2390000.0,Dar Bouazza,Toute La Ville,144.0,3,2,14.686804342317648,Luxe,36.0,5
5656,560000.0,Fès,Ain Amiyer,87.0,2,1,13.235693848424024,Moyen,29.0,5
7032,1400000.0,Rabat,Diour Jamaa,80.0,2,1,14.151983508870947,Moyen,26.666666666666668,5
2722,890000.0,Fès,Agdal,167.0,3,2,13.698977865303197,Moyen,41.75,5
1932,1500000.0,Casablanca,Californie,99.0,2,2,14.220976332738882,Moyen,33.0,5
4991,450000.0,Larache,Toute La Ville,82.0,3,1,13.017005083966255,Économique,20.5,5
7364,580000.0,Salé,Sala El Jadida,80.0,2,1,13.270785106659046,Moyen,26.666666666666668,5
7410,1000000.0,Tanger,Val Fleuri,90.0,3,1,13.815511557963774,Moyen,22.5,5
4164,1098000.0,Casablanca,Maarif,83.0,1,1,13.90900181179801,Moyen,41.5,5
6524,550000.0,Tétouan,Centre Ville,70.0,2,1,13.217675375388819,Moyen,23.333333333333332,5
3808,620000.0,Kénitra,Centre,75.0,2,2,13.3374763699232,Moyen,25.0,5
6993,630000.0,Martil,Toute La Ville,67.0,2,2,13.353476685668044,Moyen,22.333333333333332,5
4708,800000.0,Berkane,Toute La Ville,130.0,2,1,13.592368256649284,Moyen,43.333333333333336,5
4155,2600000.0,Casablanca,Val Fleuri,188.0,3,2,14.77102238760702,Luxe,47.0,5
4173,1300000.0,Kénitra,Centre,199.0,3,2,14.077875591662238,Moyen,49.75,5
797,620000.0,Kénitra,Alliance,90.0,2,2,13.3374763699232,Moyen,30.0,5
2417,850000.0,Benslimane,Autre Secteur,84.0,2,1,13.652992804936396,Moyen,28.0,5
786,320000.0,Meknès,Wislane,75.0,3,1,12.676079399771027,Économique,18.75,5
3159,650000.0,Martil,Toute La Ville,65.0,2,1,13.384729180332174,Moyen,21.666666666666668,5
124,1150000.0,El Mansouria,Toute La Ville,100.0,3,2,13.955273369904273,Moyen,25.0,5
2172,860000.0,Mehdia,Toute La Ville,65.0,2,1,13.664688831019712,Moyen,21.666666666666668,5
5927,340000.0,Kénitra,Bir Rami,70.0,2,1,12.73670383776449,Économique,23.333333333333332,5
5876,1120000.0,El Jadida,Autre Secteur,203.0,3,1,13.928840136128022,Moyen,50.75,5
4341,540000.0,Casablanca,Sidi Maarouf,52.0,2,1,13.199326270390594,Moyen,17.333333333333332,5
911,555000.0,Tanger,Tanja Balia,74.0,2,1,13.22672519452875,Moyen,24.666666666666668,5
2310,560000.0,Marrakech,Autre Secteur,70.0,3,1,13.235693848424024,Moyen,17.5,5
7672,2200000.0,Casablanca,Maârif Extension,144.0,3,2,14.603968372873895,Luxe,36.0,5
3634,750000.0,Mohammedia,Autre Secteur,80.0,2,1,13.527829818844937,Moyen,26.666666666666668,5
1257,450000.0,Casablanca,Autre Secteur,110.0,3,1,13.017005083966255,Économique,27.5,5
4459,1092000.0,Casablanca,Oulfa,78.0,2,2,13.903522351037484,Moyen,26.0,5
1178,2450000.0,Casablanca,Hay Hassani,136.0,3,2,14.711598990684092,Luxe,34.0,5
3650,830000.0,Casablanca,Almaz,74.0,2,1,13.629182184591333,Moyen,24.666666666666668,5
443,620000.0,Kénitra,Centre,75.0,2,2,13.3374763699232,Moyen,25.0,5
7000,1100000.0,Kénitra,La Ville Haute,154.0,3,3,13.910821646859095,Moyen,38.5,5
1400,260000.0,Oujda,Autre Secteur,80.0,2,1,12.468440756144114,Économique,26.666666666666668,5
1458,620000.0,Tanger,Tanja Balia,78.0,2,1,13.3374763699232,Moyen,26.0,5
5058,350000.0,Tamesna,Toute La Ville,50.0,2,2,12.765691290604371,Économique,16.666666666666668,5
1055,700000.0,El Jadida,Saada,97.0,1,1,13.45883704259595,Moyen,48.5,5
3276,3850000.0,Casablanca,Racine,247.0,3,2,15.163583966004193,Luxe,61.75,5
6290,1650000.0,Kénitra,El Haddada,150.0,3,3,14.316286451937186,Luxe,37.5,5
3699,1235000.0,Casablanca,Palmier,54.0,1,1,14.026582337760486,Moyen,27.0,5
3760,400000.0,Casablanca,Anfa,144.0,3,1,12.899222326086994,Économique,36.0,5
930,1950000.0,Marrakech,Guéliz,85.0,3,1,14.48334044336031,Luxe,21.25,5
5810,770500.0,Casablanca,Ain Sebaa,67.0,2,2,13.5547962316,Moyen,22.333333333333332,5
1830,620000.0,Kénitra,Centre,75.0,2,2,13.3374763699232,Moyen,25.0,5
6937,1400000.0,Temara,Wifak,81.0,2,1,14.151983508870947,Moyen,27.0,5
4222,2400000.0,Casablanca,,134.0,3,1,14.690979711984754,Luxe,33.5,5
7512,1700000.0,Casablanca,Californie,115.0,3,2,14.346139397261565,Luxe,28.75,5
6594,460000.0,Sidi Rahal,Toute La Ville,57.0,2,1,13.038983942375959,Économique,19.0,5
7119,2100000.0,Agadir,Founty,90.0,2,2,14.557448378884015,Luxe,30.0,5
2011,1150000.0,Sidi Rahal,Toute La Ville,85.0,2,2,13.955273369904273,Moyen,28.333333333333332,5
6219,1350000.0,Kénitra,Maamora,178.0,3,2,14.115615891155079,Moyen,44.5,5
8013,798000.0,Tanger,Tanja Balia,76.0,2,1,13.589865129563993,Moyen,25.333333333333332,5
7856,1350000.0,Casablanca,Maârif Extension,102.0,2,1,14.115615891155079,Moyen,34.0,5
2605,550000.0,Casablanca,Autre Secteur,56.0,2,1,13.217675375388819,Moyen,18.666666666666668,5
3265,520000.0,Fès,Mont Fleuri,110.0,2,1,13.161586013632684,Moyen,36.666666666666664,5
6201,2550000.0,Sidi Bouknadel,Toute La Ville,145.0,3,2,14.751604309291395,Luxe,36.25,5
5453,2120000.0,Casablanca,2 Mars,188.0,3,3,14.566927118346197,Luxe,47.0,5
7,430000.0,Marrakech,Es Saada,60.0,2,1,12.971542813248437,Économique,20.0,5
2981,820000.0,Temara,Autre Secteur,79.0,2,2,13.617060838751888,Moyen,26.333333333333332,5
3362,650000.0,Tanger,Autre Secteur,60.0,2,1,13.384729180332174,Moyen,20.0,5
1943,640000.0,Kénitra,Al Maghrib Al Arabi,80.0,2,2,13.369225017834633,Moyen,26.666666666666668,5
5008,360000.0,Benslimane,Autre Secteur,54.0,2,1,12.793862088206213,Économique,18.0,5
7541,1250000.0,Marrakech,Route De Casablanca,70.0,1,2,14.038654909278163,Moyen,35.0,5
6921,2300000.0,Casablanca,Casablanca Finance City,78.0,1,1,14.648420115681892,Luxe,39.0,5
7174,990000.0,Marrakech,Route De Safi,77.0,2,2,13.805461232211272,Moyen,25.666666666666668,5
5261,580000.0,Tétouan,Autre Secteur,63.0,2,1,13.270785106659046,Moyen,21.0,5
7536,750000.0,Tanger,M'Nar,85.0,2,1,13.527829818844937,Moyen,28.333333333333332,5
3135,810000.0,Salé,Said Hajji,80.0,2,1,13.60479076121576,Moyen,26.666666666666668,5
5222,720000.0,Kénitra,Alliance,135.0,3,2,13.487007879880162,Moyen,33.75,5
2243,1800000.0,Kénitra,Mimosas,190.0,4,2,14.403297778421795,Luxe,38.0,5
1475,500000.0,Had Soualem,Toute La Ville,69.0,2,2,13.122365377402328,Économique,23.0,5
6089,1516000.0,Casablanca,Quartier Des Hôpitaux,84.0,3,2,14.231586504814842,Luxe,21.0,5
1890,1050000.0,Marrakech,Hay Izdihar,75.0,2,2,13.864301674514206,Moyen,25.0,5
3436,620000.0,Tanger,Tanja Balia,78.0,2,1,13.3374763699232,Moyen,26.0,5
5108,670000.0,Casablanca,Oulfa,73.0,2,1,13.415034483903348,Moyen,24.333333333333332,5
3705,1800000.0,Marrakech,Palmeraie,95.0,2,2,14.403297778421795,Luxe,31.666666666666668,5
2021,550000.0,Marrakech,Azzouzia,71.0,2,1,13.217675375388819,Moyen,23.666666666666668,5
4021,1260000.0,Casablanca,Oulfa,77.0,1,1,14.04662307257814,Moyen,38.5,5
6447,540000.0,El Mansouria,Toute La Ville,75.0,2,2,13.199326270390594,Moyen,25.0,5
7903,300000.0,Dar Bouazza,Toute La Ville,54.0,2,1,12.611541086966115,Économique,18.0,5
6311,880000.0,Kénitra,Bir Rami Industriel,126.0,3,2,13.68767832281738,Moyen,31.5,5
2659,1450000.0,Temara,Wifak,87.0,2,2,14.187074804051692,Moyen,29.0,5
1131,250000.0,Mehdia,Toute La Ville,54.0,2,1,12.429220196836383,Économique,18.0,5
4948,1540000.0,Temara,Centre Ville,135.0,3,3,14.24729362374025,Luxe,33.75,5
7418,3100000.0,Casablanca,Racine,181.0,3,3,14.946912992035967,Luxe,45.25,5
6699,800000.0,Tanger,Tanja Balia,118.0,2,1,13.592368256649284,Moyen,39.333333333333336,5
4319,420000.0,Martil,Toute La Ville,65.0,2,1,12.948012371209098,Économique,21.666666666666668,5
7591,590000.0,Bouznika,Autre Secteur,65.0,2,2,13.28787951079572,Moyen,21.666666666666668,5
4145,1800000.0,Casablanca,2 Mars,179.0,2,1,14.403297778421795,Luxe,59.666666666666664,5
1236,820000.0,Casablanca,2 Mars,36.0,1,1,13.617060838751888,Moyen,18.0,5
7931,510000.0,Azrou,Toute La Ville,108.0,3,1,13.1421679654829,Moyen,27.0,5
7447,1100000.0,Bouznika,Autre Secteur,200.0,3,2,13.910821646859095,Moyen,50.0,5
2283,1250000.0,Salé,Sala El Jadida,88.0,3,2,14.038654909278163,Moyen,22.0,5
5567,1300000.0,Casablanca,Quartier Des Hôpitaux,100.0,3,2,14.077875591662238,Moyen,25.0,5
7167,1020000.0,Kénitra,Val Fleury,145.0,2,2,13.83531416565213,Moyen,48.333333333333336,5
4094,1000000.0,Tanger,Moujahidine,86.0,2,1,13.815511557963774,Moyen,28.666666666666668,5
4762,38000000.0,Tanger,Ziatene,60.0,2,1,17.453096744006448,Luxe,20.0,5
7814,750000.0,Agadir,Autre Secteur,60.0,2,1,13.527829818844937,Moyen,20.0,5
387,1800000.0,Asilah,Toute La Ville,113.0,3,2,14.403297778421795,Luxe,28.25,5
1629,400000.0,Marrakech,Azzouzia,64.0,2,1,12.899222326086994,Économique,21.333333333333332,5
3586,495000.0,Tanger,Autre Secteur,60.0,2,1,13.112315061750808,Économique,20.0,5
2715,940000.0,Bouznika,Autre Secteur,99.0,2,2,13.753636218075409,Moyen,33.0,5
6537,540000.0,Fès,Oued Fès,98.0,3,2,13.199326270390594,Moyen,24.5,5
5843,817600.0,Casablanca,Oulfa,73.0,3,2,13.614129721522806,Moyen,18.25,5
7169,1800000.0,Tanger,Centre Ville,80.0,2,2,14.403297778421795,Luxe,26.666666666666668,5
3190,550000.0,Larache,Toute La Ville,70.0,2,1,13.217675375388819,Moyen,23.333333333333332,5
4306,1150000.0,Temara,Abbadi,105.0,3,1,13.955273369904273,Moyen,26.25,5
910,750000.0,Tanger,Tanja Balia,80.0,3,1,13.527829818844937,Moyen,20.0,5
7112,510000.0,El Jadida,Quartier Aérodrome,68.0,2,1,13.1421679654829,Moyen,22.666666666666668,5
1867,680000.0,Kénitra,Seyad,94.0,2,2,13.429849547739444,Moyen,31.333333333333332,5
1843,2600000.0,Casablanca,Ferme Bretone,151.0,3,3,14.77102238760702,Luxe,37.75,5
2498,2500000.0,Marrakech,Palmeraie,188.0,2,2,14.731801689838349,Luxe,62.666666666666664,5
6703,600000.0,Mdiq,Toute La Ville,48.0,2,1,13.304686600863562,Moyen,16.0,5
5318,800000.0,Meknès,Hamria,120.0,2,2,13.592368256649284,Moyen,40.0,5
5197,820000.0,El Jadida,Corniche,107.0,3,2,13.617060838751888,Moyen,26.75,5
4007,1860000.0,Tanger,Centre,113.0,3,2,14.436087583323648,Luxe,28.25,5
2703,940000.0,Casablanca,La Gironde,80.0,2,2,13.753636218075409,Moyen,26.666666666666668,5
6733,1800000.0,Casablanca,Gauthier,126.0,3,1,14.403297778421795,Luxe,31.5,5
332,295000.0,Tanger,Al Irfane 2,47.0,2,1,12.59473402514672,Économique,15.666666666666666,5
6116,1500000.0,Marrakech,Guéliz,86.0,1,1,14.220976332738882,Moyen,43.0,5
4836,1100000.0,Marrakech,Hivernage,74.0,2,1,13.910821646859095,Moyen,24.666666666666668,5
2460,1150000.0,Meknès,Hamria,143.0,3,3,13.955273369904273,Moyen,35.75,5
1775,850000.0,Casablanca,Aïn Chock,85.0,2,1,13.652992804936396,Moyen,28.333333333333332,5
5109,680000.0,Salé,Said Hajji,77.0,2,1,13.429849547739444,Moyen,25.666666666666668,5
5366,840000.0,Benslimane,Autre Secteur,84.0,2,1,13.641158361294979,Moyen,28.0,5
2687,1100000.0,Tanger,Malabata,75.0,2,1,13.910821646859095,Moyen,25.0,5
6903,720000.0,Marrakech,Mabrouka,81.0,2,1,13.487007879880162,Moyen,27.0,5
6648,770000.0,Casablanca,Sidi Maarouf,72.0,2,1,13.554147092530322,Moyen,24.0,5
5722,730000.0,Fès,Route Ain Chkaf,112.0,3,1,13.500801182986649,Moyen,28.0,5
7097,1000000.0,Casablanca,Ain Sebaa,110.0,3,2,13.815511557963774,Moyen,27.5,5
7372,270000.0,Dar Bouazza,Toute La Ville,60.0,2,1,12.506180941677357,Économique,20.0,5
6266,1100000.0,Kénitra,Centre,80.0,2,1,13.910821646859095,Moyen,26.666666666666668,5
5852,1350000.0,Tanger,Autre Secteur,86.0,2,1,14.115615891155079,Moyen,28.666666666666668,5
7749,300000.0,Dar Bouazza,Toute La Ville,50.0,2,1,12.611541086966115,Économique,16.666666666666668,5
174,1280000.0,Casablanca,Bourgogne,93.0,2,2,14.062371417145494,Moyen,31.0,5
4616,550000.0,Tanger,Tanja Balia,56.0,2,1,13.217675375388819,Moyen,18.666666666666668,5
3322,450000.0,Tanger,Autre Secteur,52.0,2,1,13.017005083966255,Économique,17.333333333333332,5
4763,350000.0,Bouznika,Autre Secteur,52.0,2,1,12.765691290604371,Économique,17.333333333333332,5
3373,1820000.0,Marrakech,Victor Hugo,92.0,2,1,14.414347608503377,Luxe,30.666666666666668,5
3312,650000.0,Larache,Toute La Ville,78.0,2,1,13.384729180332174,Moyen,26.0,5
4913,850000.0,Tanger,Moujahidine,708.0,2,1,13.652992804936396,Moyen,236.0,5
5101,680000.0,Martil,Toute La Ville,70.0,2,1,13.429849547739444,Moyen,23.333333333333332,5
6424,3900000.0,Marrakech,Autre Secteur,155.0,2,3,15.176487367510099,Luxe,51.666666666666664,5
5474,590000.0,Fès,Route Ain Chkaf,100.0,2,1,13.28787951079572,Moyen,33.333333333333336,5
3404,830000.0,Casablanca,Almaz,71.0,2,1,13.629182184591333,Moyen,23.666666666666668,5
19,1400000.0,Casablanca,Mers Sultan,127.0,3,2,14.151983508870947,Moyen,31.75,5
3691,1990000.0,Casablanca,2 Mars,167.0,3,3,14.503645699213111,Luxe,41.75,5
6776,970000.0,Casablanca,Belvédère,67.0,2,2,13.785052381406869,Moyen,22.333333333333332,5
4097,610000.0,Tanger,Du Golf,56.0,2,1,13.321215875492413,Moyen,18.666666666666668,5
3628,260000.0,Ain Aouda,Toute La Ville,56.0,2,1,12.468440756144114,Économique,18.666666666666668,5
6486,1200000.0,Tanger,Marjane,120.0,4,2,13.997832948091215,Moyen,24.0,5
2174,320000.0,Meknès,Wislane,75.0,3,1,12.676079399771027,Économique,18.75,5
1357,370000.0,Mohammedia,Autre Secteur,54.0,2,1,12.821260987319457,Économique,18.0,5
4971,1100000.0,Casablanca,Sidi Maarouf,106.0,3,2,13.910821646859095,Moyen,26.5,5
7429,390000.0,Casablanca,Sidi Moumen,49.0,2,1,12.873904582205107,Économique,16.333333333333332,5
3113,1440000.0,Casablanca,Maarif,115.0,2,2,14.180154365996387,Moyen,38.333333333333336,5
183,980000.0,Agadir,Hay Mohammadi,75.0,2,2,13.795308871054397,Moyen,25.0,5
7956,1690000.0,Casablanca,2 Mars,138.0,3,2,14.340239678615058,Luxe,34.5,5
6479,1560000.0,Marrakech,Route De Casablanca,99.0,2,1,14.260197020251155,Luxe,33.0,5
1813,850000.0,Essaouira,Centre Ville,62.0,1,1,13.652992804936396,Moyen,31.0,5
5297,470000.0,Asilah,Toute La Ville,61.0,2,1,13.060490101343552,Économique,20.333333333333332,5
6943,1200000.0,Casablanca,La Gironde,104.0,3,1,13.997832948091215,Moyen,26.0,5
1801,850000.0,Martil,Toute La Ville,80.0,3,1,13.652992804936396,Moyen,20.0,5
2430,1650000.0,Marrakech,Guéliz,79.0,2,1,14.316286451937186,Luxe,26.333333333333332,5
6328,580000.0,Martil,Toute La Ville,62.0,2,1,13.270785106659046,Moyen,20.666666666666668,5
5049,1080000.0,Casablanca,Oulfa,60.0,2,2,13.8924725250259,Moyen,20.0,5
7067,760000.0,Marrakech,Azzouzia,80.0,2,1,13.541075028051122,Moyen,26.666666666666668,5
7240,760000.0,Tanger,Tanja Balia,76.0,2,1,13.541075028051122,Moyen,25.333333333333332,5
5460,350000.0,Tanger,Autre Secteur,47.0,1,1,12.765691290604371,Économique,23.5,5
7811,625000.0,Bouskoura,Victoria,79.0,2,2,13.345508528717259,Moyen,26.333333333333332,5
4651,480000.0,Oued Laou,Toute La Ville,68.0,2,1,13.081543466215237,Économique,22.666666666666668,5
1159,1540000.0,Marrakech,Semlalia,93.0,2,2,14.24729362374025,Luxe,31.0,5
1213,1350000.0,Marrakech,Route De Casablanca,75.0,2,2,14.115615891155079,Moyen,25.0,5
1326,330000.0,Ksar El-Kebir,Toute La Ville,80.0,2,2,12.706850963741102,Économique,26.666666666666668,5
5050,680000.0,Asilah,Toute La Ville,49.0,1,1,13.429849547739444,Moyen,24.5,5
1456,980000.0,Agadir,Hay Mohammadi,77.0,2,1,13.795308871054397,Moyen,25.666666666666668,5
7237,2200000.0,Marrakech,Av Mohammed Vi,104.0,2,2,14.603968372873895,Luxe,34.666666666666664,5
6272,2054000.0,Casablanca,Mers Sultan,158.0,3,2,14.53530015632544,Luxe,39.5,5
1645,4300000.0,Rabat,Hay Riad,210.0,3,3,15.274125813221904,Luxe,52.5,5
2141,1550000.0,Tamesna,Toute La Ville,178.0,3,2,14.253766134056512,Luxe,44.5,5
4537,1000000.0,Temara,Autre Secteur,120.0,3,1,13.815511557963774,Moyen,30.0,5
4458,540000.0,Fès,Oued Fès,98.0,3,2,13.199326270390594,Moyen,24.5,5
7655,1120000.0,Temara,Centre Ville,117.0,3,2,13.928840136128022,Moyen,29.25,5
4379,1270000.0,Casablanca,Centre Ville,141.0,2,1,14.054528245836039,Moyen,47.0,5
730,1900000.0,Fès,Autre Secteur,244.0,4,2,14.45736497045232,Luxe,48.8,5
4358,740000.0,Bouznika,Autre Secteur,140.0,3,2,13.51440681653079,Moyen,35.0,5
1936,500000.0,Had Soualem,Toute La Ville,74.0,2,2,13.122365377402328,Économique,24.666666666666668,5
3794,380000.0,Benslimane,Autre Secteur,126.0,3,1,12.847929163278053,Économique,31.5,5
7645,500000.0,Casablanca,Oulfa,54.0,2,1,13.122365377402328,Économique,18.0,5
7059,800000.0,Berkane,Toute La Ville,120.0,3,2,13.592368256649284,Moyen,30.0,5
6551,1780000.0,Bouskoura,Victoria,188.0,3,3,14.392124484065864,Luxe,47.0,5
1111,550000.0,Tanger,Tanja Balia,56.0,2,1,13.217675375388819,Moyen,18.666666666666668,5
6651,600000.0,Marrakech,Route De Casablanca,52.0,2,1,13.304686600863562,Moyen,17.333333333333332,5
2999,390000.0,Meknès,Wislane,91.0,3,1,12.873904582205107,Économique,22.75,5
2395,2200000.0,Temara,Harhoura,117.0,2,2,14.603968372873895,Luxe,39.0,5
1185,3650000.0,Casablanca,Maarif,245.0,4,3,15.11023799953124,Luxe,49.0,5
2007,999000.0,Bouskoura,Victoria,114.0,3,2,13.81451105863119,Moyen,28.5,5
194,1150000.0,Marrakech,Hivernage,51.0,1,1,13.955273369904273,Moyen,25.5,5
8092,1300000.0,Casablanca,Nassim,126.0,3,1,14.077875591662238,Moyen,31.5,5
579,1350000.0,Casablanca,Les Princesses,77.0,2,2,14.115615891155079,Moyen,25.666666666666668,5
772,1860000.0,Casablanca,Maarif,117.0,3,2,14.436087583323648,Luxe,29.25,5
2396,360000.0,Kénitra,Bir Rami,70.0,2,1,12.793862088206213,Économique,23.333333333333332,5
8113,570000.0,Dar Bouazza,Toute La Ville,56.0,2,1,13.25339339419516,Moyen,18.666666666666668,5
1847,1949000.0,Bouznika,Autre Secteur,121.0,3,2,14.482827491573198,Luxe,30.25,5
6847,1350000.0,Marrakech,Av Mohammed Vi,77.0,1,1,14.115615891155079,Moyen,38.5,5
4275,620000.0,Casablanca,Sidi Maarouf,80.0,2,1,13.3374763699232,Moyen,26.666666666666668,5
3741,1064000.0,Marrakech,Guéliz,56.0,1,1,13.877546888732908,Moyen,28.0,5
4601,2100000.0,Marrakech,Guéliz,95.0,2,2,14.557448378884015,Luxe,31.666666666666668,5
5268,490000.0,Mohammedia,Autre Secteur,70.0,3,2,13.102162710901053,Économique,17.5,5
5449,2700000.0,Casablanca,Mers Sultan,197.0,4,2,14.80876270134486,Luxe,39.4,5
2073,670000.0,Kénitra,Seyad,84.0,3,2,13.415034483903348,Moyen,21.0,5
1897,950000.0,Agadir,Hay Salam,124.0,3,2,13.76421831620775,Moyen,31.0,5
6037,2390000.0,Dar Bouazza,Toute La Ville,144.0,3,2,14.686804342317648,Luxe,36.0,5
3659,1500000.0,Casablanca,Maârif Extension,123.0,3,2,14.220976332738882,Moyen,30.75,5
2380,740000.0,Bouznika,Autre Secteur,140.0,3,2,13.51440681653079,Moyen,35.0,5
1448,1200000.0,Agadir,Hay Mohammadi,113.0,3,2,13.997832948091215,Moyen,28.25,5
343,960000.0,Temara,Autre Secteur,128.0,3,1,13.774689605110144,Moyen,32.0,5
7225,580000.0,Salé,Sala El Jadida,65.0,2,1,13.270785106659046,Moyen,21.666666666666668,5
2527,590000.0,Martil,Toute La Ville,55.0,2,1,13.28787951079572,Moyen,18.333333333333332,5
728,1500000.0,Meknès,Autre Secteur,215.0,3,2,14.220976332738882,Moyen,53.75,5
4578,2300000.0,Marrakech,Palmeraie,134.0,2,2,14.648420115681892,Luxe,44.666666666666664,5
977,1500000.0,Mohammedia,Autre Secteur,103.0,2,1,14.220976332738882,Moyen,34.333333333333336,5
5785,1498000.0,Marrakech,Guéliz,65.0,1,1,14.21964211061582,Moyen,32.5,5
3517,1100000.0,Meknès,Hamria,200.0,3,2,13.910821646859095,Moyen,50.0,5
5360,2400000.0,Rabat,Agdal,118.0,3,1,14.690979711984754,Luxe,29.5,5
7996,650000.0,Bouznika,Plage Oued Cherrat,56.0,1,1,13.384729180332174,Moyen,28.0,5
3941,440000.0,Bouskoura,Bouskoura Centre,61.0,2,2,12.994532278619134,Économique,20.333333333333332,5
1299,640000.0,Agadir,Tassila,46.0,2,1,13.369225017834633,Moyen,15.333333333333334,5
7652,1970000.0,Casablanca,Ferme Bretone,115.0,3,2,14.493544608328255,Luxe,28.75,5
661,795000.0,Bouznika,Hamza,96.0,3,2,13.586098651497313,Moyen,24.0,5
1493,505000.0,Tanger,Autre Secteur,67.0,2,1,13.132315688453556,Moyen,22.333333333333332,5
5522,1100000.0,Casablanca,Californie,58.0,1,1,13.910821646859095,Moyen,29.0,5
5707,260000.0,Ain Aouda,Toute La Ville,56.0,2,1,12.468440756144114,Économique,18.666666666666668,5
6000,640000.0,Kénitra,Al Maghrib Al Arabi,80.0,2,2,13.369225017834633,Moyen,26.666666666666668,5
2316,3400000.0,Casablanca,Quartier Des Hôpitaux,274.0,4,3,15.039286283703994,Luxe,54.8,5
7605,900000.0,Casablanca,Sidi Maarouf,80.0,2,2,13.710151153416941,Moyen,26.666666666666668,5
7544,1600000.0,Kénitra,Maamora,300.0,4,2,14.285514812209815,Luxe,60.0,5
1086,1400000.0,Casablanca,Bachkou,106.0,3,2,14.151983508870947,Moyen,26.5,5
7728,540000.0,Marrakech,Route De Casablanca,52.0,2,1,13.199326270390594,Moyen,17.333333333333332,5
3199,1512000.0,Casablanca,Maarif,63.0,2,2,14.228944497097057,Luxe,21.0,5
5552,460000.0,Deroua,Toute La Ville,78.0,2,1,13.038983942375959,Économique,26.0,5
7183,1700000.0,Marrakech,Guéliz,107.0,1,1,14.346139397261565,Luxe,53.5,5
68,750000.0,Tanger,Tanja Balia,93.0,3,2,13.527829818844937,Moyen,23.25,5
6510,950000.0,Marrakech,Issil,111.0,2,2,13.76421831620775,Moyen,37.0,5
2270,365000.0,Casablanca,Centre Ville,100.0,3,1,12.807655372286902,Économique,25.0,5
5992,1260000.0,Casablanca,Al Qods,130.0,3,2,14.04662307257814,Moyen,32.5,5
4940,570000.0,Meknès,Hamria,113.0,3,2,13.25339339419516,Moyen,28.25,5
6455,370000.0,Ait Melloul,Toute La Ville,56.0,2,1,12.821260987319457,Économique,18.666666666666668,5
3448,1380000.0,Casablanca,Bourgogne,125.0,3,2,14.137594781770806,Moyen,31.25,5
2368,380000.0,Casablanca,Hay Mohammadi,65.0,2,2,12.847929163278053,Économique,21.666666666666668,5
4873,1295000.0,Casablanca,Abdelmoumen,117.0,2,2,14.07402202531625,Moyen,39.0,5
5748,580000.0,Marrakech,Palmeraie,48.0,1,1,13.270785106659046,Moyen,24.0,5
2513,520000.0,Casablanca,Oulfa,56.0,2,2,13.161586013632684,Moyen,18.666666666666668,5
2724,5600000.0,Kénitra,Alliance,70.0,2,1,15.53827733427679,Luxe,23.333333333333332,5
6968,620000.0,Tanger,Tanja Balia,55.0,2,1,13.3374763699232,Moyen,18.333333333333332,5
6067,420000.0,Tamesna,Toute La Ville,61.0,2,1,12.948012371209098,Économique,20.333333333333332,5
1143,1720000.0,Casablanca,Maarif,106.0,2,2,14.357835430184815,Luxe,35.333333333333336,5
7776,665000.0,Temara,Al Moustakbal,64.0,2,1,13.407543823396258,Moyen,21.333333333333332,5
4869,450000.0,Tanger,Aharrarine,56.0,2,1,13.017005083966255,Économique,18.666666666666668,5
7019,570000.0,Meknès,Hamria,113.0,3,2,13.25339339419516,Moyen,28.25,5
4729,720000.0,Tétouan,El Ensanche,80.0,2,1,13.487007879880162,Moyen,26.666666666666668,5
6629,720000.0,Tanger,Centre,95.0,3,1,13.487007879880162,Moyen,23.75,5
3790,890000.0,Kénitra,Val Fleury,124.0,3,2,13.698977865303197,Moyen,31.0,5
2221,480000.0,Kénitra,Bir Rami,60.0,2,1,13.081543466215237,Économique,20.0,5
2332,1000000.0,El Mansouria,Toute La Ville,100.0,2,2,13.815511557963774,Moyen,33.333333333333336,5
6550,900000.0,Casablanca,Sidi Maarouf,85.0,2,2,13.710151153416941,Moyen,28.333333333333332,5
5417,450000.0,Béni Yakhlef,Toute La Ville,65.0,3,2,13.017005083966255,Économique,16.25,5
7196,460000.0,Drargua,Toute La Ville,54.0,2,2,13.038983942375959,Économique,18.0,5
4089,490000.0,Kénitra,Seyad,76.0,2,2,13.102162710901053,Économique,25.333333333333332,5
1967,627000.0,Dar Bouazza,Toute La Ville,78.0,2,2,13.348703414510117,Moyen,26.0,5
6669,700000.0,Benslimane,Autre Secteur,100.0,2,1,13.45883704259595,Moyen,33.333333333333336,5
6409,3900000.0,Casablanca,Marina,155.0,2,3,15.176487367510099,Luxe,51.666666666666664,5
7565,520000.0,Meknès,Autre Secteur,110.0,3,2,13.161586013632684,Moyen,27.5,5
4366,2596000.0,Casablanca,Gauthier,138.0,2,2,14.769482742014056,Luxe,46.0,5
424,367000.0,Sidi Hajjaj Oued Hassar,Toute La Ville,66.0,2,1,12.813119851828635,Économique,22.0,5
7406,660000.0,Bouskoura,Bouskoura Centre,76.0,2,2,13.399996629152975,Moyen,25.333333333333332,5
1905,988000.0,Marrakech,Guéliz,52.0,1,1,13.803438988875241,Moyen,26.0,5
7433,320000.0,Skhirat,Autre Secteur,63.0,2,1,12.676079399771027,Économique,21.0,5
3918,1100000.0,Temara,Harhoura,70.0,2,1,13.910821646859095,Moyen,23.333333333333332,5
3618,650000.0,El Jadida,Autre Secteur,120.0,3,2,13.384729180332174,Moyen,30.0,5
840,1330000.0,Casablanca,Maarif,55.0,1,1,14.100690252077353,Moyen,27.5,5
4597,2450000.0,Tanger,Malabata,93.0,1,2,14.711598990684092,Luxe,46.5,5
5040,2100000.0,Agadir,Founty,90.0,2,2,14.557448378884015,Luxe,30.0,5
142,420000.0,Agadir,Autre Secteur,58.0,2,2,12.948012371209098,Économique,19.333333333333332,5
6760,940000.0,Casablanca,La Gironde,80.0,2,2,13.753636218075409,Moyen,26.666666666666668,5
1378,480000.0,Tanger,Aviation,38.0,1,1,13.081543466215237,Économique,19.0,5
3674,950000.0,Marrakech,Allal El Fassi,91.0,3,2,13.76421831620775,Moyen,22.75,5
6783,2325000.0,Tanger,Centre Ville,150.0,3,2,14.659231027111028,Luxe,37.5,5
8056,667400.0,Temara,Ain Atig,71.0,3,1,13.4111463436501,Moyen,17.75,5
4742,900000.0,Casablanca,Oulfa,80.0,2,2,13.710151153416941,Moyen,26.666666666666668,5
3809,1330000.0,Kénitra,Maamora,130.0,3,2,14.100690252077353,Moyen,32.5,5
1139,690000.0,Kénitra,Val Fleury,66.0,1,1,13.444448325847754,Moyen,33.0,5
2258,330000.0,Saidia,Toute La Ville,57.0,2,1,12.706850963741102,Économique,19.0,5
1788,950000.0,Casablanca,Aïn Borja,112.0,3,1,13.76421831620775,Moyen,28.0,5
3939,375000.0,Casablanca,Oulfa,50.0,2,1,12.834683971615659,Économique,16.666666666666668,5
5315,1070000.0,Tanger,Tanja Balia,102.0,4,2,13.883170141017091,Moyen,20.4,5
7542,240000.0,Meknès,Autre Secteur,66.0,2,1,12.388398368982115,Économique,22.0,5
460,1949000.0,Bouznika,Autre Secteur,121.0,3,2,14.482827491573198,Luxe,30.25,5
7490,1070000.0,Tanger,Tanja Balia,102.0,4,2,13.883170141017091,Moyen,20.4,5
949,135000.0,Casablanca,Oulfa,1001.0,2,2,11.813037464800539,Économique,333.6666666666667,5
3700,2300000.0,Marrakech,Autre Secteur,84.0,2,2,14.648420115681892,Luxe,28.0,5
1337,620000.0,Tanger,Mesnana,56.0,2,1,13.3374763699232,Moyen,18.666666666666668,5
4629,380000.0,Bouznika,Autre Secteur,56.0,2,1,12.847929163278053,Économique,18.666666666666668,5
6521,660000.0,El Jadida,Hay Essalam,100.0,2,2,13.399996629152975,Moyen,33.333333333333336,5
1603,750000.0,Martil,Toute La Ville,116.0,2,2,13.527829818844937,Moyen,38.666666666666664,5
2239,800000.0,Agadir,Hay Salam,64.0,2,1,13.592368256649284,Moyen,21.333333333333332,5
640,2190000.0,Tanger,Centre Ville,115.0,2,2,14.599412558413583,Luxe,38.333333333333336,5
7904,1100000.0,Marrakech,Guéliz,30.0,1,1,13.910821646859095,Moyen,15.0,5
3831,1690000.0,Casablanca,Mandarona,123.0,2,2,14.340239678615058,Luxe,41.0,5
5365,680000.0,Casablanca,Sidi Bernoussi,90.0,2,1,13.429849547739444,Moyen,30.0,5
5669,1750000.0,Casablanca,Palmier,95.0,2,2,14.375126917328105,Luxe,31.666666666666668,5
7323,580000.0,Martil,Toute La Ville,80.0,2,1,13.270785106659046,Moyen,26.666666666666668,5
1071,3200000.0,Casablanca,Racine,204.0,3,3,14.978661680269907,Luxe,51.0,5
156,740000.0,Marrakech,Azli,53.0,3,2,13.51440681653079,Moyen,13.25,5
2296,550000.0,Tanger,Tanja Balia,56.0,2,1,13.217675375388819,Moyen,18.666666666666668,5
5231,1700000.0,Agadir,Haut-Founty,102.0,2,2,14.346139397261565,Luxe,34.0,5
4579,250000.0,Casablanca,Errahma,51.0,2,1,12.429220196836383,Économique,17.0,5
1090,540000.0,Fès,Oued Fès,98.0,3,2,13.199326270390594,Moyen,24.5,5
2941,550000.0,Tanger,Tanja Balia,56.0,2,1,13.217675375388819,Moyen,18.666666666666668,5
6919,580000.0,Martil,Toute La Ville,92.0,3,1,13.270785106659046,Moyen,23.0,5
4385,2500000.0,Temara,Wifak,211.0,4,2,14.731801689838349,Luxe,42.2,5
931,1180000.0,Casablanca,Bourgogne,60.0,1,1,13.981025843899115,Moyen,30.0,5
2910,550000.0,Marrakech,Guéliz,60.0,2,1,13.217675375388819,Moyen,20.0,5
5279,439000.0,Tanger,Boukhalef,58.0,2,1,12.992256969959042,Économique,19.333333333333332,5
8120,1700000.0,Temara,Harhoura,84.0,2,2,14.346139397261565,Luxe,28.0,5
3248,720000.0,Temara,Wifak,64.0,2,1,13.487007879880162,Moyen,21.333333333333332,5
7441,600000.0,El Jadida,Mouilha,87.0,2,1,13.304686600863562,Moyen,29.0,5
7863,1240000.0,Mohammedia,Corniche,92.0,2,2,14.030622744032508,Moyen,30.666666666666668,5
6012,570000.0,Kénitra,Bir Rami,90.0,3,2,13.25339339419516,Moyen,22.5,5
7257,860000.0,Kénitra,La Ville Haute,112.0,2,2,13.664688831019712,Moyen,37.333333333333336,5
7068,520000.0,Fès,Narjis,97.0,2,2,13.161586013632684,Moyen,32.333333333333336,5
7635,700000.0,Casablanca,Belvédère,42.0,1,1,13.45883704259595,Moyen,21.0,5
1699,620000.0,Agadir,Ben Serguaou,60.0,2,2,13.3374763699232,Moyen,20.0,5
7709,2350000.0,Casablanca,2 Mars,189.0,4,2,14.669926311652166,Luxe,37.8,5
8145,3500000.0,Tanger,Centre Ville,75.0,2,2,15.068273812173887,Luxe,25.0,5
8107,1000000.0,Skhirat,Autre Secteur,99.0,3,2,13.815511557963774,Moyen,24.75,5
3832,530000.0,Casablanca,Oulfa,58.0,2,1,13.180634172318978,Moyen,19.333333333333332,5
7465,400000.0,Temara,Ain Atig,60.0,2,1,12.899222326086994,Économique,20.0,5
7454,360000.0,Ait Melloul,Toute La Ville,56.0,2,1,12.793862088206213,Économique,18.666666666666668,5
986,2550000.0,Mdiq,Toute La Ville,64.0,1,1,14.751604309291395,Luxe,32.0,5
1822,820000.0,Mohammedia,Autre Secteur,80.0,2,2,13.617060838751888,Moyen,26.666666666666668,5
7203,760000.0,Marrakech,Route De Casablanca,55.0,2,1,13.541075028051122,Moyen,18.333333333333332,5
588,1380000.0,Casablanca,Ferme Bretone,64.0,2,2,14.137594781770806,Moyen,21.333333333333332,5
7812,570000.0,Casablanca,Sidi Bernoussi,93.0,3,1,13.25339339419516,Moyen,23.25,5
5693,380000.0,Tanger,Aouama Gharbia,50.0,2,1,12.847929163278053,Économique,16.666666666666668,5
7459,1350000.0,Casablanca,Bourgogne,163.0,3,3,14.115615891155079,Moyen,40.75,5
8140,690000.0,Tanger,Hay Hassani,86.0,3,1,13.444448325847754,Moyen,21.5,5
5211,570000.0,Agadir,Tilila,58.0,2,1,13.25339339419516,Moyen,19.333333333333332,5
6501,450000.0,El Hajeb,Toute La Ville,80.0,2,1,13.017005083966255,Économique,26.666666666666668,5
3558,1250000.0,Temara,Oued Eddahab,94.0,3,1,14.038654909278163,Moyen,23.5,5
1396,2120000.0,Casablanca,2 Mars,188.0,3,3,14.566927118346197,Luxe,47.0,5
265,950000.0,Casablanca,Aïn Chock,95.0,2,1,13.76421831620775,Moyen,31.666666666666668,5
3548,980000.0,Agadir,Hay Mohammadi,75.0,2,2,13.795308871054397,Moyen,25.0,5
7276,820000.0,El Jadida,Corniche,107.0,3,2,13.617060838751888,Moyen,26.75,5
8172,480000.0,Berrechid,Toute La Ville,90.0,3,1,13.081543466215237,Économique,22.5,5
5793,3500000.0,Marrakech,Guéliz,139.0,3,2,15.068273812173887,Luxe,34.75,5
3865,2500000.0,Temara,Harhoura,136.0,3,3,14.731801689838349,Luxe,34.0,5
6794,1020000.0,Tanger,Marjane,120.0,4,2,13.83531416565213,Moyen,24.0,5
2401,1270000.0,Casablanca,Centre Ville,141.0,2,1,14.054528245836039,Moyen,47.0,5
5930,1470000.0,Casablanca,Gauthier,66.0,2,1,14.200773639026796,Moyen,22.0,5
3711,530000.0,Sidi Rahal,Toute La Ville,67.0,2,2,13.180634172318978,Moyen,22.333333333333332,5
247,830000.0,Marrakech,M'Hamid,112.0,3,1,13.629182184591333,Moyen,28.0,5
1595,798000.0,Tanger,Tanja Balia,76.0,2,1,13.589865129563993,Moyen,25.333333333333332,5
7958,1450000.0,Casablanca,Maarif,94.0,2,2,14.187074804051692,Moyen,31.333333333333332,5
5545,3500000.0,Casablanca,Casablanca Finance City,124.0,2,2,15.068273812173887,Luxe,41.333333333333336,5
924,980000.0,Salé,Tabriquet,96.0,3,1,13.795308871054397,Moyen,24.0,5
5076,450000.0,Tanger,Marjane,57.0,2,1,13.017005083966255,Économique,19.0,5
7609,1390000.0,Tanger,Malabata,107.0,3,2,14.144815024531075,Moyen,26.75,5
670,1700000.0,Tanger,Malabata,91.0,2,2,14.346139397261565,Luxe,30.333333333333332,5
3604,980000.0,Casablanca,Oulfa,78.0,2,2,13.795308871054397,Moyen,26.0,5
1911,1550000.0,Tanger,Ahlane,128.0,3,3,14.253766134056512,Luxe,32.0,5
5719,1750000.0,Casablanca,Maarif,118.0,3,2,14.375126917328105,Luxe,29.5,5
3959,1150000.0,Casablanca,Maârif Extension,47.0,1,1,13.955273369904273,Moyen,23.5,5
2697,800000.0,Tanger,Tanja Balia,118.0,2,1,13.592368256649284,Moyen,39.333333333333336,5
2590,430000.0,El Jadida,Autre Secteur,76.0,2,1,12.971542813248437,Économique,25.333333333333332,5
1782,400000.0,Casablanca,Anfa,144.0,3,1,12.899222326086994,Économique,36.0,5
3014,510000.0,El Jadida,Autre Secteur,70.0,2,2,13.1421679654829,Moyen,23.333333333333332,5
2308,2000000.0,Casablanca,Abdelmoumen,131.0,2,2,14.508658238524095,Luxe,43.666666666666664,5
4903,470000.0,Casablanca,Sidi Bernoussi,78.0,2,1,13.060490101343552,Économique,26.0,5
3690,3150000.0,Temara,Wifak,230.0,4,2,14.962913328262083,Luxe,46.0,5
688,5400000.0,Rabat,Yacoub El Mansour,154.0,3,3,15.501909696719672,Luxe,38.5,5
613,1450000.0,Tamesna,Toute La Ville,179.0,3,1,14.187074804051692,Moyen,44.75,5
3201,1296000.0,Casablanca,Maarif,57.0,1,1,14.074793927498998,Moyen,28.5,5
2268,420000.0,Martil,Toute La Ville,51.0,2,1,12.948012371209098,Économique,17.0,5
7851,550000.0,Marrakech,Route De Casablanca,56.0,2,1,13.217675375388819,Moyen,18.666666666666668,5
6612,1550000.0,Casablanca,Roches Noires,123.0,3,2,14.253766134056512,Luxe,30.75,5
1899,750000.0,El Jadida,Autre Secteur,81.0,2,1,13.527829818844937,Moyen,27.0,5
8188,490000.0,Kénitra,Bir Rami,95.0,3,2,13.102162710901053,Économique,23.75,5
259,1430000.0,Casablanca,Les Princesses,117.0,2,2,14.173185701536545,Moyen,39.0,5
2925,470000.0,Casablanca,Sidi Bernoussi,78.0,2,1,13.060490101343552,Économique,26.0,5
2823,533000.0,Ain Harrouda,Toute La Ville,67.0,2,1,13.186278579318829,Moyen,22.333333333333332,5
3340,800000.0,Meknès,Hamria,120.0,2,2,13.592368256649284,Moyen,40.0,5
3526,560000.0,Fès,Narjis,120.0,3,2,13.235693848424024,Moyen,30.0,5
4564,280000.0,Salé,Sidi Moussa,46.0,1,1,12.54254845357358,Économique,23.0,5
2286,850000.0,Kénitra,Autre Secteur,100.0,3,2,13.652992804936396,Moyen,25.0,5
6914,270000.0,Safi,Lamiaa,60.0,2,1,12.506180941677357,Économique,20.0,5
485,490000.0,Kénitra,Bir Rami,95.0,3,2,13.102162710901053,Économique,23.75,5
2211,750000.0,Kénitra,Maamora,117.0,2,1,13.527829818844937,Moyen,39.0,5
6134,580000.0,Kénitra,Al Maghrib Al Arabi,70.0,2,1,13.270785106659046,Moyen,23.333333333333332,5
2555,1550000.0,Casablanca,Roches Noires,123.0,3,2,14.253766134056512,Luxe,30.75,5
8,1820000.0,Marrakech,Victor Hugo,92.0,2,1,14.414347608503377,Luxe,30.666666666666668,5
3657,1050000.0,Temara,Ain Atig,124.0,3,2,13.864301674514206,Moyen,31.0,5
6935,1763555.0,Casablanca,Maarif,161.0,3,1,14.38284278318667,Luxe,40.25,5
4875,820000.0,Kénitra,Bir Rami,82.0,2,2,13.617060838751888,Moyen,27.333333333333332,5
4403,2500000.0,Casablanca,Marina,67.0,1,2,14.731801689838349,Luxe,33.5,5
2427,2300000.0,Rabat,Agdal,131.0,3,2,14.648420115681892,Luxe,32.75,5
1815,740000.0,Zenata,Toute La Ville,50.0,1,1,13.51440681653079,Moyen,25.0,5
7619,485000.0,El Jadida,Najd,65.0,2,1,13.091906231773164,Économique,21.666666666666668,5
2275,635000.0,Temara,Wifak,49.0,1,1,13.361381852676738,Moyen,24.5,5
1012,1270000.0,Casablanca,Centre Ville,141.0,2,1,14.054528245836039,Moyen,47.0,5
5553,2200000.0,Casablanca,Quartier Des Hôpitaux,157.0,2,2,14.603968372873895,Luxe,52.333333333333336,5
1068,470000.0,Kénitra,Autre Secteur,68.0,2,1,13.060490101343552,Économique,22.666666666666668,5
1991,1127000.0,Casablanca,Route D'Azemmour,97.0,3,2,13.935070680332966,Moyen,24.25,5
3971,950000.0,Casablanca,Franceville,38.0,1,1,13.76421831620775,Moyen,19.0,5
5834,660000.0,Casablanca,Al Fida,66.0,2,1,13.399996629152975,Moyen,22.0,5
7627,890000.0,Béni Mellal,Toute La Ville,148.0,3,3,13.698977865303197,Moyen,37.0,5
3868,1050000.0,Marrakech,Hay Izdihar,75.0,2,2,13.864301674514206,Moyen,25.0,5
7308,1400000.0,Kénitra,Centre,150.0,4,1,14.151983508870947,Moyen,30.0,5
3049,450000.0,Casablanca,Sidi Bernoussi,56.0,3,1,13.017005083966255,Économique,14.0,5
782,680000.0,Mohammedia,Wafa,74.0,3,2,13.429849547739444,Moyen,18.5,5
7946,870000.0,Marrakech,Allal El Fassi,87.0,2,1,13.676249640055394,Moyen,29.0,5
1750,1050000.0,Temara,Abbadi,134.0,3,1,13.864301674514206,Moyen,33.5,5
2792,550000.0,Salé,Sala El Jadida,70.0,2,2,13.217675375388819,Moyen,23.333333333333332,5
1092,3300000.0,Sidi Bouknadel,Toute La Ville,180.0,3,2,15.009433329466965,Luxe,45.0,5
6569,180000.0,Kénitra,Alliance,51.0,2,1,12.100717685412471,Économique,17.0,5
6917,660000.0,Kénitra,Al Maghrib Al Arabi,80.0,2,1,13.399996629152975,Moyen,26.666666666666668,5
6966,1300000.0,Casablanca,Maarif,119.0,2,1,14.077875591662238,Moyen,39.666666666666664,5
6642,555000.0,Tanger,Tanja Balia,74.0,2,1,13.22672519452875,Moyen,24.666666666666668,5
2607,920000.0,El Mansouria,Toute La Ville,96.0,1,1,13.732130035981154,Moyen,48.0,5
6712,560000.0,Kénitra,Alliance,70.0,3,2,13.235693848424024,Moyen,17.5,5
2291,700000.0,Casablanca,Sidi Bernoussi,75.0,2,1,13.45883704259595,Moyen,25.0,5
1728,1498000.0,Marrakech,Guéliz,65.0,1,1,14.21964211061582,Moyen,32.5,5
611,1900000.0,Casablanca,Val Fleuri,132.0,3,2,14.45736497045232,Luxe,33.0,5
4667,640000.0,Agadir,Tassila,46.0,2,1,13.369225017834633,Moyen,15.333333333333334,5
344,1150000.0,Benslimane,Autre Secteur,114.0,3,2,13.955273369904273,Moyen,28.5,5
5735,430000.0,Lamkansa,Toute La Ville,60.0,2,2,12.971542813248437,Économique,20.0,5
6389,1000000.0,El Mansouria,Toute La Ville,100.0,2,2,13.815511557963774,Moyen,33.333333333333336,5
3751,1750000.0,Casablanca,Mers Sultan,139.0,2,2,14.375126917328105,Luxe,46.333333333333336,5
5871,680000.0,Sidi Rahal,Toute La Ville,84.0,3,2,13.429849547739444,Moyen,21.0,5
7148,592000.0,Tanger,Tanja Balia,74.0,2,1,13.291263603053904,Moyen,24.666666666666668,5
3216,520000.0,Marrakech,M'Hamid,61.0,2,2,13.161586013632684,Moyen,20.333333333333332,5
98,3450000.0,Rabat,Hay Riad,170.0,3,2,15.053885078862573,Luxe,42.5,5
5157,1300000.0,Casablanca,Maarif,88.0,1,1,14.077875591662238,Moyen,44.0,5
1538,1200000.0,Marrakech,Guéliz,52.0,1,1,13.997832948091215,Moyen,26.0,5
3589,1600000.0,Agadir,Hay Mohammadi,115.0,3,2,14.285514812209815,Luxe,28.75,5
4988,760000.0,Marrakech,Azzouzia,80.0,2,1,13.541075028051122,Moyen,26.666666666666668,5
3648,640000.0,Casablanca,Roches Noires,41.0,1,1,13.369225017834633,Moyen,20.5,5
6518,3200000.0,Casablanca,Racine,204.0,3,3,14.978661680269907,Luxe,51.0,5
5077,890000.0,Kénitra,Al Maghrib Al Arabi,127.0,3,2,13.698977865303197,Moyen,31.75,5
1518,1900000.0,Marrakech,Ain Mezouar,100.0,3,2,14.45736497045232,Luxe,25.0,5
7210,1335000.0,Marrakech,Guéliz,53.0,1,1,14.104442598879876,Moyen,26.5,5
4625,450000.0,Casablanca,Autre Secteur,110.0,3,1,13.017005083966255,Économique,27.5,5
4273,750000.0,Marrakech,Socoma,100.0,2,2,13.527829818844937,Moyen,33.333333333333336,5
3669,580000.0,Marrakech,Palmeraie,48.0,1,1,13.270785106659046,Moyen,24.0,5
2090,420000.0,Kénitra,Bir Rami,78.0,2,2,12.948012371209098,Économique,26.0,5
573,490000.0,Had Soualem,Toute La Ville,69.0,2,2,13.102162710901053,Économique,23.0,5
7449,2211000.0,Tanger,Centre Ville,67.0,2,2,14.608955912123516,Luxe,22.333333333333332,5
6210,1700000.0,Rabat,Diour Jamaa,115.0,4,1,14.346139397261565,Luxe,23.0,5
6796,750000.0,Tanger,Tanja Balia,80.0,3,1,13.527829818844937,Moyen,20.0,5
3063,1120000.0,Tanger,Hay Hassani,85.0,3,2,13.928840136128022,Moyen,21.25,5
5202,550000.0,Berrechid,Toute La Ville,100.0,3,1,13.217675375388819,Moyen,25.0,5
5939,5500000.0,Rabat,Riyad,228.0,4,3,15.520258832020865,Luxe,45.6,5
5331,1000000.0,Tanger,Val Fleuri,90.0,3,1,13.815511557963774,Moyen,22.5,5
5314,680000.0,Casablanca,Hay Mohammadi,84.0,4,2,13.429849547739444,Moyen,16.8,5
5490,1240000.0,Agadir,Haut-Founty,110.0,3,2,14.030622744032508,Moyen,27.5,5
4480,750000.0,Tanger,Tanja Balia,93.0,3,2,13.527829818844937,Moyen,23.25,5
7219,815000.0,Oued Laou,Toute La Ville,87.0,2,2,13.610944619216111,Moyen,29.0,5
371,2000000.0,Marrakech,Route De Tahanaoute,80.0,2,1,14.508658238524095,Luxe,26.666666666666668,5
1938,500000.0,Had Soualem,Toute La Ville,74.0,2,2,13.122365377402328,Économique,24.666666666666668,5
5804,860000.0,Casablanca,Hay Hassani,78.0,2,2,13.664688831019712,Moyen,26.0,5
7065,800000.0,Kénitra,Bir Rami,80.0,3,1,13.592368256649284,Moyen,20.0,5
3670,1050000.0,Kénitra,La Ville Haute,120.0,3,2,13.864301674514206,Moyen,30.0,5
3652,1480000.0,Tanger,Marjane,133.0,3,2,14.207553321415745,Moyen,33.25,5
2362,650000.0,Saidia,Toute La Ville,110.0,3,2,13.384729180332174,Moyen,27.5,5
4261,1250000.0,Salé,Sala El Jadida,88.0,3,2,14.038654909278163,Moyen,22.0,5
4992,510000.0,El Jadida,Autre Secteur,70.0,2,2,13.1421679654829,Moyen,23.333333333333332,5
5113,810000.0,Salé,Said Hajji,80.0,2,1,13.60479076121576,Moyen,26.666666666666668,5
7380,530000.0,Casablanca,Sidi Moumen,71.0,2,1,13.180634172318978,Moyen,23.666666666666668,5
3738,1940000.0,Casablanca,Ferme Bretone,97.0,2,2,14.478199046503295,Luxe,32.333333333333336,5
5055,1300000.0,Nador,Hay Al Matar,124.0,3,2,14.077875591662238,Moyen,31.0,5
6398,420000.0,Martil,Toute La Ville,65.0,2,1,12.948012371209098,Économique,21.666666666666668,5
5692,1490000.0,Tétouan,Autre Secteur,160.0,3,2,14.214287349062356,Moyen,40.0,5
1171,1850000.0,Casablanca,Maarif,116.0,3,2,14.430696737594902,Luxe,29.0,5
5341,420000.0,Salé,Frougui,65.0,2,1,12.948012371209098,Économique,21.666666666666668,5
1423,440000.0,Marrakech,Route De Casablanca,60.0,2,1,12.994532278619134,Économique,20.0,5
7349,729000.0,Marrakech,M'Hamid,104.0,3,3,13.499430382731967,Moyen,26.0,5
7211,592000.0,Tanger,Tanja Balia,74.0,2,1,13.291263603053904,Moyen,24.666666666666668,5
5389,550000.0,Tanger,Tanja Balia,56.0,2,1,13.217675375388819,Moyen,18.666666666666668,5
875,800000.0,Temara,Abbadi,75.0,2,1,13.592368256649284,Moyen,25.0,5
2298,750000.0,Tanger,Tanja Balia,80.0,3,1,13.527829818844937,Moyen,20.0,5
2644,1020000.0,Tanger,Tanja Balia,118.0,2,1,13.83531416565213,Moyen,39.333333333333336,5
7093,110000.0,Casablanca,Bourgogne,92.0,3,1,11.608244735642321,Économique,23.0,5
841,830000.0,Casablanca,Oulfa,83.0,2,2,13.629182184591333,Moyen,27.666666666666668,5
582,1980000.0,Casablanca,Maârif Extension,132.0,3,2,14.498607907721096,Luxe,33.0,5
205,390000.0,Kénitra,Bir Rami,75.0,2,2,12.873904582205107,Économique,25.0,5
1642,459000.0,Tanger,La Nouvelle Ville Ibn Battouta,65.0,3,2,13.036807667689546,Économique,16.25,5
2014,1380000.0,Zenata,Toute La Ville,101.0,3,2,14.137594781770806,Moyen,25.25,5
3254,1350000.0,Temara,Wifak,86.0,2,1,14.115615891155079,Moyen,28.666666666666668,5
5082,660000.0,Rabat,Hay Nahda,86.0,2,1,13.399996629152975,Moyen,28.666666666666668,5
906,450000.0,Tanger,Marjane,57.0,2,1,13.017005083966255,Économique,19.0,5
632,1050000.0,Casablanca,Maârif Extension,76.0,2,2,13.864301674514206,Moyen,25.333333333333332,5
5820,1064000.0,Marrakech,Guéliz,56.0,1,1,13.877546888732908,Moyen,28.0,5
7190,1200000.0,Mdiq,Toute La Ville,105.0,2,1,13.997832948091215,Moyen,35.0,5
1974,3300000.0,Casablanca,Maârif Extension,206.0,4,2,15.009433329466965,Luxe,41.2,5
163,300000.0,Ben Guerir,Toute La Ville,64.0,3,2,12.611541086966115,Économique,16.0,5
4999,650000.0,Marrakech,Massira 1,74.0,2,1,13.384729180332174,Moyen,24.666666666666668,5
5597,1500000.0,Marrakech,Guéliz,61.0,1,1,14.220976332738882,Moyen,30.5,5
7357,540000.0,Asilah,Toute La Ville,62.0,2,1,13.199326270390594,Moyen,20.666666666666668,5
7621,1200000.0,Saidia,Toute La Ville,92.0,2,1,13.997832948091215,Moyen,30.666666666666668,5
4714,740000.0,Tanger,Marjane,74.0,2,2,13.51440681653079,Moyen,24.666666666666668,5
876,310000.0,Salé,Abouab Sala,50.0,2,1,12.644330802262578,Économique,16.666666666666668,5
1432,290000.0,Oujda,Agdal,130.0,3,1,12.577639650232573,Économique,32.5,5
4644,680000.0,Salé,Sala El Jadida,68.0,2,2,13.429849547739444,Moyen,22.666666666666668,5
6891,1480000.0,Casablanca,Quartier Des Hôpitaux,117.0,3,1,14.207553321415745,Moyen,29.25,5
7081,420000.0,Tanger,Hay Hassani,56.0,2,1,12.948012371209098,Économique,18.666666666666668,5
5220,830000.0,Martil,Toute La Ville,68.0,2,1,13.629182184591333,Moyen,22.666666666666668,5
2857,270000.0,Safi,Lamiaa,60.0,2,1,12.506180941677357,Économique,20.0,5
1862,500000.0,Had Soualem,Toute La Ville,74.0,2,2,13.122365377402328,Économique,24.666666666666668,5
2660,2340000.0,Tanger,Tanger City Center,72.0,2,2,14.66566191468422,Luxe,24.0,5
3385,450000.0,Marrakech,Mabrouka,60.0,2,1,13.017005083966255,Économique,20.0,5
7519,580000.0,Agadir,Anza,58.0,2,1,13.270785106659046,Moyen,19.333333333333332,5
7845,900000.0,Meknès,Autre Secteur,147.0,3,2,13.710151153416941,Moyen,36.75,5
5427,830000.0,Tanger,Marjane,72.0,2,1,13.629182184591333,Moyen,24.0,5
4734,380000.0,Mohammedia,Nassim,58.0,2,1,12.847929163278053,Économique,19.333333333333332,5
3332,660000.0,Casablanca,Sidi Maarouf,96.0,3,1,13.399996629152975,Moyen,24.0,5
6695,550000.0,Tanger,Tanja Balia,56.0,2,1,13.217675375388819,Moyen,18.666666666666668,5
8014,450000.0,Tanger,Marjane,57.0,2,1,13.017005083966255,Économique,19.0,5
5720,770000.0,Casablanca,Casablanca Finance City,50.0,1,1,13.554147092530322,Moyen,25.0,5
2097,550000.0,Kénitra,Seyad,90.0,2,2,13.217675375388819,Moyen,30.0,5
2003,2700000.0,Casablanca,Racine,135.0,3,3,14.80876270134486,Luxe,33.75,5
5577,1450000.0,Bouznika,Plage Oued Cherrat,95.0,2,2,14.187074804051692,Moyen,31.666666666666668,5
5018,1000000.0,Casablanca,Ain Sebaa,110.0,3,2,13.815511557963774,Moyen,27.5,5
547,1550000.0,Tétouan,Wilaya,204.0,3,2,14.253766134056512,Luxe,51.0,5
1450,560000.0,Marrakech,Hay Izdihar,60.0,2,1,13.235693848424024,Moyen,20.0,5
5686,400000.0,Marrakech,Azzouzia,64.0,2,1,12.899222326086994,Économique,21.333333333333332,5
2609,1350000.0,Marrakech,Victor Hugo,54.0,1,1,14.115615891155079,Moyen,27.0,5
1901,1989000.0,Tétouan,Safir,153.0,2,2,14.503143060601191,Luxe,51.0,5
6454,2600000.0,Marrakech,Guéliz,145.0,3,2,14.77102238760702,Luxe,36.25,5
2758,400000.0,Casablanca,Oulfa,50.0,2,1,12.899222326086994,Économique,16.666666666666668,5
1886,3200000.0,Tanger,Autre Secteur,84.0,2,2,14.978661680269907,Luxe,28.0,5
7913,390000.0,Marrakech,M'Hamid,64.0,2,1,12.873904582205107,Économique,21.333333333333332,5
2098,920000.0,Meknès,Autre Secteur,110.0,3,2,13.732130035981154,Moyen,27.5,5
7122,1350000.0,Casablanca,Derb Omar,137.0,4,2,14.115615891155079,Moyen,27.4,5
7356,650000.0,Dar Bouazza,Toute La Ville,72.0,2,2,13.384729180332174,Moyen,24.0,5
837,560000.0,Kénitra,Fouarate,84.0,3,1,13.235693848424024,Moyen,21.0,5
3472,3400000.0,Rabat,Agdal,150.0,3,2,15.039286283703994,Luxe,37.5,5
4698,1800000.0,Casablanca,Maarif,89.0,3,2,14.403297778421795,Luxe,22.25,5
6515,470000.0,Kénitra,Autre Secteur,68.0,2,1,13.060490101343552,Économique,22.666666666666668,5
2171,1180000.0,Kénitra,Centre,127.0,3,2,13.981025843899115,Moyen,31.75,5
7034,1200000.0,Marrakech,Route De Casablanca,89.0,2,2,13.997832948091215,Moyen,29.666666666666668,5
6965,1490000.0,Temara,Wifak,95.0,3,2,14.214287349062356,Moyen,23.75,5
399,817600.0,Casablanca,Oulfa,73.0,3,2,13.614129721522806,Moyen,18.25,5
2010,420000.0,Tamesna,Toute La Ville,61.0,2,1,12.948012371209098,Économique,20.333333333333332,5
7865,744000.0,Tanger,Tanja Balia,93.0,3,1,13.519797657900348,Moyen,23.25,5
1283,480000.0,Oued Laou,Toute La Ville,68.0,2,1,13.081543466215237,Économique,22.666666666666668,5
5784,1800000.0,Marrakech,Palmeraie,95.0,2,2,14.403297778421795,Luxe,31.666666666666668,5
5995,500000.0,Had Soualem,Toute La Ville,74.0,2,2,13.122365377402328,Économique,24.666666666666668,5
4257,460000.0,Tanger,Autre Secteur,63.0,2,1,13.038983942375959,Économique,21.0,5
1837,320000.0,Sidi Kacem,Toute La Ville,105.0,2,1,12.676079399771027,Économique,35.0,5
1020,555000.0,Tanger,Tanja Balia,74.0,2,1,13.22672519452875,Moyen,24.666666666666668,5
5934,3500000.0,Tanger,Centre Ville,202.0,3,3,15.068273812173887,Luxe,50.5,5
1327,340000.0,Marrakech,Azzouzia,54.0,2,1,12.73670383776449,Économique,18.0,5
7072,800000.0,Tanger,Val Fleuri,92.0,2,1,13.592368256649284,Moyen,30.666666666666668,5
476,340000.0,Kénitra,Bir Rami,68.0,2,1,12.73670383776449,Économique,22.666666666666668,5
2811,430000.0,El Jadida,Amal,64.0,2,1,12.971542813248437,Économique,21.333333333333332,5
6155,920000.0,Meknès,Autre Secteur,110.0,3,2,13.732130035981154,Moyen,27.5,5
1652,950000.0,Casablanca,Aïn Chock,95.0,2,1,13.76421831620775,Moyen,31.666666666666668,5
7601,2000000.0,Tanger,Malabata,96.0,2,2,14.508658238524095,Luxe,32.0,5
7101,1850000.0,Tanger,Nouinouich,101.0,3,2,14.430696737594902,Luxe,25.25,5
2528,1100000.0,Marrakech,Guéliz,45.0,1,1,13.910821646859095,Moyen,22.5,5
1206,1800000.0,Casablanca,Autre Secteur,114.0,3,2,14.403297778421795,Luxe,28.5,5
5332,880000.0,Kénitra,Centre,120.0,2,2,13.68767832281738,Moyen,40.0,5
7256,1512000.0,Casablanca,Maarif,63.0,2,2,14.228944497097057,Luxe,21.0,5
6304,1700000.0,Tanger,Branes 1,113.0,3,3,14.346139397261565,Luxe,28.25,5
5386,400000.0,Temara,Ain Atig,60.0,2,1,12.899222326086994,Économique,20.0,5
868,1267000.0,Marrakech,Guéliz,51.0,1,1,14.052163248568947,Moyen,25.5,5
2975,1400000.0,Rabat,Diour Jamaa,80.0,2,1,14.151983508870947,Moyen,26.666666666666668,5
5094,420000.0,Casablanca,Sbata,64.0,2,1,12.948012371209098,Économique,21.333333333333332,5
542,890000.0,Marrakech,Hay Charaf,84.0,2,1,13.698977865303197,Moyen,28.0,5
1133,450000.0,Laâyoune,Toute La Ville,78.0,2,1,13.017005083966255,Économique,26.0,5
7932,870000.0,Casablanca,Bourgogne,52.0,1,1,13.676249640055394,Moyen,26.0,5
6460,380000.0,Mohammedia,Autre Secteur,52.0,2,1,12.847929163278053,Économique,17.333333333333332,5
3391,630000.0,Kénitra,Alliance,90.0,2,2,13.353476685668044,Moyen,30.0,5
5899,1200000.0,Casablanca,Triangle D'Or,80.0,2,1,13.997832948091215,Moyen,26.666666666666668,5
2963,750000.0,Béni Mellal,Toute La Ville,70.0,3,1,13.527829818844937,Moyen,17.5,5
4156,360000.0,Tanger,Autre Secteur,60.0,1,1,12.793862088206213,Économique,30.0,5
3260,1240000.0,Agadir,Hay Mohammadi,89.0,2,1,14.030622744032508,Moyen,29.666666666666668,5
5326,1800000.0,Marrakech,Victor Hugo,98.0,2,1,14.403297778421795,Luxe,32.666666666666664,5
8089,1000000.0,Salé,Said Hajji,116.0,3,2,13.815511557963774,Moyen,29.0,5
2582,1000000.0,Casablanca,Sidi Maarouf,112.0,2,2,13.815511557963774,Moyen,37.333333333333336,5
2814,750000.0,Kénitra,Autre Secteur,105.0,3,2,13.527829818844937,Moyen,26.25,5
6356,555000.0,Tanger,Tanja Balia,74.0,2,1,13.22672519452875,Moyen,24.666666666666668,5
7094,380000.0,Marrakech,Les Portes De Marrakech,48.0,2,1,12.847929163278053,Économique,16.0,5
5647,450000.0,Fès,Route Ain Chkaf,76.0,1,1,13.017005083966255,Économique,38.0,5
3587,750000.0,Marrakech,Autre Secteur,85.0,3,1,13.527829818844937,Moyen,21.25,5
7030,520000.0,Marrakech,Route De Safi,56.0,2,1,13.161586013632684,Moyen,18.666666666666668,5
5481,430000.0,Marrakech,Es Saada,56.0,2,1,12.971542813248437,Économique,18.666666666666668,5
6961,900000.0,Kénitra,Val Fleury,85.0,2,2,13.710151153416941,Moyen,28.333333333333332,5
2629,1380000.0,Agadir,Hay Salam,105.0,3,2,14.137594781770806,Moyen,26.25,5
6558,550000.0,Tanger,Tanja Balia,56.0,2,1,13.217675375388819,Moyen,18.666666666666668,5
5232,1350000.0,Temara,Wifak,86.0,2,1,14.115615891155079,Moyen,28.666666666666668,5
5037,460000.0,Bouskoura,Bouskoura Centre,60.0,2,1,13.038983942375959,Économique,20.0,5
1081,850000.0,Casablanca,Hay Mohammadi,102.0,2,2,13.652992804936396,Moyen,34.0,5
4284,2800000.0,Tanger,Centre Ville,260.0,4,3,14.845130332288226,Luxe,52.0,5
2085,3230000.0,Casablanca,Aïn Diab,140.0,3,3,14.987993004796314,Luxe,35.0,5
2453,950000.0,Marrakech,Issil,111.0,2,2,13.76421831620775,Moyen,37.0,5
4967,2500000.0,Temara,Wifak,160.0,3,3,14.731801689838349,Luxe,40.0,5
2023,690000.0,Casablanca,Autre Secteur,67.0,2,1,13.444448325847754,Moyen,22.333333333333332,5
5419,1550000.0,Casablanca,Bourgogne,140.0,2,1,14.253766134056512,Luxe,46.666666666666664,5
6296,800000.0,Agadir,Hay Salam,64.0,2,1,13.592368256649284,Moyen,21.333333333333332,5
227,9200000.0,Marrakech,Guéliz,50.0,1,1,16.034714150714915,Luxe,25.0,5
1014,380000.0,Mohammedia,Autre Secteur,52.0,2,1,12.847929163278053,Économique,17.333333333333332,5
1929,890000.0,Marrakech,Hay Charaf,84.0,2,1,13.698977865303197,Moyen,28.0,5
6808,720000.0,Tétouan,El Ensanche,80.0,2,1,13.487007879880162,Moyen,26.666666666666668,5
1405,1200000.0,Rabat,Riyad Extension,76.0,2,2,13.997832948091215,Moyen,25.333333333333332,5
2179,890000.0,Casablanca,Autre Secteur,105.0,2,1,13.698977865303197,Moyen,35.0,5
698,3230000.0,Casablanca,Aïn Diab,140.0,3,3,14.987993004796314,Luxe,35.0,5
1125,1150000.0,Casablanca,Quartier Des Hôpitaux,81.0,2,1,13.955273369904273,Moyen,27.0,5
3896,420000.0,Marrakech,Route De Tamansourt,94.0,2,1,12.948012371209098,Économique,31.333333333333332,5
5111,1200000.0,Mdiq,Toute La Ville,105.0,2,1,13.997832948091215,Moyen,35.0,5
1779,693500.0,Casablanca,Aïn Borja,79.0,3,1,13.449507960697051,Moyen,19.75,5
6787,800000.0,Berkane,Toute La Ville,130.0,2,1,13.592368256649284,Moyen,43.333333333333336,5
2635,560000.0,Casablanca,Sidi Maarouf,57.0,2,1,13.235693848424024,Moyen,19.0,5
3490,640000.0,Kénitra,Alliance,80.0,2,2,13.369225017834633,Moyen,26.666666666666668,5
1038,2300000.0,Rabat,Agdal,131.0,3,2,14.648420115681892,Luxe,32.75,5
2257,4700000.0,Rabat,Souissi,135.0,3,2,15.363073279446223,Luxe,33.75,5
5492,960000.0,Saidia,Toute La Ville,118.0,2,2,13.774689605110144,Moyen,39.333333333333336,5
8098,510000.0,Meknès,Wislane,91.0,3,2,13.1421679654829,Moyen,22.75,5
314,850000.0,Marrakech,Allal El Fassi,62.0,2,1,13.652992804936396,Moyen,20.666666666666668,5
2650,1600000.0,Casablanca,Hay Hassani,145.0,3,1,14.285514812209815,Luxe,36.25,5
2282,2432000.0,Agadir,Haut-Founty,128.0,3,3,14.70422493325232,Luxe,32.0,5
5879,820000.0,Mohammedia,Autre Secteur,80.0,2,2,13.617060838751888,Moyen,26.666666666666668,5
2547,650000.0,Bouznika,Autre Secteur,70.0,2,1,13.384729180332174,Moyen,23.333333333333332,5
5133,860000.0,Salé,Said Hajji,118.0,3,2,13.664688831019712,Moyen,29.5,5
2159,7000000.0,Casablanca,Aïn Diab,186.0,3,3,15.76142084987672,Luxe,46.5,5
3138,8500000.0,Kénitra,Alliance,150.0,3,2,15.955576839107596,Luxe,37.5,5
6803,1650000.0,Tanger,Tanger City Center,110.0,2,2,14.316286451937186,Luxe,36.666666666666664,5
3968,2140000.0,Tanger,Castilla,112.0,3,2,14.576316854287645,Luxe,28.0,5
1429,390000.0,Laâyoune,Toute La Ville,86.0,2,1,12.873904582205107,Économique,28.666666666666668,5
5823,1930000.0,Casablanca,2 Mars,129.0,3,2,14.47303107901565,Luxe,32.25,5
2520,770000.0,Kénitra,Centre,117.0,3,2,13.554147092530322,Moyen,29.25,5
5274,1800000.0,Tanger,Tanja Balia,111.0,3,2,14.403297778421795,Luxe,27.75,5
5936,2390000.0,Dar Bouazza,Toute La Ville,132.0,3,2,14.686804342317648,Luxe,33.0,5
6063,1050000.0,Casablanca,Al Qods,108.0,3,2,13.864301674514206,Moyen,27.0,5
449,36000000.0,Casablanca,Oulfa,51.0,2,1,17.399029524198163,Luxe,17.0,5
5781,2650000.0,Temara,Wifak,213.0,3,1,14.790070575320824,Luxe,53.25,5
1284,420000.0,Marrakech,Les Portes De Marrakech,68.0,2,1,12.948012371209098,Économique,22.666666666666668,5
3728,1050000.0,Temara,Abbadi,134.0,3,1,13.864301674514206,Moyen,33.5,5
362,1140000.0,Marrakech,Guéliz,60.0,1,1,13.946539697563276,Moyen,30.0,5
6596,1050000.0,Casablanca,Hay Hassani,60.0,2,2,13.864301674514206,Moyen,20.0,5
6527,3480000.0,Casablanca,Bourgogne,260.0,3,2,15.062543139106937,Luxe,65.0,5
5150,920000.0,Casablanca,Al Fida,78.0,3,2,13.732130035981154,Moyen,19.5,5
2461,3200000.0,Casablanca,Racine,204.0,3,3,14.978661680269907,Luxe,51.0,5
23,1200000.0,Rabat,Autre Secteur,107.0,3,2,13.997832948091215,Moyen,26.75,5
2066,430000.0,Marrakech,Hay Izdihar,46.0,1,1,12.971542813248437,Économique,23.0,5
1654,950000.0,Mohammedia,Riad 2,91.0,2,1,13.76421831620775,Moyen,30.333333333333332,5
703,420000.0,Kénitra,Bir Rami,78.0,2,2,12.948012371209098,Économique,26.0,5
5938,590000.0,Agadir,Tilila,58.0,2,1,13.28787951079572,Moyen,19.333333333333332,5
2744,520000.0,Marrakech,Autre Secteur,64.0,2,1,13.161586013632684,Moyen,21.333333333333332,5
1377,310000.0,Had Soualem,Toute La Ville,54.0,2,2,12.644330802262578,Économique,18.0,5
6654,1680000.0,Casablanca,Racine,144.0,3,1,14.33430494661736,Luxe,36.0,5
2469,520000.0,Meknès,Autre Secteur,110.0,3,2,13.161586013632684,Moyen,27.5,5
3755,660000.0,Casablanca,Al Fida,66.0,2,1,13.399996629152975,Moyen,22.0,5
2326,1200000.0,Marrakech,Guéliz,54.0,1,1,13.997832948091215,Moyen,27.0,5
461,21000000.0,El Menzeh,Toute La Ville,128.0,3,2,16.860033043306743,Luxe,32.0,5
5164,2500000.0,Marrakech,Guéliz,161.0,3,2,14.731801689838349,Luxe,40.25,5
4184,2000000.0,Casablanca,Quartier Des Hôpitaux,157.0,3,2,14.508658238524095,Luxe,39.25,5
4083,850000.0,Kénitra,Seyad,102.0,3,2,13.652992804936396,Moyen,25.5,5
1487,1200000.0,Tanger,Aida,97.0,3,2,13.997832948091215,Moyen,24.25,5
3678,1600000.0,Tanger,Branes 1,113.0,3,2,14.285514812209815,Luxe,28.25,5
283,640000.0,Casablanca,Roches Noires,41.0,1,1,13.369225017834633,Moyen,20.5,5
4559,1040000.0,Casablanca,Oulfa,100.0,3,2,13.854732232655556,Moyen,25.0,5
4309,1369592.0,Agadir,Av Mokawama,105.0,4,1,14.130024173375245,Moyen,21.0,5
4866,1340000.0,Casablanca,Maarif,106.0,2,1,14.108180918195472,Moyen,35.333333333333336,5
3538,4200000.0,Casablanca,Casablanca Finance City,170.0,3,3,15.250595321348806,Luxe,42.5,5
5767,1100000.0,Sidi Rahal,Toute La Ville,108.0,2,2,13.910821646859095,Moyen,36.0,5
2580,5200000.0,Casablanca,Maarif,283.0,3,3,15.46416937585933,Luxe,70.75,5
1369,520000.0,Agadir,Hay Mohammadi,47.0,2,1,13.161586013632684,Moyen,15.666666666666666,5
7387,750000.0,Tanger,Tanja Balia,56.0,2,1,13.527829818844937,Moyen,18.666666666666668,5
5506,2500000.0,Sidi Bouknadel,Toute La Ville,98.0,2,2,14.731801689838349,Luxe,32.666666666666664,5
598,1980000.0,Dar Bouazza,Toute La Ville,150.0,3,2,14.498607907721096,Luxe,37.5,5
4352,510000.0,Berrechid,Toute La Ville,100.0,2,1,13.1421679654829,Moyen,33.333333333333336,5
6650,425000.0,Casablanca,Ain Sebaa,55.0,2,2,12.959846800844963,Économique,18.333333333333332,5
4759,650000.0,Mohammedia,Autre Secteur,59.0,2,1,13.384729180332174,Moyen,19.666666666666668,5
8132,1250000.0,Casablanca,Roches Noires,98.0,2,2,14.038654909278163,Moyen,32.666666666666664,5
7718,1450000.0,Agadir,Hay Mohammadi,116.0,3,2,14.187074804051692,Moyen,29.0,5
5348,2790000.0,Bouskoura,Ville Verte,119.0,3,2,14.841552512220423,Luxe,29.75,5
3469,1360000.0,Marrakech,Guéliz,81.0,1,1,14.122995993006082,Moyen,40.5,5
5245,860000.0,Oued Laou,Toute La Ville,85.0,2,1,13.664688831019712,Moyen,28.333333333333332,5
2991,1295900.0,Casablanca,Maarif,54.0,1,1,14.074716764087688,Moyen,27.0,5
7288,924000.0,Tanger,Autre Secteur,77.0,2,1,13.736468432874318,Moyen,25.666666666666668,5
8030,592000.0,Tanger,Tanja Balia,74.0,2,1,13.291263603053904,Moyen,24.666666666666668,5
2544,695000.0,Bouskoura,,70.0,2,1,13.451668563394815,Moyen,23.333333333333332,5
6095,450000.0,Tanger,Hay Hassani,52.0,2,2,13.017005083966255,Économique,17.333333333333332,5
6270,1110000.0,Kénitra,Centre,134.0,3,1,13.919871474189012,Moyen,33.5,5
4067,270000.0,Bouskoura,Bouskoura Centre,57.0,2,1,12.506180941677357,Économique,19.0,5
3989,1150000.0,Sidi Rahal,Toute La Ville,85.0,2,2,13.955273369904273,Moyen,28.333333333333332,5
7909,1500000.0,Temara,Wifak,112.0,3,1,14.220976332738882,Moyen,28.0,5
686,670000.0,Kénitra,Seyad,84.0,3,2,13.415034483903348,Moyen,21.0,5
5236,700000.0,Marrakech,Hay Izdihar,57.0,2,2,13.45883704259595,Moyen,19.0,5
3244,720000.0,Kénitra,Alliance,135.0,3,2,13.487007879880162,Moyen,33.75,5
6342,1750000.0,Casablanca,Franceville,83.0,2,2,14.375126917328105,Luxe,27.666666666666668,5
4084,870000.0,Kénitra,Seyad,100.0,3,2,13.676249640055394,Moyen,25.0,5
2838,1620000.0,Casablanca,Californie,98.0,2,1,14.297937324492327,Luxe,32.666666666666664,5
3697,295000.0,Tanger,Al Irfane 2,47.0,2,1,12.59473402514672,Économique,15.666666666666666,5
4942,360000.0,Casablanca,Errahma,62.0,2,1,12.793862088206213,Économique,20.666666666666668,5
7180,680000.0,Martil,Toute La Ville,70.0,2,1,13.429849547739444,Moyen,23.333333333333332,5
4041,460000.0,Béni Mellal,Toute La Ville,75.0,2,1,13.038983942375959,Économique,25.0,5
2231,2200000.0,Rabat,Hay Riad,94.0,2,2,14.603968372873895,Luxe,31.333333333333332,5
6548,750000.0,Marrakech,M'Hamid,76.0,2,1,13.527829818844937,Moyen,25.333333333333332,5
2321,650000.0,Casablanca,Ain Sebaa,75.0,2,1,13.384729180332174,Moyen,25.0,5
4879,370000.0,Berrechid,Toute La Ville,62.0,3,1,12.821260987319457,Économique,15.5,5
522,1470000.0,Casablanca,Palmier,58.0,2,1,14.200773639026796,Moyen,19.333333333333332,5
523,1100000.0,Temara,Harhoura,70.0,2,1,13.910821646859095,Moyen,23.333333333333332,5
8158,1020000.0,Tanger,Tanja Balia,196.0,2,1,13.83531416565213,Moyen,65.33333333333333,5
6590,1720000.0,Casablanca,Maarif,106.0,2,2,14.357835430184815,Luxe,35.333333333333336,5
6587,4000000.0,Casablanca,Autre Secteur,224.0,4,3,15.201805169084134,Luxe,44.8,5
8075,870000.0,Mohammedia,Autre Secteur,64.0,2,1,13.676249640055394,Moyen,21.333333333333332,5
781,2800000.0,Bouskoura,Ville Verte,160.0,3,3,14.845130332288226,Luxe,40.0,5
7626,1400000.0,Marrakech,Palmeraie,120.0,1,1,14.151983508870947,Moyen,60.0,5
5558,750000.0,Tanger,Tanja Balia,80.0,3,1,13.527829818844937,Moyen,20.0,5
652,640000.0,Bouznika,Autre Secteur,74.0,2,2,13.369225017834633,Moyen,24.666666666666668,5
6115,4450000.0,Casablanca,Racine,250.0,3,3,15.308414878861498,Luxe,62.5,5
2196,800000.0,Casablanca,Aïn Chock,78.0,2,1,13.592368256649284,Moyen,26.0,5
370,1780000.0,Casablanca,Abdelmoumen,123.0,3,2,14.392124484065864,Luxe,30.75,5
5378,1000000.0,Marrakech,Hay Izdihar,76.0,2,1,13.815511557963774,Moyen,25.333333333333332,5
4215,800000.0,Marrakech,Route De Casablanca,54.0,1,1,13.592368256649284,Moyen,27.0,5
378,2350000.0,Marrakech,Guéliz,110.0,2,2,14.669926311652166,Luxe,36.666666666666664,5
5768,3250000.0,Rabat,Hay Riad,144.0,3,2,14.99416586199818,Luxe,36.0,5
2217,1300000.0,Kénitra,Maamora,119.0,3,1,14.077875591662238,Moyen,29.75,5
6240,500000.0,Kénitra,Bir Rami,80.0,2,1,13.122365377402328,Économique,26.666666666666668,5
1614,9200000.0,Marrakech,Guéliz,50.0,1,1,16.034714150714915,Luxe,25.0,5
7350,950000.0,Tanger,Autre Secteur,64.0,2,1,13.76421831620775,Moyen,21.333333333333332,5
3632,950000.0,Mohammedia,Riad 2,91.0,2,1,13.76421831620775,Moyen,30.333333333333332,5
963,3900000.0,Casablanca,Marina,155.0,2,3,15.176487367510099,Luxe,51.666666666666664,5
7370,350000.0,Fès,Zouagha,128.0,2,1,12.765691290604371,Économique,42.666666666666664,5
7688,1470000.0,Temara,Wifak,105.0,3,2,14.200773639026796,Moyen,26.25,5
6246,560000.0,Tanger,Aharrarine,65.0,2,1,13.235693848424024,Moyen,21.666666666666668,5
5559,420000.0,Marrakech,Hay Charaf,60.0,1,1,12.948012371209098,Économique,30.0,5
360,860000.0,Casablanca,Hay Hassani,78.0,2,2,13.664688831019712,Moyen,26.0,5
3840,500000.0,Had Soualem,Toute La Ville,74.0,2,2,13.122365377402328,Économique,24.666666666666668,5
5489,290000.0,Oujda,Agdal,130.0,3,1,12.577639650232573,Économique,32.5,5
1246,420000.0,Casablanca,Ain Sebaa,74.0,2,1,12.948012371209098,Économique,24.666666666666668,5
5723,860000.0,Marrakech,Hay Izdihar,69.0,2,1,13.664688831019712,Moyen,23.0,5
5088,1020000.0,Kénitra,Val Fleury,145.0,2,2,13.83531416565213,Moyen,48.333333333333336,5
3694,1200000.0,Casablanca,Sidi Maarouf,118.0,3,2,13.997832948091215,Moyen,29.5,5
6909,270000.0,Casablanca,Autre Secteur,70.0,2,1,12.506180941677357,Économique,23.333333333333332,5
2567,2390000.0,Dar Bouazza,Toute La Ville,144.0,3,2,14.686804342317648,Luxe,36.0,5
3424,1500000.0,Marrakech,Palmeraie,95.0,2,2,14.220976332738882,Moyen,31.666666666666668,5
2037,1300000.0,Kénitra,Val Fleury,136.0,3,1,14.077875591662238,Moyen,34.0,5
773,750000.0,Kénitra,Seyad,103.0,3,2,13.527829818844937,Moyen,25.75,5
7526,850000.0,Casablanca,Oulfa,50.0,2,1,13.652992804936396,Moyen,16.666666666666668,5
3563,7680000.0,Tanger,Malabata,320.0,2,1,15.85413023533218,Luxe,106.66666666666667,5
7753,1150000.0,Casablanca,Oulfa,107.0,2,1,13.955273369904273,Moyen,35.666666666666664,5
7487,630000.0,Tamesna,Toute La Ville,65.0,2,2,13.353476685668044,Moyen,21.666666666666668,5
5429,230000.0,Casablanca,Oulfa,45.0,2,1,12.345838935721968,Économique,15.0,5
4532,750000.0,Salé,Hay Chmaou,69.0,2,1,13.527829818844937,Moyen,23.0,5
1675,1500000.0,Martil,Toute La Ville,150.0,3,1,14.220976332738882,Moyen,37.5,5
366,770500.0,Casablanca,Ain Sebaa,67.0,2,2,13.5547962316,Moyen,22.333333333333332,5
5387,260000.0,Sidi Bouzid,Toute La Ville,54.0,2,1,12.468440756144114,Économique,18.0,5
7574,980000.0,Casablanca,Aïn Chock,93.0,2,2,13.795308871054397,Moyen,31.0,5
4328,1080000.0,Casablanca,Ain Sebaa,83.0,3,2,13.8924725250259,Moyen,20.75,5
148,1900000.0,Marrakech,Route D'Ourika,99.0,2,1,14.45736497045232,Luxe,33.0,5
7200,920000.0,Casablanca,Maârif Extension,67.0,2,1,13.732130035981154,Moyen,22.333333333333332,5
3089,550000.0,Tanger,Tanja Balia,56.0,2,1,13.217675375388819,Moyen,18.666666666666668,5
6462,390000.0,El Jadida,Saada,75.0,2,1,12.873904582205107,Économique,25.0,5
408,1350000.0,Tanger,Autre Secteur,86.0,2,1,14.115615891155079,Moyen,28.666666666666668,5
7563,330000.0,Saidia,Toute La Ville,55.0,2,1,12.706850963741102,Économique,18.333333333333332,5
3457,1540000.0,Casablanca,Franceville,133.0,3,2,14.24729362374025,Luxe,33.25,5
4183,680000.0,Casablanca,Aïn Chock,82.0,2,1,13.429849547739444,Moyen,27.333333333333332,5
3577,560000.0,Fès,Ain Amiyer,87.0,2,1,13.235693848424024,Moyen,29.0,5
3272,580000.0,Martil,Toute La Ville,62.0,2,1,13.270785106659046,Moyen,20.666666666666668,5
4941,750000.0,Béni Mellal,Toute La Ville,70.0,3,1,13.527829818844937,Moyen,17.5,5
1032,1176000.0,Salé,Sala El Jadida,84.0,3,2,13.977630257780485,Moyen,21.0,5
5372,1150000.0,Casablanca,Ferme Bretone,46.0,1,1,13.955273369904273,Moyen,23.0,5
856,2400000.0,Casablanca,,134.0,3,1,14.690979711984754,Luxe,33.5,5
3927,580000.0,Khouribga,Toute La Ville,80.0,2,2,13.270785106659046,Moyen,26.666666666666668,5
79,1850000.0,Casablanca,Californie,119.0,3,2,14.430696737594902,Luxe,29.75,5
2248,1460000.0,Salé,Sala El Jadida,120.0,3,2,14.19394767861579,Moyen,30.0,5
6074,990000.0,Sidi Rahal,Toute La Ville,127.0,3,2,13.805461232211272,Moyen,31.75,5
7481,480000.0,Sidi Yahya Zaer,Toute La Ville,70.0,2,1,13.081543466215237,Économique,23.333333333333332,5
7531,860000.0,Casablanca,Ain Sebaa,83.0,2,2,13.664688831019712,Moyen,27.666666666666668,5
6340,1250000.0,Salé,Sala El Jadida,88.0,3,2,14.038654909278163,Moyen,22.0,5
5643,600000.0,Marrakech,Allal El Fassi,47.0,2,1,13.304686600863562,Moyen,15.666666666666666,5
789,2600000.0,Casablanca,Val Fleuri,188.0,3,2,14.77102238760702,Luxe,47.0,5
2280,2288000.0,Taghazout,Toute La Ville,130.0,1,2,14.643189068544666,Luxe,65.0,5
4096,550000.0,El Jadida,Najmat Al Janoub,66.0,2,1,13.217675375388819,Moyen,22.0,5
3898,450000.0,Kénitra,Bir Rami,70.0,2,1,13.017005083966255,Économique,23.333333333333332,5
6159,840000.0,Marrakech,Issil,74.0,2,1,13.641158361294979,Moyen,24.666666666666668,5
6799,1070000.0,Tanger,Tanja Balia,102.0,4,2,13.883170141017091,Moyen,20.4,5
3631,390000.0,Marrakech,Azzouzia,59.0,2,1,12.873904582205107,Économique,19.666666666666668,5
6138,1250000.0,Casablanca,Palmier,59.0,1,1,14.038654909278163,Moyen,29.5,5
425,890000.0,Kénitra,Val Fleury,124.0,3,2,13.698977865303197,Moyen,31.0,5
393,708000.0,Casablanca,Ain Sebaa,59.0,2,2,13.470200785104238,Moyen,19.666666666666668,5
6121,1380000.0,Zenata,Toute La Ville,116.0,3,2,14.137594781770806,Moyen,29.0,5
7732,740000.0,Tanger,Tanja Balia,74.0,2,1,13.51440681653079,Moyen,24.666666666666668,5
4201,450000.0,Casablanca,Oulfa,56.0,2,1,13.017005083966255,Économique,18.666666666666668,5
2673,480000.0,Oued Laou,Toute La Ville,68.0,2,1,13.081543466215237,Économique,22.666666666666668,5
7493,1020000.0,Tanger,Tanja Balia,196.0,2,1,13.83531416565213,Moyen,65.33333333333333,5
5829,570000.0,Casablanca,Errahma,75.0,3,2,13.25339339419516,Moyen,18.75,5
3494,1360000.0,Kénitra,Centre,154.0,3,2,14.122995993006082,Moyen,38.5,5
1460,1100000.0,Casablanca,Belvédère,163.0,2,2,13.910821646859095,Moyen,54.333333333333336,5
5921,8000000.0,Tanger,Sania,366.0,3,2,15.894952224644102,Luxe,91.5,5
7597,2163000.0,Casablanca,Autre Secteur,139.0,2,2,14.58700716725594,Luxe,46.333333333333336,5
5439,600000.0,Agadir,Anza,65.0,2,2,13.304686600863562,Moyen,21.666666666666668,5
3836,2400000.0,Casablanca,2 Mars,168.0,2,3,14.690979711984754,Luxe,56.0,5
7158,560000.0,Meknès,Riad Toulal,100.0,3,2,13.235693848424024,Moyen,25.0,5
6343,850000.0,Kénitra,Autre Secteur,100.0,3,2,13.652992804936396,Moyen,25.0,5
7795,350000.0,Tit Mellil,Toute La Ville,68.0,3,2,12.765691290604371,Économique,17.0,5
4725,370000.0,Mohammedia,Autre Secteur,54.0,2,1,12.821260987319457,Économique,18.0,5
6781,5600000.0,Kénitra,Alliance,70.0,2,1,15.53827733427679,Luxe,23.333333333333332,5
2356,760000.0,Bouznika,Autre Secteur,146.0,4,1,13.541075028051122,Moyen,29.2,5
8093,6800000.0,Meknès,Autre Secteur,115.0,3,3,15.732433317205148,Luxe,28.75,5
2443,530000.0,El Hajeb,Toute La Ville,80.0,2,1,13.180634172318978,Moyen,26.666666666666668,5
5549,1134000.0,Marrakech,Guéliz,63.0,1,1,13.941262645103661,Moyen,31.5,5
7515,520000.0,Meknès,Autre Secteur,110.0,3,2,13.161586013632684,Moyen,27.5,5
7755,1150000.0,Casablanca,Maarif,119.0,2,1,13.955273369904273,Moyen,39.666666666666664,5
465,2400000.0,Casablanca,2 Mars,159.0,3,3,14.690979711984754,Luxe,39.75,5
164,800000.0,Marrakech,M'Hamid,95.0,3,1,13.592368256649284,Moyen,23.75,5
7086,670000.0,Marrakech,Route De Safi,54.0,2,1,13.415034483903348,Moyen,18.0,5
7335,579000.0,Casablanca,Sidi Moumen,72.0,2,1,13.269059483669357,Moyen,24.0,5
7847,700000.0,Casablanca,Aïn Borja,74.0,2,1,13.45883704259595,Moyen,24.666666666666668,5
8123,1500000.0,Temara,Wifak,128.0,3,2,14.220976332738882,Moyen,32.0,5
2009,2800000.0,Tanger,Achakar,165.0,2,2,14.845130332288226,Luxe,55.0,5
3085,320000.0,Meknès,Hamria,63.0,3,1,12.676079399771027,Économique,15.75,5
901,700000.0,Béni Mellal,Toute La Ville,87.0,3,1,13.45883704259595,Moyen,21.75,5
6497,876000.0,Tanger,Marjane,73.0,3,2,13.683122511470389,Moyen,18.25,5
4837,3000000.0,Tanger,Administratif,234.0,3,2,14.914123179965662,Luxe,58.5,5
2294,450000.0,Tanger,Marjane,57.0,2,1,13.017005083966255,Économique,19.0,5
4482,798000.0,Tanger,Tanja Balia,76.0,2,1,13.589865129563993,Moyen,25.333333333333332,5
5303,970000.0,Salé,Sala El Jadida,76.0,2,3,13.785052381406869,Moyen,25.333333333333332,5
4606,1000000.0,Casablanca,2 Mars,43.0,1,1,13.815511557963774,Moyen,21.5,5
3716,1800000.0,Marrakech,Agdal,118.0,2,2,14.403297778421795,Luxe,39.333333333333336,5
6793,740000.0,Tanger,Marjane,74.0,2,2,13.51440681653079,Moyen,24.666666666666668,5
1765,2350000.0,Marrakech,Guéliz,110.0,2,2,14.669926311652166,Luxe,36.666666666666664,5
1550,300000.0,Ben Guerir,Toute La Ville,64.0,3,2,12.611541086966115,Économique,16.0,5
3030,360000.0,Benslimane,Autre Secteur,54.0,2,1,12.793862088206213,Économique,18.0,5
6189,2250000.0,Casablanca,Val Fleuri,132.0,3,2,14.626441218624949,Luxe,33.0,5
2044,720000.0,Marrakech,Azzouzia,90.0,2,1,13.487007879880162,Moyen,30.0,5
768,530000.0,Kénitra,Seyad,74.0,2,2,13.180634172318978,Moyen,24.666666666666668,5
1509,580000.0,Martil,Toute La Ville,62.0,2,1,13.270785106659046,Moyen,20.666666666666668,5
7954,700000.0,Casablanca,Errahma,68.0,2,2,13.45883704259595,Moyen,22.666666666666668,5
4518,420000.0,Bouskoura,,56.0,2,1,12.948012371209098,Économique,18.666666666666668,5
4220,550000.0,Tanger,Autre Secteur,67.0,2,1,13.217675375388819,Moyen,22.333333333333332,5
8009,350000.0,Tanger,Boukhalef,50.0,2,1,12.765691290604371,Économique,16.666666666666668,5
5369,1100000.0,Bouznika,Autre Secteur,200.0,3,2,13.910821646859095,Moyen,50.0,5
3293,950000.0,Tanger,Autre Secteur,64.0,2,1,13.76421831620775,Moyen,21.333333333333332,5
820,680000.0,Casablanca,Sidi Bernoussi,55.0,2,1,13.429849547739444,Moyen,18.333333333333332,5
1404,2200000.0,Temara,Harhoura,138.0,2,2,14.603968372873895,Luxe,46.0,5
1383,1530000.0,Tanger,Centre Ville,82.0,2,1,14.240778946963175,Luxe,27.333333333333332,5
2149,490000.0,Kénitra,Seyad,80.0,2,2,13.102162710901053,Économique,26.666666666666668,5
1639,2583000.0,Marrakech,Hivernage,126.0,3,1,14.764462459224632,Luxe,31.5,5
7873,490000.0,Marrakech,Autre Secteur,51.0,2,1,13.102162710901053,Économique,17.0,5
400,530000.0,Casablanca,Sidi Bernoussi,110.0,3,2,13.180634172318978,Moyen,27.5,5
883,580000.0,Martil,Toute La Ville,62.0,2,1,13.270785106659046,Moyen,20.666666666666668,5
3566,1300000.0,Casablanca,Bourgogne,43.0,1,1,14.077875591662238,Moyen,21.5,5
7318,240000.0,Béni Mellal,Toute La Ville,47.0,2,1,12.388398368982115,Économique,15.666666666666666,5
1179,1300000.0,Casablanca,Hay Hassani,131.0,3,1,14.077875591662238,Moyen,32.75,5
4245,700000.0,Agadir,Hay Mohammadi,38.0,1,1,13.45883704259595,Moyen,19.0,5
5219,930000.0,Tétouan,Autre Secteur,100.0,2,1,13.742940940397677,Moyen,33.333333333333336,5
7677,1960000.0,Casablanca,Maârif Extension,131.0,3,2,14.488455541410652,Luxe,32.75,5
2131,1200000.0,Marrakech,Autre Secteur,89.0,2,1,13.997832948091215,Moyen,29.666666666666668,5
5079,560000.0,Meknès,Riad Toulal,100.0,3,2,13.235693848424024,Moyen,25.0,5
457,1450000.0,Marrakech,Sidi Abbad,125.0,3,2,14.187074804051692,Moyen,31.25,5
7379,450000.0,Tanger,Autre Secteur,52.0,2,1,13.017005083966255,Économique,17.333333333333332,5
1950,509000.0,Meknès,Zitoune,131.0,3,2,13.140205260167273,Moyen,32.75,5
5373,724000.0,Casablanca,La Gironde,71.0,2,2,13.49254805258237,Moyen,23.666666666666668,5
690,580000.0,Kénitra,Al Maghrib Al Arabi,70.0,2,1,13.270785106659046,Moyen,23.333333333333332,5
6472,810000.0,Marrakech,Daoudiate,81.0,3,1,13.60479076121576,Moyen,20.25,5
8015,1300000.0,Al Hoceima,Toute La Ville,175.0,3,2,14.077875591662238,Moyen,43.75,5
1953,897000.0,Casablanca,Ain Sebaa,78.0,2,2,13.706812255867513,Moyen,26.0,5
2711,560000.0,Mohammedia,Hay Saada,62.0,2,1,13.235693848424024,Moyen,20.666666666666668,5
6054,2450000.0,Marrakech,Route De Casablanca,125.0,2,2,14.711598990684092,Luxe,41.666666666666664,5
6088,750000.0,Oued Laou,Toute La Ville,87.0,2,1,13.527829818844937,Moyen,29.0,5
4350,1700000.0,Rabat,Hay El Fath,97.0,2,1,14.346139397261565,Luxe,32.333333333333336,5
7107,390000.0,Martil,Toute La Ville,48.0,2,1,12.873904582205107,Économique,16.0,5
1885,1300000.0,Casablanca,Racine,74.0,1,1,14.077875591662238,Moyen,37.0,5
7365,1650000.0,Casablanca,Almaz,143.0,3,3,14.316286451937186,Luxe,35.75,5
7241,1300000.0,Nouaceur,Toute La Ville,117.0,3,2,14.077875591662238,Moyen,29.25,5
2495,1500000.0,Casablanca,Bourgogne,113.0,3,1,14.220976332738882,Moyen,28.25,5
3037,380000.0,Marrakech,Les Portes De Marrakech,48.0,2,1,12.847929163278053,Économique,16.0,5
3603,1110000.0,Casablanca,Hay Hassani,81.0,2,2,13.919871474189012,Moyen,27.0,5
846,950000.0,Temara,Autre Secteur,115.0,3,2,13.76421831620775,Moyen,28.75,5
543,1250000.0,Casablanca,Beauséjour,124.0,3,2,14.038654909278163,Moyen,31.0,5
3725,860000.0,Casablanca,Hay Hassani,78.0,2,2,13.664688831019712,Moyen,26.0,5
4188,660000.0,Kénitra,Autre Secteur,90.0,3,1,13.399996629152975,Moyen,22.5,5
3679,850000.0,Marrakech,Allal El Fassi,62.0,2,1,13.652992804936396,Moyen,20.666666666666668,5
6538,1092000.0,Casablanca,Oulfa,78.0,2,2,13.903522351037484,Moyen,26.0,5
6696,592000.0,Tanger,Tanja Balia,74.0,2,1,13.291263603053904,Moyen,24.666666666666668,5
5634,2255000.0,Casablanca,Californie,143.0,3,2,14.628660974377798,Luxe,35.75,5
2965,750000.0,Martil,Toute La Ville,116.0,2,2,13.527829818844937,Moyen,38.666666666666664,5
2529,690000.0,Kénitra,Val Fleury,66.0,1,1,13.444448325847754,Moyen,33.0,5
1049,740000.0,Tanger,Marjane,74.0,2,1,13.51440681653079,Moyen,24.666666666666668,5
1960,490000.0,Had Soualem,Toute La Ville,69.0,2,2,13.102162710901053,Économique,23.0,5
2530,4000000.0,Casablanca,Autre Secteur,224.0,4,3,15.201805169084134,Luxe,44.8,5
6897,800000.0,Casablanca,Belvédère,80.0,2,2,13.592368256649284,Moyen,26.666666666666668,5
238,1110000.0,Casablanca,Hay Hassani,81.0,2,2,13.919871474189012,Moyen,27.0,5
4918,820000.0,Marrakech,M'Hamid,126.0,2,2,13.617060838751888,Moyen,42.0,5
1134,9500000.0,Marrakech,Guéliz,242.0,3,3,16.066802461833923,Luxe,60.5,5
6771,530000.0,Casablanca,Oulfa,53.0,2,2,13.180634172318978,Moyen,17.666666666666668,5
4260,2432000.0,Agadir,Haut-Founty,128.0,3,3,14.70422493325232,Luxe,32.0,5
6458,1270000.0,Casablanca,Centre Ville,141.0,2,1,14.054528245836039,Moyen,47.0,5
6061,850000.0,Marrakech,Hay Charaf,93.0,2,1,13.652992804936396,Moyen,31.0,5
6160,7000000.0,Casablanca,Maarif,416.0,4,3,15.76142084987672,Luxe,83.2,5
6319,1450000.0,Rabat,Massira,101.0,3,2,14.187074804051692,Moyen,25.25,5
2979,2480000.0,Casablanca,Racine,186.0,3,3,14.72376952136689,Luxe,46.5,5
7543,870000.0,Mohammedia,Autre Secteur,76.0,2,2,13.676249640055394,Moyen,25.333333333333332,5
6300,1800000.0,Kénitra,Mimosas,190.0,4,2,14.403297778421795,Luxe,38.0,5
5538,928000.0,Marrakech,Guéliz,58.0,1,1,13.740788089353964,Moyen,29.0,5
6112,750000.0,Fès,Autre Secteur,110.0,2,1,13.527829818844937,Moyen,36.666666666666664,5
3920,280000.0,Tit Mellil,Toute La Ville,59.0,2,1,12.54254845357358,Économique,19.666666666666668,5
3139,460000.0,Drargua,Toute La Ville,54.0,2,2,13.038983942375959,Économique,18.0,5
7309,440000.0,Casablanca,Salmia,70.0,2,2,12.994532278619134,Économique,23.333333333333332,5
4074,2800000.0,Mehdia,Toute La Ville,121.0,3,2,14.845130332288226,Luxe,30.25,5
7033,1100000.0,Casablanca,Ain Sebaa,105.0,3,3,13.910821646859095,Moyen,26.25,5
3230,1270000.0,Casablanca,Belvédère,116.0,2,2,14.054528245836039,Moyen,38.666666666666664,5
1827,420000.0,Fès,Oued Fès,92.0,2,2,12.948012371209098,Économique,30.666666666666668,5
594,1150000.0,Casablanca,Maârif Extension,47.0,1,1,13.955273369904273,Moyen,23.5,5
2726,2325000.0,Tanger,Centre Ville,150.0,3,2,14.659231027111028,Luxe,37.5,5
4138,1860000.0,Casablanca,Maarif,117.0,3,2,14.436087583323648,Luxe,29.25,5
561,2150000.0,Casablanca,Maârif Extension,146.0,3,3,14.580978865220017,Luxe,36.5,5
6418,180000.0,Casablanca,Anfa,45.0,1,1,12.100717685412471,Économique,22.5,5
6052,330000.0,Casablanca,Route D'Azemmour,58.0,2,1,12.706850963741102,Économique,19.333333333333332,5
244,380000.0,Tanger,Autre Secteur,50.0,2,1,12.847929163278053,Économique,16.666666666666668,5
5436,520000.0,Meknès,Autre Secteur,110.0,3,2,13.161586013632684,Moyen,27.5,5
4438,1150000.0,Meknès,Hamria,143.0,3,3,13.955273369904273,Moyen,35.75,5
5688,380000.0,Tanger,Autre Secteur,50.0,2,1,12.847929163278053,Économique,16.666666666666668,5
406,1400000.0,Marrakech,Allal El Fassi,130.0,3,1,14.151983508870947,Moyen,32.5,5
1443,1030000.0,Mohammedia,Autre Secteur,91.0,2,2,13.845070331079134,Moyen,30.333333333333332,5
262,7400000.0,Tanger,Mozart,478.0,5,4,15.816990693309524,Luxe,79.66666666666667,5
5499,1750000.0,Temara,Wifak,103.0,3,2,14.375126917328105,Luxe,25.75,5
7472,798000.0,Tanger,Tanja Balia,76.0,2,1,13.589865129563993,Moyen,25.333333333333332,5
1690,3750000.0,Casablanca,Racine,190.0,4,3,15.137266664613225,Luxe,38.0,5
1726,1526500.0,Marrakech,Av Abdelkrim El Khattabi,61.0,1,1,14.238488746250205,Luxe,30.5,5
6678,780000.0,Asilah,Toute La Ville,69.0,1,1,13.567050480716235,Moyen,34.5,5
4931,1200000.0,Kénitra,Saknia,112.0,3,2,13.997832948091215,Moyen,28.0,5
2497,890000.0,Mohammedia,La Colline,79.0,2,2,13.698977865303197,Moyen,26.333333333333332,5
7371,720000.0,Casablanca,Roches Noires,75.0,2,1,13.487007879880162,Moyen,25.0,5
341,1498000.0,Marrakech,Guéliz,65.0,1,1,14.21964211061582,Moyen,32.5,5
6936,1100000.0,Marrakech,Route De Casablanca,83.0,2,1,13.910821646859095,Moyen,27.666666666666668,5
1602,1850000.0,Mohammedia,Corniche,117.0,3,2,14.430696737594902,Luxe,29.25,5
4577,849000.0,Temara,Centre Ville,78.0,2,2,13.651815643149092,Moyen,26.0,5
3726,3000000.0,Casablanca,Palmier,227.0,4,3,14.914123179965662,Luxe,45.4,5
8111,1650000.0,Mohammedia,Wafa,183.0,3,2,14.316286451937186,Luxe,45.75,5
2786,1290000.0,Marrakech,Guéliz,87.0,2,2,14.070153551531353,Moyen,29.0,5
1524,1270000.0,Casablanca,Bourgogne,66.0,1,1,14.054528245836039,Moyen,33.0,5
6110,3800000.0,Casablanca,Racine,190.0,3,2,15.150511887854474,Luxe,47.5,5
7273,520000.0,Marrakech,M'Hamid,61.0,2,2,13.161586013632684,Moyen,20.333333333333332,5
7588,790000.0,Tanger,Mghogha,74.0,2,1,13.579789490265188,Moyen,24.666666666666668,5
5780,3500000.0,Tanger,Malabata,120.0,3,2,15.068273812173887,Luxe,30.0,5
6656,849000.0,Temara,Centre Ville,78.0,2,2,13.651815643149092,Moyen,26.0,5
1767,1656000.0,Mohammedia,Centre Ville,120.0,2,2,14.319916217791894,Luxe,40.0,5
8081,350000.0,Tanger,Boukhalef,50.0,2,1,12.765691290604371,Économique,16.666666666666668,5
4038,450000.0,Fès,Hay Ouifak,93.0,3,1,13.017005083966255,Économique,23.25,5
5609,1220000.0,Agadir,Hay Mohammadi,107.0,3,2,14.014362236381235,Moyen,26.75,5
6473,360000.0,Casablanca,Sidi Bernoussi,54.0,2,1,12.793862088206213,Économique,18.0,5
6636,4900000.0,Casablanca,Anfa,185.0,3,2,15.404745967162468,Luxe,46.25,5
7662,380000.0,Sidi Rahal,Toute La Ville,57.0,2,1,12.847929163278053,Économique,19.0,5
364,1500000.0,Tétouan,Centre Ville,150.0,3,2,14.220976332738882,Moyen,37.5,5
5368,1100000.0,Bouznika,Autre Secteur,200.0,3,2,13.910821646859095,Moyen,50.0,5
8103,1260000.0,Kénitra,Mimosas,160.0,3,2,14.04662307257814,Moyen,40.0,5
7366,570000.0,Berkane,Toute La Ville,98.0,2,1,13.25339339419516,Moyen,32.666666666666664,5
4726,1180000.0,Marrakech,Hay Izdihar,86.0,2,2,13.981025843899115,Moyen,28.666666666666668,5
4444,1800000.0,Tanger,Centre Ville,124.0,3,2,14.403297778421795,Luxe,31.0,5
7901,320000.0,Casablanca,Ain Sebaa,61.0,2,1,12.676079399771027,Économique,20.333333333333332,5
7564,3750000.0,Casablanca,Racine,208.0,3,3,15.137266664613225,Luxe,52.0,5
2562,1010000.0,Casablanca,Roches Noires,103.0,2,1,13.825461878915961,Moyen,34.333333333333336,5
5738,1500000.0,Casablanca,Maârif Extension,123.0,3,2,14.220976332738882,Moyen,30.75,5
7509,400000.0,Casablanca,Oulfa,49.0,2,1,12.899222326086994,Économique,16.333333333333332,5
7603,1570000.0,Casablanca,Oasis,85.0,2,2,14.266586814266963,Luxe,28.333333333333332,5
3084,650000.0,Temara,Wifak,65.0,2,1,13.384729180332174,Moyen,21.666666666666668,5
7547,690000.0,Casablanca,Sidi Bernoussi,72.0,2,2,13.444448325847754,Moyen,24.0,5
2103,7000000.0,Casablanca,Maarif,416.0,4,3,15.76142084987672,Luxe,83.2,5
633,1400000.0,Casablanca,Sidi Moumen,158.0,3,2,14.151983508870947,Moyen,39.5,5
2494,1780000.0,Bouskoura,Victoria,188.0,3,3,14.392124484065864,Luxe,47.0,5
2666,680000.0,Salé,Sala El Jadida,68.0,2,2,13.429849547739444,Moyen,22.666666666666668,5
5945,1476000.0,Marrakech,Guéliz,82.0,1,2,14.2048469616491,Moyen,41.0,5
4407,1200000.0,Tanger,Marjane,120.0,4,2,13.997832948091215,Moyen,24.0,5
6027,170000.0,Meknès,Wislane,60.0,2,1,12.04355959836804,Économique,20.0,5
5825,1250000.0,Essaouira,Toute La Ville,100.0,2,1,14.038654909278163,Moyen,33.333333333333336,5
2335,1250000.0,Temara,Autre Secteur,112.0,2,2,14.038654909278163,Moyen,37.333333333333336,5
6285,1330000.0,Casablanca,Maarif,55.0,1,1,14.100690252077353,Moyen,27.5,5
3619,550000.0,El Jadida,Autre Secteur,81.0,2,1,13.217675375388819,Moyen,27.0,5
3884,1500000.0,Mohammedia,La Siesta,95.0,2,1,14.220976332738882,Moyen,31.666666666666668,5
5670,360000.0,Lahraouyine,Toute La Ville,84.0,3,1,12.793862088206213,Économique,21.0,5
4212,950000.0,Temara,Autre Secteur,115.0,3,2,13.76421831620775,Moyen,28.75,5
1495,460000.0,Deroua,Toute La Ville,78.0,2,1,13.038983942375959,Économique,26.0,5
2402,1250000.0,El Mansouria,Toute La Ville,92.0,2,2,14.038654909278163,Moyen,30.666666666666668,5
3875,950000.0,Agadir,Hay Salam,124.0,3,2,13.76421831620775,Moyen,31.0,5
1232,400000.0,Casablanca,Sidi Moumen,58.0,2,1,12.899222326086994,Économique,19.333333333333332,5
2662,350000.0,Settat,Hay Salam,45.0,2,1,12.765691290604371,Économique,15.0,5
2818,927000.0,Zenata,Toute La Ville,81.0,2,2,13.739709923296061,Moyen,27.0,5
5603,2272500.0,Agadir,Talborjt,165.0,4,1,14.636391545077679,Luxe,33.0,5
7484,3150000.0,Tanger,Sania,130.0,3,2,14.962913328262083,Luxe,32.5,5
7898,610000.0,Casablanca,Sidi Bernoussi,110.0,2,2,13.321215875492413,Moyen,36.666666666666664,5
6504,460000.0,Salé,Tabriquet,50.0,2,1,13.038983942375959,Économique,16.666666666666668,5
4154,650000.0,Kénitra,Ouled Oujih,85.0,2,1,13.384729180332174,Moyen,28.333333333333332,5
6111,1741500.0,Casablanca,Sidi Belyout,162.0,3,2,14.370257943005656,Luxe,40.5,5
3062,2100000.0,Agadir,Founty,90.0,2,2,14.557448378884015,Luxe,30.0,5
6995,846999.0,Salé,Mkinssia,77.0,2,1,13.649455973634192,Moyen,25.666666666666668,5
8104,420000.0,Fnideq,Toute La Ville,47.0,2,1,12.948012371209098,Économique,15.666666666666666,5
1736,3500000.0,Marrakech,Guéliz,139.0,3,2,15.068273812173887,Luxe,34.75,5
2824,1280000.0,Casablanca,Californie,137.0,1,2,14.062371417145494,Moyen,68.5,5
6252,1300000.0,Kénitra,Centre,199.0,3,2,14.077875591662238,Moyen,49.75,5
7858,320000.0,Meknès,Autre Secteur,100.0,2,2,12.676079399771027,Économique,33.333333333333336,5
2476,1400000.0,Casablanca,Bachkou,106.0,3,2,14.151983508870947,Moyen,26.5,5
2564,1484800.0,Casablanca,Maarif,102.0,2,1,14.210791314505226,Moyen,34.0,5
8164,830000.0,Agadir,Hay Mohammadi,63.0,2,2,13.629182184591333,Moyen,21.0,5
6984,900000.0,Mdiq,Toute La Ville,81.0,3,2,13.710151153416941,Moyen,20.25,5
6339,2432000.0,Agadir,Haut-Founty,128.0,3,3,14.70422493325232,Luxe,32.0,5
708,1420000.0,Casablanca,Bourgogne,89.0,2,1,14.166168133802547,Moyen,29.666666666666668,5
3047,380000.0,Sidi Rahal,Toute La Ville,67.0,2,1,12.847929163278053,Économique,22.333333333333332,5
8029,320000.0,Tanger,Marjane,53.0,2,2,12.676079399771027,Économique,17.666666666666668,5
5190,1100000.0,Marrakech,Allal El Fassi,93.0,2,2,13.910821646859095,Moyen,31.0,5
6258,900000.0,Temara,Autre Secteur,120.0,4,2,13.710151153416941,Moyen,24.0,5
5473,480000.0,Mdiq,Toute La Ville,60.0,2,1,13.081543466215237,Économique,20.0,5
73,1100000.0,Casablanca,Belvédère,163.0,2,2,13.910821646859095,Moyen,54.333333333333336,5
4449,850000.0,Casablanca,Hay Mohammadi,102.0,2,2,13.652992804936396,Moyen,34.0,5
4839,4000000.0,Casablanca,Aïn Diab,189.0,3,2,15.201805169084134,Luxe,47.25,5
7665,520000.0,Marrakech,Route De Casablanca,50.0,2,1,13.161586013632684,Moyen,16.666666666666668,5
5102,320000.0,El Jadida,Saada,56.0,2,1,12.676079399771027,Économique,18.666666666666668,5
1190,5200000.0,Casablanca,Maarif,283.0,3,3,15.46416937585933,Luxe,70.75,5
2600,2300000.0,Marrakech,Palmeraie,134.0,2,2,14.648420115681892,Luxe,44.666666666666664,5
1126,1450000.0,Casablanca,Quartier Des Hôpitaux,117.0,3,1,14.187074804051692,Moyen,29.25,5
1241,750000.0,Tanger,Tanja Balia,80.0,3,1,13.527829818844937,Moyen,20.0,5
7339,620000.0,Meknès,Marjane 2,130.0,3,3,13.3374763699232,Moyen,32.5,5
6754,800000.0,Tanger,Tanja Balia,118.0,2,1,13.592368256649284,Moyen,39.333333333333336,5
6151,1350000.0,Nador,Al Boustane,158.0,3,2,14.115615891155079,Moyen,39.5,5
3352,750000.0,Agadir,Cité Adrar,64.0,2,2,13.527829818844937,Moyen,21.333333333333332,5
5095,990000.0,Marrakech,Route De Safi,77.0,2,2,13.805461232211272,Moyen,25.666666666666668,5
4009,750000.0,Oued Laou,Toute La Ville,87.0,2,1,13.527829818844937,Moyen,29.0,5
1578,750000.0,Tanger,Aouama Gharbia,100.0,2,2,13.527829818844937,Moyen,33.333333333333336,5
3907,890000.0,Marrakech,Hay Charaf,84.0,2,1,13.698977865303197,Moyen,28.0,5
3730,2900000.0,Tanger,Malabata,82.0,2,1,14.88022163978423,Luxe,27.333333333333332,5
4359,570000.0,Bouznika,Autre Secteur,84.0,2,1,13.25339339419516,Moyen,28.0,5
1344,876000.0,Tanger,Marjane,73.0,3,2,13.683122511470389,Moyen,18.25,5
8171,480000.0,Sidi Slimane,Toute La Ville,90.0,2,1,13.081543466215237,Économique,30.0,5
8116,1800000.0,Casablanca,Maarif,90.0,2,2,14.403297778421795,Luxe,30.0,5
441,510000.0,Mohammedia,Autre Secteur,65.0,2,1,13.1421679654829,Moyen,21.666666666666668,5
1101,750000.0,Marrakech,M'Hamid,76.0,2,1,13.527829818844937,Moyen,25.333333333333332,5
2638,550000.0,Tanger,Tanja Balia,56.0,2,1,13.217675375388819,Moyen,18.666666666666668,5
5790,530000.0,Sidi Rahal,Toute La Ville,67.0,2,2,13.180634172318978,Moyen,22.333333333333332,5
650,1300000.0,Kénitra,Val Fleury,136.0,3,1,14.077875591662238,Moyen,34.0,5
1547,1600000.0,Agadir,Hay Mohammadi,128.0,3,2,14.285514812209815,Luxe,32.0,5
6237,820000.0,Mohammedia,Wafa,88.0,4,1,13.617060838751888,Moyen,17.6,5
6257,1200000.0,Tanger,Du Golf,94.0,2,1,13.997832948091215,Moyen,31.333333333333332,5
2853,1520000.0,Casablanca,Mers Sultan,132.0,3,2,14.23422155071698,Luxe,33.0,5
3504,540000.0,Marrakech,M'Hamid,64.0,2,2,13.199326270390594,Moyen,21.333333333333332,5
7891,1470000.0,Marrakech,Autre Secteur,73.0,1,1,14.200773639026796,Moyen,36.5,5
631,490000.0,Meknès,Marjane 2,90.0,2,1,13.102162710901053,Économique,30.0,5
4769,350000.0,Bouznika,Autre Secteur,52.0,2,1,12.765691290604371,Économique,17.333333333333332,5
1249,592000.0,Tanger,Tanja Balia,74.0,2,1,13.291263603053904,Moyen,24.666666666666668,5
6419,650000.0,Saidia,Toute La Ville,110.0,3,2,13.384729180332174,Moyen,27.5,5
483,340000.0,Kénitra,Bir Rami,70.0,2,1,12.73670383776449,Économique,23.333333333333332,5
1585,7680000.0,Tanger,Malabata,320.0,2,1,15.85413023533218,Luxe,106.66666666666667,5
4677,400000.0,Casablanca,Hay Moulay Rachid,57.0,2,1,12.899222326086994,Économique,19.0,5
1463,2750000.0,Casablanca,Bourgogne,212.0,4,3,14.827111833279051,Luxe,42.4,5
3041,720000.0,Asilah,Toute La Ville,92.0,2,1,13.487007879880162,Moyen,30.666666666666668,5
5011,1080000.0,Salé,Bettana,100.0,2,2,13.8924725250259,Moyen,33.333333333333336,5
6307,1320000.0,Nouaceur,Toute La Ville,136.0,3,2,14.093143052138025,Moyen,34.0,5
3274,52000000.0,Casablanca,Oulfa,51.0,2,1,17.76675429577647,Luxe,17.0,5
3683,850000.0,Casablanca,Belvédère,149.0,3,2,13.652992804936396,Moyen,37.25,5
4146,1600000.0,Temara,Abbadi,129.0,3,2,14.285514812209815,Luxe,32.25,5
5789,8200000.0,Tétouan,Wilaya,82.0,2,2,15.919644834185693,Luxe,27.333333333333332,5
4955,1200000.0,Marrakech,Route De Casablanca,89.0,2,2,13.997832948091215,Moyen,29.666666666666668,5
3226,530000.0,Sidi Rahal,Toute La Ville,71.0,2,1,13.180634172318978,Moyen,23.666666666666668,5
1073,1150000.0,Agadir,Hay Mohammadi,86.0,3,2,13.955273369904273,Moyen,21.5,5
4815,1960000.0,Casablanca,Maarif,140.0,2,2,14.488455541410652,Luxe,46.666666666666664,5
2630,900000.0,Casablanca,Hay Chrifa,70.0,2,1,13.710151153416941,Moyen,23.333333333333332,5
1661,520000.0,Fès,Tghat,100.0,3,2,13.161586013632684,Moyen,25.0,5
2426,2000000.0,Rabat,Agdal,120.0,2,2,14.508658238524095,Luxe,40.0,5
5080,2200000.0,Rabat,Agdal,137.0,2,1,14.603968372873895,Luxe,45.666666666666664,5
6899,280000.0,Casablanca,Autre Secteur,54.0,2,1,12.54254845357358,Économique,18.0,5
6232,590000.0,Kénitra,Alliance,80.0,2,2,13.28787951079572,Moyen,26.666666666666668,5
3098,450000.0,Tanger,Marjane,57.0,2,1,13.017005083966255,Économique,19.0,5
3977,2800000.0,Casablanca,Californie,207.0,5,2,14.845130332288226,Luxe,34.5,5
7332,300000.0,Tanger,Autre Secteur,50.0,2,1,12.611541086966115,Économique,16.666666666666668,5
7775,570000.0,Tétouan,Autre Secteur,62.0,2,1,13.25339339419516,Moyen,20.666666666666668,5
5838,1200000.0,Casablanca,Quartier Des Hôpitaux,92.0,2,2,13.997832948091215,Moyen,30.666666666666668,5
5482,2200000.0,Casablanca,2 Mars,150.0,3,2,14.603968372873895,Luxe,37.5,5
6492,1100000.0,Salé,Hay Chmaou,120.0,3,2,13.910821646859095,Moyen,30.0,5
5496,920000.0,Marrakech,Bd Moulay Abdellah,87.0,3,1,13.732130035981154,Moyen,21.75,5
5292,720000.0,Casablanca,Roches Noires,75.0,2,1,13.487007879880162,Moyen,25.0,5
1409,370000.0,Oujda,Andalous,105.0,3,2,12.821260987319457,Économique,26.25,5
1846,3200000.0,Agadir,Tamraght,99.0,1,2,14.978661680269907,Luxe,49.5,5
1799,640000.0,Casablanca,Hay Hassani,64.0,2,1,13.369225017834633,Moyen,21.333333333333332,5
3958,2390000.0,Dar Bouazza,Toute La Ville,144.0,3,2,14.686804342317648,Luxe,36.0,5
1476,770000.0,Mohammedia,Autre Secteur,78.0,2,2,13.554147092530322,Moyen,26.0,5
5946,4000000.0,Casablanca,Racine,318.0,4,3,15.201805169084134,Luxe,63.6,5
36,440000.0,Marrakech,Route De Casablanca,60.0,2,1,12.994532278619134,Économique,20.0,5
6239,560000.0,Kénitra,Bir Rami,90.0,3,1,13.235693848424024,Moyen,22.5,5
445,1000000.0,Essaouira,Centre Ville,75.0,3,2,13.815511557963774,Moyen,18.75,5
2360,600000.0,Salé,El Qaria,87.0,2,1,13.304686600863562,Moyen,29.0,5
3654,855000.0,Bouskoura,Victoria,115.0,3,2,13.658857917508856,Moyen,28.75,5
6437,740000.0,Bouznika,Autre Secteur,140.0,3,2,13.51440681653079,Moyen,35.0,5
3180,2200000.0,Marrakech,Av Mohammed Vi,104.0,2,2,14.603968372873895,Luxe,34.666666666666664,5
1286,1800000.0,Casablanca,Gauthier,126.0,3,1,14.403297778421795,Luxe,31.5,5
6083,670000.0,Marrakech,Azzouzia,80.0,2,2,13.415034483903348,Moyen,26.666666666666668,5
4446,430000.0,Sidi Rahal,Toute La Ville,57.0,2,1,12.971542813248437,Économique,19.0,5
3417,920000.0,Marrakech,Bd Moulay Abdellah,87.0,3,1,13.732130035981154,Moyen,21.75,5
2138,1500000.0,Kénitra,Maamora,156.0,3,2,14.220976332738882,Moyen,39.0,5
2637,450000.0,Casablanca,Route D'Azemmour,62.0,2,1,13.017005083966255,Économique,20.666666666666668,5
4017,640000.0,Bouznika,Autre Secteur,74.0,2,2,13.369225017834633,Moyen,24.666666666666668,5
7908,285000.0,Meknès,Marjane 2,65.0,2,1,12.560247968016562,Économique,21.666666666666668,5
1682,286000.0,Casablanca,Oulfa,59.0,2,1,12.563750586299374,Économique,19.666666666666668,5
7802,650000.0,Martil,Toute La Ville,73.0,3,1,13.384729180332174,Moyen,18.25,5
7116,460000.0,Bouskoura,Bouskoura Centre,60.0,2,1,13.038983942375959,Économique,20.0,5
5276,980000.0,Tétouan,Autre Secteur,148.0,4,2,13.795308871054397,Moyen,29.6,5
1693,2500000.0,Casablanca,Val Fleuri,136.0,3,2,14.731801689838349,Luxe,34.0,5
6056,2800000.0,Casablanca,Californie,207.0,5,2,14.845130332288226,Luxe,34.5,5
6523,1800000.0,Tanger,Centre Ville,124.0,3,2,14.403297778421795,Luxe,31.0,5
3635,650000.0,Casablanca,Ain Sebaa,127.0,2,2,13.384729180332174,Moyen,42.333333333333336,5
373,1940000.0,Casablanca,Ferme Bretone,97.0,2,2,14.478199046503295,Luxe,32.333333333333336,5
6299,550000.0,Tanger,Autre Secteur,67.0,2,1,13.217675375388819,Moyen,22.333333333333332,5
5454,260000.0,Oujda,Route Jerada,70.0,2,1,12.468440756144114,Économique,23.333333333333332,5
4883,1250000.0,Temara,Riad Oulad Mtaa,109.0,2,2,14.038654909278163,Moyen,36.333333333333336,5
7761,550000.0,Tanger,Branes 1,75.0,2,1,13.217675375388819,Moyen,25.0,5
141,800000.0,Tanger,Autre Secteur,95.0,3,1,13.592368256649284,Moyen,23.75,5
4885,680000.0,Martil,Toute La Ville,70.0,2,1,13.429849547739444,Moyen,23.333333333333332,5
4420,590000.0,Salé,Bab Sebta,96.0,2,1,13.28787951079572,Moyen,32.0,5
7632,250000.0,Meknès,Autre Secteur,65.0,2,1,12.429220196836383,Économique,21.666666666666668,5
6730,480000.0,Oued Laou,Toute La Ville,68.0,2,1,13.081543466215237,Économique,22.666666666666668,5
715,840000.0,Marrakech,Issil,74.0,2,1,13.641158361294979,Moyen,24.666666666666668,5
5244,580000.0,Martil,Toute La Ville,80.0,2,1,13.270785106659046,Moyen,26.666666666666668,5
3189,750000.0,Agadir,Ben Serguaou,60.0,2,1,13.527829818844937,Moyen,20.0,5
7236,1300000.0,Casablanca,Maarif,88.0,1,1,14.077875591662238,Moyen,44.0,5
4432,1450000.0,Tanger,Hay Hassani,106.0,3,2,14.187074804051692,Moyen,26.5,5
7012,1020000.0,Tanger,Tanja Balia,196.0,2,1,13.83531416565213,Moyen,65.33333333333333,5
407,900000.0,Asilah,Toute La Ville,67.0,2,1,13.710151153416941,Moyen,22.333333333333332,5
21,780000.0,Casablanca,Hay Mohammadi,91.0,4,2,13.567050480716235,Moyen,18.2,5
1005,1170000.0,Temara,Riad Oulad Mtaa,65.0,2,2,13.972515161474428,Moyen,21.666666666666668,5
4987,108000.0,Mohammedia,Autre Secteur,210.0,3,2,11.58989576532275,Économique,52.5,5
2412,620000.0,Casablanca,Al Madina Aljadida,131.0,3,2,13.3374763699232,Moyen,32.75,5
2545,1200000.0,Marrakech,Autre Secteur,72.0,2,2,13.997832948091215,Moyen,24.0,5
6147,420000.0,Kénitra,Bir Rami,78.0,2,2,12.948012371209098,Économique,26.0,5
2391,1750000.0,Casablanca,Abdelmoumen,136.0,3,2,14.375126917328105,Luxe,34.0,5
6580,450000.0,Laâyoune,Toute La Ville,78.0,2,1,13.017005083966255,Économique,26.0,5
43,1209700.0,Marrakech,Guéliz,60.0,2,2,14.005883779598834,Moyen,20.0,5
2831,480000.0,Meknès,Autre Secteur,100.0,2,2,13.081543466215237,Économique,33.333333333333336,5
3372,430000.0,Marrakech,Es Saada,60.0,2,1,12.971542813248437,Économique,20.0,5
3023,1250000.0,Casablanca,Belvédère,101.0,2,2,14.038654909278163,Moyen,33.666666666666664,5
3365,490000.0,Salé,Hay Chmaou,66.0,2,1,13.102162710901053,Économique,22.0,5
4400,1560000.0,Marrakech,Route De Casablanca,99.0,2,1,14.260197020251155,Luxe,33.0,5
5253,300000.0,Tanger,Autre Secteur,50.0,2,1,12.611541086966115,Économique,16.666666666666668,5
12,2475000.0,Marrakech,Route De Casablanca,154.0,3,3,14.72175135802525,Luxe,38.5,5
4761,620000.0,Meknès,Autre Secteur,120.0,3,3,13.3374763699232,Moyen,30.0,5
1177,2390000.0,Dar Bouazza,Toute La Ville,144.0,3,2,14.686804342317648,Luxe,36.0,5
1947,600000.0,Bouznika,Autre Secteur,71.0,2,1,13.304686600863562,Moyen,23.666666666666668,5
2502,750000.0,Tanger,Tanja Balia,93.0,3,2,13.527829818844937,Moyen,23.25,5
7111,500000.0,Mers El Kheir,Toute La Ville,70.0,2,2,13.122365377402328,Économique,23.333333333333332,5
2864,2300000.0,Casablanca,Casablanca Finance City,78.0,1,1,14.648420115681892,Luxe,39.0,5
3866,1476000.0,Marrakech,Guéliz,82.0,1,2,14.2048469616491,Moyen,41.0,5
1027,360000.0,Casablanca,Sidi Bernoussi,54.0,2,1,12.793862088206213,Économique,18.0,5
3849,610000.0,Kénitra,Seyad,80.0,2,2,13.321215875492413,Moyen,26.666666666666668,5
2990,320000.0,Kénitra,Bir Rami,70.0,2,1,12.676079399771027,Économique,23.333333333333332,5
962,948000.0,Casablanca,Ain Sebaa,79.0,3,2,13.762110836088922,Moyen,19.75,5
2890,1190000.0,Mdiq,Toute La Ville,68.0,2,2,13.989464705423494,Moyen,22.666666666666668,5
3016,400000.0,Agadir,Amsernate,56.0,2,1,12.899222326086994,Économique,18.666666666666668,5
3339,1020000.0,Tanger,Tanja Balia,196.0,2,1,13.83531416565213,Moyen,65.33333333333333,5
5803,650000.0,Bouznika,Autre Secteur,65.0,2,2,13.384729180332174,Moyen,21.666666666666668,5
736,1100000.0,Tanger,Autre Secteur,89.0,2,1,13.910821646859095,Moyen,29.666666666666668,5
4401,1800000.0,Casablanca,Val Fleuri,129.0,2,2,14.403297778421795,Luxe,43.0,5
1441,2546000.0,Tanger,De La Plage,134.0,3,2,14.75003445087239,Luxe,33.5,5
7794,1150000.0,Casablanca,Aïn Borja,115.0,3,2,13.955273369904273,Moyen,28.75,5
2876,300000.0,Mohammedia,Autre Secteur,54.0,2,1,12.611541086966115,Économique,18.0,5
3987,2800000.0,Tanger,Achakar,165.0,2,2,14.845130332288226,Luxe,55.0,5
917,2800000.0,Tanger,Centre Ville,260.0,4,3,14.845130332288226,Luxe,52.0,5
6831,460000.0,Casablanca,Hay Moulay Rachid,59.0,2,1,13.038983942375959,Économique,19.666666666666668,5
6393,1330000.0,Casablanca,Les Princesses,68.0,1,2,14.100690252077353,Moyen,34.0,5
4090,3000000.0,Rabat,Hay Riad,133.0,3,2,14.914123179965662,Luxe,33.25,5
7566,4500000.0,Casablanca,Racine,236.0,4,2,15.319588176962746,Luxe,47.2,5
6904,780000.0,Tanger,Centre Ville,95.0,3,2,13.567050480716235,Moyen,23.75,5
2773,1530000.0,Tanger,Centre Ville,82.0,2,1,14.240778946963175,Luxe,27.333333333333332,5
1625,1110000.0,Casablanca,Hay Hassani,81.0,2,2,13.919871474189012,Moyen,27.0,5
6494,800000.0,Fès,Oued Fès,143.0,3,2,13.592368256649284,Moyen,35.75,5
822,660000.0,Kénitra,Autre Secteur,90.0,3,1,13.399996629152975,Moyen,22.5,5
1368,400000.0,Casablanca,Oulfa,50.0,2,1,12.899222326086994,Économique,16.666666666666668,5
3712,1518000.0,Marrakech,Guéliz,65.0,1,1,14.232904895699024,Luxe,32.5,5
7960,580000.0,Marrakech,Palmeraie,48.0,1,1,13.270785106659046,Moyen,24.0,5
7359,450000.0,Bouznika,Autre Secteur,70.0,2,2,13.017005083966255,Économique,23.333333333333332,5
851,800000.0,Agadir,Hay Salam,64.0,2,1,13.592368256649284,Moyen,21.333333333333332,5
1001,540000.0,El Mansouria,Toute La Ville,75.0,2,2,13.199326270390594,Moyen,25.0,5
6100,1260000.0,Casablanca,Oulfa,77.0,1,1,14.04662307257814,Moyen,38.5,5
4115,2200000.0,Casablanca,Palmier,147.0,3,2,14.603968372873895,Luxe,36.75,5
1638,1450000.0,Casablanca,Route D'El Jadida,57.0,2,1,14.187074804051692,Moyen,19.0,5
1668,2000000.0,Asilah,Toute La Ville,150.0,3,3,14.508658238524095,Luxe,37.5,5
4590,700000.0,Benslimane,Autre Secteur,100.0,2,1,13.45883704259595,Moyen,33.333333333333336,5
3174,800000.0,Tanger,Tanja Balia,118.0,2,1,13.592368256649284,Moyen,39.333333333333336,5
7724,1632000.0,Marrakech,Av Mohammed Vi,96.0,2,1,14.305317427251099,Luxe,32.0,5
1348,450000.0,Tanger,Marjane,57.0,2,1,13.017005083966255,Économique,19.0,5
6399,850000.0,Meknès,Ville Nouvelle,162.0,3,3,13.652992804936396,Moyen,40.5,5
3231,924000.0,Tanger,Autre Secteur,77.0,2,1,13.736468432874318,Moyen,25.666666666666668,5
5782,4200000.0,Casablanca,Anfa,203.0,3,2,15.250595321348806,Luxe,50.75,5
6301,2400000.0,Casablanca,,134.0,3,1,14.690979711984754,Luxe,33.5,5
4784,1650000.0,Casablanca,Californie,97.0,2,2,14.316286451937186,Luxe,32.333333333333336,5
6555,2500000.0,Marrakech,Palmeraie,188.0,2,2,14.731801689838349,Luxe,62.666666666666664,5
3233,570000.0,Agadir,Tilila,58.0,2,1,13.25339339419516,Moyen,19.333333333333332,5
5704,690000.0,Casablanca,Autre Secteur,67.0,2,1,13.444448325847754,Moyen,22.333333333333332,5
6698,931000.0,Marrakech,M'Hamid,106.0,3,3,13.744015630372484,Moyen,26.5,5
704,612000.0,Marrakech,Hay Izdihar,36.0,1,1,13.324489195480057,Moyen,18.0,5
5106,950000.0,Bouskoura,Bouskoura Centre,97.0,3,2,13.76421831620775,Moyen,24.25,5
6529,749000.0,Casablanca,Oulfa,112.0,2,2,13.52649559761195,Moyen,37.333333333333336,5
3292,729000.0,Marrakech,M'Hamid,104.0,3,3,13.499430382731967,Moyen,26.0,5
3673,600000.0,Salé,Toute La Ville,79.0,2,1,13.304686600863562,Moyen,26.333333333333332,5
2409,555000.0,Tanger,Tanja Balia,74.0,2,1,13.22672519452875,Moyen,24.666666666666668,5
8102,25000000.0,Berrechid,Toute La Ville,54.0,2,1,17.034386422832473,Luxe,18.0,5
1328,600000.0,Casablanca,Bachkou,58.0,2,1,13.304686600863562,Moyen,19.333333333333332,5
7625,690000.0,Tétouan,Safir,86.0,3,1,13.444448325847754,Moyen,21.5,5
5407,1650000.0,Casablanca,Bourgogne,92.0,3,2,14.316286451937186,Luxe,23.0,5
7638,740000.0,Imouzzer-Kendar,Toute La Ville,117.0,3,2,13.51440681653079,Moyen,29.25,5
4910,1260000.0,Casablanca,Maârif Extension,88.0,2,2,14.04662307257814,Moyen,29.333333333333332,5
4441,1150000.0,Agadir,Hay Mohammadi,86.0,3,2,13.955273369904273,Moyen,21.5,5
6840,620000.0,Meknès,Autre Secteur,120.0,3,3,13.3374763699232,Moyen,30.0,5
987,480000.0,Berkane,Toute La Ville,115.0,4,2,13.081543466215237,Économique,23.0,5
7021,360000.0,Casablanca,Errahma,62.0,2,1,12.793862088206213,Économique,20.666666666666668,5
7435,830000.0,Salé,Hay Karima,97.0,3,1,13.629182184591333,Moyen,24.25,5
7827,250000.0,Tanger,Autre Secteur,55.0,2,1,12.429220196836383,Économique,18.333333333333332,5
7083,2290000.0,Casablanca,2 Mars,172.0,3,2,14.64406281221155,Luxe,43.0,5
4050,570000.0,Kénitra,Seyad,90.0,2,2,13.25339339419516,Moyen,30.0,5
3486,2350000.0,Casablanca,Ferme Bretone,144.0,3,3,14.669926311652166,Luxe,36.0,5
2475,460000.0,Saidia,Toute La Ville,54.0,2,1,13.038983942375959,Économique,18.0,5
5239,240000.0,Béni Mellal,Toute La Ville,47.0,2,1,12.388398368982115,Économique,15.666666666666666,5
3874,420000.0,Casablanca,Oulfa,59.0,2,2,12.948012371209098,Économique,19.666666666666668,5
1198,1100000.0,El Mansouria,Toute La Ville,95.0,2,2,13.910821646859095,Moyen,31.666666666666668,5
4182,1100000.0,Casablanca,Maârif Extension,52.0,2,2,13.910821646859095,Moyen,17.333333333333332,5
1519,395000.0,Saidia,Toute La Ville,76.0,3,2,12.886643575525625,Économique,19.0,5
6791,876000.0,Tanger,Marjane,73.0,3,2,13.683122511470389,Moyen,18.25,5
5478,600000.0,Mohammedia,Nassim,70.0,2,1,13.304686600863562,Moyen,23.333333333333332,5
1800,1050000.0,Temara,Autre Secteur,100.0,3,2,13.864301674514206,Moyen,25.0,5
1015,1050000.0,Casablanca,Bourgogne,76.0,2,1,13.864301674514206,Moyen,25.333333333333332,5
129,1360000.0,Kénitra,Centre,154.0,3,2,14.122995993006082,Moyen,38.5,5
1365,850000.0,Casablanca,Ain Sebaa,70.0,2,1,13.652992804936396,Moyen,23.333333333333332,5
6308,1500000.0,Tanger,Casabarata,100.0,2,1,14.220976332738882,Moyen,33.333333333333336,5
4471,900000.0,Casablanca,Sidi Maarouf,85.0,2,2,13.710151153416941,Moyen,28.333333333333332,5
892,2288000.0,Taghazout,Toute La Ville,130.0,1,2,14.643189068544666,Luxe,65.0,5
2794,350000.0,Bouskoura,Bouskoura Centre,57.0,2,1,12.765691290604371,Économique,19.0,5
6873,1550000.0,Marrakech,Guéliz,84.0,2,2,14.253766134056512,Luxe,28.0,5
5456,2475000.0,Marrakech,Route De Casablanca,154.0,3,3,14.72175135802525,Luxe,38.5,5
4404,2000000.0,Rabat,Agdal,120.0,2,2,14.508658238524095,Luxe,40.0,5
7899,400000.0,Meknès,Zitoune,118.0,3,2,12.899222326086994,Économique,29.5,5
7799,860000.0,Marrakech,M'Hamid,93.0,3,1,13.664688831019712,Moyen,23.25,5
5414,1020000.0,Tanger,Tanja Balia,196.0,2,1,13.83531416565213,Moyen,65.33333333333333,5
7744,2300000.0,Tanger,Malabata,129.0,3,2,14.648420115681892,Luxe,32.25,5
3250,410000.0,Kénitra,Bir Rami,75.0,2,1,12.923914877701906,Économique,25.0,5
6946,730000.0,Marrakech,M'Hamid,104.0,3,2,13.500801182986649,Moyen,26.0,5
1208,1700000.0,Casablanca,2 Mars,85.0,2,2,14.346139397261565,Luxe,28.333333333333332,5
3869,1200000.0,Tanger,Aharrarine,170.0,3,2,13.997832948091215,Moyen,42.5,5
7353,1800000.0,Tanger,Tanja Balia,111.0,3,2,14.403297778421795,Luxe,27.75,5
4066,1260000.0,Casablanca,Aïn Borja,97.0,2,2,14.04662307257814,Moyen,32.333333333333336,5
7139,850000.0,Saidia,Toute La Ville,110.0,2,2,13.652992804936396,Moyen,36.666666666666664,5
6223,410000.0,Kénitra,Bir Rami,80.0,2,2,12.923914877701906,Économique,26.666666666666668,5
1239,1380000.0,Agadir,Hay Salam,105.0,3,2,14.137594781770806,Moyen,26.25,5
2290,640000.0,Kénitra,Alliance,90.0,2,2,13.369225017834633,Moyen,30.0,5
2741,750000.0,Tanger,Tanja Balia,93.0,2,2,13.527829818844937,Moyen,31.0,5
276,770000.0,Casablanca,Casablanca Finance City,50.0,1,1,13.554147092530322,Moyen,25.0,5
4586,800000.0,Casablanca,Bourgogne,86.0,2,1,13.592368256649284,Moyen,28.666666666666668,5
1036,2500000.0,Casablanca,Marina,67.0,1,2,14.731801689838349,Luxe,33.5,5
1229,2450000.0,Tanger,Malabata,93.0,1,2,14.711598990684092,Luxe,46.5,5
1009,370000.0,Ait Melloul,Toute La Ville,56.0,2,1,12.821260987319457,Économique,18.666666666666668,5
6674,430000.0,Mohammedia,Autre Secteur,64.0,3,2,12.971542813248437,Économique,16.0,5
5179,1296000.0,Casablanca,Maarif,57.0,1,1,14.074793927498998,Moyen,28.5,5
3829,900000.0,Kénitra,Maamora,121.0,3,1,13.710151153416941,Moyen,30.25,5
2532,1592889.0,Casablanca,Hay Hassani,129.0,2,3,14.281060534405029,Luxe,43.0,5
4294,3400000.0,Casablanca,Quartier Des Hôpitaux,274.0,4,3,15.039286283703994,Luxe,54.8,5
1059,165000.0,Fès,Zouagha,56.0,2,1,12.013706813470414,Économique,18.666666666666668,5
6092,820000.0,Agadir,Hay Mohammadi,56.0,2,1,13.617060838751888,Moyen,18.666666666666668,5
282,1750000.0,Tanger,Malabata,100.0,2,2,14.375126917328105,Luxe,33.333333333333336,5
1044,1270000.0,Casablanca,Beauséjour,95.0,2,2,14.054528245836039,Moyen,31.666666666666668,5
1317,590000.0,Had Soualem,Toute La Ville,100.0,3,2,13.28787951079572,Moyen,25.0,5
969,300000.0,Berrechid,Toute La Ville,51.0,2,1,12.611541086966115,Économique,17.0,5
2382,320000.0,Mediouna,Toute La Ville,67.0,2,1,12.676079399771027,Économique,22.333333333333332,5
6535,1200000.0,Benslimane,Autre Secteur,98.0,2,1,13.997832948091215,Moyen,32.666666666666664,5
1939,3996000.0,Martil,Toute La Ville,148.0,3,2,15.2008046690008,Luxe,37.0,5
6855,600000.0,Casablanca,Ain Sebaa,58.0,2,1,13.304686600863562,Moyen,19.333333333333332,5
1274,1350000.0,Casablanca,2 Mars,80.0,2,2,14.115615891155079,Moyen,26.666666666666668,5
620,999000.0,Bouskoura,Victoria,114.0,3,2,13.81451105863119,Moyen,28.5,5
5964,2600000.0,Casablanca,Californie,127.0,3,1,14.77102238760702,Luxe,31.75,5
1743,440000.0,Casablanca,Aïn Borja,69.0,3,1,12.994532278619134,Économique,17.25,5
1391,1190000.0,Casablanca,Abdelmoumen,117.0,2,2,13.989464705423494,Moyen,39.0,5
6667,500000.0,Meknès,Autre Secteur,82.0,2,2,13.122365377402328,Économique,27.333333333333332,5
1580,1250000.0,Temara,Oued Eddahab,94.0,3,1,14.038654909278163,Moyen,23.5,5
1656,750000.0,Mohammedia,Autre Secteur,80.0,2,1,13.527829818844937,Moyen,26.666666666666668,5
3569,1012000.0,Inzegan,Toute La Ville,92.0,3,1,13.827440116971353,Moyen,23.0,5
2353,630000.0,Agadir,Hay Mohammadi,56.0,2,1,13.353476685668044,Moyen,18.666666666666668,5
2212,1490000.0,Casablanca,Oulfa,212.0,4,3,14.214287349062356,Moyen,42.4,5
8143,2400000.0,Tanger,De La Plage,84.0,2,2,14.690979711984754,Luxe,28.0,5
3179,1300000.0,Casablanca,Maarif,88.0,1,1,14.077875591662238,Moyen,44.0,5
3193,490000.0,Meknès,Autre Secteur,128.0,3,2,13.102162710901053,Économique,32.0,5
1307,800000.0,Tanger,Tanja Balia,118.0,2,1,13.592368256649284,Moyen,39.333333333333336,5
576,440000.0,Bouskoura,Bouskoura Centre,61.0,2,2,12.994532278619134,Économique,20.333333333333332,5
2361,180000.0,Casablanca,Anfa,45.0,1,1,12.100717685412471,Économique,22.5,5
5802,1700000.0,Mohammedia,Centre Ville,125.0,3,2,14.346139397261565,Luxe,31.25,5
1280,840000.0,Ain Harrouda,Toute La Ville,283.0,2,2,13.641158361294979,Moyen,94.33333333333333,5
6661,2500000.0,Tanger,Tanger City Center,84.0,2,1,14.731801689838349,Luxe,28.0,5
4958,2010000.0,Casablanca,Californie,117.0,3,2,14.513645777547573,Luxe,29.25,5
6774,340000.0,Marrakech,Azzouzia,54.0,2,1,12.73670383776449,Économique,18.0,5
5724,2100000.0,Marrakech,Route De Fès,140.0,2,2,14.557448378884015,Luxe,46.666666666666664,5
1993,950000.0,Casablanca,Franceville,38.0,1,1,13.76421831620775,Moyen,19.0,5
2640,1070000.0,Tanger,Tanja Balia,102.0,4,2,13.883170141017091,Moyen,20.4,5
270,650000.0,Casablanca,Ain Sebaa,127.0,2,2,13.384729180332174,Moyen,42.333333333333336,5
630,990000.0,Sidi Rahal,Toute La Ville,127.0,3,2,13.805461232211272,Moyen,31.75,5
6081,480000.0,Meknès,Autre Secteur,100.0,3,2,13.081543466215237,Économique,25.0,5
3082,850000.0,Saidia,Toute La Ville,110.0,2,2,13.652992804936396,Moyen,36.666666666666664,5
3467,800000.0,Marrakech,Guéliz,54.0,1,1,13.592368256649284,Moyen,27.0,5
7156,890000.0,Kénitra,Al Maghrib Al Arabi,127.0,3,2,13.698977865303197,Moyen,31.75,5
4397,1155000.0,Marrakech,Guéliz,85.0,2,2,13.959611767738522,Moyen,28.333333333333332,5
4024,1400000.0,Marrakech,Massira 1,114.0,2,2,14.151983508870947,Moyen,38.0,5
7763,350000.0,Bouznika,Quartier Industriel,76.0,2,1,12.765691290604371,Économique,25.333333333333332,5
5544,1200000.0,Tanger,Aida,97.0,3,2,13.997832948091215,Moyen,24.25,5
5569,640000.0,Kénitra,Alliance,80.0,2,2,13.369225017834633,Moyen,26.666666666666668,5
2046,1400000.0,Marrakech,Massira 1,114.0,2,2,14.151983508870947,Moyen,38.0,5
4357,850000.0,Bouskoura,Bouskoura Centre,114.0,2,1,13.652992804936396,Moyen,38.0,5
6434,1079000.0,Casablanca,Ain Sebaa,83.0,2,2,13.8915461710239,Moyen,27.666666666666668,5
2114,2850000.0,Casablanca,Bachkou,156.0,3,2,14.862829903121964,Luxe,39.0,5
28,830000.0,Marrakech,Guéliz,45.0,1,1,13.629182184591333,Moyen,22.5,5
2040,660000.0,Marrakech,Ain Mezouar,75.0,2,1,13.399996629152975,Moyen,25.0,5
3929,250000.0,Fès,Agdal,70.0,2,1,12.429220196836383,Économique,23.333333333333332,5
7577,3340000.0,Casablanca,Riviera,167.0,4,2,15.021481664354036,Luxe,33.4,5
3217,430000.0,Meknès,Autre Secteur,80.0,3,2,12.971542813248437,Économique,20.0,5
7633,530000.0,Berrechid,Toute La Ville,88.0,2,1,13.180634172318978,Moyen,29.333333333333332,5
3815,320000.0,Sidi Kacem,Toute La Ville,105.0,2,1,12.676079399771027,Économique,35.0,5
130,3200000.0,Rabat,Hay Riad,117.0,3,2,14.978661680269907,Luxe,29.25,5
7668,700000.0,Casablanca,Roches Noires,100.0,2,2,13.45883704259595,Moyen,33.333333333333336,5
8037,440000.0,Agadir,Haut Anza,62.0,2,1,12.994532278619134,Économique,20.666666666666668,5
4600,400000.0,Casablanca,Sidi Moumen,58.0,2,1,12.899222326086994,Économique,19.333333333333332,5
14,640000.0,Tanger,Autre Secteur,67.0,2,1,13.369225017834633,Moyen,22.333333333333332,5
7024,390000.0,Saidia,Toute La Ville,68.0,2,1,12.873904582205107,Économique,22.666666666666668,5
4477,450000.0,Tanger,Marjane,57.0,2,1,13.017005083966255,Économique,19.0,5
1526,540000.0,Marrakech,M'Hamid,64.0,2,2,13.199326270390594,Moyen,21.333333333333332,5
2366,1500000.0,Mohammedia,Autre Secteur,103.0,2,1,14.220976332738882,Moyen,34.333333333333336,5
4649,4700000.0,Salé,Abouab Sala,75.0,1,1,15.363073279446223,Luxe,37.5,5
3053,2390000.0,Marrakech,Hay Izdihar,240.0,3,3,14.686804342317648,Luxe,60.0,5
4006,1600000.0,Casablanca,Beauséjour,164.0,2,2,14.285514812209815,Luxe,54.666666666666664,5
2341,420000.0,Martil,Toute La Ville,65.0,2,1,12.948012371209098,Économique,21.666666666666668,5
375,750000.0,Bouznika,Al Kawtar,82.0,2,2,13.527829818844937,Moyen,27.333333333333332,5
7508,230000.0,Casablanca,Oulfa,45.0,2,1,12.345838935721968,Économique,15.0,5
7037,2010000.0,Casablanca,Californie,117.0,3,2,14.513645777547573,Luxe,29.25,5
940,581625.0,Dakhla,Toute La Ville,73.0,3,1,13.27358290846634,Moyen,18.25,5
7838,2500000.0,Bouskoura,Ville Verte,131.0,2,1,14.731801689838349,Luxe,43.666666666666664,5
5718,520000.0,Fès,Tghat,100.0,3,2,13.161586013632684,Moyen,25.0,5
4574,1800000.0,Casablanca,Autre Secteur,114.0,3,2,14.403297778421795,Luxe,28.5,5
2148,1450000.0,Mohammedia,Autre Secteur,143.0,2,1,14.187074804051692,Moyen,47.666666666666664,5
3592,9200000.0,Marrakech,Guéliz,50.0,1,1,16.034714150714915,Luxe,25.0,5
6475,2400000.0,Casablanca,Les Princesses,121.0,3,2,14.690979711984754,Luxe,30.25,5
7439,2400000.0,Rabat,Agdal,118.0,3,1,14.690979711984754,Luxe,29.5,5
7016,3750000.0,Rabat,Hay Riad,143.0,3,2,15.137266664613225,Luxe,35.75,5
3623,4300000.0,Rabat,Hay Riad,210.0,3,3,15.274125813221904,Luxe,52.5,5
530,835000.0,Casablanca,Ain Sebaa,77.0,2,2,13.635188201437066,Moyen,25.666666666666668,5
3714,3500000.0,Marrakech,Guéliz,139.0,3,2,15.068273812173887,Luxe,34.75,5
6403,550000.0,Casablanca,Sidi Bernoussi,90.0,3,2,13.217675375388819,Moyen,22.5,5
4733,850000.0,Casablanca,Ain Sebaa,70.0,2,1,13.652992804936396,Moyen,23.333333333333332,5
1269,1450000.0,Temara,Wifak,87.0,2,2,14.187074804051692,Moyen,29.0,5
4282,580000.0,Fès,Route De Sefrou,90.0,2,1,13.270785106659046,Moyen,30.0,5
1395,1820000.0,Marrakech,Victor Hugo,92.0,2,1,14.414347608503377,Luxe,30.666666666666668,5
4850,1020000.0,Casablanca,2 Mars,116.0,3,1,13.83531416565213,Moyen,29.0,5
4010,1516000.0,Casablanca,Quartier Des Hôpitaux,84.0,3,2,14.231586504814842,Luxe,21.0,5
4391,350000.0,Ksar El-Kebir,Toute La Ville,62.0,2,2,12.765691290604371,Économique,20.666666666666668,5
1798,940000.0,Tanger,Autre Secteur,81.0,2,1,13.753636218075409,Moyen,27.0,5
2980,2010000.0,Casablanca,Californie,117.0,3,2,14.513645777547573,Luxe,29.25,5
1442,1750000.0,Temara,Wifak,103.0,3,2,14.375126917328105,Luxe,25.75,5
6137,1000000.0,Tanger,Centre Ville,58.0,2,1,13.815511557963774,Moyen,19.333333333333332,5
7972,1550000.0,Martil,Toute La Ville,90.0,3,2,14.253766134056512,Luxe,22.5,5
3812,2000000.0,Tétouan,Autre Secteur,145.0,3,2,14.508658238524095,Luxe,36.25,5
5631,1400000.0,Cabo Negro,Toute La Ville,75.0,1,1,14.151983508870947,Moyen,37.5,5
1273,1200000.0,Sidi Rahal,Toute La Ville,93.0,2,2,13.997832948091215,Moyen,31.0,5
4704,2325000.0,Tanger,Centre Ville,150.0,3,2,14.659231027111028,Luxe,37.5,5
1713,1990000.0,Casablanca,2 Mars,167.0,3,3,14.503645699213111,Luxe,41.75,5
956,760000.0,Bouznika,Autre Secteur,146.0,3,2,13.541075028051122,Moyen,36.5,5
6079,1250000.0,Casablanca,Maârif Extension,72.0,2,2,14.038654909278163,Moyen,24.0,5
7819,1550000.0,Marrakech,Route D'Amezmiz,61.0,1,1,14.253766134056512,Luxe,30.5,5
7247,550000.0,Larache,Toute La Ville,70.0,2,1,13.217675375388819,Moyen,23.333333333333332,5
7521,250000.0,Casablanca,Autre Secteur,64.0,2,1,12.429220196836383,Économique,21.333333333333332,5
404,1900000.0,Marrakech,Route De Casablanca,107.0,2,2,14.45736497045232,Luxe,35.666666666666664,5
2071,840000.0,Marrakech,Autre Secteur,100.0,3,1,13.641158361294979,Moyen,25.0,5
7782,330000.0,Tétouan,Rbat Asfaa,57.0,3,1,12.706850963741102,Économique,14.25,5
1977,460000.0,Casablanca,Oulfa,54.0,2,1,13.038983942375959,Économique,18.0,5
159,2272500.0,Agadir,Talborjt,165.0,4,1,14.636391545077679,Luxe,33.0,5
5844,530000.0,Casablanca,Sidi Bernoussi,110.0,3,2,13.180634172318978,Moyen,27.5,5
3889,1550000.0,Tanger,Ahlane,128.0,3,3,14.253766134056512,Luxe,32.0,5
5452,1820000.0,Marrakech,Victor Hugo,92.0,2,1,14.414347608503377,Luxe,30.666666666666668,5
903,700000.0,Casablanca,Sidi Bernoussi,75.0,2,1,13.45883704259595,Moyen,25.0,5
353,370000.0,Tanger,Tanja Balia,54.0,2,1,12.821260987319457,Économique,18.0,5
5327,660000.0,Bouskoura,Bouskoura Centre,76.0,2,2,13.399996629152975,Moyen,25.333333333333332,5
4541,1270000.0,Casablanca,Roches Noires,94.0,2,2,14.054528245836039,Moyen,31.333333333333332,5
4131,1700000.0,Rabat,Diour Jamaa,115.0,4,1,14.346139397261565,Luxe,23.0,5
755,754000.0,Marrakech,Assif,51.0,1,1,13.53314897324916,Moyen,25.5,5
5833,580000.0,Marrakech,Autre Secteur,74.0,3,1,13.270785106659046,Moyen,18.5,5
2972,950000.0,Casablanca,Aïn Chock,95.0,2,1,13.76421831620775,Moyen,31.666666666666668,5
8153,800000.0,El Jadida,Autre Secteur,100.0,3,2,13.592368256649284,Moyen,25.0,5
2921,700000.0,Casablanca,Belvédère,45.0,1,1,13.45883704259595,Moyen,22.5,5
312,620000.0,Agadir,Ben Serguaou,60.0,2,2,13.3374763699232,Moyen,20.0,5
4645,1100000.0,Tétouan,Safir,132.0,3,2,13.910821646859095,Moyen,33.0,5
662,1134000.0,Tanger,Tanja Balia,80.0,2,2,13.941262645103661,Moyen,26.666666666666668,5
1989,740000.0,Saidia,Toute La Ville,74.0,2,1,13.51440681653079,Moyen,24.666666666666668,5
3665,760000.0,Casablanca,Sidi Maarouf,74.0,2,2,13.541075028051122,Moyen,24.666666666666668,5
307,735000.0,Casablanca,Autre Secteur,70.0,3,2,13.507627138738266,Moyen,17.5,5
2336,1330000.0,Casablanca,Les Princesses,68.0,1,2,14.100690252077353,Moyen,34.0,5
4791,1500000.0,Casablanca,Riviera,107.0,2,2,14.220976332738882,Moyen,35.666666666666664,5
2357,5400000.0,Rabat,Hay Riad,326.0,3,2,15.501909696719672,Luxe,81.5,5
3702,2650000.0,Temara,Wifak,213.0,3,1,14.790070575320824,Luxe,53.25,5
3805,420000.0,Fès,Oued Fès,92.0,2,2,12.948012371209098,Économique,30.666666666666668,5
1927,470000.0,Had Soualem,Toute La Ville,63.0,2,2,13.060490101343552,Économique,21.0,5
7185,950000.0,Bouskoura,Bouskoura Centre,97.0,3,2,13.76421831620775,Moyen,24.25,5
3428,560000.0,Marrakech,Hay Izdihar,60.0,2,1,13.235693848424024,Moyen,20.0,5
750,2200000.0,Casablanca,Palmier,147.0,3,2,14.603968372873895,Luxe,36.75,5
3638,1300000.0,Casablanca,Val Fleuri,97.0,1,1,14.077875591662238,Moyen,48.5,5
5974,835000.0,Casablanca,Ain Sebaa,77.0,2,2,13.635188201437066,Moyen,25.666666666666668,5
1266,1450000.0,Marrakech,Centre Ville,90.0,2,1,14.187074804051692,Moyen,30.0,5
6006,580000.0,Khouribga,Toute La Ville,80.0,2,2,13.270785106659046,Moyen,26.666666666666668,5
7004,2500000.0,Mohammedia,Autre Secteur,140.0,2,2,14.731801689838349,Luxe,46.666666666666664,5
7244,1950000.0,Tanger,Centre Ville,150.0,3,2,14.48334044336031,Luxe,37.5,5
3596,1260000.0,Casablanca,Nassim,90.0,2,1,14.04662307257814,Moyen,30.0,5
2135,2000000.0,Casablanca,Beauséjour,200.0,4,2,14.508658238524095,Luxe,40.0,5
5067,550000.0,Tanger,Tanja Balia,56.0,2,1,13.217675375388819,Moyen,18.666666666666668,5
4110,2250000.0,Casablanca,Val Fleuri,132.0,3,2,14.626441218624949,Luxe,33.0,5
4970,450000.0,Casablanca,Hay Hassani,61.0,2,1,13.017005083966255,Économique,20.333333333333332,5
4905,900000.0,Mdiq,Toute La Ville,81.0,3,2,13.710151153416941,Moyen,20.25,5
515,1280000.0,Casablanca,Les Princesses,57.0,1,1,14.062371417145494,Moyen,28.5,5
7325,800000.0,Tanger,Aouama Gharbia,90.0,3,1,13.592368256649284,Moyen,22.5,5
410,440000.0,Casablanca,Mers Sultan,174.0,3,2,12.994532278619134,Économique,43.5,5
6123,430000.0,Marrakech,Hay Izdihar,46.0,1,1,12.971542813248437,Économique,23.0,5
8160,260000.0,Ain Aouda,Toute La Ville,56.0,2,1,12.468440756144114,Économique,18.666666666666668,5
8099,1100000.0,Temara,Autre Secteur,117.0,2,2,13.910821646859095,Moyen,39.0,5
7096,175000.0,Marrakech,Autre Secteur,47.0,1,1,12.07254696717504,Économique,23.5,5
208,798000.0,Tanger,Tanja Balia,76.0,2,1,13.589865129563993,Moyen,25.333333333333332,5
6662,550000.0,Casablanca,Autre Secteur,56.0,2,1,13.217675375388819,Moyen,18.666666666666668,5
459,3200000.0,Agadir,Tamraght,99.0,1,2,14.978661680269907,Luxe,49.5,5
2054,1741500.0,Casablanca,Sidi Belyout,162.0,3,2,14.370257943005656,Luxe,40.5,5
2431,700000.0,Marrakech,M'Hamid,70.0,3,1,13.45883704259595,Moyen,17.5,5
251,1450000.0,Casablanca,Route D'El Jadida,57.0,2,1,14.187074804051692,Moyen,19.0,5
6989,1260000.0,Casablanca,Maârif Extension,88.0,2,2,14.04662307257814,Moyen,29.333333333333332,5
5438,650000.0,Tanger,Autre Secteur,65.0,3,1,13.384729180332174,Moyen,16.25,5
1108,2500000.0,Marrakech,Palmeraie,188.0,2,2,14.731801689838349,Luxe,62.666666666666664,5
6643,280000.0,Salé,Sidi Moussa,46.0,1,1,12.54254845357358,Économique,23.0,5
1714,1300000.0,Casablanca,Palmier,62.0,2,2,14.077875591662238,Moyen,20.666666666666668,5
3912,1550000.0,Tétouan,Wilaya,204.0,3,2,14.253766134056512,Luxe,51.0,5
7234,830000.0,Casablanca,Sidi Moumen,83.0,3,1,13.629182184591333,Moyen,20.75,5
716,7000000.0,Casablanca,Maarif,416.0,4,3,15.76142084987672,Luxe,83.2,5
553,1100000.0,Temara,Harhoura,70.0,2,1,13.910821646859095,Moyen,23.333333333333332,5
1440,1500000.0,Marrakech,Guéliz,106.0,2,1,14.220976332738882,Moyen,35.333333333333336,5
2271,580000.0,Martil,Toute La Ville,62.0,2,1,13.270785106659046,Moyen,20.666666666666668,5
3145,490000.0,Tanger,Mesnana,55.0,2,1,13.102162710901053,Économique,18.333333333333332,5
7818,1500000.0,Temara,Wifak,125.0,3,1,14.220976332738882,Moyen,31.25,5
1925,3100000.0,Casablanca,Autre Secteur,208.0,4,3,14.946912992035967,Luxe,41.6,5
635,1250000.0,Casablanca,Maârif Extension,72.0,2,2,14.038654909278163,Moyen,24.0,5
317,100000000.0,Salé,Said Hajji,100.0,3,2,18.420680753952364,Luxe,25.0,5
7696,1300000.0,Casablanca,Ain Sebaa,192.0,3,2,14.077875591662238,Moyen,48.0,5
5425,980000.0,Casablanca,Sidi Maarouf,87.0,2,2,13.795308871054397,Moyen,29.0,5
428,740000.0,Zenata,Toute La Ville,50.0,1,1,13.51440681653079,Moyen,25.0,5
6093,780000.0,Tamaris,Toute La Ville,81.0,2,1,13.567050480716235,Moyen,27.0,5
106,505000.0,Tanger,Autre Secteur,67.0,2,1,13.132315688453556,Moyen,22.333333333333332,5
3042,480000.0,Had Soualem,Toute La Ville,136.0,3,1,13.081543466215237,Économique,34.0,5
4239,850000.0,Temara,Skikina,87.0,3,2,13.652992804936396,Moyen,21.75,5
2169,2800000.0,Bouskoura,Ville Verte,160.0,3,3,14.845130332288226,Luxe,40.0,5
1710,1100000.0,Sidi Rahal,Toute La Ville,108.0,2,2,13.910821646859095,Moyen,36.0,5
90,710000.0,Bouznika,Autre Secteur,108.0,2,2,13.47302165746721,Moyen,36.0,5
2242,550000.0,Tanger,Autre Secteur,67.0,2,1,13.217675375388819,Moyen,22.333333333333332,5
3175,530000.0,Berrechid,Toute La Ville,88.0,2,1,13.180634172318978,Moyen,29.333333333333332,5
6126,340000.0,Kénitra,Bir Rami,70.0,2,1,12.73670383776449,Économique,23.333333333333332,5
1949,580000.0,Khouribga,Toute La Ville,80.0,2,2,13.270785106659046,Moyen,26.666666666666668,5
4045,850000.0,Zenata,Toute La Ville,44.0,1,1,13.652992804936396,Moyen,22.0,5
7723,3900000.0,Rabat,Agdal,274.0,3,3,15.176487367510099,Luxe,68.5,5
2849,1300000.0,Marrakech,Victor Hugo,75.0,2,2,14.077875591662238,Moyen,25.0,5
2,1530000.0,Marrakech,Guéliz,61.0,1,1,14.240778946963175,Luxe,30.5,5
4338,600000.0,Salé,El Qaria,87.0,2,1,13.304686600863562,Moyen,29.0,5
936,1700000.0,Marrakech,Guéliz,94.0,2,2,14.346139397261565,Luxe,31.333333333333332,5
7009,3200000.0,Dar Bouazza,Toute La Ville,158.0,3,2,14.978661680269907,Luxe,39.5,5
2721,820000.0,Casablanca,Hay Al Amal,89.0,3,1,13.617060838751888,Moyen,22.25,5
5206,1150000.0,Casablanca,Mandarona,99.0,3,2,13.955273369904273,Moyen,24.75,5
6281,1300000.0,Marrakech,Semlalia,82.0,2,1,14.077875591662238,Moyen,27.333333333333332,5
592,890000.0,Fès,Route Ain Chkaf,109.0,3,2,13.698977865303197,Moyen,27.25,5
7894,1015000.0,Casablanca,Oasis,35.0,1,1,13.830400155679214,Moyen,17.5,5
6157,1800000.0,Fès,Autre Secteur,275.0,3,2,14.403297778421795,Luxe,68.75,5
2937,2200000.0,Casablanca,Racine,108.0,2,2,14.603968372873895,Luxe,36.0,5
2449,165000.0,Fès,Zouagha,56.0,2,1,12.013706813470414,Économique,18.666666666666668,5
1577,2255000.0,Casablanca,Californie,143.0,3,2,14.628660974377798,Luxe,35.75,5
6591,975000.0,Kénitra,Maamora,103.0,3,2,13.790193775620484,Moyen,25.75,5
6836,300000.0,Kénitra,Bir Rami,66.0,2,1,12.611541086966115,Économique,22.0,5
214,1100000.0,Casablanca,Bourgogne,67.0,1,1,13.910821646859095,Moyen,33.5,5
779,1800000.0,Casablanca,2 Mars,179.0,2,1,14.403297778421795,Luxe,59.666666666666664,5
6927,520000.0,Casablanca,La Gironde,44.0,1,1,13.161586013632684,Moyen,22.0,5
3497,395000.0,Saidia,Toute La Ville,76.0,3,2,12.886643575525625,Économique,19.0,5
6429,1700000.0,Rabat,Hay El Fath,97.0,2,1,14.346139397261565,Luxe,32.333333333333336,5
2043,1260000.0,Casablanca,Oulfa,77.0,1,1,14.04662307257814,Moyen,38.5,5
7431,300000.0,Mohammedia,Autre Secteur,52.0,2,1,12.611541086966115,Économique,17.333333333333332,5
5421,1350000.0,Marrakech,Agdal,60.0,1,1,14.115615891155079,Moyen,30.0,5
1568,3000000.0,Agadir,Haut-Founty,187.0,3,3,14.914123179965662,Luxe,46.75,5
166,2500000.0,Tanger,Autre Secteur,165.0,2,2,14.731801689838349,Luxe,55.0,5
4703,580000.0,Kénitra,Alliance,85.0,2,2,13.270785106659046,Moyen,28.333333333333332,5
3567,610000.0,Kénitra,Ouled Oujih,80.0,2,2,13.321215875492413,Moyen,26.666666666666668,5
8033,744000.0,Tanger,Tanja Balia,93.0,3,1,13.519797657900348,Moyen,23.25,5
7787,800000.0,Had Soualem,Toute La Ville,101.0,4,2,13.592368256649284,Moyen,20.2,5
5440,580000.0,Agadir,Anza,58.0,2,1,13.270785106659046,Moyen,19.333333333333332,5
2013,600000.0,Benslimane,Autre Secteur,98.0,2,1,13.304686600863562,Moyen,32.666666666666664,5
274,520000.0,Fès,Tghat,100.0,3,2,13.161586013632684,Moyen,25.0,5
3861,700000.0,El Mansouria,Toute La Ville,52.0,1,1,13.45883704259595,Moyen,26.0,5
4168,2440000.0,Casablanca,Racine,132.0,3,3,14.707509007105367,Luxe,33.0,5
6536,1400000.0,Casablanca,Bachkou,106.0,3,2,14.151983508870947,Moyen,26.5,5
3789,367000.0,Sidi Hajjaj Oued Hassar,Toute La Ville,66.0,2,1,12.813119851828635,Économique,22.0,5
5184,1250000.0,Marrakech,Route De Casablanca,70.0,1,2,14.038654909278163,Moyen,35.0,5
395,400000.0,Casablanca,Anfa,144.0,3,1,12.899222326086994,Économique,36.0,5
584,545000.0,El Jadida,Autre Secteur,70.0,2,1,13.208542908506082,Moyen,23.333333333333332,5
8053,900000.0,Kénitra,Val Fleury,85.0,2,1,13.710151153416941,Moyen,28.333333333333332,5
8166,520000.0,Casablanca,Californie,60.0,2,1,13.161586013632684,Moyen,20.0,5
7594,960000.0,Marrakech,Route De Casablanca,60.0,1,1,13.774689605110144,Moyen,30.0,5
6731,420000.0,Marrakech,Les Portes De Marrakech,68.0,2,1,12.948012371209098,Économique,22.666666666666668,5
7831,320000.0,Kénitra,Alliance,55.0,2,2,12.676079399771027,Économique,18.333333333333332,5
6625,2450000.0,Casablanca,Hay Hassani,136.0,3,2,14.711598990684092,Luxe,34.0,5
521,340000.0,Meknès,Hamria,62.0,2,1,12.73670383776449,Économique,20.666666666666668,5
1764,1500000.0,Marrakech,Victor Hugo,76.0,2,2,14.220976332738882,Moyen,25.333333333333332,5
1876,340000.0,Berrechid,Toute La Ville,70.0,2,1,12.73670383776449,Économique,23.333333333333332,5
5356,830000.0,Salé,Hay Karima,97.0,3,1,13.629182184591333,Moyen,24.25,5
3966,940000.0,Casablanca,Les Princesses,44.0,1,1,13.753636218075409,Moyen,22.0,5
3345,1400000.0,Agadir,Av Des Far,90.0,3,2,14.151983508870947,Moyen,22.5,5
2254,880000.0,Kénitra,Bir Rami Industriel,126.0,3,2,13.68767832281738,Moyen,31.5,5
3225,380000.0,Bouskoura,Bouskoura Centre,60.0,2,2,12.847929163278053,Économique,20.0,5
527,1395000.0,Casablanca,Nassim,153.0,3,2,14.148405690083225,Moyen,38.25,5
2947,2500000.0,Mohammedia,Autre Secteur,140.0,2,2,14.731801689838349,Luxe,46.666666666666664,5
4474,1950000.0,Tanger,Centre Ville,150.0,3,2,14.48334044336031,Luxe,37.5,5
3900,3400000.0,Rabat,Agdal,150.0,3,2,15.039286283703994,Luxe,37.5,5
5655,896000.0,Marrakech,Guéliz,56.0,2,1,13.705696808027874,Moyen,18.666666666666668,5
693,1000000.0,Tanger,Centre Ville,58.0,2,1,13.815511557963774,Moyen,19.333333333333332,5
7995,350000.0,Benslimane,Autre Secteur,93.0,2,1,12.765691290604371,Économique,31.0,5
4445,550000.0,Tétouan,Centre Ville,70.0,2,1,13.217675375388819,Moyen,23.333333333333332,5
3633,4350000.0,Casablanca,Gauthier,267.0,4,4,15.285686632949897,Luxe,53.4,5
5805,3000000.0,Casablanca,Palmier,227.0,4,3,14.914123179965662,Luxe,45.4,5
1051,1700000.0,Casablanca,Maarif,74.0,1,1,14.346139397261565,Luxe,37.0,5
591,535000.0,Bouznika,Autre Secteur,55.0,2,1,13.190023895035274,Moyen,18.333333333333332,5
520,2600000.0,Casablanca,Californie,127.0,3,1,14.77102238760702,Luxe,31.75,5
3381,350000.0,Tanger,Autre Secteur,47.0,1,1,12.765691290604371,Économique,23.5,5
3676,2300000.0,Casablanca,Anfa,121.0,2,1,14.648420115681892,Luxe,40.333333333333336,5
5776,295000.0,Tanger,Al Irfane 2,47.0,2,1,12.59473402514672,Économique,15.666666666666666,5
6747,2500000.0,Casablanca,Route D'El Jadida,126.0,3,2,14.731801689838349,Luxe,31.5,5
5180,1200000.0,Casablanca,Maarif,66.0,1,1,13.997832948091215,Moyen,33.0,5
1608,495000.0,Tanger,Autre Secteur,60.0,2,1,13.112315061750808,Économique,20.0,5
3610,1500000.0,Marrakech,Route De Casablanca,73.0,2,1,14.220976332738882,Moyen,24.333333333333332,5
7813,780000.0,Rabat,Agdal,23.0,1,1,13.567050480716235,Moyen,11.5,5
8190,2300000.0,Agadir,Hay Al Farah,126.0,3,2,14.648420115681892,Luxe,31.5,5
1810,580000.0,Agadir,Anza,40.0,1,1,13.270785106659046,Moyen,20.0,5
792,820000.0,Mohammedia,Wafa,88.0,4,1,13.617060838751888,Moyen,17.6,5
793,450000.0,Tétouan,Taboula,60.0,2,1,13.017005083966255,Économique,20.0,5
6735,2260000.0,Casablanca,Maarif,118.0,3,1,14.630875813726247,Luxe,29.5,5
1856,8000000.0,Rabat,Hay Riad,270.0,3,4,15.894952224644102,Luxe,67.5,5
1980,2390000.0,Dar Bouazza,Toute La Ville,144.0,3,2,14.686804342317648,Luxe,36.0,5
3234,990000.0,Casablanca,Sidi Maarouf,101.0,3,2,13.805461232211272,Moyen,25.25,5
3599,900000.0,Bouskoura,,80.0,2,2,13.710151153416941,Moyen,26.666666666666668,5
934,1000000.0,Tit Mellil,Toute La Ville,106.0,3,2,13.815511557963774,Moyen,26.5,5
3964,500000.0,Marrakech,Azzouzia,63.0,2,2,13.122365377402328,Économique,21.0,5
6601,695000.0,Bouskoura,,70.0,2,1,13.451668563394815,Moyen,23.333333333333332,5
5626,1100000.0,Tanger,Malabata,75.0,2,1,13.910821646859095,Moyen,25.0,5
5507,560000.0,Marrakech,Hay Izdihar,60.0,2,1,13.235693848424024,Moyen,20.0,5
8192,1300000.0,Agadir,Hay Al Farah,93.0,3,1,14.077875591662238,Moyen,23.25,5
4180,750000.0,Temara,Autre Secteur,75.0,2,1,13.527829818844937,Moyen,25.0,5
4027,1134000.0,Tanger,Tanja Balia,80.0,2,2,13.941262645103661,Moyen,26.666666666666668,5
7258,1296000.0,Casablanca,Maarif,57.0,1,1,14.074793927498998,Moyen,28.5,5
4117,640000.0,Fès,Oued Fès,200.0,3,3,13.369225017834633,Moyen,50.0,5
989,1070000.0,Kénitra,Centre,117.0,3,2,13.883170141017091,Moyen,29.25,5
6323,420000.0,Casablanca,Ain Sebaa,74.0,2,1,12.948012371209098,Économique,24.666666666666668,5
3454,770000.0,Mohammedia,Autre Secteur,78.0,2,2,13.554147092530322,Moyen,26.0,5
7483,750000.0,Tanger,Tanja Balia,80.0,3,1,13.527829818844937,Moyen,20.0,5
3779,850000.0,Martil,Toute La Ville,80.0,3,1,13.652992804936396,Moyen,20.0,5
5658,1100000.0,Casablanca,Bourgogne,67.0,1,1,13.910821646859095,Moyen,33.5,5
6869,610000.0,Tanger,Aharrarine,80.0,3,2,13.321215875492413,Moyen,20.0,5
3094,850000.0,Martil,Toute La Ville,76.0,2,2,13.652992804936396,Moyen,25.333333333333332,5
3156,1550000.0,Temara,Wifak,112.0,3,2,14.253766134056512,Luxe,28.0,5
5070,760000.0,Tanger,Tanja Balia,76.0,2,1,13.541075028051122,Moyen,25.333333333333332,5
5806,1140000.0,Marrakech,Guéliz,60.0,1,1,13.946539697563276,Moyen,30.0,5
3202,1200000.0,Casablanca,Maarif,66.0,1,1,13.997832948091215,Moyen,33.0,5
6610,1220000.0,Marrakech,Autre Secteur,63.0,2,1,14.014362236381235,Moyen,21.0,5
1099,340000.0,Saidia,Toute La Ville,60.0,2,1,12.73670383776449,Économique,20.0,5
6801,520000.0,Marrakech,Autre Secteur,64.0,2,1,13.161586013632684,Moyen,21.333333333333332,5
2845,1900000.0,Marrakech,Av Mohammed Vi,150.0,2,2,14.45736497045232,Luxe,50.0,5
887,635000.0,Temara,Wifak,49.0,1,1,13.361381852676738,Moyen,24.5,5
8082,700000.0,Casablanca,Errahma,84.0,2,2,13.45883704259595,Moyen,28.0,5
6357,798000.0,Tanger,Tanja Balia,76.0,2,1,13.589865129563993,Moyen,25.333333333333332,5
516,2250000.0,Casablanca,Maarif,150.0,3,2,14.626441218624949,Luxe,37.5,5
7559,1050000.0,Casablanca,Ain Sebaa,100.0,2,2,13.864301674514206,Moyen,33.333333333333336,5
4833,1300000.0,Marrakech,Hivernage,87.0,2,1,14.077875591662238,Moyen,29.0,5
1454,380000.0,Mdiq,Toute La Ville,50.0,1,1,12.847929163278053,Économique,25.0,5
3554,2000000.0,Casablanca,Californie,121.0,3,2,14.508658238524095,Luxe,30.25,5
3609,380000.0,Tanger,Autre Secteur,50.0,2,1,12.847929163278053,Économique,16.666666666666668,5
4666,670000.0,Meknès,Autre Secteur,96.0,3,2,13.415034483903348,Moyen,24.0,5
2507,1020000.0,Tanger,Tanja Balia,196.0,2,1,13.83531416565213,Moyen,65.33333333333333,5
2995,260000.0,Casablanca,Errahma,48.0,1,1,12.468440756144114,Économique,24.0,5
4000,1250000.0,Casablanca,Maârif Extension,72.0,2,2,14.038654909278163,Moyen,24.0,5
7765,620000.0,Martil,Toute La Ville,63.0,1,1,13.3374763699232,Moyen,31.5,5
907,750000.0,Marrakech,Socoma,100.0,2,2,13.527829818844937,Moyen,33.333333333333336,5
29,480000.0,Mdiq,Toute La Ville,60.0,2,1,13.081543466215237,Économique,20.0,5
7026,1000000.0,Casablanca,Belvédère,104.0,2,1,13.815511557963774,Moyen,34.666666666666664,5
2508,1600000.0,Casablanca,Anfa,70.0,1,1,14.285514812209815,Luxe,35.0,5
2429,1200000.0,Tanger,Marjane,120.0,4,2,13.997832948091215,Moyen,24.0,5
5044,2490000.0,Tanger,De La Plage,98.0,2,2,14.727793670047236,Luxe,32.666666666666664,5
5347,500000.0,Casablanca,Oulfa,56.0,2,1,13.122365377402328,Économique,18.666666666666668,5
763,885000.0,Casablanca,Bachkou,36.0,1,2,13.69334405393293,Moyen,18.0,5
3748,440000.0,Deroua,Toute La Ville,72.0,2,1,12.994532278619134,Économique,24.0,5
4811,2800000.0,Marrakech,Guéliz,169.0,3,2,14.845130332288226,Luxe,42.25,5
285,830000.0,Casablanca,Almaz,74.0,2,1,13.629182184591333,Moyen,24.666666666666668,5
687,1180000.0,Casablanca,Maârif Extension,97.0,2,2,13.981025843899115,Moyen,32.333333333333336,5
7572,400000.0,Dar Bouazza,Toute La Ville,49.0,2,1,12.899222326086994,Économique,16.333333333333332,5
2354,3600000.0,Temara,Harhoura,220.0,3,2,15.096444681204078,Luxe,55.0,5
6589,1592889.0,Casablanca,Hay Hassani,129.0,2,3,14.281060534405029,Luxe,43.0,5
7998,1450000.0,Tanger,Autre Secteur,108.0,3,2,14.187074804051692,Moyen,27.0,5
22,370000.0,Oujda,Andalous,105.0,3,2,12.821260987319457,Économique,26.25,5
2753,620000.0,Agadir,Autre Secteur,50.0,2,1,13.3374763699232,Moyen,16.666666666666668,5
886,1170000.0,Marrakech,Hay Izdihar,86.0,2,2,13.972515161474428,Moyen,28.666666666666668,5
918,1020000.0,Tanger,Tanja Balia,196.0,2,1,13.83531416565213,Moyen,65.33333333333333,5
1041,1650000.0,Marrakech,Guéliz,79.0,2,1,14.316286451937186,Luxe,26.333333333333332,5
6500,530000.0,El Hajeb,Toute La Ville,80.0,2,1,13.180634172318978,Moyen,26.666666666666668,5
1265,560000.0,Kénitra,Alliance,70.0,3,2,13.235693848424024,Moyen,17.5,5
4580,390000.0,Tétouan,Autre Secteur,100.0,3,2,12.873904582205107,Économique,25.0,5
7090,1080000.0,Salé,Bettana,100.0,2,2,13.8924725250259,Moyen,33.333333333333336,5
7620,590000.0,Berrechid,Toute La Ville,80.0,2,2,13.28787951079572,Moyen,26.666666666666668,5
278,730000.0,Fès,Route Ain Chkaf,112.0,3,1,13.500801182986649,Moyen,28.0,5
5085,320000.0,Meknès,Autre Secteur,70.0,2,1,12.676079399771027,Économique,23.333333333333332,5
2084,450000.0,Casablanca,Bournazil,64.0,2,1,13.017005083966255,Économique,21.333333333333332,5
1245,560000.0,Casablanca,Sidi Maarouf,57.0,2,1,13.235693848424024,Moyen,19.0,5
2383,840000.0,Temara,Autre Secteur,96.0,2,2,13.641158361294979,Moyen,32.0,5
572,1046000.0,Casablanca,Ain Sebaa,91.0,2,2,13.860484879629492,Moyen,30.333333333333332,5
1436,570000.0,Tanger,Aharrarine,60.0,2,1,13.25339339419516,Moyen,20.0,5
3903,3100000.0,Casablanca,Autre Secteur,208.0,4,3,14.946912992035967,Luxe,41.6,5
5090,1800000.0,Tanger,Centre Ville,80.0,2,2,14.403297778421795,Luxe,26.666666666666668,5
1247,450000.0,Casablanca,Route D'Azemmour,62.0,2,1,13.017005083966255,Économique,20.666666666666668,5
6154,550000.0,Kénitra,Seyad,90.0,2,2,13.217675375388819,Moyen,30.0,5
4682,2350000.0,Tanger,Centre Ville,84.0,2,2,14.669926311652166,Luxe,28.0,5
3527,960000.0,Kénitra,Val Fleury,112.0,3,2,13.774689605110144,Moyen,28.0,5
2515,1150000.0,Casablanca,Quartier Des Hôpitaux,81.0,2,1,13.955273369904273,Moyen,27.0,5
5446,1530000.0,Marrakech,Guéliz,61.0,1,1,14.240778946963175,Luxe,30.5,5
1008,2600000.0,Marrakech,Guéliz,145.0,3,2,14.77102238760702,Luxe,36.25,5
4771,420000.0,Casablanca,Sidi Moumen,55.0,2,2,12.948012371209098,Économique,18.333333333333332,5
4544,2100000.0,Casablanca,Maarif,110.0,2,2,14.557448378884015,Luxe,36.666666666666664,5
6179,2250000.0,Casablanca,Californie,123.0,3,2,14.626441218624949,Luxe,30.75,5
7095,2200000.0,Agadir,Secteur Touristique,95.0,2,2,14.603968372873895,Luxe,31.666666666666668,5
2064,1380000.0,Zenata,Toute La Ville,116.0,3,2,14.137594781770806,Moyen,29.0,5
5353,2500000.0,Casablanca,Aïn Chock,144.0,3,3,14.731801689838349,Luxe,36.0,5
6923,930000.0,Kénitra,Seyad,110.0,3,2,13.742940940397677,Moyen,27.5,5
1691,580000.0,Marrakech,Palmeraie,48.0,1,1,13.270785106659046,Moyen,24.0,5
7069,670000.0,Marrakech,Route D'Amezmiz,65.0,2,1,13.415034483903348,Moyen,21.666666666666668,5
7442,3000000.0,Marrakech,Hivernage,180.0,2,2,14.914123179965662,Luxe,60.0,5
5344,2100000.0,Rabat,Agdal,118.0,3,1,14.557448378884015,Luxe,29.5,5
1985,1980000.0,Dar Bouazza,Toute La Ville,150.0,3,2,14.498607907721096,Luxe,37.5,5
295,286000.0,Casablanca,Oulfa,59.0,2,1,12.563750586299374,Économique,19.666666666666668,5
1548,560000.0,Fès,Narjis,120.0,3,2,13.235693848424024,Moyen,30.0,5
2012,860000.0,Mdiq,Toute La Ville,60.0,1,1,13.664688831019712,Moyen,30.0,5
589,670000.0,Temara,Autre Secteur,64.0,2,2,13.415034483903348,Moyen,21.333333333333332,5
3330,750000.0,Tanger,Tanja Balia,56.0,2,1,13.527829818844937,Moyen,18.666666666666668,5
2404,1050000.0,Casablanca,Bourgogne,76.0,2,1,13.864301674514206,Moyen,25.333333333333332,5
2130,1100000.0,Fès,Hay Saada,140.0,3,2,13.910821646859095,Moyen,35.0,5
3999,550000.0,Marrakech,Azzouzia,71.0,2,1,13.217675375388819,Moyen,23.666666666666668,5
7175,550000.0,Bouskoura,Bouskoura Centre,57.0,2,1,13.217675375388819,Moyen,19.0,5
3742,1500000.0,Marrakech,Victor Hugo,76.0,2,2,14.220976332738882,Moyen,25.333333333333332,5
3509,630000.0,Casablanca,Ain Sebaa,59.0,2,1,13.353476685668044,Moyen,19.666666666666668,5
2720,1800000.0,Casablanca,Maarif,89.0,3,2,14.403297778421795,Luxe,22.25,5
4522,695000.0,Bouskoura,,70.0,2,1,13.451668563394815,Moyen,23.333333333333332,5
5151,639000.0,Casablanca,Aïn Borja,70.0,2,1,13.367661298303675,Moyen,23.333333333333332,5
7463,1390000.0,Mohammedia,Quartier Du Parc,137.0,4,3,14.144815024531075,Moyen,27.4,5
7471,950000.0,Tanger,Marjane,115.0,3,2,13.76421831620775,Moyen,28.75,5
557,850000.0,Cabo Negro,Toute La Ville,46.0,1,1,13.652992804936396,Moyen,23.0,5
6578,250000.0,Mehdia,Toute La Ville,54.0,2,1,12.429220196836383,Économique,18.0,5
4795,1998000.0,Casablanca,Quartier Des Hôpitaux,148.0,3,2,14.50765773869101,Luxe,37.0,5
2470,3480000.0,Casablanca,Bourgogne,260.0,3,2,15.062543139106937,Luxe,65.0,5
3739,3500000.0,Casablanca,Racine,176.0,3,3,15.068273812173887,Luxe,44.0,5
4287,600000.0,Casablanca,Sidi Moumen,93.0,2,1,13.304686600863562,Moyen,31.0,5
6742,320000.0,El Jadida,Autre Secteur,52.0,2,1,12.676079399771027,Économique,17.333333333333332,5
5290,650000.0,Larache,Toute La Ville,78.0,2,1,13.384729180332174,Moyen,26.0,5
1717,1450000.0,Casablanca,Val Fleuri,126.0,2,2,14.187074804051692,Moyen,42.0,5
2603,1350000.0,Marrakech,Route De Casablanca,75.0,2,2,14.115615891155079,Moyen,25.0,5
6753,750000.0,Tanger,Tanja Balia,93.0,3,2,13.527829818844937,Moyen,23.25,5
1705,850000.0,Casablanca,Belvédère,149.0,3,2,13.652992804936396,Moyen,37.25,5
2140,600000.0,Kénitra,Seyad,78.0,2,2,13.304686600863562,Moyen,26.0,5
3240,550000.0,Agadir,Hay Mohammadi,96.0,2,1,13.217675375388819,Moyen,32.0,5
2384,1900000.0,Casablanca,Centre Ville,100.0,3,2,14.45736497045232,Luxe,25.0,5
4312,390000.0,Martil,Toute La Ville,83.0,2,1,12.873904582205107,Économique,27.666666666666668,5
1285,1150000.0,Casablanca,Palmier,57.0,1,1,13.955273369904273,Moyen,28.5,5
6969,370000.0,Asilah,Toute La Ville,49.0,1,1,12.821260987319457,Économique,24.5,5
6496,740000.0,Tanger,Marjane,74.0,2,1,13.51440681653079,Moyen,24.666666666666668,5
7320,360000.0,Tiznit,Toute La Ville,47.0,2,1,12.793862088206213,Économique,15.666666666666666,5
3931,897000.0,Casablanca,Ain Sebaa,78.0,2,2,13.706812255867513,Moyen,26.0,5
6183,2200000.0,Casablanca,Ferme Bretone,99.0,2,2,14.603968372873895,Luxe,33.0,5
5985,616000.0,Casablanca,Errahma,56.0,2,1,13.331003865890963,Moyen,18.666666666666668,5
6208,885000.0,Casablanca,Bachkou,36.0,1,2,13.69334405393293,Moyen,18.0,5
1592,390000.0,Kénitra,Bir Rami,75.0,2,2,12.873904582205107,Économique,25.0,5
7697,780000.0,Agadir,Hay Mohammadi,56.0,2,1,13.567050480716235,Moyen,18.666666666666668,5
7261,11000000.0,Kénitra,Centre,140.0,3,2,16.213405921671733,Luxe,35.0,5
2162,1350000.0,Kénitra,Maamora,178.0,3,2,14.115615891155079,Moyen,44.5,5
2397,2600000.0,Marrakech,Guéliz,145.0,3,2,14.77102238760702,Luxe,36.25,5
318,850000.0,Casablanca,Belvédère,149.0,3,2,13.652992804936396,Moyen,37.25,5
7352,1800000.0,Tanger,Tanja Balia,111.0,3,2,14.403297778421795,Luxe,27.75,5
3112,1800000.0,Tanger,Centre Ville,80.0,2,2,14.403297778421795,Luxe,26.666666666666668,5
5234,980000.0,Fès,Autre Secteur,147.0,3,1,13.795308871054397,Moyen,36.75,5
6542,1250000.0,Tanger,Castilla,131.0,3,2,14.038654909278163,Moyen,32.75,5
7945,480000.0,Casablanca,Aïn Chock,56.0,2,1,13.081543466215237,Économique,18.666666666666668,5
4037,1500000.0,Marrakech,Guéliz,86.0,1,1,14.220976332738882,Moyen,43.0,5
796,650000.0,Casablanca,Oulfa,51.0,1,1,13.384729180332174,Moyen,25.5,5
3021,650000.0,Marrakech,Massira 1,74.0,2,1,13.384729180332174,Moyen,24.666666666666668,5
1712,3150000.0,Temara,Wifak,230.0,4,2,14.962913328262083,Luxe,46.0,5
3388,1200000.0,Rabat,Autre Secteur,107.0,3,2,13.997832948091215,Moyen,26.75,5
37,430000.0,Marrakech,Es Saada,56.0,2,1,12.971542813248437,Économique,18.666666666666668,5
4550,720000.0,Tanger,Centre,95.0,3,1,13.487007879880162,Moyen,23.75,5
914,460000.0,Tanger,Moujahidine,60.0,2,1,13.038983942375959,Économique,20.0,5
5721,880000.0,Casablanca,Roches Noires,90.0,2,2,13.68767832281738,Moyen,30.0,5
5296,810000.0,Kénitra,Al Maghrib Al Arabi,110.0,3,2,13.60479076121576,Moyen,27.5,5
3973,330000.0,Casablanca,Route D'Azemmour,58.0,2,1,12.706850963741102,Économique,19.333333333333332,5
5371,1400000.0,Marrakech,Bab Doukkala,122.0,2,1,14.151983508870947,Moyen,40.666666666666664,5
4134,530000.0,Kénitra,Seyad,74.0,2,2,13.180634172318978,Moyen,24.666666666666668,5
975,580000.0,Tanger,El Majd,85.0,3,1,13.270785106659046,Moyen,21.25,5
984,550000.0,Essaouira,Centre Ville,72.0,2,1,13.217675375388819,Moyen,24.0,5
6686,1380000.0,Agadir,Hay Salam,105.0,3,2,14.137594781770806,Moyen,26.25,5
1419,370000.0,Oujda,Andalous,105.0,2,2,12.821260987319457,Économique,35.0,5
1561,1280000.0,Casablanca,Bourgogne,93.0,2,2,14.062371417145494,Moyen,31.0,5
4136,420000.0,Kénitra,Seyad,80.0,2,2,12.948012371209098,Économique,26.666666666666668,5
5582,1670000.0,Bouznika,Autre Secteur,118.0,3,2,14.328334783195153,Luxe,29.5,5
6531,180000.0,El Jadida,Ezzohor,50.0,1,1,12.100717685412471,Économique,25.0,5
4266,770500.0,Dcheira,Toute La Ville,67.0,2,1,13.5547962316,Moyen,22.333333333333332,5
1356,1650000.0,Tanger,Tanger City Center,110.0,2,2,14.316286451937186,Luxe,36.666666666666664,5
7671,290000.0,Salé,Toute La Ville,64.0,1,1,12.577639650232573,Économique,32.0,5
7768,340000.0,Tit Mellil,Toute La Ville,51.0,2,2,12.73670383776449,Économique,17.0,5
988,1079000.0,Casablanca,Ain Sebaa,83.0,2,2,13.8915461710239,Moyen,27.666666666666668,5
2683,490000.0,Mohammedia,Autre Secteur,70.0,2,1,13.102162710901053,Économique,23.333333333333332,5
5048,670000.0,Temara,Al Moustakbal,64.0,2,1,13.415034483903348,Moyen,21.333333333333332,5
1641,550000.0,El Jadida,Autre Secteur,81.0,2,1,13.217675375388819,Moyen,27.0,5
1290,650000.0,Casablanca,Sidi Moumen,48.0,2,1,13.384729180332174,Moyen,16.0,5
3681,575000.0,Kénitra,Bir Rami,90.0,3,1,13.26212705890841,Moyen,22.5,5
1381,420000.0,Casablanca,Ain Sebaa,64.0,2,1,12.948012371209098,Économique,21.333333333333332,5
1933,1340000.0,Agadir,Hay Mohammadi,98.0,2,2,14.108180918195472,Moyen,32.666666666666664,5
4676,1020000.0,Tanger,Tanja Balia,196.0,2,1,13.83531416565213,Moyen,65.33333333333333,5
6887,2400000.0,Tanger,Castilla,133.0,3,1,14.690979711984754,Luxe,33.25,5
3161,370000.0,Meknès,Autre Secteur,70.0,3,1,12.821260987319457,Économique,17.5,5
2030,900000.0,Marrakech,Allal El Fassi,70.0,2,1,13.710151153416941,Moyen,23.333333333333332,5
893,1083000.0,Agadir,Haut-Founty,57.0,1,1,13.895246449343736,Moyen,28.5,5
4877,430000.0,Bouznika,Autre Secteur,140.0,2,1,12.971542813248437,Économique,46.666666666666664,5
4070,380000.0,Casablanca,Lissasfa,53.0,2,1,12.847929163278053,Économique,17.666666666666668,5
4256,650000.0,Meknès,El Bassatine,127.0,4,1,13.384729180332174,Moyen,25.4,5
3,1100000.0,Casablanca,Maarif,90.0,2,1,13.910821646859095,Moyen,30.0,5
2110,710000.0,Kénitra,Seyad,140.0,2,2,13.47302165746721,Moyen,46.666666666666664,5
850,870000.0,Tanger,Al Irfane 2,78.0,2,2,13.676249640055394,Moyen,26.0,5
2738,450000.0,Tanger,Marjane,57.0,2,1,13.017005083966255,Économique,19.0,5
2467,550000.0,Tétouan,Centre Ville,70.0,2,1,13.217675375388819,Moyen,23.333333333333332,5
1915,1269000.0,Casablanca,Les Princesses,57.0,1,1,14.053740534718278,Moyen,28.5,5
1597,520000.0,Ben Guerir,Toute La Ville,92.0,2,2,13.161586013632684,Moyen,30.666666666666668,5
5872,740000.0,Zenata,Toute La Ville,50.0,1,1,13.51440681653079,Moyen,25.0,5
1914,1395000.0,Casablanca,Nassim,153.0,3,2,14.148405690083225,Moyen,38.25,5
5140,815000.0,Oued Laou,Toute La Ville,87.0,2,2,13.610944619216111,Moyen,29.0,5
7715,780000.0,Marrakech,Hay Izdihar,83.0,2,2,13.567050480716235,Moyen,27.666666666666668,5
5640,2330000.0,Marrakech,Guéliz,97.0,2,1,14.66137925472634,Luxe,32.333333333333336,5
2737,1020000.0,Tanger,Marjane,120.0,4,2,13.83531416565213,Moyen,24.0,5
727,2850000.0,Casablanca,Bachkou,156.0,3,2,14.862829903121964,Luxe,39.0,5
54,2546000.0,Tanger,De La Plage,134.0,3,2,14.75003445087239,Luxe,33.5,5
1797,440000.0,Casablanca,Mers Sultan,174.0,3,2,12.994532278619134,Économique,43.5,5
3846,380000.0,Berrechid,Toute La Ville,62.0,2,2,12.847929163278053,Économique,20.666666666666668,5
6007,509000.0,Meknès,Zitoune,131.0,3,2,13.140205260167273,Moyen,32.75,5
2553,1220000.0,Marrakech,Autre Secteur,63.0,2,1,14.014362236381235,Moyen,21.0,5
2801,950000.0,Casablanca,Franceville,38.0,1,1,13.76421831620775,Moyen,19.0,5
937,1200000.0,Marrakech,Guéliz,54.0,1,1,13.997832948091215,Moyen,27.0,5
6751,1070000.0,Tanger,Tanja Balia,102.0,4,2,13.883170141017091,Moyen,20.4,5
825,1110000.0,Kénitra,Centre,134.0,3,1,13.919871474189012,Moyen,33.5,5
4322,920000.0,Salé,Toute La Ville,92.0,2,1,13.732130035981154,Moyen,30.666666666666668,5
3402,430000.0,Marrakech,Es Saada,56.0,2,1,12.971542813248437,Économique,18.666666666666668,5
1390,1100000.0,Casablanca,Maarif,90.0,2,1,13.910821646859095,Moyen,30.0,5
3565,800000.0,Fès,Autre Secteur,150.0,3,1,13.592368256649284,Moyen,37.5,5
885,3200000.0,Casablanca,Gauthier,272.0,4,3,14.978661680269907,Luxe,54.4,5
5430,400000.0,Casablanca,Oulfa,49.0,2,1,12.899222326086994,Économique,16.333333333333332,5
5703,1430000.0,Casablanca,Les Princesses,117.0,2,2,14.173185701536545,Moyen,39.0,5
5690,1030000.0,Kénitra,Mimosas,115.0,3,2,13.845070331079134,Moyen,28.75,5
4868,1190000.0,Mdiq,Toute La Ville,68.0,2,2,13.989464705423494,Moyen,22.666666666666668,5
1869,600000.0,Kénitra,Seyad,90.0,3,1,13.304686600863562,Moyen,22.5,5
5182,11000000.0,Kénitra,Centre,140.0,3,2,16.213405921671733,Luxe,35.0,5
11,460000.0,Marrakech,M'Hamid,71.0,3,2,13.038983942375959,Économique,17.75,5
3416,950000.0,Tanger,Centre,75.0,2,1,13.76421831620775,Moyen,25.0,5
5422,540000.0,El Jadida,Corniche,79.0,2,1,13.199326270390594,Moyen,26.333333333333332,5
1464,698500.0,Marrakech,Route D'Amezmiz,44.0,1,1,13.456691889317355,Moyen,22.0,5
807,1300000.0,Kénitra,Centre,199.0,3,2,14.077875591662238,Moyen,49.75,5
7076,280000.0,Casablanca,Sidi Moumen,50.0,2,1,12.54254845357358,Économique,16.666666666666668,5
6441,1900000.0,Casablanca,Centre Ville,100.0,3,2,14.45736497045232,Luxe,25.0,5
4069,612000.0,Marrakech,Hay Izdihar,36.0,1,1,13.324489195480057,Moyen,18.0,5
2109,1600000.0,Casablanca,La Gironde,144.0,2,1,14.285514812209815,Luxe,48.0,5
6908,740000.0,Kénitra,Alliance,92.0,3,1,13.51440681653079,Moyen,23.0,5
8122,370000.0,Tétouan,Taboula,64.0,3,1,12.821260987319457,Économique,16.0,5
2235,590000.0,Fès,Route Ain Chkaf,140.0,3,2,13.28787951079572,Moyen,35.0,5
964,630000.0,Agadir,Hay Mohammadi,56.0,2,1,13.353476685668044,Moyen,18.666666666666668,5
4495,800000.0,Casablanca,Quartier Des Hôpitaux,63.0,1,1,13.592368256649284,Moyen,31.5,5
2631,750000.0,Tanger,Tanja Balia,80.0,3,1,13.527829818844937,Moyen,20.0,5
6094,1300000.0,Kénitra,Val Fleury,136.0,3,1,14.077875591662238,Moyen,34.0,5
705,380000.0,Casablanca,Lissasfa,53.0,2,1,12.847929163278053,Économique,17.666666666666668,5
432,1120000.0,El Jadida,Autre Secteur,203.0,3,1,13.928840136128022,Moyen,50.75,5
4389,290000.0,Bouznika,Autre Secteur,55.0,2,1,12.577639650232573,Économique,18.333333333333332,5
6077,1400000.0,Casablanca,Sidi Moumen,158.0,3,2,14.151983508870947,Moyen,39.5,5
146,1300000.0,Bouskoura,Victoria,140.0,3,2,14.077875591662238,Moyen,35.0,5
2033,2600000.0,Casablanca,Triangle D'Or,150.0,2,2,14.77102238760702,Luxe,50.0,5
6870,1500000.0,Casablanca,Riviera,107.0,2,2,14.220976332738882,Moyen,35.666666666666664,5
1165,1550000.0,Casablanca,Roches Noires,123.0,3,2,14.253766134056512,Luxe,30.75,5
3501,170000.0,Tétouan,Autre Secteur,82.0,2,1,12.04355959836804,Économique,27.333333333333332,5
2050,870000.0,Fès,Autre Secteur,124.0,2,2,13.676249640055394,Moyen,41.333333333333336,5
3761,970000.0,Casablanca,Belvédère,109.0,3,2,13.785052381406869,Moyen,27.25,5
2623,2100000.0,Marrakech,Guéliz,95.0,2,2,14.557448378884015,Luxe,31.666666666666668,5
4485,1020000.0,Tanger,Tanja Balia,196.0,2,1,13.83531416565213,Moyen,65.33333333333333,5
4436,470000.0,Kénitra,Autre Secteur,68.0,2,1,13.060490101343552,Économique,22.666666666666668,5
6526,520000.0,Meknès,Autre Secteur,110.0,3,2,13.161586013632684,Moyen,27.5,5
6353,550000.0,Tanger,Tanja Balia,56.0,2,1,13.217675375388819,Moyen,18.666666666666668,5
4362,1900000.0,Casablanca,Centre Ville,100.0,3,2,14.45736497045232,Luxe,25.0,5
2425,2500000.0,Casablanca,Marina,67.0,1,2,14.731801689838349,Luxe,33.5,5
1262,620000.0,Casablanca,Ain Sebaa,59.0,1,1,13.3374763699232,Moyen,29.5,5
1772,570000.0,Casablanca,Errahma,75.0,3,2,13.25339339419516,Moyen,18.75,5
3512,950000.0,Asilah,Toute La Ville,150.0,2,1,13.76421831620775,Moyen,50.0,5
272,890000.0,Kénitra,La Ville Haute,104.0,2,2,13.698977865303197,Moyen,34.666666666666664,5
4793,440000.0,Marrakech,M'Hamid,54.0,3,1,12.994532278619134,Économique,13.5,5
8157,800000.0,Tanger,Tanja Balia,118.0,2,1,13.592368256649284,Moyen,39.333333333333336,5
245,1500000.0,Marrakech,Route De Casablanca,73.0,2,1,14.220976332738882,Moyen,24.333333333333332,5
7937,640000.0,Tanger,Marjane,60.0,2,1,13.369225017834633,Moyen,20.0,5
4573,2950000.0,Agadir,Marina,110.0,2,2,14.897316067298997,Luxe,36.666666666666664,5
2032,1516000.0,Casablanca,Quartier Des Hôpitaux,84.0,3,2,14.231586504814842,Luxe,21.0,5
7551,1619000.0,Marrakech,Guéliz,83.0,2,2,14.297319850324808,Luxe,27.666666666666668,5
6474,850000.0,Benslimane,Autre Secteur,84.0,2,1,13.652992804936396,Moyen,28.0,5
814,750000.0,Temara,Autre Secteur,75.0,2,1,13.527829818844937,Moyen,25.0,5
6010,897000.0,Casablanca,Ain Sebaa,78.0,2,2,13.706812255867513,Moyen,26.0,5
3811,3800000.0,Casablanca,Maarif,199.0,3,3,15.150511887854474,Luxe,49.75,5
7928,360000.0,Tanger,Al Irfane 2,56.0,2,1,12.793862088206213,Économique,18.666666666666668,5
8128,340000.0,Mohammedia,Autre Secteur,54.0,2,1,12.73670383776449,Économique,18.0,5
6649,260000.0,Salé,Bab Sebta,50.0,2,1,12.468440756144114,Économique,16.666666666666668,5
1805,720000.0,Essaouira,Centre Ville,75.0,2,1,13.487007879880162,Moyen,25.0,5
6953,870000.0,Casablanca,Sidi Bernoussi,99.0,2,2,13.676249640055394,Moyen,33.0,5
4347,1400000.0,Tanger,Centre Ville,112.0,2,1,14.151983508870947,Moyen,37.333333333333336,5
2462,480000.0,Martil,Toute La Ville,50.0,2,1,13.081543466215237,Économique,16.666666666666668,5
546,1340000.0,Agadir,Hay Mohammadi,98.0,2,2,14.108180918195472,Moyen,32.666666666666664,5
3242,830000.0,Martil,Toute La Ville,68.0,2,1,13.629182184591333,Moyen,22.666666666666668,5
739,2200000.0,Casablanca,Ferme Bretone,99.0,2,2,14.603968372873895,Luxe,33.0,5
311,2300000.0,Casablanca,Anfa,121.0,2,1,14.648420115681892,Luxe,40.333333333333336,5
3522,1400000.0,Agadir,Haut-Founty,70.0,2,2,14.151983508870947,Moyen,23.333333333333332,5
1132,1250000.0,Kénitra,Val Fleury,115.0,3,2,14.038654909278163,Moyen,28.75,5
5546,800000.0,Marrakech,Guéliz,54.0,1,1,13.592368256649284,Moyen,27.0,5
8062,1600000.0,Marrakech,Centre Ville,108.0,3,1,14.285514812209815,Luxe,27.0,5
4112,1200000.0,Tanger,Zouitina,129.0,3,2,13.997832948091215,Moyen,32.25,5
2770,790000.0,Kénitra,Ouled Oujih,110.0,3,2,13.579789490265188,Moyen,27.5,5
921,560000.0,Marrakech,Autre Secteur,70.0,3,1,13.235693848424024,Moyen,17.5,5
6859,1690000.0,Casablanca,Californie,106.0,3,2,14.340239678615058,Luxe,26.5,5
3588,480000.0,Had Soualem,Toute La Ville,120.0,4,2,13.081543466215237,Économique,24.0,5
3960,1300000.0,Casablanca,Californie,146.0,1,2,14.077875591662238,Moyen,73.0,5
39,830000.0,Casablanca,Almaz,71.0,2,1,13.629182184591333,Moyen,23.666666666666668,5
4460,3300000.0,Sidi Bouknadel,Toute La Ville,180.0,3,2,15.009433329466965,Luxe,45.0,5
4279,1050000.0,Tanger,Ahlane,105.0,2,2,13.864301674514206,Moyen,35.0,5
2984,1600000.0,Casablanca,Maarif,109.0,2,2,14.285514812209815,Luxe,36.333333333333336,5
5291,350000.0,Fès,Zouagha,128.0,2,1,12.765691290604371,Économique,42.666666666666664,5
8174,550000.0,Oujda,Hay El Qods,76.0,2,1,13.217675375388819,Moyen,25.333333333333332,5
5218,550000.0,Agadir,Hay Mohammadi,96.0,2,1,13.217675375388819,Moyen,32.0,5
8064,290000.0,Sidi Bouzid,Toute La Ville,54.0,2,1,12.577639650232573,Économique,18.0,5
2668,950000.0,Casablanca,Roches Noires,100.0,2,2,13.76421831620775,Moyen,33.333333333333336,5
3224,550000.0,Berrechid,Toute La Ville,100.0,3,1,13.217675375388819,Moyen,25.0,5
1182,720000.0,Tanger,Centre,95.0,3,1,13.487007879880162,Moyen,23.75,5
7436,640000.0,Bouskoura,Victoria,71.0,2,2,13.369225017834633,Moyen,23.666666666666668,5
615,2000000.0,Marrakech,Route De Casablanca,107.0,2,2,14.508658238524095,Luxe,35.666666666666664,5
8038,490000.0,Salé,Hay Chmaou,64.0,2,1,13.102162710901053,Économique,21.333333333333332,5
1467,530000.0,Bouznika,Autre Secteur,58.0,2,1,13.180634172318978,Moyen,19.333333333333332,5
4498,770000.0,Kénitra,Centre,117.0,3,2,13.554147092530322,Moyen,29.25,5
3043,1150000.0,Marrakech,,75.0,2,2,13.955273369904273,Moyen,25.0,5
935,700000.0,Casablanca,Al Madina Aljadida,74.0,2,2,13.45883704259595,Moyen,24.666666666666668,5
2420,695000.0,Meknès,Hamria,102.0,2,1,13.451668563394815,Moyen,34.0,5
5086,900000.0,Asilah,Toute La Ville,80.0,2,1,13.710151153416941,Moyen,26.666666666666668,5
7902,1568000.0,Marrakech,Mouassine,76.0,2,1,14.265312117647388,Luxe,25.333333333333332,5
6637,5200000.0,Casablanca,Maarif,283.0,3,3,15.46416937585933,Luxe,70.75,5
4822,1650000.0,Marrakech,Guéliz,80.0,2,1,14.316286451937186,Luxe,26.666666666666668,5
827,2054000.0,Casablanca,Mers Sultan,158.0,3,2,14.53530015632544,Luxe,39.5,5
1522,7200000.0,Tanger,Malabata,186.0,4,2,15.789591722875162,Luxe,37.2,5
2931,200000.0,Had Soualem,Toute La Ville,63.0,2,2,12.206077645517674,Économique,21.0,5
4233,650000.0,Tétouan,Kouilma,62.0,2,1,13.384729180332174,Moyen,20.666666666666668,5
629,1500000.0,Casablanca,Ferme Bretone,70.0,1,1,14.220976332738882,Moyen,35.0,5
4431,950000.0,Marrakech,Issil,111.0,2,2,13.76421831620775,Moyen,37.0,5
3854,340000.0,Berrechid,Toute La Ville,70.0,2,1,12.73670383776449,Économique,23.333333333333332,5
391,1280000.0,Casablanca,Maarif,68.0,2,1,14.062371417145494,Moyen,22.666666666666668,5
4346,380000.0,Casablanca,Hay Mohammadi,65.0,2,2,12.847929163278053,Économique,21.666666666666668,5
7974,1250000.0,Tétouan,Centre Ville,100.0,3,2,14.038654909278163,Moyen,25.0,5
5913,8000000.0,Rabat,Hay Riad,270.0,3,4,15.894952224644102,Luxe,67.5,5
3991,600000.0,Benslimane,Autre Secteur,98.0,2,1,13.304686600863562,Moyen,32.666666666666664,5
401,950000.0,Casablanca,Aïn Borja,112.0,3,1,13.76421831620775,Moyen,28.0,5
4806,1950000.0,Casablanca,Les Princesses,121.0,3,2,14.48334044336031,Luxe,30.25,5
5136,630000.0,Martil,Toute La Ville,65.0,2,1,13.353476685668044,Moyen,21.666666666666668,5
6618,1850000.0,Casablanca,Maarif,116.0,3,2,14.430696737594902,Luxe,29.0,5
3360,420000.0,Rabat,El Youssoufia,50.0,1,1,12.948012371209098,Économique,25.0,5
47,490000.0,Mdiq,Toute La Ville,58.0,2,1,13.102162710901053,Économique,19.333333333333332,5
5657,380000.0,Tanger,Aouama Gharbia,50.0,2,1,12.847929163278053,Économique,16.666666666666668,5
7852,400000.0,Martil,Toute La Ville,56.0,2,1,12.899222326086994,Économique,18.666666666666668,5
8067,650000.0,Casablanca,Aïn Borja,64.0,2,1,13.384729180332174,Moyen,21.333333333333332,5
3642,880000.0,Casablanca,Roches Noires,90.0,2,2,13.68767832281738,Moyen,30.0,5
3727,1140000.0,Marrakech,Guéliz,60.0,1,1,13.946539697563276,Moyen,30.0,5
7499,360000.0,Tanger,Autre Secteur,50.0,2,1,12.793862088206213,Économique,16.666666666666668,5
5209,924000.0,Tanger,Autre Secteur,77.0,2,1,13.736468432874318,Moyen,25.666666666666668,5
5320,300000.0,Mohammedia,Autre Secteur,54.0,2,1,12.611541086966115,Économique,18.0,5
7941,820000.0,Martil,Toute La Ville,80.0,2,2,13.617060838751888,Moyen,26.666666666666668,5
2422,1560000.0,Marrakech,Route De Casablanca,99.0,2,1,14.260197020251155,Luxe,33.0,5
5604,1600000.0,Agadir,Hay Mohammadi,128.0,3,2,14.285514812209815,Luxe,32.0,5
1751,1500000.0,Tétouan,Centre Ville,150.0,3,2,14.220976332738882,Moyen,37.5,5
7911,2650000.0,Casablanca,Ferme Bretone,151.0,3,2,14.790070575320824,Luxe,37.75,5
6706,1150000.0,Tanger,Hay Hassani,80.0,2,1,13.955273369904273,Moyen,26.666666666666668,5
4063,3230000.0,Casablanca,Aïn Diab,140.0,3,3,14.987993004796314,Luxe,35.0,5
7751,1200000.0,Casablanca,Maârif Extension,81.0,2,1,13.997832948091215,Moyen,27.0,5
339,1526500.0,Marrakech,Av Abdelkrim El Khattabi,61.0,1,1,14.238488746250205,Luxe,30.5,5
216,750000.0,Martil,Toute La Ville,116.0,2,2,13.527829818844937,Moyen,38.666666666666664,5
3663,4850000.0,Casablanca,Racine,265.0,4,3,15.394489469099211,Luxe,53.0,5
1342,490000.0,Mohammedia,Autre Secteur,70.0,3,2,13.102162710901053,Économique,17.5,5
7492,750000.0,Béni Mellal,Toute La Ville,102.0,2,2,13.527829818844937,Moyen,34.0,5
7922,760000.0,Casablanca,Al Madina Aljadida,168.0,3,2,13.541075028051122,Moyen,42.0,5
3895,835000.0,Casablanca,Ain Sebaa,77.0,2,2,13.635188201437066,Moyen,25.666666666666668,5
3640,1750000.0,Casablanca,Maarif,118.0,3,2,14.375126917328105,Luxe,29.5,5
330,1450000.0,Casablanca,Val Fleuri,126.0,2,2,14.187074804051692,Moyen,42.0,5
6445,2596000.0,Casablanca,Gauthier,138.0,2,2,14.769482742014056,Luxe,46.0,5
3005,680000.0,Agadir,Hay Salam,53.0,2,1,13.429849547739444,Moyen,17.666666666666668,5
7820,850000.0,Marrakech,Amerchich,97.0,3,1,13.652992804936396,Moyen,24.25,5
3116,420000.0,Casablanca,Sbata,64.0,2,1,12.948012371209098,Économique,21.333333333333332,5
7914,1050000.0,Casablanca,Californie,73.0,2,1,13.864301674514206,Moyen,24.333333333333332,5
2323,1000000.0,Tit Mellil,Toute La Ville,106.0,3,2,13.815511557963774,Moyen,26.5,5
4198,1490000.0,Casablanca,Oulfa,212.0,4,3,14.214287349062356,Moyen,42.4,5
3550,1800000.0,Aquouass Briech,Toute La Ville,133.0,3,2,14.403297778421795,Luxe,33.25,5
1459,980000.0,Casablanca,Beauséjour,106.0,2,2,13.795308871054397,Moyen,35.333333333333336,5
172,2136000.0,Tanger,Malabata,89.0,2,1,14.574445947226907,Luxe,29.666666666666668,5
4204,870000.0,Marrakech,Route De Casablanca,72.0,1,1,13.676249640055394,Moyen,36.0,5
6856,1150000.0,Casablanca,Aïn Chock,96.0,3,1,13.955273369904273,Moyen,24.0,5
3570,390000.0,Kénitra,Bir Rami,75.0,2,2,12.873904582205107,Économique,25.0,5
4227,640000.0,Marrakech,Route De Casablanca,45.0,1,1,13.369225017834633,Moyen,22.5,5
5159,1050000.0,Rabat,Autre Secteur,68.0,2,2,13.864301674514206,Moyen,22.666666666666668,5
6680,2100000.0,Marrakech,Guéliz,95.0,2,2,14.557448378884015,Luxe,31.666666666666668,5
6185,3000000.0,Tanger,Autre Secteur,140.0,2,2,14.914123179965662,Luxe,46.666666666666664,5
6746,640000.0,Agadir,Tassila,46.0,2,1,13.369225017834633,Moyen,15.333333333333334,5
939,1150000.0,Temara,Abbadi,105.0,3,1,13.955273369904273,Moyen,26.25,5
61,1200000.0,Agadir,Hay Mohammadi,113.0,3,2,13.997832948091215,Moyen,28.25,5
1240,900000.0,Casablanca,Hay Chrifa,70.0,2,1,13.710151153416941,Moyen,23.333333333333332,5
5760,575000.0,Kénitra,Bir Rami,90.0,3,1,13.26212705890841,Moyen,22.5,5
5137,650000.0,Martil,Toute La Ville,65.0,2,1,13.384729180332174,Moyen,21.666666666666668,5
6841,38000000.0,Tanger,Ziatene,60.0,2,1,17.453096744006448,Luxe,20.0,5
2121,1300000.0,Casablanca,Beauséjour,134.0,2,1,14.077875591662238,Moyen,44.666666666666664,5
1525,1670000.0,Bouznika,Autre Secteur,118.0,3,2,14.328334783195153,Luxe,29.5,5
154,780000.0,Casablanca,Sidi Maarouf,70.0,3,1,13.567050480716235,Moyen,17.5,5
6344,1500000.0,Temara,Wifak,128.0,3,2,14.220976332738882,Moyen,32.0,5
482,600000.0,Kénitra,Seyad,90.0,3,1,13.304686600863562,Moyen,22.5,5
6122,1075000.0,Casablanca,Quartier Des Hôpitaux,65.0,1,1,13.887832149776026,Moyen,32.5,5
4461,3500000.0,Sidi Bouknadel,Toute La Ville,185.0,3,2,15.068273812173887,Luxe,46.25,5
3921,640000.0,Kénitra,Al Maghrib Al Arabi,80.0,2,2,13.369225017834633,Moyen,26.666666666666668,5
1763,1064000.0,Marrakech,Guéliz,56.0,1,1,13.877546888732908,Moyen,28.0,5
751,1500000.0,Kénitra,Maamora,156.0,3,2,14.220976332738882,Moyen,39.0,5
1786,817600.0,Casablanca,Oulfa,73.0,3,2,13.614129721522806,Moyen,18.25,5
7448,1100000.0,Bouznika,Autre Secteur,200.0,3,2,13.910821646859095,Moyen,50.0,5
6212,600000.0,Kénitra,Seyad,78.0,2,2,13.304686600863562,Moyen,26.0,5
4502,9500000.0,Marrakech,Guéliz,242.0,3,3,16.066802461833923,Luxe,60.5,5
4854,300000.0,Mohammedia,Autre Secteur,54.0,2,1,12.611541086966115,Économique,18.0,5
2712,1350000.0,Casablanca,Riviera,48.0,1,1,14.115615891155079,Moyen,24.0,5
6620,1270000.0,Casablanca,Roches Noires,94.0,2,2,14.054528245836039,Moyen,31.333333333333332,5
4194,500000.0,Kénitra,Bir Rami,80.0,2,1,13.122365377402328,Économique,26.666666666666668,5
1334,5600000.0,Kénitra,Alliance,70.0,2,1,15.53827733427679,Luxe,23.333333333333332,5
7293,480000.0,Martil,Toute La Ville,70.0,1,1,13.081543466215237,Économique,35.0,5
2855,1300000.0,Marrakech,Hivernage,87.0,2,1,14.077875591662238,Moyen,29.0,5
187,1400000.0,Cabo Negro,Toute La Ville,75.0,1,1,14.151983508870947,Moyen,37.5,5
1137,590000.0,Martil,Toute La Ville,55.0,2,1,13.28787951079572,Moyen,18.333333333333332,5
2058,4450000.0,Casablanca,Racine,250.0,3,3,15.308414878861498,Luxe,62.5,5
8073,1850000.0,Casablanca,Oasis,105.0,2,2,14.430696737594902,Luxe,35.0,5
6858,950000.0,Casablanca,Franceville,38.0,1,1,13.76421831620775,Moyen,19.0,5
149,1070000.0,Casablanca,Ain Sebaa,81.0,2,2,13.883170141017091,Moyen,27.0,5
4125,790000.0,Mohammedia,Nassim,70.0,2,1,13.579789490265188,Moyen,23.333333333333332,5
4890,370000.0,Asilah,Toute La Ville,49.0,1,1,12.821260987319457,Économique,24.5,5
6632,3650000.0,Casablanca,Maarif,245.0,4,3,15.11023799953124,Luxe,49.0,5
3364,1600000.0,Marrakech,Agdal,47.0,1,1,14.285514812209815,Luxe,23.5,5
4789,430000.0,El Jadida,Amal,64.0,2,1,12.971542813248437,Économique,21.333333333333332,5
2867,920000.0,Temara,Massira 1,84.0,2,1,13.732130035981154,Moyen,28.0,5
3777,640000.0,Casablanca,Hay Hassani,64.0,2,1,13.369225017834633,Moyen,21.333333333333332,5
1387,420000.0,Bouskoura,Bouskoura Centre,71.0,2,1,12.948012371209098,Économique,23.666666666666668,5
5941,830000.0,Agadir,Hay Mohammadi,83.0,2,2,13.629182184591333,Moyen,27.666666666666668,5
7740,1250000.0,Casablanca,Les Princesses,85.0,2,1,14.038654909278163,Moyen,28.333333333333332,5
6772,940000.0,Bouznika,Autre Secteur,99.0,2,2,13.753636218075409,Moyen,33.0,5
5695,1450000.0,Casablanca,Route D'El Jadida,57.0,2,1,14.187074804051692,Moyen,19.0,5
3629,1800000.0,Marrakech,Route De Casablanca,131.0,3,2,14.403297778421795,Luxe,32.75,5
7368,850000.0,Berrechid,Toute La Ville,95.0,3,2,13.652992804936396,Moyen,23.75,5
4797,590000.0,Casablanca,Errahma,73.0,2,2,13.28787951079572,Moyen,24.333333333333332,5
3029,670000.0,Marrakech,Route De Safi,54.0,2,1,13.415034483903348,Moyen,18.0,5
2970,1540000.0,Temara,Centre Ville,135.0,3,3,14.24729362374025,Luxe,33.75,5
7120,1120000.0,Tanger,Hay Hassani,85.0,3,2,13.928840136128022,Moyen,21.25,5
1709,2950000.0,Casablanca,Triangle D'Or,200.0,3,3,14.897316067298997,Luxe,50.0,5
2954,800000.0,Tanger,Tanja Balia,118.0,2,1,13.592368256649284,Moyen,39.333333333333336,5
455,1200000.0,Casablanca,Triangle D'Or,80.0,2,1,13.997832948091215,Moyen,26.666666666666668,5
6136,550000.0,Kénitra,Seyad,78.0,2,1,13.217675375388819,Moyen,26.0,5
6845,744000.0,Tanger,Tanja Balia,93.0,3,1,13.519797657900348,Moyen,23.25,5
6411,3600000.0,Temara,Harhoura,220.0,3,2,15.096444681204078,Luxe,55.0,5
610,2450000.0,Marrakech,Route De Casablanca,125.0,2,2,14.711598990684092,Luxe,41.666666666666664,5
4264,850000.0,Kénitra,Autre Secteur,100.0,3,2,13.652992804936396,Moyen,25.0,5
4826,1300000.0,Berrechid,Toute La Ville,89.0,4,2,14.077875591662238,Moyen,17.8,5
7214,1500000.0,Marrakech,Allal El Fassi,120.0,2,2,14.220976332738882,Moyen,40.0,5
2074,1180000.0,Casablanca,Maârif Extension,97.0,2,2,13.981025843899115,Moyen,32.333333333333336,5
4053,5400000.0,Rabat,Yacoub El Mansour,154.0,3,3,15.501909696719672,Luxe,38.5,5
6657,2300000.0,Marrakech,Palmeraie,134.0,2,2,14.648420115681892,Luxe,44.666666666666664,5
1623,400000.0,Marrakech,M'Hamid,56.0,2,1,12.899222326086994,Économique,18.666666666666668,5
4684,300000.0,Béni Yakhlef,Toute La Ville,56.0,2,1,12.611541086966115,Économique,18.666666666666668,5
5498,2546000.0,Tanger,De La Plage,134.0,3,2,14.75003445087239,Luxe,33.5,5
5796,1708000.0,Marrakech,Av Abdelkrim El Khattabi,74.0,1,2,14.350834238810574,Luxe,37.0,5
7178,870000.0,Marrakech,Hay Charaf,67.0,2,2,13.676249640055394,Moyen,22.333333333333332,5
41,1078000.0,Marrakech,Hay Izdihar,77.0,2,2,13.890618958094434,Moyen,25.666666666666668,5
5476,370000.0,Oujda,Andalous,105.0,2,2,12.821260987319457,Économique,35.0,5
2089,270000.0,Bouskoura,Bouskoura Centre,57.0,2,1,12.506180941677357,Économique,19.0,5
3925,600000.0,Bouznika,Autre Secteur,71.0,2,1,13.304686600863562,Moyen,23.666666666666668,5
2175,590000.0,Kénitra,Alliance,80.0,2,2,13.28787951079572,Moyen,26.666666666666668,5
75,540000.0,Tanger,Mghogha,63.0,2,1,13.199326270390594,Moyen,21.0,5
6554,890000.0,Mohammedia,La Colline,79.0,2,2,13.698977865303197,Moyen,26.333333333333332,5
8079,970000.0,Casablanca,La Gironde,78.0,1,1,13.785052381406869,Moyen,39.0,5
2658,330000.0,Saidia,Toute La Ville,54.0,2,1,12.706850963741102,Économique,18.0,5
3181,1050000.0,Rabat,Autre Secteur,68.0,2,2,13.864301674514206,Moyen,22.666666666666668,5
2076,2000000.0,Tanger,Centre Ville,177.0,3,2,14.508658238524095,Luxe,44.25,5
442,750000.0,Mohammedia,Autre Secteur,78.0,2,2,13.527829818844937,Moyen,26.0,5
2051,2500000.0,Temara,Wifak,200.0,3,2,14.731801689838349,Luxe,50.0,5
2541,680000.0,Marrakech,Autre Secteur,53.0,2,1,13.429849547739444,Moyen,17.666666666666668,5
1301,1156000.0,Tanger,Tanja Balia,136.0,3,2,13.960477193265989,Moyen,34.0,5
7533,900000.0,Tanger,Ahlane,66.0,2,1,13.710151153416941,Moyen,22.0,5
3431,1500000.0,Tanger,Malabata,57.0,2,1,14.220976332738882,Moyen,19.0,5
1304,1070000.0,Tanger,Tanja Balia,102.0,4,2,13.883170141017091,Moyen,20.4,5
237,1550000.0,Marrakech,Route De Tahanaoute,61.0,1,1,14.253766134056512,Luxe,30.5,5
6824,310000.0,Had Soualem,Toute La Ville,54.0,2,2,12.644330802262578,Économique,18.0,5
2598,1700000.0,Casablanca,2 Mars,85.0,2,2,14.346139397261565,Luxe,28.333333333333332,5
4617,592000.0,Tanger,Tanja Balia,74.0,2,1,13.291263603053904,Moyen,24.666666666666668,5
2634,650000.0,Dar Bouazza,Toute La Ville,66.0,2,2,13.384729180332174,Moyen,22.0,5
3281,800000.0,Tétouan,Centre Ville,95.0,2,1,13.592368256649284,Moyen,31.666666666666668,5
3187,1950000.0,Tanger,Centre Ville,150.0,3,2,14.48334044336031,Luxe,37.5,5
3954,670000.0,Temara,Autre Secteur,64.0,2,2,13.415034483903348,Moyen,21.333333333333332,5
2769,250000.0,El Jadida,Autre Secteur,60.0,2,1,12.429220196836383,Économique,20.0,5
4831,1520000.0,Casablanca,Mers Sultan,132.0,3,2,14.23422155071698,Luxe,33.0,5
4224,3650000.0,Bouznika,Plage Oued Cherrat,251.0,2,1,15.11023799953124,Luxe,83.66666666666667,5
2107,800000.0,Kénitra,Seyad,104.0,3,2,13.592368256649284,Moyen,26.0,5
2680,650000.0,Casablanca,Sidi Moumen,48.0,2,1,13.384729180332174,Moyen,16.0,5
2762,420000.0,Berrechid,Toute La Ville,72.0,2,2,12.948012371209098,Économique,24.0,5
4689,560000.0,Mohammedia,Hay Saada,62.0,2,1,13.235693848424024,Moyen,20.666666666666668,5
5400,1950000.0,Tanger,Centre Ville,150.0,3,2,14.48334044336031,Luxe,37.5,5
1388,940000.0,El Mansouria,Toute La Ville,78.0,2,2,13.753636218075409,Moyen,26.0,5
7690,880000.0,Temara,Autre Secteur,80.0,3,2,13.68767832281738,Moyen,20.0,5
7414,1900000.0,Casablanca,Oasis,80.0,2,2,14.45736497045232,Luxe,26.666666666666668,5
7921,820000.0,Asilah,Toute La Ville,83.0,2,1,13.617060838751888,Moyen,27.666666666666668,5
7045,3300000.0,Marrakech,Agdal,100.0,3,2,15.009433329466965,Luxe,25.0,5
7897,750000.0,Agadir,Hay Mohammadi,75.0,2,2,13.527829818844937,Moyen,25.0,5
5001,1250000.0,Casablanca,Belvédère,101.0,2,2,14.038654909278163,Moyen,33.666666666666664,5
5853,4900000.0,Agadir,Marina,110.0,2,2,15.404745967162468,Luxe,36.666666666666664,5
1279,680000.0,Marrakech,Azzouzia,88.0,2,1,13.429849547739444,Moyen,29.333333333333332,5
7311,1350000.0,Temara,Wifak,86.0,2,1,14.115615891155079,Moyen,28.666666666666668,5
8022,550000.0,Tanger,Tanja Balia,56.0,2,1,13.217675375388819,Moyen,18.666666666666668,5
6404,880000.0,Casablanca,Aïn Borja,83.0,2,1,13.68767832281738,Moyen,27.666666666666668,5
1556,1157000.0,Agadir,Tilila,89.0,2,1,13.961341870479675,Moyen,29.666666666666668,5
7408,560000.0,Sidi Rahal,Toute La Ville,79.0,2,2,13.235693848424024,Moyen,26.333333333333332,5
3191,720000.0,Oualidia,Toute La Ville,81.0,2,2,13.487007879880162,Moyen,27.0,5
4567,350000.0,Tanger,La Nouvelle Ville Ibn Battouta,55.0,2,1,12.765691290604371,Économique,18.333333333333332,5
4802,1280000.0,Casablanca,Californie,137.0,1,2,14.062371417145494,Moyen,68.5,5
7685,900000.0,Casablanca,Sidi Bernoussi,103.0,2,1,13.710151153416941,Moyen,34.333333333333336,5
4841,930000.0,Kénitra,Seyad,110.0,3,2,13.742940940397677,Moyen,27.5,5
3595,480000.0,El Jadida,Autre Secteur,140.0,2,2,13.081543466215237,Économique,46.666666666666664,5
6035,535000.0,Bouznika,Autre Secteur,55.0,2,1,13.190023895035274,Moyen,18.333333333333332,5
1920,450000.0,Kénitra,Bir Rami,70.0,2,1,13.017005083966255,Économique,23.333333333333332,5
514,1989000.0,Tétouan,Safir,153.0,2,2,14.503143060601191,Luxe,51.0,5
4178,1200000.0,Tanger,Du Golf,94.0,2,1,13.997832948091215,Moyen,31.333333333333332,5
1308,1020000.0,Tanger,Tanja Balia,196.0,2,1,13.83531416565213,Moyen,65.33333333333333,5
5667,480000.0,Had Soualem,Toute La Ville,120.0,4,2,13.081543466215237,Économique,24.0,5
915,1070000.0,Tanger,Tanja Balia,102.0,4,1,13.883170141017091,Moyen,20.4,5
3453,500000.0,Had Soualem,Toute La Ville,69.0,2,2,13.122365377402328,Économique,23.0,5
3695,1450000.0,Casablanca,Val Fleuri,126.0,2,2,14.187074804051692,Moyen,42.0,5
4243,1700000.0,Bouznika,Plage Oued Cherrat,100.0,2,2,14.346139397261565,Luxe,33.333333333333336,5
3157,1500000.0,Marrakech,Allal El Fassi,120.0,2,2,14.220976332738882,Moyen,40.0,5
2198,1350000.0,Kénitra,La Ville Haute,135.0,3,2,14.115615891155079,Moyen,33.75,5
775,3000000.0,Bouskoura,,306.0,4,4,14.914123179965662,Luxe,61.2,5
4426,330000.0,Casablanca,Oulfa,52.0,2,1,12.706850963741102,Économique,17.333333333333332,5
6150,1050000.0,Kénitra,El Haddada,90.0,3,2,13.864301674514206,Moyen,22.5,5
6097,660000.0,Marrakech,Ain Mezouar,75.0,2,1,13.399996629152975,Moyen,25.0,5
944,1400000.0,Marrakech,Amerchich,240.0,3,2,14.151983508870947,Moyen,60.0,5
823,750000.0,Kénitra,Maamora,117.0,2,1,13.527829818844937,Moyen,39.0,5
5006,3400000.0,Casablanca,Oasis,163.0,3,2,15.039286283703994,Luxe,40.75,5
4278,798000.0,Tanger,Tanja Balia,76.0,2,1,13.589865129563993,Moyen,25.333333333333332,5
165,1220000.0,Agadir,Hay Mohammadi,107.0,3,2,14.014362236381235,Moyen,26.75,5
5619,850000.0,Casablanca,Hay Mohammadi,128.0,4,2,13.652992804936396,Moyen,25.6,5
4548,1980000.0,Casablanca,Sidi Belyout,130.0,3,2,14.498607907721096,Luxe,32.5,5
3984,1050000.0,Casablanca,Al Qods,108.0,3,2,13.864301674514206,Moyen,27.0,5
2538,1330000.0,Casablanca,Les Princesses,106.0,2,1,14.100690252077353,Moyen,35.333333333333336,5
7808,490000.0,Tétouan,Autre Secteur,57.0,2,1,13.102162710901053,Économique,19.0,5
1311,1750000.0,Temara,Wifak,103.0,3,2,14.375126917328105,Luxe,25.75,5
5208,1270000.0,Casablanca,Belvédère,116.0,2,2,14.054528245836039,Moyen,38.666666666666664,5
7450,1400000.0,Marrakech,Bab Doukkala,122.0,2,1,14.151983508870947,Moyen,40.666666666666664,5
5384,1390000.0,Mohammedia,Quartier Du Parc,137.0,4,3,14.144815024531075,Moyen,27.4,5
6826,250000.0,El Jadida,Autre Secteur,60.0,2,1,12.429220196836383,Économique,20.0,5
7599,880000.0,Tanger,Centre Ville,74.0,2,1,13.68767832281738,Moyen,24.666666666666668,5
3301,439000.0,Tanger,Boukhalef,58.0,2,1,12.992256969959042,Économique,19.333333333333332,5
3311,850000.0,Berrechid,Toute La Ville,95.0,3,2,13.652992804936396,Moyen,23.75,5
328,250000.0,Meknès,Hay Salam,60.0,2,1,12.429220196836383,Économique,20.0,5
5886,750000.0,Mohammedia,Autre Secteur,78.0,2,2,13.527829818844937,Moyen,26.0,5
2491,750000.0,Marrakech,M'Hamid,76.0,2,1,13.527829818844937,Moyen,25.333333333333332,5
7707,2350000.0,Rabat,Agdal,116.0,2,2,14.669926311652166,Luxe,38.666666666666664,5
6103,1400000.0,Marrakech,Massira 1,114.0,2,2,14.151983508870947,Moyen,38.0,5
5954,950000.0,Agadir,Hay Salam,124.0,3,2,13.76421831620775,Moyen,31.0,5
7675,650000.0,Casablanca,Abdelmoumen,47.0,1,1,13.384729180332174,Moyen,23.5,5
4409,700000.0,Marrakech,M'Hamid,70.0,3,1,13.45883704259595,Moyen,17.5,5
833,480000.0,Kénitra,Bir Rami,60.0,2,1,13.081543466215237,Économique,20.0,5
3080,350000.0,Tamesna,Toute La Ville,50.0,2,2,12.765691290604371,Économique,16.666666666666668,5
3463,3450000.0,Rabat,Hay Riad,170.0,3,2,15.053885078862573,Luxe,42.5,5
5298,500000.0,Bouznika,Autre Secteur,76.0,2,1,13.122365377402328,Économique,25.333333333333332,5
7179,1650000.0,Marrakech,Route De Casablanca,104.0,2,2,14.316286451937186,Luxe,34.666666666666664,5
55,1750000.0,Temara,Wifak,103.0,3,2,14.375126917328105,Luxe,25.75,5
6230,450000.0,Rabat,Hassan,50.0,1,1,13.017005083966255,Économique,25.0,5
4065,670000.0,Kénitra,Seyad,83.0,3,2,13.415034483903348,Moyen,20.75,5
3452,1350000.0,Marrakech,Hay Izdihar,100.0,2,2,14.115615891155079,Moyen,33.333333333333336,5
6305,1460000.0,Salé,Sala El Jadida,120.0,3,2,14.19394767861579,Moyen,30.0,5
1902,1280000.0,Casablanca,Les Princesses,57.0,1,1,14.062371417145494,Moyen,28.5,5
1482,1070000.0,El Jadida,Hay Essalam,130.0,3,3,13.883170141017091,Moyen,32.5,5
4874,870000.0,Casablanca,Sidi Bernoussi,99.0,2,2,13.676249640055394,Moyen,33.0,5
4896,630000.0,Skhirat,Autre Secteur,64.0,2,1,13.353476685668044,Moyen,21.333333333333332,5
4151,450000.0,Rabat,Hassan,50.0,1,1,13.017005083966255,Économique,25.0,5
3336,680000.0,Casablanca,Hay Mohammadi,84.0,4,2,13.429849547739444,Moyen,16.8,5
6016,1046000.0,Casablanca,Ain Sebaa,91.0,2,2,13.860484879629492,Moyen,30.333333333333332,5
4927,798000.0,Tanger,Tanja Balia,76.0,2,1,13.589865129563993,Moyen,25.333333333333332,5
947,1330000.0,Casablanca,Les Princesses,68.0,1,2,14.100690252077353,Moyen,34.0,5
5797,370000.0,Tanger,Tanja Balia,54.0,2,1,12.821260987319457,Économique,18.0,5
3294,1800000.0,Tanger,Tanja Balia,111.0,3,2,14.403297778421795,Luxe,27.75,5
2161,750000.0,Kénitra,Seyad,103.0,3,2,13.527829818844937,Moyen,25.75,5
7924,340000.0,Casablanca,Sidi Moumen,57.0,2,1,12.73670383776449,Économique,19.0,5
5084,1200000.0,Tanger,Tanja Balia,80.0,2,1,13.997832948091215,Moyen,26.666666666666668,5
6930,4000000.0,Casablanca,Californie,269.0,3,3,15.201805169084134,Luxe,67.25,5
3058,1800000.0,Mohammedia,Centre Ville,117.0,3,2,14.403297778421795,Luxe,29.25,5
5491,490000.0,Mdiq,Toute La Ville,58.0,2,1,13.102162710901053,Économique,19.333333333333332,5
769,480000.0,Kénitra,Seyad,70.0,2,1,13.081543466215237,Économique,23.333333333333332,5
7702,1080000.0,Tanger,De La Plage,90.0,1,1,13.8924725250259,Moyen,45.0,5
3496,1900000.0,Marrakech,Ain Mezouar,100.0,3,2,14.45736497045232,Luxe,25.0,5
286,950000.0,Casablanca,Maârif Extension,68.0,2,2,13.76421831620775,Moyen,22.666666666666668,5
8094,700000.0,Agadir,Hay Salam,61.0,2,1,13.45883704259595,Moyen,20.333333333333332,5
4525,650000.0,Bouznika,Autre Secteur,70.0,2,1,13.384729180332174,Moyen,23.333333333333332,5
7287,1270000.0,Casablanca,Belvédère,116.0,2,2,14.054528245836039,Moyen,38.666666666666664,5
2333,1400000.0,Marrakech,Amerchich,240.0,3,2,14.151983508870947,Moyen,60.0,5
2718,600000.0,Casablanca,Bachkou,58.0,2,1,13.304686600863562,Moyen,19.333333333333332,5
2079,550000.0,Kénitra,Seyad,78.0,2,1,13.217675375388819,Moyen,26.0,5
3390,950000.0,Casablanca,La Gironde,91.0,2,2,13.76421831620775,Moyen,30.333333333333332,5
723,710000.0,Kénitra,Seyad,140.0,2,2,13.47302165746721,Moyen,46.666666666666664,5
952,420000.0,Martil,Toute La Ville,65.0,2,1,12.948012371209098,Économique,21.666666666666668,5
7138,3750000.0,Agadir,Sonaba,210.0,3,3,15.137266664613225,Luxe,52.5,5
2263,800000.0,Temara,Abbadi,75.0,2,1,13.592368256649284,Moyen,25.0,5
990,850000.0,Bouskoura,Bouskoura Centre,114.0,2,1,13.652992804936396,Moyen,38.0,5
3213,4200000.0,Rabat,Riyad,156.0,4,2,15.250595321348806,Luxe,31.2,5
1760,1940000.0,Casablanca,Ferme Bretone,97.0,2,2,14.478199046503295,Luxe,32.333333333333336,5
6724,1100000.0,Tétouan,Safir,132.0,3,2,13.910821646859095,Moyen,33.0,5
4423,700000.0,El Jadida,Saada,97.0,1,1,13.45883704259595,Moyen,48.5,5
5480,440000.0,Marrakech,Route De Casablanca,60.0,2,1,12.994532278619134,Économique,20.0,5
1725,4200000.0,Casablanca,Anfa,203.0,3,2,15.250595321348806,Luxe,50.75,5
5183,2700000.0,Temara,Riad Oulad Mtaa,126.0,3,2,14.80876270134486,Luxe,31.5,5
7328,830000.0,Martil,Toute La Ville,68.0,2,1,13.629182184591333,Moyen,22.666666666666668,5
342,1100000.0,Kénitra,Mimosas,110.0,3,2,13.910821646859095,Moyen,27.5,5
3701,3500000.0,Tanger,Malabata,120.0,3,2,15.068273812173887,Luxe,30.0,5
4244,420000.0,Casablanca,Ain Sebaa,74.0,2,1,12.948012371209098,Économique,24.666666666666668,5
689,2000000.0,Tanger,Centre Ville,177.0,3,2,14.508658238524095,Luxe,44.25,5
3433,750000.0,Tanger,Tanja Balia,93.0,3,2,13.527829818844937,Moyen,23.25,5
5204,530000.0,Sidi Rahal,Toute La Ville,71.0,2,1,13.180634172318978,Moyen,23.666666666666668,5
4945,390000.0,Saidia,Toute La Ville,68.0,2,1,12.873904582205107,Économique,22.666666666666668,5
967,760000.0,Bouznika,Autre Secteur,146.0,4,1,13.541075028051122,Moyen,29.2,5
7734,900000.0,Agadir,Anahda,60.0,2,1,13.710151153416941,Moyen,20.0,5
7404,2499000.0,Marrakech,Amelkis,125.0,2,2,14.731401609977073,Luxe,41.666666666666664,5
2203,850000.0,Kénitra,Autre Secteur,120.0,3,2,13.652992804936396,Moyen,30.0,5
2714,530000.0,Casablanca,Oulfa,53.0,2,2,13.180634172318978,Moyen,17.666666666666668,5
4758,360000.0,Dar Bouazza,Toute La Ville,50.0,2,1,12.793862088206213,Économique,16.666666666666668,5
5099,870000.0,Marrakech,Hay Charaf,67.0,2,2,13.676249640055394,Moyen,22.333333333333332,5
7218,370000.0,Meknès,Autre Secteur,70.0,3,1,12.821260987319457,Économique,17.5,5
7494,2430000.0,Mohammedia,Autre Secteur,164.0,3,2,14.70340222683928,Luxe,41.0,5
7221,1200000.0,Casablanca,Bourgogne,45.0,1,1,13.997832948091215,Moyen,22.5,5
5281,520000.0,Casablanca,Bournazil,60.0,2,1,13.161586013632684,Moyen,20.0,5
5975,420000.0,Marrakech,Route De Tamansourt,94.0,2,1,12.948012371209098,Économique,31.333333333333332,5
3573,798000.0,Tanger,Tanja Balia,76.0,2,1,13.589865129563993,Moyen,25.333333333333332,5
4805,370000.0,Mohammedia,Monica,58.0,2,1,12.821260987319457,Économique,19.333333333333332,5
5300,450000.0,Tanger,Autre Secteur,52.0,2,1,13.017005083966255,Économique,17.333333333333332,5
1990,2140000.0,Tanger,Castilla,112.0,3,2,14.576316854287645,Luxe,28.0,5
4121,754000.0,Marrakech,Assif,51.0,1,1,13.53314897324916,Moyen,25.5,5
4760,5500000.0,Rabat,Souissi,225.0,3,3,15.520258832020865,Luxe,56.25,5
6717,2340000.0,Tanger,Tanger City Center,72.0,2,2,14.66566191468422,Luxe,24.0,5
5299,2100000.0,Marrakech,Guéliz,120.0,2,2,14.557448378884015,Luxe,40.0,5
7161,660000.0,Rabat,Hay Nahda,86.0,2,1,13.399996629152975,Moyen,28.666666666666668,5
4972,3500000.0,Rabat,Agdal,149.0,3,3,15.068273812173887,Luxe,37.25,5
7762,2450000.0,Casablanca,Racine,135.0,3,2,14.711598990684092,Luxe,33.75,5
5035,560000.0,Fès,Autre Secteur,95.0,3,1,13.235693848424024,Moyen,23.75,5
3600,700000.0,Dar Bouazza,Toute La Ville,47.0,1,1,13.45883704259595,Moyen,23.5,5
6490,1270000.0,Casablanca,Beauséjour,95.0,2,2,14.054528245836039,Moyen,31.666666666666668,5
7476,800000.0,Fès,Route Ain Chkaf,125.0,3,2,13.592368256649284,Moyen,31.25,5
8154,1070000.0,Tanger,Tanja Balia,105.0,4,2,13.883170141017091,Moyen,21.0,5
6748,1156000.0,Tanger,Tanja Balia,136.0,3,2,13.960477193265989,Moyen,34.0,5
386,1750000.0,Casablanca,Mers Sultan,139.0,2,2,14.375126917328105,Luxe,46.333333333333336,5
7149,760000.0,Tanger,Tanja Balia,76.0,2,1,13.541075028051122,Moyen,25.333333333333332,5
7478,370000.0,Marrakech,Hay Izdihar,53.0,2,1,12.821260987319457,Économique,17.666666666666668,5
537,1030000.0,Casablanca,Ain Sebaa,125.0,2,1,13.845070331079134,Moyen,41.666666666666664,5
6387,1200000.0,Agadir,Anza,60.0,1,1,13.997832948091215,Moyen,30.0,5
7643,1550000.0,Marrakech,Guéliz,87.0,2,2,14.253766134056512,Luxe,29.0,5
5033,510000.0,El Jadida,Quartier Aérodrome,68.0,2,1,13.1421679654829,Moyen,22.666666666666668,5
4213,590000.0,Fès,Route Ain Chkaf,140.0,3,2,13.28787951079572,Moyen,35.0,5
6456,850000.0,Tanger,El Majd,86.0,3,2,13.652992804936396,Moyen,21.5,5
3508,980000.0,Casablanca,Maarif,42.0,1,1,13.795308871054397,Moyen,21.0,5
202,610000.0,Kénitra,Ouled Oujih,80.0,2,2,13.321215875492413,Moyen,26.666666666666668,5
1333,1378000.0,Tanger,Centre Ville,106.0,3,2,14.136144456244882,Moyen,26.5,5
3503,1670000.0,Bouznika,Autre Secteur,118.0,3,2,14.328334783195153,Luxe,29.5,5
2709,1500000.0,Tanger,Malabata,57.0,2,1,14.220976332738882,Moyen,19.0,5
6030,1800000.0,Casablanca,Maarif,179.0,2,2,14.403297778421795,Luxe,59.666666666666664,5
5032,500000.0,Mers El Kheir,Toute La Ville,70.0,2,2,13.122365377402328,Économique,23.333333333333332,5
6514,750000.0,Tanger,Tanja Balia,88.0,2,1,13.527829818844937,Moyen,29.333333333333332,5
4663,320000.0,El Jadida,Autre Secteur,52.0,2,1,12.676079399771027,Économique,17.333333333333332,5
4022,720000.0,Marrakech,Azzouzia,90.0,2,1,13.487007879880162,Moyen,30.0,5
1855,640000.0,Kénitra,Alliance,82.0,2,2,13.369225017834633,Moyen,27.333333333333332,5
7322,520000.0,Fès,Mont Fleuri,110.0,2,1,13.161586013632684,Moyen,36.666666666666664,5
2873,4000000.0,Casablanca,Californie,269.0,3,3,15.201805169084134,Luxe,67.25,5
3031,750000.0,Casablanca,Sidi Bernoussi,96.0,3,2,13.527829818844937,Moyen,24.0,5
1205,2950000.0,Agadir,Marina,110.0,2,2,14.897316067298997,Luxe,36.666666666666664,5
6563,800000.0,Tanger,Tanja Balia,118.0,2,1,13.592368256649284,Moyen,39.333333333333336,5
1646,1430000.0,Casablanca,Les Princesses,117.0,2,2,14.173185701536545,Moyen,39.0,5
3418,1500000.0,Marrakech,Guéliz,106.0,2,1,14.220976332738882,Moyen,35.333333333333336,5
3477,3000000.0,Casablanca,Racine,154.0,3,3,14.914123179965662,Luxe,38.5,5
6888,480000.0,Meknès,Autre Secteur,100.0,2,2,13.081543466215237,Économique,33.333333333333336,5
2862,580000.0,Martil,Toute La Ville,92.0,3,1,13.270785106659046,Moyen,23.0,5
1793,1400000.0,Marrakech,Allal El Fassi,130.0,3,1,14.151983508870947,Moyen,32.5,5
5527,1380000.0,Casablanca,Bourgogne,125.0,3,2,14.137594781770806,Moyen,31.25,5
3798,1650000.0,Casablanca,Almaz,146.0,3,3,14.316286451937186,Luxe,36.5,5
3369,1190000.0,Casablanca,Abdelmoumen,117.0,2,2,13.989464705423494,Moyen,39.0,5
3368,1100000.0,Casablanca,Maarif,90.0,2,1,13.910821646859095,Moyen,30.0,5
3534,1157000.0,Agadir,Tilila,89.0,2,1,13.961341870479675,Moyen,29.666666666666668,5
7186,1029000.0,Tanger,Tanja Balia,86.0,2,2,13.844098986633012,Moyen,28.666666666666668,5
5110,1900000.0,Casablanca,Centre Ville,175.0,2,2,14.45736497045232,Luxe,58.333333333333336,5
6024,627000.0,Dar Bouazza,Toute La Ville,78.0,2,2,13.348703414510117,Moyen,26.0,5
3450,860000.0,Mdiq,Toute La Ville,155.0,2,2,13.664688831019712,Moyen,51.666666666666664,5
604,1127000.0,Casablanca,Route D'Azemmour,97.0,3,2,13.935070680332966,Moyen,24.25,5
3057,560000.0,Fès,Autre Secteur,95.0,3,1,13.235693848424024,Moyen,23.75,5
7127,670000.0,Temara,Al Moustakbal,64.0,2,1,13.415034483903348,Moyen,21.333333333333332,5
127,1350000.0,Marrakech,Route De Safi,95.0,2,1,14.115615891155079,Moyen,31.666666666666668,5
8084,740000.0,Bouznika,Autre Secteur,125.0,2,1,13.51440681653079,Moyen,41.666666666666664,5
3877,750000.0,El Jadida,Autre Secteur,81.0,2,1,13.527829818844937,Moyen,27.0,5
2936,630000.0,Martil,Toute La Ville,67.0,2,2,13.353476685668044,Moyen,22.333333333333332,5
5444,690000.0,Meknès,Autre Secteur,96.0,3,2,13.444448325847754,Moyen,24.0,5
4452,180000.0,El Jadida,Ezzohor,50.0,1,1,12.100717685412471,Économique,25.0,5
3532,870000.0,Agadir,Hay Mohammadi,66.0,2,2,13.676249640055394,Moyen,22.0,5
2731,550000.0,Tanger,Tanja Balia,56.0,2,1,13.217675375388819,Moyen,18.666666666666668,5
828,500000.0,Kénitra,Bir Rami,80.0,2,1,13.122365377402328,Économique,26.666666666666668,5
1640,650000.0,El Jadida,Autre Secteur,120.0,3,2,13.384729180332174,Moyen,30.0,5
985,510000.0,Berrechid,Toute La Ville,100.0,2,1,13.1421679654829,Moyen,33.333333333333336,5
3282,620000.0,Meknès,Marjane 2,130.0,3,3,13.3374763699232,Moyen,32.5,5
8142,1950000.0,Tanger,Centre Ville,150.0,3,2,14.48334044336031,Luxe,37.5,5
2188,1320000.0,Kénitra,Maamora,174.0,2,2,14.093143052138025,Moyen,58.0,5
7546,1400000.0,Mohammedia,Mimosas,94.0,2,2,14.151983508870947,Moyen,31.333333333333332,5
2444,450000.0,El Hajeb,Toute La Ville,80.0,2,1,13.017005083966255,Économique,26.666666666666668,5
363,1050000.0,Temara,Abbadi,134.0,3,1,13.864301674514206,Moyen,33.5,5
2350,1080000.0,Casablanca,Ain Sebaa,83.0,3,2,13.8924725250259,Moyen,20.75,5
346,530000.0,Sidi Rahal,Toute La Ville,67.0,2,2,13.180634172318978,Moyen,22.333333333333332,5
815,850000.0,Kénitra,Autre Secteur,120.0,3,2,13.652992804936396,Moyen,30.0,5
6166,1600000.0,Casablanca,La Gironde,144.0,2,1,14.285514812209815,Luxe,48.0,5
4807,1200000.0,Tanger,El Majd,87.0,3,2,13.997832948091215,Moyen,21.75,5
3206,1250000.0,Marrakech,Route De Casablanca,70.0,1,2,14.038654909278163,Moyen,35.0,5
7610,320000.0,Temara,Autre Secteur,64.0,2,2,12.676079399771027,Économique,21.333333333333332,5
7846,1450000.0,Casablanca,Bourgogne,103.0,2,2,14.187074804051692,Moyen,34.333333333333336,5
5961,1050000.0,Casablanca,Maarif,109.0,2,2,13.864301674514206,Moyen,36.333333333333336,5
3326,1400000.0,Temara,Wifak,144.0,2,2,14.151983508870947,Moyen,48.0,5
4107,2200000.0,Casablanca,Les Princesses,146.0,2,2,14.603968372873895,Luxe,48.666666666666664,5
7329,580000.0,Martil,Toute La Ville,62.0,2,1,13.270785106659046,Moyen,20.666666666666668,5
2117,1900000.0,Fès,Autre Secteur,244.0,4,2,14.45736497045232,Luxe,48.8,5
1835,600000.0,Marrakech,Hay Charaf,68.0,2,1,13.304686600863562,Moyen,22.666666666666668,5
794,560000.0,Kénitra,Bir Rami,90.0,3,1,13.235693848424024,Moyen,22.5,5
8105,1300000.0,Temara,Centre Ville,86.0,2,2,14.077875591662238,Moyen,28.666666666666668,5
2675,1150000.0,Casablanca,Palmier,57.0,1,1,13.955273369904273,Moyen,28.5,5
95,1070000.0,El Jadida,Hay Essalam,130.0,3,3,13.883170141017091,Moyen,32.5,5
4226,1460000.0,Salé,Sala El Jadida,120.0,3,2,14.19394767861579,Moyen,30.0,5
3757,693500.0,Casablanca,Aïn Borja,79.0,3,1,13.449507960697051,Moyen,19.75,5
2892,1500000.0,Agadir,Autre Secteur,97.0,2,2,14.220976332738882,Moyen,32.333333333333336,5
2372,1700000.0,Rabat,Hay El Fath,97.0,2,1,14.346139397261565,Luxe,32.333333333333336,5
7061,640000.0,Tanger,Autre Secteur,64.0,2,1,13.369225017834633,Moyen,21.333333333333332,5
6779,890000.0,Fès,Agdal,167.0,3,2,13.698977865303197,Moyen,41.75,5
7262,2700000.0,Temara,Riad Oulad Mtaa,126.0,3,2,14.80876270134486,Luxe,31.5,5
3229,950000.0,Casablanca,Nassim,120.0,2,2,13.76421831620775,Moyen,40.0,5
6158,760000.0,Fès,Autre Secteur,144.0,3,2,13.541075028051122,Moyen,36.0,5
6359,460000.0,Tanger,Moujahidine,60.0,2,1,13.038983942375959,Économique,20.0,5
5996,3996000.0,Martil,Toute La Ville,148.0,3,2,15.2008046690008,Luxe,37.0,5
6990,1300000.0,Mohammedia,La Siesta,115.0,2,1,14.077875591662238,Moyen,38.333333333333336,5
7302,1440000.0,Casablanca,Maarif,106.0,2,2,14.180154365996387,Moyen,35.333333333333336,5
6028,545000.0,El Jadida,Autre Secteur,70.0,2,1,13.208542908506082,Moyen,23.333333333333332,5
2854,950000.0,Mohammedia,Quartier Du Parc,55.0,2,1,13.76421831620775,Moyen,18.333333333333332,5
7581,1800000.0,Casablanca,Maarif,138.0,3,3,14.403297778421795,Luxe,34.5,5
2913,1975000.0,Casablanca,Californie,115.0,3,2,14.496079462646344,Luxe,28.75,5
1866,1150000.0,Casablanca,Oulfa,114.0,3,1,13.955273369904273,Moyen,28.5,5
5754,885000.0,Dakhla,Toute La Ville,118.0,4,1,13.69334405393293,Moyen,23.6,5
4613,560000.0,Casablanca,Sidi Maarouf,57.0,2,1,13.235693848424024,Moyen,19.0,5
1858,2400000.0,Casablanca,2 Mars,168.0,2,3,14.690979711984754,Luxe,56.0,5
2646,600000.0,Mdiq,Toute La Ville,48.0,2,1,13.304686600863562,Moyen,16.0,5
2244,2400000.0,Casablanca,,134.0,3,1,14.690979711984754,Luxe,33.5,5
5374,300000.0,Casablanca,Lissasfa,70.0,3,2,12.611541086966115,Économique,17.5,5
2337,600000.0,Marrakech,M'Hamid,56.0,2,1,13.304686600863562,Moyen,18.666666666666668,5
951,740000.0,Fès,Route Ain Chkaf,118.0,2,2,13.51440681653079,Moyen,39.333333333333336,5
3069,2490000.0,Tanger,Tanger City Center,98.0,2,2,14.727793670047236,Luxe,32.666666666666664,5
1121,360000.0,Ain Harrouda,Toute La Ville,82.0,2,1,12.793862088206213,Économique,27.333333333333332,5
2596,1800000.0,Casablanca,Autre Secteur,114.0,3,2,14.403297778421795,Luxe,28.5,5
2204,1100000.0,Casablanca,Maârif Extension,52.0,2,2,13.910821646859095,Moyen,17.333333333333332,5
420,955000.0,Marrakech,Route De Casablanca,49.0,1,1,13.769467666582738,Moyen,24.5,5
923,400000.0,Sidi Allal El Bahraoui,Toute La Ville,112.0,3,2,12.899222326086994,Économique,28.0,5
1254,1020000.0,Tanger,Tanja Balia,118.0,2,1,13.83531416565213,Moyen,39.333333333333336,5
478,1750000.0,Marrakech,Agdal,47.0,1,1,14.375126917328105,Luxe,23.5,5
2035,820000.0,Agadir,Hay Mohammadi,56.0,2,1,13.617060838751888,Moyen,18.666666666666668,5
7540,910000.0,Tanger,Aharrarine,89.0,3,2,13.721200977393528,Moyen,22.25,5
5788,1150000.0,Benslimane,Autre Secteur,114.0,3,2,13.955273369904273,Moyen,28.5,5
5742,4850000.0,Casablanca,Racine,265.0,4,3,15.394489469099211,Luxe,53.0,5
5568,1150000.0,El Mansouria,Toute La Ville,100.0,3,2,13.955273369904273,Moyen,25.0,5
6697,1070000.0,Tanger,Tanja Balia,102.0,4,2,13.883170141017091,Moyen,20.4,5
1202,260000.0,Salé,Bab Sebta,50.0,2,1,12.468440756144114,Économique,16.666666666666668,5
6534,550000.0,Marrakech,M'Hamid,72.0,3,2,13.217675375388819,Moyen,18.0,5
2625,2000000.0,Marrakech,Route D'Ourika,100.0,3,1,14.508658238524095,Luxe,25.0,5
5765,2600000.0,Casablanca,Casablanca Finance City,118.0,2,2,14.77102238760702,Luxe,39.333333333333336,5
7879,2600000.0,Marrakech,Route D'Amezmiz,168.0,2,1,14.77102238760702,Luxe,56.0,5
1970,170000.0,Meknès,Wislane,60.0,2,1,12.04355959836804,Économique,20.0,5
3111,380000.0,Tétouan,Autre Secteur,60.0,1,1,12.847929163278053,Économique,30.0,5
4019,1300000.0,Marrakech,Route De Safi,82.0,2,2,14.077875591662238,Moyen,27.333333333333332,5
2152,750000.0,Tanger,Aharrarine,82.0,3,2,13.527829818844937,Moyen,20.5,5
3687,2950000.0,Casablanca,Triangle D'Or,200.0,3,3,14.897316067298997,Luxe,50.0,5
4917,570000.0,Temara,Wifak,63.0,2,1,13.25339339419516,Moyen,21.0,5
1997,2450000.0,Marrakech,Route De Casablanca,125.0,2,2,14.711598990684092,Luxe,41.666666666666664,5
4034,1300000.0,Marrakech,Allal El Fassi,98.0,3,2,14.077875591662238,Moyen,24.5,5
8026,420000.0,Meknès,Wislane,91.0,3,1,12.948012371209098,Économique,22.75,5
3055,510000.0,El Jadida,Quartier Aérodrome,68.0,2,1,13.1421679654829,Moyen,22.666666666666668,5
1248,550000.0,Tanger,Tanja Balia,56.0,2,1,13.217675375388819,Moyen,18.666666666666668,5
2192,1950000.0,Sidi Bouknadel,Toute La Ville,118.0,2,2,14.48334044336031,Luxe,39.333333333333336,5
2713,1400000.0,Marrakech,Route De Casablanca,91.0,2,2,14.151983508870947,Moyen,30.333333333333332,5
993,320000.0,Mediouna,Toute La Ville,67.0,2,1,12.676079399771027,Économique,22.333333333333332,5
2190,2440000.0,Casablanca,Racine,132.0,3,3,14.707509007105367,Luxe,33.0,5
4671,370000.0,Casablanca,Sidi Belyout,56.0,2,2,12.821260987319457,Économique,18.666666666666668,5
5143,1900000.0,Casablanca,Autre Secteur,175.0,2,2,14.45736497045232,Luxe,58.333333333333336,5
5984,470000.0,Had Soualem,Toute La Ville,63.0,2,2,13.060490101343552,Économique,21.0,5
6565,1600000.0,Casablanca,Anfa,70.0,1,1,14.285514812209815,Luxe,35.0,5
3763,1600000.0,Marrakech,Route De Tahanaoute,60.0,1,1,14.285514812209815,Luxe,30.0,5
3598,2950000.0,Casablanca,Mers Sultan,176.0,3,2,14.897316067298997,Luxe,44.0,5
4712,876000.0,Tanger,Marjane,73.0,3,2,13.683122511470389,Moyen,18.25,5
1319,1500000.0,Tanger,Malabata,57.0,2,1,14.220976332738882,Moyen,19.0,5
1864,8000000.0,Tanger,Sania,366.0,3,2,15.894952224644102,Luxe,91.5,5
2344,920000.0,Salé,Toute La Ville,92.0,2,1,13.732130035981154,Moyen,30.666666666666668,5
2450,2200000.0,Tanger,Centre Ville,138.0,3,2,14.603968372873895,Luxe,34.5,5
2137,2200000.0,Casablanca,Palmier,147.0,3,2,14.603968372873895,Luxe,36.75,5
1066,1990000.0,Tanger,Centre,146.0,3,3,14.503645699213111,Luxe,36.5,5
5868,367000.0,Sidi Hajjaj Oued Hassar,Toute La Ville,66.0,2,1,12.813119851828635,Économique,22.0,5
8126,310000.0,Selouane,Toute La Ville,70.0,2,2,12.644330802262578,Économique,23.333333333333332,5
4228,1320000.0,Nouaceur,Toute La Ville,136.0,3,2,14.093143052138025,Moyen,34.0,5
2620,850000.0,Martil,Toute La Ville,76.0,2,2,13.652992804936396,Moyen,25.333333333333332,5
78,1100000.0,Casablanca,Californie,58.0,1,1,13.910821646859095,Moyen,29.0,5
2899,430000.0,Bouznika,Autre Secteur,140.0,2,1,12.971542813248437,Économique,46.666666666666664,5
6148,612000.0,Marrakech,Hay Izdihar,36.0,1,1,13.324489195480057,Moyen,18.0,5
4820,280000.0,Casablanca,Autre Secteur,54.0,2,1,12.54254845357358,Économique,18.0,5
1314,2350000.0,Tanger,Centre Ville,84.0,2,2,14.669926311652166,Luxe,28.0,5
5947,1050000.0,Marrakech,Hay Izdihar,75.0,2,2,13.864301674514206,Moyen,25.0,5
8085,310000.0,Fès,Hay Mohammedi,78.0,2,1,12.644330802262578,Économique,26.0,5
7153,800000.0,Tanger,Tanja Balia,118.0,2,1,13.592368256649284,Moyen,39.333333333333336,5
873,850000.0,Temara,Skikina,87.0,3,2,13.652992804936396,Moyen,21.75,5
3851,1470000.0,Casablanca,Gauthier,66.0,2,1,14.200773639026796,Moyen,22.0,5
5469,950000.0,Casablanca,La Gironde,91.0,2,2,13.76421831620775,Moyen,30.333333333333332,5
5951,2850000.0,Dar Bouazza,Toute La Ville,200.0,3,2,14.862829903121964,Luxe,50.0,5
7830,680000.0,Marrakech,Hay Izdihar,57.0,2,2,13.429849547739444,Moyen,19.0,5
2966,560000.0,El Jadida,Autre Secteur,70.0,3,2,13.235693848424024,Moyen,17.5,5
3392,820000.0,Kénitra,Mimosas,106.0,3,2,13.617060838751888,Moyen,26.5,5
5416,860000.0,Salé,Bettana,98.0,2,1,13.664688831019712,Moyen,32.666666666666664,5
2560,1270000.0,Nouaceur,Toute La Ville,116.0,3,2,14.054528245836039,Moyen,29.0,5
8017,950000.0,Al Hoceima,Toute La Ville,80.0,2,2,13.76421831620775,Moyen,26.666666666666668,5
2636,420000.0,Casablanca,Ain Sebaa,74.0,2,1,12.948012371209098,Économique,24.666666666666668,5
5257,550000.0,Tétouan,Centre Ville,120.0,2,1,13.217675375388819,Moyen,40.0,5
3531,2500000.0,Tanger,Autre Secteur,165.0,2,2,14.731801689838349,Luxe,55.0,5
376,1064000.0,Marrakech,Guéliz,56.0,1,1,13.877546888732908,Moyen,28.0,5
1909,1470000.0,Casablanca,Palmier,58.0,2,1,14.200773639026796,Moyen,19.333333333333332,5
4430,980000.0,Casablanca,Aïn Chock,100.0,2,1,13.795308871054397,Moyen,33.333333333333336,5
7085,3400000.0,Casablanca,Oasis,163.0,3,2,15.039286283703994,Luxe,40.75,5
7164,320000.0,Meknès,Autre Secteur,70.0,2,1,12.676079399771027,Économique,23.333333333333332,5
4028,870000.0,Fès,Autre Secteur,124.0,2,2,13.676249640055394,Moyen,41.333333333333336,5
6461,1050000.0,Casablanca,Bourgogne,76.0,2,1,13.864301674514206,Moyen,25.333333333333332,5
1605,1650000.0,Casablanca,2 Mars,144.0,2,2,14.316286451937186,Luxe,48.0,5
1119,1100000.0,Tamaris,Toute La Ville,80.0,2,1,13.910821646859095,Moyen,26.666666666666668,5
3677,620000.0,Agadir,Ben Serguaou,60.0,2,2,13.3374763699232,Moyen,20.0,5
3491,1160000.0,Temara,Riad Oulad Mtaa,85.0,3,2,13.963931425151141,Moyen,21.25,5
7957,580000.0,Temara,Wifak,60.0,2,1,13.270785106659046,Moyen,20.0,5
6039,1300000.0,Casablanca,Californie,146.0,1,2,14.077875591662238,Moyen,73.0,5
2959,3750000.0,Rabat,Hay Riad,143.0,3,2,15.137266664613225,Luxe,35.75,5
1994,3500000.0,Casablanca,Racine,170.0,3,2,15.068273812173887,Luxe,42.5,5
8121,345000.0,Tamesna,Toute La Ville,58.0,2,1,12.75130259456002,Économique,19.333333333333332,5
7118,850000.0,Mohammedia,Centre Ville,46.0,1,1,13.652992804936396,Moyen,23.0,5
2377,1079000.0,Casablanca,Ain Sebaa,83.0,2,2,13.8915461710239,Moyen,27.666666666666668,5
7500,1350000.0,Marrakech,Agdal,60.0,1,1,14.115615891155079,Moyen,30.0,5
1343,650000.0,Tamesna,Toute La Ville,85.0,3,1,13.384729180332174,Moyen,21.25,5
321,2600000.0,Casablanca,Casablanca Finance City,118.0,2,2,14.77102238760702,Luxe,39.333333333333336,5
1620,2950000.0,Casablanca,Mers Sultan,176.0,3,2,14.897316067298997,Luxe,44.0,5
3713,330000.0,Tanger,Autre Secteur,55.0,2,1,12.706850963741102,Économique,18.333333333333332,5
7497,680000.0,Mohammedia,Hay Al Horria,72.0,2,1,13.429849547739444,Moyen,24.0,5
2060,450000.0,Fès,Hay Ouifak,93.0,3,1,13.017005083966255,Économique,23.25,5
2220,1490000.0,Casablanca,Oulfa,212.0,4,3,14.214287349062356,Moyen,42.4,5
1674,1480000.0,Tanger,Marjane,133.0,3,2,14.207553321415745,Moyen,33.25,5
6038,1150000.0,Casablanca,Maârif Extension,47.0,1,1,13.955273369904273,Moyen,23.5,5
261,980000.0,Bouskoura,Victoria,99.0,2,2,13.795308871054397,Moyen,33.0,5
7233,1000000.0,Marrakech,Socoma,106.0,3,2,13.815511557963774,Moyen,26.5,5
2039,640000.0,Bouznika,Autre Secteur,74.0,2,2,13.369225017834633,Moyen,24.666666666666668,5
4786,1300000.0,Casablanca,Maarif,82.0,2,2,14.077875591662238,Moyen,27.333333333333332,5
902,640000.0,Kénitra,Alliance,90.0,2,2,13.369225017834633,Moyen,30.0,5
3745,1656000.0,Mohammedia,Centre Ville,120.0,2,2,14.319916217791894,Luxe,40.0,5
6402,760000.0,Bouznika,Autre Secteur,146.0,3,2,13.541075028051122,Moyen,36.5,5
2026,670000.0,Marrakech,Azzouzia,80.0,2,2,13.415034483903348,Moyen,26.666666666666668,5
4235,4700000.0,Rabat,Souissi,135.0,3,2,15.363073279446223,Luxe,33.75,5
1917,835000.0,Casablanca,Ain Sebaa,77.0,2,2,13.635188201437066,Moyen,25.666666666666668,5
1829,750000.0,Mohammedia,Autre Secteur,78.0,2,2,13.527829818844937,Moyen,26.0,5
1574,1400000.0,Cabo Negro,Toute La Ville,75.0,1,1,14.151983508870947,Moyen,37.5,5
4416,1300000.0,Casablanca,Autre Secteur,74.0,2,2,14.077875591662238,Moyen,24.666666666666668,5
4750,499999.0,Temara,Autre Secteur,62.0,2,2,13.122363377404328,Économique,20.666666666666668,5
6233,650000.0,Kénitra,Ouled Oujih,85.0,2,1,13.384729180332174,Moyen,28.333333333333332,5
7427,2790000.0,Bouskoura,Ville Verte,119.0,3,2,14.841552512220423,Luxe,29.75,5
4655,350000.0,Mohammedia,Nassim,60.0,2,1,12.765691290604371,Économique,20.0,5
6283,870000.0,Marrakech,Route De Casablanca,72.0,1,1,13.676249640055394,Moyen,36.0,5
4209,2200000.0,Rabat,Hay Riad,94.0,2,2,14.603968372873895,Luxe,31.333333333333332,5
4628,1600000.0,Casablanca,Hay Hassani,145.0,3,1,14.285514812209815,Luxe,36.25,5
225,1750000.0,Casablanca,Palmier,95.0,2,2,14.375126917328105,Luxe,31.666666666666668,5
724,490000.0,Kénitra,Seyad,76.0,2,2,13.102162710901053,Économique,25.333333333333332,5
7347,490000.0,Mohammedia,Autre Secteur,70.0,3,2,13.102162710901053,Économique,17.5,5
1141,1800000.0,Casablanca,Maarif,141.0,3,1,14.403297778421795,Luxe,35.25,5
5530,850000.0,Temara,Ain Atig,88.0,3,1,13.652992804936396,Moyen,22.0,5
6469,620000.0,Casablanca,Al Madina Aljadida,131.0,3,2,13.3374763699232,Moyen,32.75,5
5764,950000.0,Casablanca,Belvédère,105.0,2,2,13.76421831620775,Moyen,35.0,5
7304,800000.0,Marrakech,Mabrouka,70.0,2,1,13.592368256649284,Moyen,23.333333333333332,5
5555,860000.0,Casablanca,Sidi Bernoussi,101.0,3,2,13.664688831019712,Moyen,25.25,5
7770,1990000.0,Casablanca,Quartier Des Hôpitaux,137.0,3,2,14.503645699213111,Luxe,34.25,5
2763,420000.0,Berrechid,Toute La Ville,72.0,2,2,12.948012371209098,Économique,24.0,5
847,590000.0,Fès,Route Ain Chkaf,140.0,3,2,13.28787951079572,Moyen,35.0,5
4290,400000.0,Sidi Allal El Bahraoui,Toute La Ville,112.0,3,2,12.899222326086994,Économique,28.0,5
5561,3900000.0,Tanger,Autre Secteur,155.0,2,3,15.176487367510099,Luxe,51.666666666666664,5
6718,1100000.0,Kénitra,Val Fleury,145.0,2,2,13.910821646859095,Moyen,48.333333333333336,5
5043,1350000.0,Casablanca,Derb Omar,137.0,4,2,14.115615891155079,Moyen,27.4,5
6117,450000.0,Fès,Hay Ouifak,93.0,3,1,13.017005083966255,Économique,23.25,5
2551,980000.0,El Jadida,Quartier Aérodrome,130.0,3,2,13.795308871054397,Moyen,32.5,5
5725,2000000.0,Asilah,Toute La Ville,150.0,3,3,14.508658238524095,Luxe,37.5,5
2929,1135000.0,Casablanca,La Gironde,91.0,2,1,13.942144089954521,Moyen,30.333333333333332,5
118,3500000.0,Tanger,Administratif,176.0,4,2,15.068273812173887,Luxe,35.2,5
646,2600000.0,Casablanca,Triangle D'Or,150.0,2,2,14.77102238760702,Luxe,50.0,5
5966,1470000.0,Casablanca,Palmier,58.0,2,1,14.200773639026796,Moyen,19.333333333333332,5
4,1190000.0,Casablanca,Abdelmoumen,117.0,2,2,13.989464705423494,Moyen,39.0,5
4171,3000000.0,Rabat,Agdal,149.0,3,2,14.914123179965662,Luxe,37.25,5
5851,900000.0,Asilah,Toute La Ville,67.0,2,1,13.710151153416941,Moyen,22.333333333333332,5
468,640000.0,Kénitra,Alliance,82.0,2,2,13.369225017834633,Moyen,27.333333333333332,5
6,780000.0,Kénitra,Val Fleury,90.0,1,1,13.567050480716235,Moyen,45.0,5
5343,490000.0,Salé,Hay Chmaou,66.0,2,1,13.102162710901053,Économique,22.0,5
920,600000.0,Casablanca,Sidi Moumen,93.0,2,1,13.304686600863562,Moyen,31.0,5
2594,600000.0,Marrakech,Route De Casablanca,52.0,2,1,13.304686600863562,Moyen,17.333333333333332,5
4325,880000.0,Casablanca,Aïn Borja,83.0,2,1,13.68767832281738,Moyen,27.666666666666668,5
1064,1450000.0,Tanger,Hay Hassani,106.0,3,2,14.187074804051692,Moyen,26.5,5
2589,350000.0,Tanger,La Nouvelle Ville Ibn Battouta,55.0,2,1,12.765691290604371,Économique,18.333333333333332,5
243,380000.0,Tanger,Mghogha,50.0,2,1,12.847929163278053,Économique,16.666666666666668,5
7132,960000.0,Bouznika,Plage Oued Cherrat,68.0,1,2,13.774689605110144,Moyen,34.0,5
1160,850000.0,Marrakech,M'Hamid,81.0,3,2,13.652992804936396,Moyen,20.25,5
2871,3500000.0,Casablanca,Maarif,155.0,3,2,15.068273812173887,Luxe,38.75,5
3736,2000000.0,Marrakech,Route De Tahanaoute,80.0,2,1,14.508658238524095,Luxe,26.666666666666668,5
7491,800000.0,Tanger,Tanja Balia,118.0,2,1,13.592368256649284,Moyen,39.333333333333336,5
2398,370000.0,Ait Melloul,Toute La Ville,56.0,2,1,12.821260987319457,Économique,18.666666666666668,5
3518,1500000.0,Marrakech,Guéliz,61.0,1,1,14.220976332738882,Moyen,30.5,5
3422,190000.0,Rabat,Hay Arrachad,60.0,2,1,12.154784614286667,Économique,20.0,5
2563,1270000.0,Casablanca,Roches Noires,94.0,2,2,14.054528245836039,Moyen,31.333333333333332,5
6768,560000.0,Mohammedia,Hay Saada,62.0,2,1,13.235693848424024,Moyen,20.666666666666668,5
5622,1215000.0,Salé,Tabriquet,111.0,2,2,14.010255457801716,Moyen,37.0,5
1606,890000.0,Kénitra,Centre,111.0,2,2,13.698977865303197,Moyen,37.0,5
8074,1050000.0,Casablanca,Belvédère,97.0,2,1,13.864301674514206,Moyen,32.333333333333336,5
2325,1700000.0,Marrakech,Guéliz,94.0,2,2,14.346139397261565,Luxe,31.333333333333332,5
2710,570000.0,Kénitra,Seyad,90.0,2,1,13.25339339419516,Moyen,30.0,5
7197,510000.0,Fès,Route Ain Chkaf,77.0,3,2,13.1421679654829,Moyen,19.25,5
1312,1300000.0,El Mansouria,Toute La Ville,109.0,2,2,14.077875591662238,Moyen,36.333333333333336,5
3449,1680000.0,Casablanca,Belvédère,155.0,4,2,14.33430494661736,Luxe,31.0,5
3813,600000.0,Marrakech,Hay Charaf,68.0,2,1,13.304686600863562,Moyen,22.666666666666668,5
6085,1600000.0,Casablanca,Beauséjour,164.0,2,2,14.285514812209815,Luxe,54.666666666666664,5
7618,350000.0,Bouskoura,Bouskoura Centre,59.0,2,1,12.765691290604371,Économique,19.666666666666668,5
2363,540000.0,Casablanca,Sidi Maarouf,52.0,2,1,13.199326270390594,Moyen,17.333333333333332,5
1975,1380000.0,Casablanca,Ferme Bretone,64.0,2,2,14.137594781770806,Moyen,21.333333333333332,5
3515,650000.0,Agadir,Tilila,67.0,2,2,13.384729180332174,Moyen,22.333333333333332,5
1762,750000.0,Bouznika,Al Kawtar,82.0,2,2,13.527829818844937,Moyen,27.333333333333332,5
5402,480000.0,Sidi Yahya Zaer,Toute La Ville,70.0,2,1,13.081543466215237,Économique,23.333333333333332,5
2740,760000.0,Tanger,Tanja Balia,76.0,2,1,13.541075028051122,Moyen,25.333333333333332,5
5637,1250000.0,Temara,Oued Eddahab,94.0,3,1,14.038654909278163,Moyen,23.5,5
7628,2500000.0,Marrakech,Av Mohammed Vi,93.0,2,2,14.731801689838349,Luxe,31.0,5
2473,64000000.0,Safi,Autre Secteur,120.0,3,2,17.974393656948944,Luxe,30.0,5
6739,340000.0,Casablanca,Oulfa,50.0,2,1,12.73670383776449,Économique,16.666666666666668,5
6892,1170000.0,Tanger,Marjane,78.0,2,2,13.972515161474428,Moyen,26.0,5
4008,900000.0,Marrakech,Allal El Fassi,70.0,2,1,13.710151153416941,Moyen,23.333333333333332,5
4719,750000.0,Tanger,Tanja Balia,93.0,2,2,13.527829818844937,Moyen,31.0,5
6177,410000.0,Kénitra,Ouled Oujih,70.0,2,1,12.923914877701906,Économique,23.333333333333332,5
1494,3400000.0,Rabat,Agdal,150.0,3,2,15.039286283703994,Luxe,37.5,5
4207,830000.0,Casablanca,Oulfa,83.0,2,2,13.629182184591333,Moyen,27.666666666666668,5
6371,1550000.0,Casablanca,Gauthier,97.0,2,2,14.253766134056512,Luxe,32.333333333333336,5
2158,420000.0,Kénitra,Seyad,80.0,2,2,12.948012371209098,Économique,26.666666666666668,5
1169,1000000.0,Temara,Autre Secteur,120.0,3,1,13.815511557963774,Moyen,30.0,5
7398,850000.0,Ksar El-Kebir,Toute La Ville,69.0,2,2,13.652992804936396,Moyen,23.0,5
233,2950000.0,Casablanca,Mers Sultan,176.0,3,2,14.897316067298997,Luxe,44.0,5
67,380000.0,Mdiq,Toute La Ville,50.0,1,1,12.847929163278053,Économique,25.0,5
1604,1170000.0,Temara,Hoda,120.0,3,2,13.972515161474428,Moyen,30.0,5
6168,490000.0,Kénitra,Seyad,76.0,2,2,13.102162710901053,Économique,25.333333333333332,5
3284,1250000.0,Casablanca,Bourgogne,76.0,2,1,14.038654909278163,Moyen,25.333333333333332,5
3597,240000.0,Meknès,Hay Salam,60.0,2,1,12.388398368982115,Économique,20.0,5
6288,2200000.0,Rabat,Hay Riad,94.0,2,2,14.603968372873895,Luxe,31.333333333333332,5
4633,560000.0,Kénitra,Alliance,70.0,3,2,13.235693848424024,Moyen,17.5,5
6956,430000.0,Bouznika,Autre Secteur,140.0,2,1,12.971542813248437,Économique,46.666666666666664,5
126,1160000.0,Temara,Riad Oulad Mtaa,85.0,3,2,13.963931425151141,Moyen,21.25,5
6229,860000.0,Mehdia,Toute La Ville,65.0,2,1,13.664688831019712,Moyen,21.666666666666668,5
5351,2100000.0,Marrakech,Targa,97.0,2,1,14.557448378884015,Luxe,32.333333333333336,5
1296,450000.0,Chefchaouen,Toute La Ville,82.0,3,1,13.017005083966255,Économique,20.5,5
1976,670000.0,Temara,Autre Secteur,64.0,2,2,13.415034483903348,Moyen,21.333333333333332,5
7399,300000.0,Mohammedia,Autre Secteur,54.0,2,1,12.611541086966115,Économique,18.0,5
7341,1250000.0,Casablanca,Bourgogne,76.0,2,1,14.038654909278163,Moyen,25.333333333333332,5
2075,5400000.0,Rabat,Yacoub El Mansour,154.0,3,3,15.501909696719672,Luxe,38.5,5
4581,1350000.0,Marrakech,Route De Casablanca,75.0,2,2,14.115615891155079,Moyen,25.0,5
5750,2500000.0,Casablanca,Val Fleuri,136.0,3,2,14.731801689838349,Luxe,34.0,5
8139,1378000.0,Tanger,Malabata,106.0,3,2,14.136144456244882,Moyen,26.5,5
3087,910000.0,Casablanca,Oulfa,70.0,2,2,13.721200977393528,Moyen,23.333333333333332,5
7104,380000.0,Sidi Rahal,Toute La Ville,67.0,2,1,12.847929163278053,Économique,22.333333333333332,5
6883,1550000.0,Marrakech,Guéliz,84.0,2,2,14.253766134056512,Luxe,28.0,5
7144,910000.0,Casablanca,Oulfa,70.0,2,2,13.721200977393528,Moyen,23.333333333333332,5
3346,850000.0,Marrakech,Semlalia,91.0,2,1,13.652992804936396,Moyen,30.333333333333332,5
7315,700000.0,Marrakech,Hay Izdihar,57.0,2,2,13.45883704259595,Moyen,19.0,5
5870,850000.0,Essaouira,Centre Ville,62.0,1,1,13.652992804936396,Moyen,31.0,5
6506,165000.0,Fès,Zouagha,56.0,2,1,12.013706813470414,Économique,18.666666666666668,5
2798,600000.0,Casablanca,Ain Sebaa,58.0,2,1,13.304686600863562,Moyen,19.333333333333332,5
919,2000000.0,Casablanca,Abdelmoumen,131.0,2,2,14.508658238524095,Luxe,43.666666666666664,5
1647,690000.0,Casablanca,Autre Secteur,67.0,2,1,13.444448325847754,Moyen,22.333333333333332,5
5123,490000.0,Tanger,Mesnana,55.0,2,1,13.102162710901053,Économique,18.333333333333332,5
5127,330000.0,Dar Bouazza,Toute La Ville,56.0,2,1,12.706850963741102,Économique,18.666666666666668,5
4979,2100000.0,Saidia,Toute La Ville,180.0,2,2,14.557448378884015,Luxe,60.0,5
5432,1850000.0,Meknès,Hamria,208.0,3,2,14.430696737594902,Luxe,52.0,5
6843,1290000.0,Marrakech,Guéliz,87.0,2,2,14.070153551531353,Moyen,29.0,5
4622,1020000.0,Tanger,Tanja Balia,118.0,2,1,13.83531416565213,Moyen,39.333333333333336,5
6810,620000.0,Agadir,Autre Secteur,50.0,2,1,13.3374763699232,Moyen,16.666666666666668,5
365,2900000.0,Tanger,Malabata,82.0,2,1,14.88022163978423,Luxe,27.333333333333332,5
3288,1900000.0,Marrakech,Allal El Fassi,136.0,2,2,14.45736497045232,Luxe,45.333333333333336,5
2126,2200000.0,Casablanca,Ferme Bretone,99.0,2,2,14.603968372873895,Luxe,33.0,5
4124,3100000.0,Casablanca,Maarif,178.0,3,2,14.946912992035967,Luxe,44.5,5
4570,260000.0,Salé,Bab Sebta,50.0,2,1,12.468440756144114,Économique,16.666666666666668,5
526,300000.0,Casablanca,Lissasfa,56.0,2,1,12.611541086966115,Économique,18.666666666666668,5
4821,1530000.0,Casablanca,Bourgogne,91.0,2,1,14.240778946963175,Luxe,30.333333333333332,5
56,1030000.0,Mohammedia,Autre Secteur,91.0,2,2,13.845070331079134,Moyen,30.333333333333332,5
639,670000.0,Marrakech,Azzouzia,80.0,2,2,13.415034483903348,Moyen,26.666666666666668,5
303,3750000.0,Casablanca,Racine,190.0,4,3,15.137266664613225,Luxe,38.0,5
2767,310000.0,Had Soualem,Toute La Ville,54.0,2,2,12.644330802262578,Économique,18.0,5
5811,810000.0,Bouznika,Al Kawtar,95.0,2,2,13.60479076121576,Moyen,31.666666666666668,5
1276,680000.0,Salé,Sala El Jadida,68.0,2,2,13.429849547739444,Moyen,22.666666666666668,5
7673,450000.0,Tétouan,Rbat Asfaa,63.0,2,1,13.017005083966255,Économique,21.0,5
4721,1020000.0,Tanger,Tanja Balia,196.0,2,1,13.83531416565213,Moyen,65.33333333333333,5
2055,750000.0,Fès,Autre Secteur,110.0,2,1,13.527829818844937,Moyen,36.666666666666664,5
5377,360000.0,Agadir,Autre Secteur,56.0,2,1,12.793862088206213,Économique,18.666666666666668,5
6948,450000.0,Tanger,Aharrarine,56.0,2,1,13.017005083966255,Économique,18.666666666666668,5
5146,580000.0,Salé,Sala El Jadida,65.0,2,1,13.270785106659046,Moyen,21.666666666666668,5
4433,400000.0,Béni Mellal,Toute La Ville,84.0,3,2,12.899222326086994,Économique,21.0,5
3644,860000.0,Marrakech,Hay Izdihar,69.0,2,1,13.664688831019712,Moyen,23.0,5
4144,410000.0,Kénitra,Bir Rami,80.0,2,2,12.923914877701906,Économique,26.666666666666668,5
2879,1100000.0,Marrakech,Route De Casablanca,83.0,2,1,13.910821646859095,Moyen,27.666666666666668,5
4203,560000.0,Kénitra,Fouarate,84.0,3,1,13.235693848424024,Moyen,21.0,5
6493,920000.0,Temara,Abbadi,98.0,2,2,13.732130035981154,Moyen,32.666666666666664,5
5176,440000.0,Bouznika,Autre Secteur,58.0,1,1,12.994532278619134,Économique,29.0,5
2287,1500000.0,Temara,Wifak,128.0,3,2,14.220976332738882,Moyen,32.0,5
2262,1450000.0,Rabat,Massira,101.0,3,2,14.187074804051692,Moyen,25.25,5
5241,360000.0,Tiznit,Toute La Ville,47.0,2,1,12.793862088206213,Économique,15.666666666666666,5
7289,460000.0,Casablanca,Ben M'Sick,76.0,2,2,13.038983942375959,Économique,25.333333333333332,5
2297,620000.0,Casablanca,Sidi Maarouf,80.0,2,1,13.3374763699232,Moyen,26.666666666666668,5
6938,2200000.0,Casablanca,Casablanca Finance City,64.0,1,1,14.603968372873895,Luxe,32.0,5
5932,2300000.0,Fès,Champ De Course,329.0,3,3,14.648420115681892,Luxe,82.25,5
1754,810000.0,Bouznika,Al Kawtar,95.0,2,2,13.60479076121576,Moyen,31.666666666666668,5
5198,1200000.0,Casablanca,Oulfa,97.0,3,2,13.997832948091215,Moyen,24.25,5
1968,1350000.0,Casablanca,Roches Noires,85.0,2,2,14.115615891155079,Moyen,28.333333333333332,5
7113,460000.0,Kénitra,Ouled Oujih,70.0,2,1,13.038983942375959,Économique,23.333333333333332,5
3118,550000.0,Bouskoura,Bouskoura Centre,57.0,2,1,13.217675375388819,Moyen,19.0,5
2394,1170000.0,Temara,Riad Oulad Mtaa,65.0,2,2,13.972515161474428,Moyen,21.666666666666668,5
524,1550000.0,Tanger,Ahlane,128.0,3,3,14.253766134056512,Luxe,32.0,5
6376,1950000.0,Marrakech,Guéliz,85.0,3,1,14.48334044336031,Luxe,21.25,5
6789,490000.0,Mohammedia,Autre Secteur,70.0,3,2,13.102162710901053,Économique,17.5,5
6982,470000.0,Casablanca,Sidi Bernoussi,78.0,2,1,13.060490101343552,Économique,26.0,5
5525,750000.0,Tanger,Aharrarine,80.0,3,2,13.527829818844937,Moyen,20.0,5
6677,850000.0,Martil,Toute La Ville,76.0,2,2,13.652992804936396,Moyen,25.333333333333332,5
3901,340000.0,Mediouna,Toute La Ville,53.0,2,1,12.73670383776449,Économique,17.666666666666668,5
7634,800000.0,Sidi Rahal,Toute La Ville,63.0,1,1,13.592368256649284,Moyen,31.5,5
4700,890000.0,Fès,Agdal,167.0,3,2,13.698977865303197,Moyen,41.75,5
5585,800000.0,Tanger,Autre Secteur,95.0,3,1,13.592368256649284,Moyen,23.75,5
7229,920000.0,Casablanca,Al Fida,78.0,3,2,13.732130035981154,Moyen,19.5,5
3123,680000.0,Martil,Toute La Ville,70.0,2,1,13.429849547739444,Moyen,23.333333333333332,5
6778,820000.0,Casablanca,Hay Al Amal,89.0,3,1,13.617060838751888,Moyen,22.25,5
4157,890000.0,Casablanca,Autre Secteur,105.0,2,1,13.698977865303197,Moyen,35.0,5
1969,1980000.0,Casablanca,Maârif Extension,132.0,3,2,14.498607907721096,Luxe,33.0,5
672,1500000.0,Marrakech,Guéliz,86.0,1,1,14.220976332738882,Moyen,43.0,5
4189,750000.0,Kénitra,Maamora,117.0,2,1,13.527829818844937,Moyen,39.0,5
667,1741500.0,Casablanca,Sidi Belyout,162.0,3,2,14.370257943005656,Luxe,40.5,5
7091,540000.0,Benslimane,Autre Secteur,70.0,3,1,13.199326270390594,Moyen,17.5,5
1888,1476000.0,Marrakech,Guéliz,82.0,1,2,14.2048469616491,Moyen,41.0,5
3267,860000.0,Oued Laou,Toute La Ville,85.0,2,1,13.664688831019712,Moyen,28.333333333333332,5
281,2000000.0,Asilah,Toute La Ville,150.0,3,3,14.508658238524095,Luxe,37.5,5
1720,440000.0,Casablanca,Sidi Othmane,81.0,2,1,12.994532278619134,Économique,27.0,5
2948,830000.0,Temara,Centre Ville,60.0,2,1,13.629182184591333,Moyen,20.0,5
4456,1200000.0,Benslimane,Autre Secteur,98.0,2,1,13.997832948091215,Moyen,32.666666666666664,5
900,770500.0,Dcheira,Toute La Ville,67.0,2,1,13.5547962316,Moyen,22.333333333333332,5
6031,3300000.0,Casablanca,Maârif Extension,206.0,4,2,15.009433329466965,Luxe,41.2,5
7930,720000.0,Tanger,Branes 2,85.0,2,1,13.487007879880162,Moyen,28.333333333333332,5
6090,2600000.0,Casablanca,Triangle D'Or,150.0,2,2,14.77102238760702,Luxe,50.0,5
7176,3800000.0,Marrakech,Guéliz,181.0,3,3,15.150511887854474,Luxe,45.25,5
6992,850000.0,Tanger,Moujahidine,708.0,2,1,13.652992804936396,Moyen,236.0,5
761,490000.0,Kénitra,Seyad,80.0,2,2,13.102162710901053,Économique,26.666666666666668,5
6254,790000.0,Casablanca,Belvédère,50.0,1,1,13.579789490265188,Moyen,25.0,5
1907,2600000.0,Casablanca,Californie,127.0,3,1,14.77102238760702,Luxe,31.75,5
4043,1075000.0,Casablanca,Quartier Des Hôpitaux,65.0,1,1,13.887832149776026,Moyen,32.5,5
3824,3200000.0,Agadir,Tamraght,99.0,1,2,14.978661680269907,Luxe,49.5,5
4139,750000.0,Kénitra,Seyad,103.0,3,2,13.527829818844937,Moyen,25.75,5
3819,2000000.0,Casablanca,Beauséjour,110.0,2,2,14.508658238524095,Luxe,36.666666666666664,5
6269,1490000.0,Casablanca,Oulfa,212.0,4,3,14.214287349062356,Moyen,42.4,5
4301,1000000.0,Tit Mellil,Toute La Ville,106.0,3,2,13.815511557963774,Moyen,26.5,5
5570,1160000.0,Temara,Riad Oulad Mtaa,85.0,3,2,13.963931425151141,Moyen,21.25,5
6196,640000.0,Fès,Oued Fès,200.0,3,3,13.369225017834633,Moyen,50.0,5
2592,260000.0,Salé,Bab Sebta,50.0,2,1,12.468440756144114,Économique,16.666666666666668,5
4165,1750000.0,Bouznika,Plage Oued Cherrat,157.0,2,2,14.375126917328105,Luxe,52.333333333333336,5
3032,2800000.0,Bouskoura,Victoria,90.0,2,1,14.845130332288226,Luxe,30.0,5
5971,1395000.0,Casablanca,Nassim,153.0,3,2,14.148405690083225,Moyen,38.25,5
3580,1850000.0,Mohammedia,Corniche,117.0,3,2,14.430696737594902,Luxe,29.25,5
2833,2800000.0,Marrakech,Guéliz,169.0,3,2,14.845130332288226,Luxe,42.25,5
5450,780000.0,Kénitra,Val Fleury,90.0,1,1,13.567050480716235,Moyen,45.0,5
3473,460000.0,Deroua,Toute La Ville,78.0,2,1,13.038983942375959,Économique,26.0,5
6327,365000.0,Casablanca,Centre Ville,100.0,3,1,12.807655372286902,Économique,25.0,5
138,1670000.0,Bouznika,Autre Secteur,118.0,3,2,14.328334783195153,Luxe,29.5,5
7044,2500000.0,Marrakech,Agdal,78.0,2,2,14.731801689838349,Luxe,26.0,5
4893,920000.0,Marrakech,Bd Moulay Abdellah,87.0,3,1,13.732130035981154,Moyen,21.75,5
2180,820000.0,Mohammedia,Wafa,88.0,4,1,13.617060838751888,Moyen,17.6,5
2129,2200000.0,Casablanca,Les Princesses,146.0,2,2,14.603968372873895,Luxe,48.666666666666664,5
3178,1400000.0,Tanger,Autre Secteur,107.0,3,2,14.151983508870947,Moyen,26.75,5
4855,1350000.0,Temara,Wifak,86.0,2,1,14.115615891155079,Moyen,28.666666666666668,5
4638,2340000.0,Tanger,Tanger City Center,72.0,2,2,14.66566191468422,Luxe,24.0,5
5116,8500000.0,Kénitra,Alliance,150.0,3,2,15.955576839107596,Luxe,37.5,5
7140,500000.0,Kénitra,Val Fleury,66.0,2,1,13.122365377402328,Économique,22.0,5
7128,1080000.0,Casablanca,Oulfa,60.0,2,2,13.8924725250259,Moyen,20.0,5
4262,1392000.0,Tanger,Moulay Youssef,126.0,3,2,14.14625283826705,Moyen,31.5,5
4345,3900000.0,Marrakech,Autre Secteur,155.0,2,3,15.176487367510099,Luxe,51.666666666666664,5
1332,890000.0,Fès,Agdal,167.0,3,2,13.698977865303197,Moyen,41.75,5
2017,990000.0,Sidi Rahal,Toute La Ville,127.0,3,2,13.805461232211272,Moyen,31.75,5
4543,2250000.0,Casablanca,Maarif,114.0,2,2,14.626441218624949,Luxe,38.0,5
2483,3500000.0,Sidi Bouknadel,Toute La Ville,185.0,3,2,15.068273812173887,Luxe,46.25,5
7003,2400000.0,Rabat,Kébibat,180.0,3,2,14.690979711984754,Luxe,45.0,5
1359,1000000.0,El Mansouria,Toute La Ville,100.0,2,2,13.815511557963774,Moyen,33.333333333333336,5
6942,3600000.0,Casablanca,Quartier Des Hôpitaux,263.0,4,4,15.096444681204078,Luxe,52.6,5
6241,650000.0,Casablanca,Oulfa,51.0,1,1,13.384729180332174,Moyen,25.5,5
1330,1800000.0,Casablanca,Maarif,89.0,3,2,14.403297778421795,Luxe,22.25,5
8167,760000.0,Salé,Toute La Ville,81.0,3,1,13.541075028051122,Moyen,20.25,5
6882,1850000.0,Tanger,Tanger City Center,85.0,2,2,14.430696737594902,Luxe,28.333333333333332,5
8065,3000000.0,Tanger,Malabata,110.0,3,3,14.914123179965662,Luxe,27.5,5
2151,885000.0,Casablanca,Bachkou,36.0,1,2,13.69334405393293,Moyen,18.0,5
4531,1220000.0,Marrakech,Autre Secteur,63.0,2,1,14.014362236381235,Moyen,21.0,5
2123,1100000.0,Tanger,Autre Secteur,89.0,2,1,13.910821646859095,Moyen,29.666666666666668,5
4674,750000.0,Tanger,Tanja Balia,93.0,3,2,13.527829818844937,Moyen,23.25,5
3982,850000.0,Marrakech,Hay Charaf,93.0,2,1,13.652992804936396,Moyen,31.0,5
6997,820000.0,Marrakech,M'Hamid,126.0,2,2,13.617060838751888,Moyen,42.0,5
1252,800000.0,Tanger,Tanja Balia,118.0,2,1,13.592368256649284,Moyen,39.333333333333336,5
3279,550000.0,Tétouan,Centre Ville,120.0,2,1,13.217675375388819,Moyen,40.0,5
7063,860000.0,Casablanca,Oulfa,80.0,2,1,13.664688831019712,Moyen,26.666666666666668,5
3375,260000.0,Oujda,Route Jerada,70.0,2,1,12.468440756144114,Économique,23.333333333333332,5
2815,440000.0,Marrakech,M'Hamid,54.0,3,1,12.994532278619134,Économique,13.5,5
4720,1070000.0,Tanger,Tanja Balia,102.0,4,2,13.883170141017091,Moyen,20.4,5
6544,2100000.0,Casablanca,2 Mars,156.0,3,2,14.557448378884015,Luxe,39.0,5
1849,740000.0,Rabat,Hay Riad,377.0,5,3,13.51440681653079,Moyen,62.833333333333336,5
4859,2200000.0,Casablanca,Casablanca Finance City,64.0,1,1,14.603968372873895,Luxe,32.0,5
3038,2200000.0,Agadir,Secteur Touristique,95.0,2,2,14.603968372873895,Luxe,31.666666666666668,5
389,580000.0,Marrakech,Autre Secteur,74.0,3,1,13.270785106659046,Moyen,18.5,5
236,400000.0,Marrakech,M'Hamid,56.0,2,1,12.899222326086994,Économique,18.666666666666668,5
1078,430000.0,Sidi Rahal,Toute La Ville,57.0,2,1,12.971542813248437,Économique,19.0,5
1984,3800000.0,Rabat,Agdal,274.0,3,3,15.150511887854474,Luxe,68.5,5
4364,650000.0,Fès,Route Ain Chkaf,112.0,3,2,13.384729180332174,Moyen,28.0,5
3963,1980000.0,Dar Bouazza,Toute La Ville,150.0,3,2,14.498607907721096,Luxe,37.5,5
771,7000000.0,Casablanca,Aïn Diab,186.0,3,3,15.76142084987672,Luxe,46.5,5
2165,670000.0,Kénitra,Seyad,96.0,3,2,13.415034483903348,Moyen,24.0,5
4534,2350000.0,Casablanca,Anfa,122.0,3,1,14.669926311652166,Luxe,30.5,5
674,850000.0,Temara,Massira 2,90.0,2,2,13.652992804936396,Moyen,30.0,5
250,1300000.0,Marrakech,Hay Izdihar,86.0,2,2,14.077875591662238,Moyen,28.666666666666668,5
6297,740000.0,Marrakech,Semlalia,37.0,1,1,13.51440681653079,Moyen,18.5,5
1575,840000.0,Mohammedia,Corniche,89.0,2,1,13.641158361294979,Moyen,29.666666666666668,5
6238,450000.0,Tétouan,Taboula,60.0,2,1,13.017005083966255,Économique,20.0,5
3420,1750000.0,Temara,Wifak,103.0,3,2,14.375126917328105,Luxe,25.75,5
2081,1250000.0,Casablanca,Palmier,59.0,1,1,14.038654909278163,Moyen,29.5,5
1824,660000.0,Marrakech,Route D'Ourika,37.0,1,1,13.399996629152975,Moyen,18.5,5
7578,3400000.0,Ain Aouda,Toute La Ville,173.0,3,3,15.039286283703994,Luxe,43.25,5
7829,240000.0,Casablanca,Nassim,50.0,1,1,12.388398368982115,Économique,25.0,5
4545,2390000.0,Dar Bouazza,Toute La Ville,144.0,3,2,14.686804342317648,Luxe,36.0,5
5566,580000.0,Martil,Toute La Ville,62.0,2,1,13.270785106659046,Moyen,20.666666666666668,5
717,900000.0,Marrakech,Issil,103.0,2,1,13.710151153416941,Moyen,34.333333333333336,5
7306,390000.0,Sidi Rahal,Toute La Ville,46.0,1,1,12.873904582205107,Économique,23.0,5
7646,980000.0,Tétouan,Autre Secteur,148.0,4,2,13.795308871054397,Moyen,29.6,5
2048,795000.0,Bouznika,Hamza,96.0,3,2,13.586098651497313,Moyen,24.0,5
5997,1100000.0,Temara,Harhoura,70.0,2,1,13.910821646859095,Moyen,23.333333333333332,5
6600,520000.0,Casablanca,Sidi Moumen,62.0,2,1,13.161586013632684,Moyen,20.666666666666668,5
5265,740000.0,Casablanca,Maarif,50.0,1,1,13.51440681653079,Moyen,25.0,5
4179,900000.0,Temara,Autre Secteur,120.0,4,2,13.710151153416941,Moyen,24.0,5
4809,480000.0,Meknès,Autre Secteur,100.0,2,2,13.081543466215237,Économique,33.333333333333336,5
2725,580000.0,Kénitra,Alliance,85.0,2,2,13.270785106659046,Moyen,28.333333333333332,5
7403,850000.0,Marrakech,Semlalia,91.0,2,1,13.652992804936396,Moyen,30.333333333333332,5
7141,650000.0,Temara,Wifak,65.0,2,1,13.384729180332174,Moyen,21.666666666666668,5
7191,850000.0,Casablanca,Aïn Borja,90.0,2,1,13.652992804936396,Moyen,30.0,5
1461,1500000.0,Casablanca,Bachkou,106.0,2,2,14.220976332738882,Moyen,35.333333333333336,5
6915,1100000.0,Marrakech,Hivernage,74.0,2,1,13.910821646859095,Moyen,24.666666666666668,5
5989,1500000.0,Casablanca,Californie,99.0,2,2,14.220976332738882,Moyen,33.0,5
1669,1750000.0,Tanger,Malabata,100.0,2,2,14.375126917328105,Luxe,33.333333333333336,5
2757,940000.0,El Jadida,Autre Secteur,140.0,3,3,13.753636218075409,Moyen,35.0,5
2000,1450000.0,Tamesna,Toute La Ville,179.0,3,1,14.187074804051692,Moyen,44.75,5
4572,600000.0,Marrakech,Route De Casablanca,52.0,2,1,13.304686600863562,Moyen,17.333333333333332,5
4614,420000.0,Casablanca,Ain Sebaa,74.0,2,1,12.948012371209098,Économique,24.666666666666668,5
7612,592000.0,Tanger,Tanja Balia,74.0,2,1,13.291263603053904,Moyen,24.666666666666668,5
405,3750000.0,Casablanca,Racine,208.0,3,3,15.137266664613225,Luxe,52.0,5
385,570000.0,Casablanca,Errahma,75.0,3,2,13.25339339419516,Moyen,18.75,5
7354,1200000.0,Salé,Tabriquet,115.0,3,2,13.997832948091215,Moyen,28.75,5
2214,1500000.0,Kénitra,Mimosas,178.0,3,2,14.220976332738882,Moyen,44.5,5
1634,830000.0,Marrakech,M'Hamid,112.0,3,1,13.629182184591333,Moyen,28.0,5
7504,980000.0,Casablanca,Sidi Maarouf,87.0,2,2,13.795308871054397,Moyen,29.0,5
5580,170000.0,Tétouan,Autre Secteur,82.0,2,1,12.04355959836804,Économique,27.333333333333332,5
4785,1400000.0,Tamaris,Toute La Ville,94.0,2,2,14.151983508870947,Moyen,31.333333333333332,5
7369,650000.0,Larache,Toute La Ville,78.0,2,1,13.384729180332174,Moyen,26.0,5
6971,1800000.0,Casablanca,Bourgogne,68.0,2,1,14.403297778421795,Luxe,22.666666666666668,5
3926,2150000.0,Casablanca,Maârif Extension,146.0,3,3,14.580978865220017,Luxe,36.5,5
5337,670000.0,Bouznika,Autre Secteur,75.0,2,2,13.415034483903348,Moyen,25.0,5
4159,450000.0,Tétouan,Taboula,60.0,2,1,13.017005083966255,Économique,20.0,5
4949,850000.0,Benslimane,Autre Secteur,107.0,3,2,13.652992804936396,Moyen,26.75,5
5898,2000000.0,Casablanca,Beauséjour,110.0,2,2,14.508658238524095,Luxe,36.666666666666664,5
7426,500000.0,Casablanca,Oulfa,56.0,2,1,13.122365377402328,Économique,18.666666666666668,5
5359,285000.0,Meknès,,67.0,2,1,12.560247968016562,Économique,22.333333333333332,5
224,1600000.0,Agadir,Hay Mohammadi,115.0,3,2,14.285514812209815,Luxe,28.75,5
2193,3000000.0,Rabat,Agdal,149.0,3,2,14.914123179965662,Luxe,37.25,5
3137,950000.0,Temara,Al Moustakbal,124.0,3,1,13.76421831620775,Moyen,31.0,5
4470,2500000.0,Tanger,Centre,200.0,5,2,14.731801689838349,Luxe,33.333333333333336,5
1825,660000.0,El Jadida,Al Boustane,92.0,2,1,13.399996629152975,Moyen,30.666666666666668,5
7523,690000.0,Meknès,Autre Secteur,96.0,3,2,13.444448325847754,Moyen,24.0,5
5125,640000.0,Oujda,Centre Ville,89.0,2,1,13.369225017834633,Moyen,29.666666666666668,5
4973,260000.0,Casablanca,Errahma,48.0,1,1,12.468440756144114,Économique,24.0,5
798,1098000.0,Casablanca,Maarif,83.0,1,1,13.90900181179801,Moyen,41.5,5
2872,1020000.0,Casablanca,2 Mars,116.0,3,1,13.83531416565213,Moyen,29.0,5
10,260000.0,Oujda,Route Jerada,70.0,2,1,12.468440756144114,Économique,23.333333333333332,5
6593,540000.0,Sidi Rahal,Toute La Ville,67.0,2,2,13.199326270390594,Moyen,22.333333333333332,5
1944,850000.0,Cabo Negro,Toute La Ville,46.0,1,1,13.652992804936396,Moyen,23.0,5
1839,540000.0,Marrakech,Hay Izdihar,50.0,2,1,13.199326270390594,Moyen,16.666666666666668,5
4804,1550000.0,Marrakech,Guéliz,84.0,2,2,14.253766134056512,Luxe,28.0,5
256,830000.0,Mohammedia,Quartier Du Parc,65.0,1,1,13.629182184591333,Moyen,32.5,5
7027,1540000.0,Temara,Centre Ville,135.0,3,3,14.24729362374025,Luxe,33.75,5
5713,750000.0,Mohammedia,Autre Secteur,80.0,2,1,13.527829818844937,Moyen,26.666666666666668,5
4486,1600000.0,Casablanca,Anfa,70.0,1,1,14.285514812209815,Luxe,35.0,5
7378,2100000.0,Marrakech,Guéliz,120.0,2,2,14.557448378884015,Luxe,40.0,5
1582,440000.0,Marrakech,Es Saada,60.0,2,1,12.994532278619134,Économique,20.0,5
2957,450000.0,Tanger,Marjane,57.0,2,1,13.017005083966255,Économique,19.0,5
925,1550000.0,Casablanca,Gauthier,97.0,2,2,14.253766134056512,Luxe,32.333333333333336,5
7875,1500000.0,Temara,Wifak,108.0,2,2,14.220976332738882,Moyen,36.0,5
7259,1200000.0,Casablanca,Maarif,66.0,1,1,13.997832948091215,Moyen,33.0,5
2509,1100000.0,Tamaris,Toute La Ville,80.0,2,1,13.910821646859095,Moyen,26.666666666666668,5
6132,5400000.0,Rabat,Yacoub El Mansour,154.0,3,3,15.501909696719672,Luxe,38.5,5
5025,380000.0,Sidi Rahal,Toute La Ville,67.0,2,1,12.847929163278053,Économique,22.333333333333332,5
5321,945000.0,Casablanca,Ain Sebaa,74.0,2,1,13.758941264676379,Moyen,24.666666666666668,5
7103,450000.0,Fès,Route Ain Chkaf,75.0,2,2,13.017005083966255,Économique,25.0,5
6645,1100000.0,El Mansouria,Toute La Ville,95.0,2,2,13.910821646859095,Moyen,31.666666666666668,5
6042,1980000.0,Dar Bouazza,Toute La Ville,150.0,3,2,14.498607907721096,Luxe,37.5,5
3776,940000.0,Tanger,Autre Secteur,81.0,2,1,13.753636218075409,Moyen,27.0,5
4835,270000.0,Safi,Lamiaa,60.0,2,1,12.506180941677357,Économique,20.0,5
4137,7000000.0,Casablanca,Aïn Diab,186.0,3,3,15.76142084987672,Luxe,46.5,5
4965,2500000.0,Marrakech,Agdal,78.0,2,2,14.731801689838349,Luxe,26.0,5
2780,360000.0,Dar Bouazza,Toute La Ville,50.0,2,1,12.793862088206213,Économique,16.666666666666668,5
540,470000.0,Had Soualem,Toute La Ville,63.0,2,2,13.060490101343552,Économique,21.0,5
2746,1650000.0,Tanger,Tanger City Center,110.0,2,2,14.316286451937186,Luxe,36.666666666666664,5
7361,470000.0,Benslimane,Autre Secteur,180.0,2,2,13.060490101343552,Économique,60.0,5
7482,2500000.0,Rabat,Hassan,113.0,3,2,14.731801689838349,Luxe,28.25,5
6820,420000.0,Berrechid,Toute La Ville,72.0,2,2,12.948012371209098,Économique,24.0,5
5468,700000.0,Kénitra,Alliance,94.0,3,1,13.45883704259595,Moyen,23.5,5
1145,9500000.0,Tanger,Mesnana,105.0,3,1,16.066802461833923,Luxe,26.25,5
5128,360000.0,Settat,Toute La Ville,72.0,2,1,12.793862088206213,Économique,24.0,5
4469,750000.0,Marrakech,M'Hamid,76.0,2,1,13.527829818844937,Moyen,25.333333333333332,5
668,750000.0,Fès,Autre Secteur,110.0,2,1,13.527829818844937,Moyen,36.666666666666664,5
3020,1000000.0,Marrakech,Sanaoubar,110.0,3,1,13.815511557963774,Moyen,27.5,5
358,1700000.0,Mohammedia,Centre Ville,125.0,3,2,14.346139397261565,Luxe,31.25,5
5064,340000.0,Bouskoura,Bouskoura Centre,52.0,2,1,12.73670383776449,Économique,17.333333333333332,5
2832,2180000.0,Casablanca,2 Mars,156.0,3,3,14.594835893480763,Luxe,39.0,5
2784,38000000.0,Tanger,Ziatene,60.0,2,1,17.453096744006448,Luxe,20.0,5
1354,520000.0,Marrakech,Autre Secteur,64.0,2,1,13.161586013632684,Moyen,21.333333333333332,5
5132,592000.0,Tanger,Tanja Balia,74.0,2,1,13.291263603053904,Moyen,24.666666666666668,5
7115,1800000.0,Mohammedia,Centre Ville,117.0,3,2,14.403297778421795,Luxe,29.25,5
471,2400000.0,Casablanca,2 Mars,168.0,2,3,14.690979711984754,Luxe,56.0,5
2704,2350000.0,Tanger,Centre Ville,84.0,2,2,14.669926311652166,Luxe,28.0,5
3331,3500000.0,Tanger,Manar,100.0,2,2,15.068273812173887,Luxe,33.333333333333336,5
3637,890000.0,Kénitra,La Ville Haute,104.0,2,2,13.698977865303197,Moyen,34.666666666666664,5
1397,260000.0,Oujda,Route Jerada,70.0,2,1,12.468440756144114,Économique,23.333333333333332,5
3585,1050000.0,Marrakech,Mabrouka,95.0,3,2,13.864301674514206,Moyen,23.75,5
7348,1600000.0,Casablanca,Racine,112.0,3,2,14.285514812209815,Luxe,28.0,5
5263,390000.0,Martil,Toute La Ville,50.0,1,1,12.873904582205107,Économique,25.0,5
5645,1300000.0,Casablanca,Bourgogne,43.0,1,1,14.077875591662238,Moyen,21.5,5
3377,2475000.0,Marrakech,Route De Casablanca,154.0,3,3,14.72175135802525,Luxe,38.5,5
1256,600000.0,Mdiq,Toute La Ville,48.0,2,1,13.304686600863562,Moyen,16.0,5
6190,1200000.0,Tanger,Autre Secteur,110.0,3,1,13.997832948091215,Moyen,27.5,5
3513,1900000.0,Marrakech,Route D'Ourika,99.0,2,1,14.45736497045232,Luxe,33.0,5
5651,640000.0,Kénitra,Alliance,90.0,2,1,13.369225017834633,Moyen,30.0,5
5778,1235000.0,Casablanca,Palmier,54.0,1,1,14.026582337760486,Moyen,27.0,5
1250,1070000.0,Tanger,Tanja Balia,102.0,4,2,13.883170141017091,Moyen,20.4,5
5795,1800000.0,Marrakech,Agdal,118.0,2,2,14.403297778421795,Luxe,39.333333333333336,5
5349,860000.0,Berrechid,Toute La Ville,120.0,3,1,13.664688831019712,Moyen,30.0,5
7864,1070000.0,Tanger,Tanja Balia,102.0,4,2,13.883170141017091,Moyen,20.4,5
4299,650000.0,Casablanca,Ain Sebaa,75.0,2,1,13.384729180332174,Moyen,25.0,5
3285,390000.0,Martil,Toute La Ville,50.0,1,1,12.873904582205107,Économique,25.0,5
2934,460000.0,Casablanca,Sidi Moumen,58.0,2,2,13.038983942375959,Économique,19.333333333333332,5
4176,1350000.0,Kénitra,La Ville Haute,135.0,3,2,14.115615891155079,Moyen,33.75,5
5269,1600000.0,Casablanca,Racine,112.0,3,2,14.285514812209815,Luxe,28.0,5
4911,1300000.0,Mohammedia,La Siesta,115.0,2,1,14.077875591662238,Moyen,38.333333333333336,5
1853,1690000.0,Casablanca,Mandarona,123.0,2,2,14.340239678615058,Luxe,41.0,5
6316,440000.0,Casablanca,Sidi Othmane,81.0,2,1,12.994532278619134,Économique,27.0,5
6816,520000.0,Agadir,Hay Mohammadi,47.0,2,1,13.161586013632684,Moyen,15.666666666666666,5
7664,345000.0,Bouznika,Autre Secteur,54.0,2,1,12.75130259456002,Économique,18.0,5
7963,1200000.0,Casablanca,Belvédère,120.0,3,2,13.997832948091215,Moyen,30.0,5
2106,870000.0,Kénitra,Seyad,100.0,3,2,13.676249640055394,Moyen,25.0,5
134,1099800.0,Salé,Sala El Jadida,94.0,2,2,13.910639812311667,Moyen,31.333333333333332,5
5237,1600000.0,Marrakech,Guéliz,86.0,2,1,14.285514812209815,Luxe,28.666666666666668,5
5030,2400000.0,Marrakech,Guéliz,217.0,3,2,14.690979711984754,Luxe,54.25,5
929,2450000.0,Casablanca,Palmier,140.0,3,2,14.711598990684092,Luxe,35.0,5
824,1490000.0,Casablanca,Oulfa,212.0,4,3,14.214287349062356,Moyen,42.4,5
7444,680000.0,Casablanca,Sidi Bernoussi,90.0,2,1,13.429849547739444,Moyen,30.0,5
1532,930000.0,Casablanca,Oulfa,70.0,2,2,13.742940940397677,Moyen,23.333333333333332,5
1214,2500000.0,Tanger,Tanger City Center,84.0,2,1,14.731801689838349,Luxe,28.0,5
505,480000.0,Bouznika,Autre Secteur,72.0,2,2,13.081543466215237,Économique,24.0,5
4286,2000000.0,Casablanca,Abdelmoumen,131.0,2,2,14.508658238524095,Luxe,43.666666666666664,5
6491,850000.0,Fnideq,Toute La Ville,57.0,1,1,13.652992804936396,Moyen,28.5,5
1996,1500000.0,Kénitra,Mimosas,190.0,3,2,14.220976332738882,Moyen,47.5,5
6530,64000000.0,Safi,Autre Secteur,120.0,3,2,17.974393656948944,Luxe,30.0,5
3073,690000.0,Casablanca,Hay Inara,67.0,2,1,13.444448325847754,Moyen,22.333333333333332,5
1958,920000.0,Casablanca,Ain Sebaa,85.0,2,2,13.732130035981154,Moyen,28.333333333333332,5
1385,3810000.0,Casablanca,Marina,172.0,2,2,15.153140009570041,Luxe,57.333333333333336,5
895,1250000.0,Salé,Sala El Jadida,88.0,3,2,14.038654909278163,Moyen,22.0,5
4925,2500000.0,Mohammedia,Autre Secteur,140.0,2,2,14.731801689838349,Luxe,46.666666666666664,5
456,2600000.0,Casablanca,Ferme Bretone,151.0,3,3,14.77102238760702,Luxe,37.75,5
6619,1010000.0,Casablanca,Roches Noires,103.0,2,1,13.825461878915961,Moyen,34.333333333333336,5
5779,2300000.0,Marrakech,Autre Secteur,84.0,2,2,14.648420115681892,Luxe,28.0,5
7586,1400000.0,Casablanca,Sidi Maarouf,120.0,3,2,14.151983508870947,Moyen,30.0,5
3709,1150000.0,Benslimane,Autre Secteur,114.0,3,2,13.955273369904273,Moyen,28.5,5
7557,460000.0,Meknès,Autre Secteur,100.0,2,2,13.038983942375959,Économique,33.333333333333336,5
4849,3500000.0,Casablanca,Maarif,155.0,3,2,15.068273812173887,Luxe,38.75,5
4749,420000.0,Casablanca,Ain Sebaa,64.0,2,1,12.948012371209098,Économique,21.333333333333332,5
4269,700000.0,Casablanca,Sidi Bernoussi,75.0,2,1,13.45883704259595,Moyen,25.0,5
3523,1700000.0,Casablanca,2 Mars,133.0,3,2,14.346139397261565,Luxe,33.25,5
7294,1050000.0,Tétouan,Autre Secteur,70.0,7,3,13.864301674514206,Moyen,8.75,5
4135,480000.0,Kénitra,Seyad,70.0,2,1,13.081543466215237,Économique,23.333333333333332,5
3602,1550000.0,Marrakech,Route De Tahanaoute,61.0,1,1,14.253766134056512,Luxe,30.5,5
8000,800000.0,Tanger,Autre Secteur,95.0,3,1,13.592368256649284,Moyen,23.75,5
714,760000.0,Fès,Autre Secteur,144.0,3,2,13.541075028051122,Moyen,36.0,5
4187,1100000.0,Kénitra,Centre,80.0,2,1,13.910821646859095,Moyen,26.666666666666668,5
2215,2054000.0,Casablanca,Mers Sultan,158.0,3,2,14.53530015632544,Luxe,39.5,5
5302,290000.0,Asilah,Toute La Ville,50.0,1,1,12.577639650232573,Économique,25.0,5
2924,360000.0,Casablanca,Sidi Bernoussi,50.0,2,1,12.793862088206213,Économique,16.666666666666668,5
7423,2100000.0,Rabat,Agdal,118.0,3,1,14.557448378884015,Luxe,29.5,5
1811,367000.0,Sidi Hajjaj Oued Hassar,Toute La Ville,66.0,2,1,12.813119851828635,Économique,22.0,5
3487,580000.0,Martil,Toute La Ville,62.0,2,1,13.270785106659046,Moyen,20.666666666666668,5
3142,820000.0,Tanger,El Majd,84.0,3,2,13.617060838751888,Moyen,21.0,5
1828,510000.0,Mohammedia,Autre Secteur,65.0,2,1,13.1421679654829,Moyen,21.666666666666668,5
1155,1200000.0,Marrakech,Autre Secteur,72.0,2,2,13.997832948091215,Moyen,24.0,5
1325,940000.0,Bouznika,Autre Secteur,99.0,2,2,13.753636218075409,Moyen,33.0,5
4313,1250000.0,Temara,Autre Secteur,112.0,2,2,14.038654909278163,Moyen,37.333333333333336,5
511,300000.0,El Jadida,Quartier Aérodrome,60.0,2,1,12.611541086966115,Économique,20.0,5
1681,1500000.0,Casablanca,Maârif Extension,123.0,3,2,14.220976332738882,Moyen,30.75,5
500,2500000.0,Temara,Harhoura,136.0,3,3,14.731801689838349,Luxe,34.0,5
7430,2100000.0,Marrakech,Targa,97.0,2,1,14.557448378884015,Luxe,32.333333333333336,5
1857,700000.0,Casablanca,Lissasfa,68.0,2,1,13.45883704259595,Moyen,22.666666666666668,5
1389,1530000.0,Marrakech,Guéliz,61.0,1,1,14.240778946963175,Luxe,30.5,5
5615,360000.0,Kénitra,Bir Rami,70.0,2,2,12.793862088206213,Économique,23.333333333333332,5
3720,2200000.0,Marrakech,Semlalia,101.0,2,2,14.603968372873895,Luxe,33.666666666666664,5
2387,1500000.0,Kénitra,Maamora,137.0,3,2,14.220976332738882,Moyen,34.25,5
5542,3450000.0,Rabat,Hay Riad,170.0,3,2,15.053885078862573,Luxe,42.5,5
3237,1050000.0,Tétouan,Autre Secteur,70.0,7,3,13.864301674514206,Moyen,8.75,5
6172,1500000.0,Meknès,Autre Secteur,215.0,3,2,14.220976332738882,Moyen,53.75,5
1541,780000.0,Casablanca,Sidi Maarouf,70.0,3,1,13.567050480716235,Moyen,17.5,5
1217,920000.0,El Mansouria,Toute La Ville,96.0,1,1,13.732130035981154,Moyen,48.0,5
2682,340000.0,Casablanca,Oulfa,50.0,2,1,12.73670383776449,Économique,16.666666666666668,5
8004,360000.0,Temara,Autre Secteur,50.0,2,1,12.793862088206213,Économique,16.666666666666668,5
2994,3500000.0,Rabat,Agdal,149.0,3,3,15.068273812173887,Luxe,37.25,5
5513,980000.0,Agadir,Hay Mohammadi,77.0,2,1,13.795308871054397,Moyen,25.666666666666668,5
6313,1267000.0,Marrakech,Guéliz,51.0,1,1,14.052163248568947,Moyen,25.5,5
1191,1040000.0,Casablanca,Oulfa,100.0,3,2,13.854732232655556,Moyen,25.0,5
5772,250000.0,Meknès,Hay Salam,60.0,2,1,12.429220196836383,Économique,20.0,5
5294,330000.0,Dar Bouazza,Toute La Ville,58.0,2,1,12.706850963741102,Économique,19.333333333333332,5
1543,740000.0,Marrakech,Azli,53.0,3,2,13.51440681653079,Moyen,13.25,5
3302,450000.0,Bouznika,Autre Secteur,70.0,2,2,13.017005083966255,Économique,23.333333333333332,5
3325,970000.0,Salé,Sala El Jadida,76.0,2,3,13.785052381406869,Moyen,25.333333333333332,5
7057,600000.0,Berkane,Toute La Ville,84.0,2,1,13.304686600863562,Moyen,28.0,5
2539,1050000.0,Casablanca,Hay Hassani,60.0,2,2,13.864301674514206,Moyen,20.0,5
954,640000.0,El Jadida,Autre Secteur,100.0,3,1,13.369225017834633,Moyen,25.0,5
7242,340000.0,Mohammedia,Autre Secteur,54.0,2,1,12.73670383776449,Économique,18.0,5
7177,1200000.0,Kénitra,La Ville Haute,118.0,3,2,13.997832948091215,Moyen,29.5,5
6732,1150000.0,Casablanca,Palmier,57.0,1,1,13.955273369904273,Moyen,28.5,5
4846,1600000.0,Marrakech,Majorelle,100.0,2,2,14.285514812209815,Luxe,33.333333333333336,5
6802,740000.0,Casablanca,Roches Noires,76.0,2,2,13.51440681653079,Moyen,25.333333333333332,5
4331,630000.0,Agadir,Hay Mohammadi,56.0,2,1,13.353476685668044,Moyen,18.666666666666668,5
733,410000.0,Kénitra,Ouled Oujih,70.0,2,1,12.923914877701906,Économique,23.333333333333332,5
8182,280000.0,Dar Bouazza,Toute La Ville,56.0,2,1,12.54254845357358,Économique,18.666666666666668,5
7331,52000000.0,Casablanca,Oulfa,51.0,2,1,17.76675429577647,Luxe,17.0,5
1156,520000.0,Salé,Said Hajji,67.0,2,1,13.161586013632684,Moyen,22.333333333333332,5
7585,380000.0,Meknès,Wislane,91.0,3,1,12.847929163278053,Économique,22.75,5
3295,1800000.0,Tanger,Tanja Balia,111.0,3,2,14.403297778421795,Luxe,27.75,5
6541,470000.0,Marrakech,M'Hamid,70.0,2,2,13.060490101343552,Économique,23.333333333333332,5
2983,1450000.0,Casablanca,Aïn Borja,131.0,3,2,14.187074804051692,Moyen,32.75,5
5306,2100000.0,Casablanca,Maârif Extension,228.0,3,2,14.557448378884015,Luxe,57.0,5
5162,1300000.0,Nouaceur,Toute La Ville,117.0,3,2,14.077875591662238,Moyen,29.25,5
2156,530000.0,Kénitra,Seyad,74.0,2,2,13.180634172318978,Moyen,24.666666666666668,5
1063,950000.0,Marrakech,Issil,111.0,2,2,13.76421831620775,Moyen,37.0,5
2615,420000.0,Salé,Toute La Ville,60.0,2,1,12.948012371209098,Économique,20.0,5
1167,2600000.0,Rabat,El Youssoufia,122.0,4,1,14.77102238760702,Luxe,24.4,5
3223,1680000.0,Casablanca,2 Mars,120.0,3,2,14.33430494661736,Luxe,30.0,5
3636,790000.0,Kénitra,Bir Rami,85.0,2,2,13.579789490265188,Moyen,28.333333333333332,5
5588,630000.0,Casablanca,Ain Sebaa,59.0,2,1,13.353476685668044,Moyen,19.666666666666668,5
2939,570000.0,Temara,Wifak,63.0,2,1,13.25339339419516,Moyen,21.0,5
7092,800000.0,Marrakech,M'Hamid,77.0,2,2,13.592368256649284,Moyen,25.666666666666668,5
7193,435000.0,Temara,Ain Atig,74.0,2,1,12.983103608918753,Économique,24.666666666666668,5
4492,760000.0,Bouznika,Autre Secteur,89.0,2,2,13.541075028051122,Moyen,29.666666666666668,5
7267,1200000.0,Salé,Sala El Jadida,86.0,3,2,13.997832948091215,Moyen,21.5,5
3141,62700000.0,Tanger,Autre Secteur,57.0,2,1,17.95387202155211,Luxe,19.0,5
4981,2300000.0,Casablanca,Maarif,160.0,4,3,14.648420115681892,Luxe,32.0,5
144,630000.0,Casablanca,Ain Sebaa,59.0,2,1,13.353476685668044,Moyen,19.666666666666668,5
8115,495000.0,Kénitra,Al Maghrib Al Arabi,90.0,3,1,13.112315061750808,Économique,22.5,5
3578,380000.0,Tanger,Aouama Gharbia,50.0,2,1,12.847929163278053,Économique,16.666666666666668,5
4947,1000000.0,Casablanca,Belvédère,104.0,2,1,13.815511557963774,Moyen,34.666666666666664,5
2783,620000.0,Meknès,Autre Secteur,120.0,3,3,13.3374763699232,Moyen,30.0,5
718,850000.0,Kénitra,Seyad,102.0,3,2,13.652992804936396,Moyen,25.5,5
1820,1650000.0,Casablanca,Almaz,146.0,3,3,14.316286451937186,Luxe,36.5,5
2503,555000.0,Tanger,Tanja Balia,74.0,2,1,13.22672519452875,Moyen,24.666666666666668,5
4361,840000.0,Temara,Autre Secteur,96.0,2,2,13.641158361294979,Moyen,32.0,5
4172,1250000.0,Kénitra,Maamora,110.0,3,1,14.038654909278163,Moyen,27.5,5
7817,730000.0,Mohammedia,El Alia,82.0,2,1,13.500801182986649,Moyen,27.333333333333332,5
6588,1800000.0,Casablanca,Maarif,141.0,3,1,14.403297778421795,Luxe,35.25,5
396,970000.0,Casablanca,Belvédère,109.0,3,2,13.785052381406869,Moyen,27.25,5
5731,1480000.0,Tanger,Marjane,133.0,3,2,14.207553321415745,Moyen,33.25,5
6320,800000.0,Temara,Abbadi,75.0,2,1,13.592368256649284,Moyen,25.0,5
7187,670000.0,Casablanca,Oulfa,73.0,2,1,13.415034483903348,Moyen,24.333333333333332,5
7910,2900000.0,Casablanca,Maarif,146.0,3,3,14.88022163978423,Luxe,36.5,5
4493,1150000.0,Casablanca,Quartier Des Hôpitaux,81.0,2,1,13.955273369904273,Moyen,27.0,5
1366,380000.0,Mohammedia,Nassim,58.0,2,1,12.847929163278053,Économique,19.333333333333332,5
7466,260000.0,Sidi Bouzid,Toute La Ville,54.0,2,1,12.468440756144114,Économique,18.0,5
5999,280000.0,Tit Mellil,Toute La Ville,59.0,2,1,12.54254845357358,Économique,19.666666666666668,5
596,860000.0,Casablanca,Belvédère,101.0,2,2,13.664688831019712,Moyen,33.666666666666664,5
6205,1450000.0,Mohammedia,Autre Secteur,143.0,2,1,14.187074804051692,Moyen,47.666666666666664,5
3953,1380000.0,Casablanca,Ferme Bretone,64.0,2,2,14.137594781770806,Moyen,21.333333333333332,5
5393,798000.0,Tanger,Tanja Balia,76.0,2,1,13.589865129563993,Moyen,25.333333333333332,5
5917,1030000.0,Agadir,Tamraght,80.0,2,2,13.845070331079134,Moyen,26.666666666666668,5
4969,1295900.0,Casablanca,Maarif,54.0,1,1,14.074716764087688,Moyen,27.0,5
2915,920000.0,Marrakech,Bd Moulay Abdellah,87.0,3,1,13.732130035981154,Moyen,21.75,5
8066,930000.0,Casablanca,Sidi Belyout,109.0,2,2,13.742940940397677,Moyen,36.333333333333336,5
2327,1456000.0,Agadir,Centre Ville,104.0,3,1,14.19120419455172,Moyen,26.0,5
5644,800000.0,Fès,Autre Secteur,150.0,3,1,13.592368256649284,Moyen,37.5,5
3767,1600000.0,Casablanca,Aïn Borja,225.0,4,2,14.285514812209815,Luxe,45.0,5
3441,2750000.0,Casablanca,Bourgogne,212.0,4,3,14.827111833279051,Luxe,42.4,5
3852,660000.0,Kénitra,Mimosas,90.0,2,1,13.399996629152975,Moyen,30.0,5
4133,600000.0,Kénitra,Seyad,78.0,2,2,13.304686600863562,Moyen,26.0,5
7358,439000.0,Tanger,Boukhalef,58.0,2,1,12.992256969959042,Économique,19.333333333333332,5
6807,640000.0,Casablanca,Al Qods,71.0,2,1,13.369225017834633,Moyen,23.666666666666668,5
7637,520000.0,Marrakech,Route De Casablanca,54.0,2,1,13.161586013632684,Moyen,18.0,5
2144,2550000.0,Sidi Bouknadel,Toute La Ville,145.0,3,2,14.751604309291395,Luxe,36.25,5
7554,1250000.0,Casablanca,Quartier Des Hôpitaux,82.0,2,2,14.038654909278163,Moyen,27.333333333333332,5
5074,800000.0,Tanger,Tanja Balia,118.0,2,1,13.592368256649284,Moyen,39.333333333333336,5
1572,1800000.0,Aquouass Briech,Toute La Ville,133.0,3,2,14.403297778421795,Luxe,33.25,5
4080,840000.0,Marrakech,Issil,74.0,2,1,13.641158361294979,Moyen,24.666666666666668,5
1123,520000.0,Casablanca,Oulfa,56.0,2,2,13.161586013632684,Moyen,18.666666666666668,5
2787,1190000.0,Marrakech,Guéliz,69.0,2,2,13.989464705423494,Moyen,23.0,5
6335,650000.0,Meknès,El Bassatine,127.0,4,1,13.384729180332174,Moyen,25.4,5
2968,3300000.0,Rabat,Agdal,165.0,3,3,15.009433329466965,Luxe,41.25,5
2505,1070000.0,Tanger,Tanja Balia,102.0,4,1,13.883170141017091,Moyen,20.4,5
5988,270000.0,Berrechid,Toute La Ville,72.0,2,1,12.506180941677357,Économique,24.0,5
3466,3500000.0,Casablanca,Casablanca Finance City,124.0,2,2,15.068273812173887,Luxe,41.333333333333336,5
676,460000.0,Béni Mellal,Toute La Ville,75.0,2,1,13.038983942375959,Économique,25.0,5
2809,370000.0,Mohammedia,Nassim,54.0,2,1,12.821260987319457,Économique,18.0,5
7165,900000.0,Asilah,Toute La Ville,80.0,2,1,13.710151153416941,Moyen,26.666666666666668,5
3349,660000.0,Bouskoura,Bouskoura Centre,76.0,2,2,13.399996629152975,Moyen,25.333333333333332,5
729,1000000.0,Tanger,Moujahidine,86.0,2,1,13.815511557963774,Moyen,28.666666666666668,5
413,1050000.0,Temara,Autre Secteur,100.0,3,2,13.864301674514206,Moyen,25.0,5
3147,640000.0,Oujda,Centre Ville,89.0,2,1,13.369225017834633,Moyen,29.666666666666668,5
1517,3200000.0,Rabat,Hay Riad,117.0,3,2,14.978661680269907,Luxe,29.25,5
5745,1200000.0,Marrakech,Mabrouka,70.0,2,2,13.997832948091215,Moyen,23.333333333333332,5
826,1500000.0,Kénitra,Mimosas,178.0,3,2,14.220976332738882,Moyen,44.5,5
3268,800000.0,Tanger,Aouama Gharbia,90.0,3,1,13.592368256649284,Moyen,22.5,5
3975,2450000.0,Marrakech,Route De Casablanca,125.0,2,2,14.711598990684092,Luxe,41.666666666666664,5
617,850000.0,Marrakech,Hay Charaf,93.0,2,1,13.652992804936396,Moyen,31.0,5
115,420000.0,Marrakech,Hay Charaf,60.0,1,1,12.948012371209098,Économique,30.0,5
418,720000.0,Essaouira,Centre Ville,75.0,2,1,13.487007879880162,Moyen,25.0,5
3070,670000.0,Temara,Al Moustakbal,64.0,2,1,13.415034483903348,Moyen,21.333333333333332,5
1626,980000.0,Casablanca,Oulfa,78.0,2,2,13.795308871054397,Moyen,26.0,5
7114,560000.0,Fès,Autre Secteur,95.0,3,1,13.235693848424024,Moyen,23.75,5
6749,798000.0,Tanger,Tanja Balia,76.0,2,1,13.589865129563993,Moyen,25.333333333333332,5
8110,31000000.0,Tamesna,Toute La Ville,55.0,2,2,17.249497794707484,Luxe,18.333333333333332,5
4186,680000.0,Casablanca,Sidi Bernoussi,55.0,2,1,13.429849547739444,Moyen,18.333333333333332,5
2897,820000.0,Kénitra,Bir Rami,82.0,2,2,13.617060838751888,Moyen,27.333333333333332,5
7649,470000.0,Berkane,Toute La Ville,115.0,3,1,13.060490101343552,Économique,28.75,5
2082,580000.0,Marrakech,Allal El Fassi,50.0,2,2,13.270785106659046,Moyen,16.666666666666668,5
754,580000.0,Kénitra,Ouled Oujih,80.0,2,2,13.270785106659046,Moyen,26.666666666666668,5
2546,520000.0,Salé,Said Hajji,67.0,2,1,13.161586013632684,Moyen,22.333333333333332,5
7421,1600000.0,Marrakech,Agdal,47.0,1,1,14.285514812209815,Luxe,23.5,5
3970,330000.0,Fès,Mont Fleuri,64.0,2,1,12.706850963741102,Économique,21.333333333333332,5
3374,2120000.0,Casablanca,2 Mars,188.0,3,3,14.566927118346197,Luxe,47.0,5
5726,1750000.0,Tanger,Malabata,100.0,2,2,14.375126917328105,Luxe,33.333333333333336,5
4108,1100000.0,Fès,Hay Saada,140.0,3,2,13.910821646859095,Moyen,35.0,5
2445,700000.0,El Jadida,Saada,97.0,1,1,13.45883704259595,Moyen,48.5,5
4381,380000.0,Mohammedia,Autre Secteur,52.0,2,1,12.847929163278053,Économique,17.333333333333332,5
1067,750000.0,Tanger,Tanja Balia,88.0,2,1,13.527829818844937,Moyen,29.333333333333332,5
3914,500000.0,Had Soualem,Toute La Ville,74.0,2,2,13.122365377402328,Économique,24.666666666666668,5
5288,350000.0,Fès,Zouagha,128.0,2,1,12.765691290604371,Économique,42.666666666666664,5
5537,1500000.0,Marrakech,Palmeraie,90.0,2,2,14.220976332738882,Moyen,30.0,5
5388,60000000.0,Tanger,Mesnana,62.0,2,1,17.909855136853043,Luxe,20.666666666666668,5
5732,1500000.0,Martil,Toute La Ville,150.0,3,1,14.220976332738882,Moyen,37.5,5
3499,1099800.0,Salé,Sala El Jadida,94.0,2,2,13.910639812311667,Moyen,31.333333333333332,5
2739,750000.0,Tanger,Tanja Balia,80.0,3,1,13.527829818844937,Moyen,20.0,5
5053,960000.0,Bouznika,Plage Oued Cherrat,68.0,1,2,13.774689605110144,Moyen,34.0,5
4001,690000.0,Casablanca,Autre Secteur,67.0,2,1,13.444448325847754,Moyen,22.333333333333332,5
1569,1100000.0,Tanger,Malabata,75.0,2,1,13.910821646859095,Moyen,25.0,5
2428,380000.0,Kénitra,Ouled Oujih,70.0,2,1,12.847929163278053,Économique,23.333333333333332,5
3747,850000.0,Casablanca,Aïn Borja,81.0,2,2,13.652992804936396,Moyen,27.0,5
6834,420000.0,Bouskoura,Bouskoura Centre,71.0,2,1,12.948012371209098,Économique,23.666666666666668,5
7589,1600000.0,Marrakech,Hivernage,150.0,2,2,14.285514812209815,Luxe,50.0,5
1688,1200000.0,Marrakech,Mabrouka,70.0,2,2,13.997832948091215,Moyen,23.333333333333332,5
852,740000.0,Marrakech,Semlalia,37.0,1,1,13.51440681653079,Moyen,18.5,5
3547,1100000.0,Tanger,Malabata,75.0,2,1,13.910821646859095,Moyen,25.0,5
6303,3650000.0,Bouznika,Plage Oued Cherrat,251.0,2,1,15.11023799953124,Luxe,83.66666666666667,5
896,1392000.0,Tanger,Moulay Youssef,126.0,3,2,14.14625283826705,Moyen,31.5,5
4593,420000.0,Salé,Toute La Ville,60.0,2,1,12.948012371209098,Économique,20.0,5
6401,920000.0,Salé,Toute La Ville,92.0,2,1,13.732130035981154,Moyen,30.666666666666668,5
5878,700000.0,Kénitra,Alliance,85.0,2,1,13.45883704259595,Moyen,28.333333333333332,5
336,3500000.0,Tanger,Malabata,120.0,3,2,15.068273812173887,Luxe,30.0,5
2840,800000.0,Casablanca,Belvédère,80.0,2,2,13.592368256649284,Moyen,26.666666666666668,5
3088,1950000.0,Tanger,Centre Ville,150.0,3,2,14.48334044336031,Luxe,37.5,5
4612,650000.0,Dar Bouazza,Toute La Ville,66.0,2,2,13.384729180332174,Moyen,22.0,5
1349,750000.0,Tanger,Tanja Balia,80.0,3,1,13.527829818844937,Moyen,20.0,5
1016,390000.0,El Jadida,Saada,75.0,2,1,12.873904582205107,Économique,25.0,5
2817,1998000.0,Casablanca,Quartier Des Hôpitaux,148.0,3,2,14.50765773869101,Luxe,37.0,5
1632,1500000.0,Marrakech,Route De Casablanca,73.0,2,1,14.220976332738882,Moyen,24.333333333333332,5
2490,320000.0,Martil,Toute La Ville,58.0,2,1,12.676079399771027,Économique,19.333333333333332,5
3731,770500.0,Casablanca,Ain Sebaa,67.0,2,2,13.5547962316,Moyen,22.333333333333332,5
6906,1300000.0,Marrakech,Victor Hugo,75.0,2,2,14.077875591662238,Moyen,25.0,5
7391,450000.0,Tanger,Marjane,57.0,2,1,13.017005083966255,Économique,19.0,5
3252,440000.0,Casablanca,Salmia,70.0,2,2,12.994532278619134,Économique,23.333333333333332,5
7583,480000.0,El Jadida,Najd,74.0,3,2,13.081543466215237,Économique,18.5,5
7268,1800000.0,Martil,Toute La Ville,84.0,2,1,14.403297778421795,Luxe,28.0,5
5877,1650000.0,Casablanca,Almaz,146.0,3,3,14.316286451937186,Luxe,36.5,5
6665,800000.0,Casablanca,Bourgogne,86.0,2,1,13.592368256649284,Moyen,28.666666666666668,5
5881,660000.0,Marrakech,Route D'Ourika,37.0,1,1,13.399996629152975,Moyen,18.5,5
2070,1000000.0,Casablanca,Bachkou,59.0,1,2,13.815511557963774,Moyen,29.5,5
4453,460000.0,Saidia,Toute La Ville,54.0,2,1,13.038983942375959,Économique,18.0,5
7987,550000.0,Tanger,Tanja Balia,56.0,2,1,13.217675375388819,Moyen,18.666666666666668,5
7422,490000.0,Salé,Hay Chmaou,66.0,2,1,13.102162710901053,Économique,22.0,5
5409,1100000.0,Dar Bouazza,Toute La Ville,93.0,3,2,13.910821646859095,Moyen,23.25,5
1636,380000.0,Tanger,Aouama Gharbia,50.0,2,1,12.847929163278053,Économique,16.666666666666668,5
4647,680000.0,Marrakech,Azzouzia,88.0,2,1,13.429849547739444,Moyen,29.333333333333332,5
6484,2300000.0,Rabat,Agdal,131.0,3,2,14.648420115681892,Luxe,32.75,5
2480,540000.0,Fès,Oued Fès,98.0,3,2,13.199326270390594,Moyen,24.5,5
6617,1270000.0,Nouaceur,Toute La Ville,116.0,3,2,14.054528245836039,Moyen,29.0,5
2266,420000.0,Casablanca,Ain Sebaa,74.0,2,1,12.948012371209098,Économique,24.666666666666668,5
2960,550000.0,Tanger,Aouama Gharbia,80.0,2,1,13.217675375388819,Moyen,26.666666666666668,5
5324,850000.0,Marrakech,Semlalia,91.0,2,1,13.652992804936396,Moyen,30.333333333333332,5
7741,4800000.0,Casablanca,Racine,200.0,4,3,15.38412668421143,Luxe,40.0,5
3060,860000.0,Mohammedia,Autre Secteur,86.0,2,1,13.664688831019712,Moyen,28.666666666666668,5
5054,365000.0,El Jadida,Saada,52.0,2,1,12.807655372286902,Économique,17.333333333333332,5
5869,890000.0,Kénitra,Val Fleury,124.0,3,2,13.698977865303197,Moyen,31.0,5
2142,580000.0,Kénitra,Ouled Oujih,80.0,2,2,13.270785106659046,Moyen,26.666666666666668,5
5105,680000.0,Marrakech,M'Hamid,71.0,2,1,13.429849547739444,Moyen,23.666666666666668,5
3119,3800000.0,Marrakech,Guéliz,181.0,3,3,15.150511887854474,Luxe,45.25,5
5189,1800000.0,Martil,Toute La Ville,84.0,2,1,14.403297778421795,Luxe,28.0,5
7730,1800000.0,Agadir,Hay Massira,135.0,3,2,14.403297778421795,Luxe,33.75,5
4046,1030000.0,Kénitra,La Ville Haute,114.0,2,1,13.845070331079134,Moyen,38.0,5
3357,1900000.0,Casablanca,Oasis,80.0,2,2,14.45736497045232,Luxe,26.666666666666668,5
2745,740000.0,Casablanca,Roches Noires,76.0,2,2,13.51440681653079,Moyen,25.333333333333332,5
7254,350000.0,Tétouan,Autre Secteur,112.0,2,1,12.765691290604371,Économique,37.333333333333336,5
5093,700000.0,Béni Mellal,Toute La Ville,108.0,2,2,13.45883704259595,Moyen,36.0,5
3507,420000.0,Agadir,Autre Secteur,58.0,2,2,12.948012371209098,Économique,19.333333333333332,5
1680,585000.0,Ouled Teïma,Toute La Ville,90.0,3,1,13.279368835614243,Moyen,22.5,5
4250,820000.0,El Jadida,Corniche,107.0,3,2,13.617060838751888,Moyen,26.75,5
3148,1300000.0,Casablanca,Palmier,88.0,1,1,14.077875591662238,Moyen,44.0,5
2295,750000.0,Marrakech,Socoma,100.0,2,2,13.527829818844937,Moyen,33.333333333333336,5
7005,830000.0,Temara,Centre Ville,60.0,2,1,13.629182184591333,Moyen,20.0,5
6934,1350000.0,Temara,Wifak,86.0,2,1,14.115615891155079,Moyen,28.666666666666668,5
581,1350000.0,Casablanca,Roches Noires,85.0,2,2,14.115615891155079,Moyen,28.333333333333332,5
1471,1680000.0,Casablanca,Belvédère,155.0,4,2,14.33430494661736,Luxe,31.0,5
4799,2980000.0,Casablanca,Gauthier,186.0,3,2,14.907434194052001,Luxe,46.5,5
4071,1050000.0,Kénitra,El Haddada,90.0,3,2,13.864301674514206,Moyen,22.5,5
5309,3500000.0,Tanger,Manar,100.0,2,2,15.068273812173887,Luxe,33.333333333333336,5
3344,1000000.0,Marrakech,Socoma,106.0,3,2,13.815511557963774,Moyen,26.5,5
4993,800000.0,Tanger,Val Fleuri,92.0,2,1,13.592368256649284,Moyen,30.666666666666668,5
7405,1800000.0,Marrakech,Victor Hugo,98.0,2,1,14.403297778421795,Luxe,32.666666666666664,5
4584,290000.0,Bouznika,Autre Secteur,60.0,2,1,12.577639650232573,Économique,20.0,5
3672,735000.0,Casablanca,Autre Secteur,70.0,3,2,13.507627138738266,Moyen,17.5,5
560,600000.0,Bouznika,Autre Secteur,71.0,2,1,13.304686600863562,Moyen,23.666666666666668,5
5238,1240000.0,Agadir,Hay Mohammadi,89.0,2,1,14.030622744032508,Moyen,29.666666666666668,5
5216,42000000.0,Guercif,Toute La Ville,71.0,2,1,17.553180200057167,Luxe,23.666666666666668,5
2850,480000.0,Marrakech,Route De Casablanca,51.0,2,1,13.081543466215237,Économique,17.0,5
513,1200000.0,Kénitra,Mimosas,160.0,3,3,13.997832948091215,Moyen,40.0,5
4730,440000.0,Tétouan,Al Azhar,75.0,2,1,12.994532278619134,Économique,25.0,5
1082,749000.0,Casablanca,Oulfa,112.0,2,2,13.52649559761195,Moyen,37.333333333333336,5
1665,730000.0,Fès,Route Ain Chkaf,112.0,3,1,13.500801182986649,Moyen,28.0,5
1013,1250000.0,El Mansouria,Toute La Ville,92.0,2,2,14.038654909278163,Moyen,30.666666666666668,5
1931,270000.0,Berrechid,Toute La Ville,72.0,2,1,12.506180941677357,Économique,24.0,5
7681,3600000.0,Bouskoura,Ville Verte,170.0,3,2,15.096444681204078,Luxe,42.5,5
1150,420000.0,Bouskoura,,56.0,2,1,12.948012371209098,Économique,18.666666666666668,5
2839,2150000.0,Casablanca,Palmier,125.0,3,2,14.580978865220017,Luxe,31.25,5
5949,480000.0,Bouznika,Autre Secteur,72.0,2,2,13.081543466215237,Économique,24.0,5
117,3900000.0,Tanger,Autre Secteur,155.0,2,3,15.176487367510099,Luxe,51.666666666666664,5
741,3000000.0,Tanger,Autre Secteur,140.0,2,2,14.914123179965662,Luxe,46.666666666666664,5
7860,1300000.0,Casablanca,Aïn Chock,98.0,3,2,14.077875591662238,Moyen,24.5,5
6070,600000.0,Benslimane,Autre Secteur,98.0,2,1,13.304686600863562,Moyen,32.666666666666664,5
5178,860000.0,Kénitra,La Ville Haute,112.0,2,2,13.664688831019712,Moyen,37.333333333333336,5
3675,885000.0,Dakhla,Toute La Ville,118.0,4,1,13.69334405393293,Moyen,23.6,5
5906,740000.0,Rabat,Hay Riad,377.0,5,3,13.51440681653079,Moyen,62.833333333333336,5
831,800000.0,El Jadida,Saada,131.0,3,2,13.592368256649284,Moyen,32.75,5
120,2100000.0,Casablanca,2 Mars,172.0,3,3,14.557448378884015,Luxe,43.0,5
4753,3810000.0,Casablanca,Marina,172.0,2,2,15.153140009570041,Luxe,57.333333333333336,5
7815,1199000.0,Marrakech,Autre Secteur,125.0,2,2,13.99699926803766,Moyen,41.666666666666664,5
7757,500000.0,Martil,Toute La Ville,96.0,1,1,13.122365377402328,Économique,48.0,5
8097,1600000.0,Casablanca,Maarif,132.0,3,2,14.285514812209815,Luxe,33.0,5
636,690000.0,Casablanca,Autre Secteur,67.0,2,1,13.444448325847754,Moyen,22.333333333333332,5
4466,1640000.0,Benslimane,Autre Secteur,109.0,2,2,14.310207409556293,Luxe,36.333333333333336,5
4365,1500000.0,Kénitra,Maamora,137.0,3,2,14.220976332738882,Moyen,34.25,5
6800,1020000.0,Tanger,Tanja Balia,196.0,2,1,13.83531416565213,Moyen,65.33333333333333,5
7080,1250000.0,Casablanca,Belvédère,101.0,2,2,14.038654909278163,Moyen,33.666666666666664,5
6967,550000.0,Marrakech,Guéliz,60.0,2,1,13.217675375388819,Moyen,20.0,5
7011,800000.0,Tanger,Tanja Balia,118.0,2,1,13.592368256649284,Moyen,39.333333333333336,5
4143,670000.0,Kénitra,Seyad,96.0,3,2,13.415034483903348,Moyen,24.0,5
7518,600000.0,Agadir,Anza,65.0,2,2,13.304686600863562,Moyen,21.666666666666668,5
7028,850000.0,Benslimane,Autre Secteur,107.0,3,2,13.652992804936396,Moyen,26.75,5
992,570000.0,Bouznika,Autre Secteur,84.0,2,1,13.25339339419516,Moyen,28.0,5
877,1700000.0,Bouznika,Plage Oued Cherrat,100.0,2,2,14.346139397261565,Luxe,33.333333333333336,5
4870,1500000.0,Agadir,Autre Secteur,97.0,2,2,14.220976332738882,Moyen,32.333333333333336,5
5316,590000.0,El Jadida,Hay Essalam,80.0,2,2,13.28787951079572,Moyen,26.666666666666668,5
5223,1440000.0,Casablanca,Maarif,106.0,2,2,14.180154365996387,Moyen,35.333333333333336,5
5,2700000.0,Casablanca,Mers Sultan,197.0,4,2,14.80876270134486,Luxe,39.4,5
3052,2400000.0,Marrakech,Guéliz,217.0,3,2,14.690979711984754,Luxe,54.25,5
5691,830000.0,Marrakech,M'Hamid,112.0,3,1,13.629182184591333,Moyen,28.0,5
3125,510000.0,Martil,Toute La Ville,73.0,2,1,13.1421679654829,Moyen,24.333333333333332,5
6407,1080000.0,Casablanca,Ain Sebaa,83.0,3,2,13.8924725250259,Moyen,20.75,5
7137,350000.0,Tamesna,Toute La Ville,50.0,2,2,12.765691290604371,Économique,16.666666666666668,5
2661,1100000.0,Kénitra,Val Fleury,145.0,2,2,13.910821646859095,Moyen,48.333333333333336,5
2492,2500000.0,Tanger,Centre,200.0,5,2,14.731801689838349,Luxe,33.333333333333336,5
7147,750000.0,Tanger,Tanja Balia,80.0,3,1,13.527829818844937,Moyen,20.0,5
5174,970000.0,Temara,Skikina,90.0,2,2,13.785052381406869,Moyen,30.0,5
3855,3500000.0,Tanger,Centre Ville,202.0,3,3,15.068273812173887,Luxe,50.5,5
4934,550000.0,Tanger,Aouama Gharbia,100.0,2,1,13.217675375388819,Moyen,33.333333333333336,5
4778,1350000.0,Casablanca,Quartier Des Hôpitaux,95.0,2,2,14.115615891155079,Moyen,31.666666666666668,5
1716,1200000.0,Casablanca,Sidi Maarouf,118.0,3,2,13.997832948091215,Moyen,29.5,5
6448,1750000.0,Casablanca,Abdelmoumen,136.0,3,2,14.375126917328105,Luxe,34.0,5
7510,980000.0,Tétouan,Autre Secteur,148.0,4,2,13.795308871054397,Moyen,29.6,5
6713,1450000.0,Marrakech,Centre Ville,90.0,2,1,14.187074804051692,Moyen,30.0,5
6457,2400000.0,Marrakech,Agdal,85.0,2,2,14.690979711984754,Luxe,28.333333333333332,5
6293,880000.0,Fès,Autre Secteur,113.0,3,1,13.68767832281738,Moyen,28.25,5
1148,1330000.0,Casablanca,Les Princesses,106.0,2,1,14.100690252077353,Moyen,35.333333333333336,5
3262,1100000.0,Temara,Abbadi,114.0,3,2,13.910821646859095,Moyen,28.5,5
575,1200000.0,Casablanca,Ferme Bretone,55.0,2,2,13.997832948091215,Moyen,18.333333333333332,5
3770,3750000.0,Casablanca,Racine,208.0,3,3,15.137266664613225,Luxe,52.0,5
3737,1900000.0,Casablanca,Ferme Bretone,94.0,2,2,14.45736497045232,Luxe,31.333333333333332,5
4147,2800000.0,Bouskoura,Ville Verte,160.0,3,3,14.845130332288226,Luxe,40.0,5
854,550000.0,Tanger,Autre Secteur,67.0,2,1,13.217675375388819,Moyen,22.333333333333332,5
1982,1300000.0,Casablanca,Californie,146.0,1,2,14.077875591662238,Moyen,73.0,5
2775,3810000.0,Casablanca,Marina,172.0,2,2,15.153140009570041,Luxe,57.333333333333336,5
5919,500000.0,Had Soualem,Toute La Ville,74.0,2,2,13.122365377402328,Économique,24.666666666666668,5
4930,3200000.0,Dar Bouazza,Toute La Ville,158.0,3,2,14.978661680269907,Luxe,39.5,5
7522,2100000.0,Casablanca,Les Princesses,153.0,3,2,14.557448378884015,Luxe,38.25,5
5212,990000.0,Casablanca,Sidi Maarouf,101.0,3,2,13.805461232211272,Moyen,25.25,5
1166,2350000.0,Casablanca,Anfa,122.0,3,1,14.669926311652166,Luxe,30.5,5
6614,2600000.0,Rabat,El Youssoufia,122.0,4,1,14.77102238760702,Luxe,24.4,5
6002,2150000.0,Tanger,Malabata,163.0,3,2,14.580978865220017,Luxe,40.75,5
972,180000.0,Casablanca,Anfa,45.0,1,1,12.100717685412471,Économique,22.5,5
2702,1300000.0,El Mansouria,Toute La Ville,109.0,2,2,14.077875591662238,Moyen,36.333333333333336,5
4496,1270000.0,Casablanca,Belvédère,116.0,2,2,14.054528245836039,Moyen,38.666666666666664,5
6655,1700000.0,Casablanca,2 Mars,85.0,2,2,14.346139397261565,Luxe,28.333333333333332,5
3848,340000.0,Kénitra,Bir Rami,70.0,2,1,12.73670383776449,Économique,23.333333333333332,5
2369,1400000.0,Tanger,Centre Ville,112.0,2,1,14.151983508870947,Moyen,37.333333333333336,5
4116,1500000.0,Kénitra,Maamora,156.0,3,2,14.220976332738882,Moyen,39.0,5
4781,1300000.0,Tamaris,Toute La Ville,86.0,2,2,14.077875591662238,Moyen,28.666666666666668,5
4132,1085000.0,Marrakech,Hay Izdihar,70.0,2,2,13.897091466615258,Moyen,23.333333333333332,5
2951,730000.0,Casablanca,Sidi Moumen,96.0,2,2,13.500801182986649,Moyen,32.0,5
5625,3000000.0,Agadir,Haut-Founty,187.0,3,3,14.914123179965662,Luxe,46.75,5
6972,920000.0,Marrakech,Bd Moulay Abdellah,87.0,3,1,13.732130035981154,Moyen,21.75,5
525,850000.0,Mohammedia,Quartier Du Parc,57.0,1,1,13.652992804936396,Moyen,28.5,5
2456,1990000.0,Tanger,Centre,146.0,3,3,14.503645699213111,Luxe,36.5,5
5017,175000.0,Marrakech,Autre Secteur,47.0,1,1,12.07254696717504,Économique,23.5,5
1842,1200000.0,Casablanca,Triangle D'Or,80.0,2,1,13.997832948091215,Moyen,26.666666666666668,5
5986,890000.0,Marrakech,Hay Charaf,84.0,2,1,13.698977865303197,Moyen,28.0,5
538,3100000.0,Casablanca,Autre Secteur,208.0,4,3,14.946912992035967,Luxe,41.6,5
2807,1400000.0,Tamaris,Toute La Ville,94.0,2,2,14.151983508870947,Moyen,31.333333333333332,5
5801,600000.0,Casablanca,Ain Sebaa,67.0,2,1,13.304686600863562,Moyen,22.333333333333332,5
5596,1100000.0,Meknès,Hamria,200.0,3,2,13.910821646859095,Moyen,50.0,5
7207,360000.0,Settat,Toute La Ville,72.0,2,1,12.793862088206213,Économique,24.0,5
7344,740000.0,Casablanca,Maarif,50.0,1,1,13.51440681653079,Moyen,25.0,5
4342,580000.0,Tanger,El Majd,85.0,3,1,13.270785106659046,Moyen,21.25,5
7561,560000.0,Marrakech,Mabrouka,56.0,2,1,13.235693848424024,Moyen,18.666666666666668,5
3176,1000000.0,Marrakech,Socoma,106.0,3,2,13.815511557963774,Moyen,26.5,5
785,450000.0,Rabat,Hassan,50.0,1,1,13.017005083966255,Économique,25.0,5
4058,1000000.0,Tanger,Centre Ville,58.0,2,1,13.815511557963774,Moyen,19.333333333333332,5
1410,1200000.0,Rabat,Autre Secteur,107.0,3,2,13.997832948091215,Moyen,26.75,5
2537,460000.0,Sidi Rahal,Toute La Ville,57.0,2,1,13.038983942375959,Économique,19.0,5
155,490000.0,Kénitra,Seyad,80.0,2,1,13.102162710901053,Économique,26.666666666666668,5
3010,760000.0,Marrakech,Azzouzia,80.0,2,1,13.541075028051122,Moyen,26.666666666666668,5
1687,760000.0,Casablanca,Sidi Maarouf,74.0,2,2,13.541075028051122,Moyen,24.666666666666668,5
2902,400000.0,Salé,Sidi Abdellah,50.0,2,1,12.899222326086994,Économique,16.666666666666668,5
8109,1500000.0,Tétouan,Tamouda,75.0,2,1,14.220976332738882,Moyen,25.0,5
7456,360000.0,Agadir,Autre Secteur,56.0,2,1,12.793862088206213,Économique,18.666666666666668,5
4722,520000.0,Marrakech,Autre Secteur,64.0,2,1,13.161586013632684,Moyen,21.333333333333332,5
3864,3200000.0,Tanger,Autre Secteur,84.0,2,2,14.978661680269907,Luxe,28.0,5
2734,876000.0,Tanger,Marjane,73.0,3,2,13.683122511470389,Moyen,18.25,5
1896,420000.0,Casablanca,Oulfa,59.0,2,2,12.948012371209098,Économique,19.666666666666668,5
5443,2100000.0,Casablanca,Les Princesses,153.0,3,2,14.557448378884015,Luxe,38.25,5
570,3000000.0,Casablanca,Moulay Youssef,119.0,3,2,14.914123179965662,Luxe,29.75,5
6709,620000.0,Casablanca,Ain Sebaa,59.0,1,1,13.3374763699232,Moyen,29.5,5
5854,440000.0,Casablanca,Mers Sultan,174.0,3,2,12.994532278619134,Économique,43.5,5
1817,1350000.0,Marrakech,Mabrouka,76.0,2,2,14.115615891155079,Moyen,25.333333333333332,5
2065,1075000.0,Casablanca,Quartier Des Hôpitaux,65.0,1,1,13.887832149776026,Moyen,32.5,5
128,4216000.0,Casablanca,Racine,284.0,3,3,15.254397606394958,Luxe,71.0,5
3395,590000.0,Fès,Route Ain Chkaf,100.0,2,1,13.28787951079572,Moyen,33.333333333333336,5
3328,2100000.0,Casablanca,Maârif Extension,228.0,3,2,14.557448378884015,Luxe,57.0,5
8162,650000.0,Kénitra,Autre Secteur,94.0,2,2,13.384729180332174,Moyen,31.333333333333332,5
6102,550000.0,Tanger,Aharrarine,60.0,2,1,13.217675375388819,Moyen,20.0,5
2976,1100000.0,Casablanca,Ain Sebaa,105.0,3,3,13.910821646859095,Moyen,26.25,5
981,990000.0,Marrakech,Route De Safi,80.0,2,2,13.805461232211272,Moyen,26.666666666666668,5
2301,1050000.0,Tanger,Ahlane,105.0,2,2,13.864301674514206,Moyen,35.0,5
191,750000.0,Tanger,Aouama Gharbia,100.0,2,2,13.527829818844937,Moyen,33.333333333333336,5
1316,300000.0,Béni Yakhlef,Toute La Ville,56.0,2,1,12.611541086966115,Économique,18.666666666666668,5
5089,380000.0,Tétouan,Autre Secteur,60.0,1,1,12.847929163278053,Économique,30.0,5
700,670000.0,Kénitra,Seyad,83.0,3,2,13.415034483903348,Moyen,20.75,5
7816,1200000.0,Casablanca,Abdelmoumen,127.0,2,1,13.997832948091215,Moyen,42.333333333333336,5
607,3500000.0,Casablanca,Racine,170.0,3,2,15.068273812173887,Luxe,42.5,5
4277,555000.0,Tanger,Tanja Balia,74.0,2,1,13.22672519452875,Moyen,24.666666666666668,5
302,400000.0,Marrakech,M'Hamid,65.0,2,2,12.899222326086994,Économique,21.666666666666668,5
6640,400000.0,Salé,Toute La Ville,55.0,2,1,12.899222326086994,Économique,18.333333333333332,5
3421,1030000.0,Mohammedia,Autre Secteur,91.0,2,2,13.845070331079134,Moyen,30.333333333333332,5
7882,1450000.0,Casablanca,Franceville,105.0,2,2,14.187074804051692,Moyen,35.0,5
1061,1800000.0,Zenata,Toute La Ville,87.0,2,2,14.403297778421795,Luxe,29.0,5
7944,3600000.0,Agadir,Marina,147.0,3,2,15.096444681204078,Luxe,36.75,5
8021,880000.0,Salé,Sidi Moussa,110.0,3,1,13.68767832281738,Moyen,27.5,5
2565,2250000.0,Casablanca,Maarif,114.0,2,2,14.626441218624949,Luxe,38.0,5
8178,900000.0,Tanger,Val Fleuri,92.0,2,2,13.710151153416941,Moyen,30.666666666666668,5
1070,1150000.0,Meknès,Hamria,143.0,3,3,13.955273369904273,Moyen,35.75,5
2524,9500000.0,Marrakech,Guéliz,242.0,3,3,16.066802461833923,Luxe,60.5,5
2205,680000.0,Casablanca,Aïn Chock,82.0,2,1,13.429849547739444,Moyen,27.333333333333332,5
1243,1140000.0,Tanger,Autre Secteur,85.0,2,1,13.946539697563276,Moyen,28.333333333333332,5
7340,580000.0,Tétouan,Autre Secteur,63.0,2,1,13.270785106659046,Moyen,21.0,5
17,2200000.0,Temara,Harhoura,138.0,2,2,14.603968372873895,Luxe,46.0,5
7680,2120000.0,Casablanca,Maarif,160.0,3,2,14.566927118346197,Luxe,40.0,5
3121,870000.0,Marrakech,Hay Charaf,67.0,2,2,13.676249640055394,Moyen,22.333333333333332,5
8165,1200000.0,Kénitra,Ouled Oujih,160.0,4,1,13.997832948091215,Moyen,32.0,5
4643,440000.0,Tanger,Hay Hassani,56.0,2,1,12.994532278619134,Économique,18.666666666666668,5
7684,1550000.0,Casablanca,Maarif,127.0,2,2,14.253766134056512,Luxe,42.333333333333336,5
4755,420000.0,Bouskoura,Bouskoura Centre,71.0,2,1,12.948012371209098,Économique,23.666666666666668,5
816,1100000.0,Casablanca,Maârif Extension,52.0,2,2,13.910821646859095,Moyen,17.333333333333332,5
3068,1181300.0,Marrakech,Guéliz,60.0,2,2,13.982126931461268,Moyen,20.0,5
7823,600000.0,Martil,Toute La Ville,64.0,2,1,13.304686600863562,Moyen,21.333333333333332,5
5600,740000.0,Marrakech,Azli,53.0,3,2,13.51440681653079,Moyen,13.25,5
960,2000000.0,Tamaris,Toute La Ville,117.0,2,1,14.508658238524095,Luxe,39.0,5
7023,560000.0,El Jadida,Autre Secteur,70.0,3,2,13.235693848424024,Moyen,17.5,5
6427,990000.0,Marrakech,Route De Safi,80.0,2,2,13.805461232211272,Moyen,26.666666666666668,5
4894,2250000.0,Casablanca,Gauthier,145.0,3,2,14.626441218624949,Luxe,36.25,5
7445,840000.0,Benslimane,Autre Secteur,84.0,2,1,13.641158361294979,Moyen,28.0,5
226,360000.0,Lahraouyine,Toute La Ville,84.0,3,1,12.793862088206213,Économique,21.0,5
6170,1710000.0,Tanger,Administratif,123.0,2,1,14.352004513273993,Luxe,41.0,5
3355,640000.0,Selouane,Toute La Ville,82.0,2,1,13.369225017834633,Moyen,27.333333333333332,5
5895,740000.0,Marrakech,Hay Charaf,98.0,2,1,13.51440681653079,Moyen,32.666666666666664,5
2486,275000.0,Tanger,Autre Secteur,47.0,2,2,12.524530013005734,Économique,15.666666666666666,5
563,509000.0,Meknès,Zitoune,131.0,3,2,13.140205260167273,Moyen,32.75,5
3437,980000.0,Casablanca,Beauséjour,106.0,2,2,13.795308871054397,Moyen,35.333333333333336,5
6373,3400000.0,Casablanca,Quartier Des Hôpitaux,274.0,4,3,15.039286283703994,Luxe,54.8,5
6181,1600000.0,Tanger,Iberie,97.0,2,1,14.285514812209815,Luxe,32.333333333333336,5
1694,735000.0,Casablanca,Autre Secteur,70.0,3,2,13.507627138738266,Moyen,17.5,5
6894,1960000.0,Casablanca,Maarif,140.0,2,2,14.488455541410652,Luxe,46.666666666666664,5
1046,920000.0,Temara,Abbadi,98.0,2,2,13.732130035981154,Moyen,32.666666666666664,5
3447,1540000.0,Casablanca,Bourgogne,112.0,3,2,14.24729362374025,Luxe,28.0,5
4566,1100000.0,El Mansouria,Toute La Ville,95.0,2,2,13.910821646859095,Moyen,31.666666666666668,5
955,920000.0,Salé,Toute La Ville,92.0,2,1,13.732130035981154,Moyen,30.666666666666668,5
8161,2450000.0,Marrakech,M'Hamid,117.0,2,2,14.711598990684092,Luxe,39.0,5
2736,740000.0,Tanger,Marjane,74.0,2,2,13.51440681653079,Moyen,24.666666666666668,5
8028,2400000.0,Tanger,Malabata,100.0,2,2,14.690979711984754,Luxe,33.333333333333336,5
4736,400000.0,Casablanca,Oulfa,50.0,2,1,12.899222326086994,Économique,16.666666666666668,5
7885,420000.0,Meknès,Riad Toulal,80.0,3,1,12.948012371209098,Économique,20.0,5
1218,800000.0,Casablanca,Bourgogne,86.0,2,1,13.592368256649284,Moyen,28.666666666666668,5
5255,540000.0,Sidi Rahal,Toute La Ville,71.0,3,2,13.199326270390594,Moyen,17.75,5
5512,750000.0,Tanger,Tanja Balia,93.0,3,2,13.527829818844937,Moyen,23.25,5
7789,1500000.0,Temara,Abbadi,128.0,2,2,14.220976332738882,Moyen,42.666666666666664,5
1528,800000.0,Tanger,Autre Secteur,95.0,3,1,13.592368256649284,Moyen,23.75,5
3988,420000.0,Tamesna,Toute La Ville,61.0,2,1,12.948012371209098,Économique,20.333333333333332,5
8083,350000.0,Tanger,El Baraka,46.0,2,1,12.765691290604371,Économique,15.333333333333334,5
1300,2500000.0,Casablanca,Route D'El Jadida,126.0,3,2,14.731801689838349,Luxe,31.5,5
8006,2100000.0,Casablanca,Quartier Des Hôpitaux,137.0,3,1,14.557448378884015,Luxe,34.25,5
6945,1340000.0,Casablanca,Maarif,106.0,2,1,14.108180918195472,Moyen,35.333333333333336,5
5699,459000.0,Tanger,La Nouvelle Ville Ibn Battouta,65.0,3,2,13.036807667689546,Économique,16.25,5
161,560000.0,Fès,Narjis,120.0,3,2,13.235693848424024,Moyen,30.0,5
4068,420000.0,Kénitra,Bir Rami,78.0,2,2,12.948012371209098,Économique,26.0,5
5800,440000.0,Casablanca,Aïn Borja,69.0,3,1,12.994532278619134,Économique,17.25,5
957,550000.0,Casablanca,Sidi Bernoussi,90.0,3,2,13.217675375388819,Moyen,22.5,5
3792,680000.0,Sidi Rahal,Toute La Ville,84.0,3,2,13.429849547739444,Moyen,21.0,5
3235,460000.0,Marrakech,Massira 1,68.0,2,1,13.038983942375959,Économique,22.666666666666668,5
2870,520000.0,Casablanca,La Gironde,44.0,1,1,13.161586013632684,Moyen,22.0,5
3778,1050000.0,Temara,Autre Secteur,100.0,3,2,13.864301674514206,Moyen,25.0,5
4434,1990000.0,Tanger,Centre,146.0,3,3,14.503645699213111,Luxe,36.5,5
4974,2390000.0,Marrakech,Route De Casablanca,136.0,3,2,14.686804342317648,Luxe,34.0,5
6015,920000.0,Casablanca,Ain Sebaa,85.0,2,2,13.732130035981154,Moyen,28.333333333333332,5
2962,570000.0,Meknès,Hamria,113.0,3,2,13.25339339419516,Moyen,28.25,5
5980,340000.0,Mediouna,Toute La Ville,53.0,2,1,12.73670383776449,Économique,17.666666666666668,5
2200,1200000.0,Tanger,Du Golf,94.0,2,1,13.997832948091215,Moyen,31.333333333333332,5
99,380000.0,Martil,Toute La Ville,63.0,2,1,12.847929163278053,Économique,21.0,5
7955,1800000.0,Tanger,Autre Secteur,111.0,3,2,14.403297778421795,Luxe,27.75,5
2557,2600000.0,Rabat,El Youssoufia,122.0,4,1,14.77102238760702,Luxe,24.4,5
3184,1300000.0,Nouaceur,Toute La Ville,117.0,3,2,14.077875591662238,Moyen,29.25,5
7395,590000.0,El Jadida,Hay Essalam,80.0,2,2,13.28787951079572,Moyen,26.666666666666668,5
254,550000.0,El Jadida,Autre Secteur,81.0,2,1,13.217675375388819,Moyen,27.0,5
3924,800000.0,Sidi Rahal,Toute La Ville,75.0,2,2,13.592368256649284,Moyen,25.0,5
4200,3200000.0,Salé,Toute La Ville,111.0,2,2,14.978661680269907,Luxe,37.0,5
1446,1500000.0,Marrakech,Palmeraie,95.0,2,2,14.220976332738882,Moyen,31.666666666666668,5
5540,750000.0,Marrakech,Massira 1,81.0,2,1,13.527829818844937,Moyen,27.0,5
1649,7400000.0,Tanger,Mozart,478.0,5,4,15.816990693309524,Luxe,79.66666666666667,5
4683,1890000.0,Tanger,Centre Ville,79.0,2,2,14.452087916136215,Luxe,26.333333333333332,5
4724,1650000.0,Tanger,Tanger City Center,110.0,2,2,14.316286451937186,Luxe,36.666666666666664,5
3992,1380000.0,Zenata,Toute La Ville,101.0,3,2,14.137594781770806,Moyen,25.25,5
1697,885000.0,Dakhla,Toute La Ville,118.0,4,1,13.69334405393293,Moyen,23.6,5
3192,550000.0,Tanger,Tanja Balia,56.0,2,1,13.217675375388819,Moyen,18.666666666666668,5
6197,600000.0,Kénitra,Seyad,78.0,2,2,13.304686600863562,Moyen,26.0,5
6295,870000.0,Tanger,Al Irfane 2,78.0,2,2,13.676249640055394,Moyen,26.0,5
4500,1250000.0,Kénitra,Val Fleury,115.0,3,2,14.038654909278163,Moyen,28.75,5
1154,695000.0,Bouskoura,,70.0,2,1,13.451668563394815,Moyen,23.333333333333332,5
2256,1267000.0,Marrakech,Guéliz,51.0,1,1,14.052163248568947,Moyen,25.5,5
6960,1150000.0,Casablanca,Sidi Maarouf,106.0,3,2,13.955273369904273,Moyen,26.5,5
1683,1800000.0,Casablanca,Val Fleuri,126.0,3,2,14.403297778421795,Luxe,31.5,5
3171,4800000.0,Fès,Ouled Tayeb,120.0,4,2,15.38412668421143,Luxe,24.0,5
7401,1000000.0,Marrakech,Socoma,106.0,3,2,13.815511557963774,Moyen,26.5,5
2056,1300000.0,Marrakech,Allal El Fassi,98.0,3,2,14.077875591662238,Moyen,24.5,5
7159,2200000.0,Rabat,Agdal,137.0,2,1,14.603968372873895,Luxe,45.666666666666664,5
4091,1710000.0,Tanger,Administratif,123.0,2,1,14.352004513273993,Luxe,41.0,5
7977,475000.0,Marrakech,Es Saada,54.0,2,1,13.07107218827772,Économique,18.0,5
3109,860000.0,Salé,Said Hajji,76.0,2,2,13.664688831019712,Moyen,25.333333333333332,5
4549,2595000.0,Casablanca,Maarif,167.0,3,2,14.769097459938507,Luxe,41.75,5
3724,650000.0,Bouznika,Autre Secteur,65.0,2,2,13.384729180332174,Moyen,21.666666666666668,5
6397,740000.0,Fès,Route Ain Chkaf,118.0,2,2,13.51440681653079,Moyen,39.333333333333336,5
5424,999999.0,Mohammedia,El Alia,85.0,4,2,13.815510557964274,Moyen,17.0,5
7041,1600000.0,Casablanca,Maarif,109.0,2,2,14.285514812209815,Luxe,36.333333333333336,5
2049,1134000.0,Tanger,Tanja Balia,80.0,2,2,13.941262645103661,Moyen,26.666666666666668,5
4977,390000.0,Meknès,Wislane,91.0,3,1,12.873904582205107,Économique,22.75,5
3643,730000.0,Fès,Route Ain Chkaf,112.0,3,1,13.500801182986649,Moyen,28.0,5
8077,1820000.0,Casablanca,Bourgogne,102.0,2,1,14.414347608503377,Luxe,34.0,5
624,1150000.0,Sidi Rahal,Toute La Ville,85.0,2,2,13.955273369904273,Moyen,28.333333333333332,5
6489,1400000.0,Casablanca,Bourgogne,87.0,2,1,14.151983508870947,Moyen,29.0,5
7874,1250000.0,Casablanca,Casablanca Finance City,100.0,3,2,14.038654909278163,Moyen,25.0,5
5883,660000.0,Marrakech,Amerchich,45.0,1,1,13.399996629152975,Moyen,22.5,5
263,260000.0,Ain Aouda,Toute La Ville,56.0,2,1,12.468440756144114,Économique,18.666666666666668,5
5730,950000.0,Casablanca,Maârif Extension,68.0,2,2,13.76421831620775,Moyen,22.666666666666668,5
3370,2700000.0,Casablanca,Mers Sultan,197.0,4,2,14.80876270134486,Luxe,39.4,5
4062,450000.0,Casablanca,Bournazil,64.0,2,1,13.017005083966255,Économique,21.333333333333332,5
5535,1200000.0,Tanger,Aida,90.0,3,1,13.997832948091215,Moyen,22.5,5
6294,800000.0,Marrakech,Route De Casablanca,54.0,1,1,13.592368256649284,Moyen,27.0,5
6065,504000.0,Casablanca,Ain Sebaa,42.0,1,1,13.130333531178522,Moyen,21.0,5
6616,1000000.0,Temara,Autre Secteur,120.0,3,1,13.815511557963774,Moyen,30.0,5
1803,300000.0,Kénitra,Bir Rami,70.0,2,1,12.611541086966115,Économique,23.333333333333332,5
4737,520000.0,Agadir,Hay Mohammadi,47.0,2,1,13.161586013632684,Moyen,15.666666666666666,5
8176,980000.0,Sidi Rahal,Toute La Ville,77.0,2,1,13.795308871054397,Moyen,25.666666666666668,5
2386,650000.0,Fès,Route Ain Chkaf,112.0,3,2,13.384729180332174,Moyen,28.0,5
6694,450000.0,Casablanca,Route D'Azemmour,62.0,2,1,13.017005083966255,Économique,20.666666666666668,5
5759,1400000.0,Casablanca,Maarif,70.0,3,1,14.151983508870947,Moyen,17.5,5
1959,1046000.0,Casablanca,Ain Sebaa,91.0,2,2,13.860484879629492,Moyen,30.333333333333332,5
2977,1200000.0,Marrakech,Route De Casablanca,89.0,2,2,13.997832948091215,Moyen,29.666666666666668,5
489,340000.0,Berrechid,Toute La Ville,70.0,2,1,12.73670383776449,Économique,23.333333333333332,5
1844,1450000.0,Marrakech,Sidi Abbad,125.0,3,2,14.187074804051692,Moyen,31.25,5
1735,330000.0,Tanger,Autre Secteur,55.0,2,1,12.706850963741102,Économique,18.333333333333332,5
2912,370000.0,Asilah,Toute La Ville,49.0,1,1,12.821260987319457,Économique,24.5,5
3220,1200000.0,Casablanca,Oulfa,97.0,3,2,13.997832948091215,Moyen,24.25,5
147,950000.0,Asilah,Toute La Ville,150.0,2,1,13.76421831620775,Moyen,50.0,5
5630,650000.0,Mohammedia,Centre Ville,80.0,2,1,13.384729180332174,Moyen,26.666666666666668,5
1986,500000.0,Marrakech,Azzouzia,63.0,2,2,13.122365377402328,Économique,21.0,5
1370,450000.0,Tanger,Mesnana,51.0,2,1,13.017005083966255,Économique,17.0,5
6546,340000.0,Saidia,Toute La Ville,60.0,2,1,12.73670383776449,Économique,20.0,5
6051,3500000.0,Casablanca,Racine,170.0,3,2,15.068273812173887,Luxe,42.5,5
7099,480000.0,Had Soualem,Toute La Ville,136.0,3,1,13.081543466215237,Économique,34.0,5
2812,610000.0,Tanger,Aharrarine,80.0,3,2,13.321215875492413,Moyen,20.0,5
660,1430000.0,Casablanca,Quartier Des Hôpitaux,70.0,2,2,14.173185701536545,Moyen,23.333333333333332,5
1795,1350000.0,Tanger,Autre Secteur,86.0,2,1,14.115615891155079,Moyen,28.666666666666668,5
7517,650000.0,Tanger,Autre Secteur,65.0,3,1,13.384729180332174,Moyen,16.25,5
2512,180000.0,Kénitra,Alliance,51.0,2,1,12.100717685412471,Économique,17.0,5
3398,1850000.0,Sidi Bouknadel,Toute La Ville,130.0,2,2,14.430696737594902,Luxe,43.333333333333336,5
4283,800000.0,Tanger,Tanja Balia,118.0,2,1,13.592368256649284,Moyen,39.333333333333336,5
1147,460000.0,Sidi Rahal,Toute La Ville,57.0,2,1,13.038983942375959,Économique,19.0,5
3273,480000.0,Kénitra,El Assam,84.0,2,2,13.081543466215237,Économique,28.0,5
609,1500000.0,Kénitra,Mimosas,190.0,3,2,14.220976332738882,Moyen,47.5,5
6287,280000.0,Casablanca,Oulfa,45.0,1,1,12.54254845357358,Économique,22.5,5
6896,2150000.0,Casablanca,Palmier,125.0,3,2,14.580978865220017,Luxe,31.25,5
3583,1650000.0,Casablanca,2 Mars,144.0,2,2,14.316286451937186,Luxe,48.0,5
1930,1250000.0,Casablanca,Beauséjour,124.0,3,2,14.038654909278163,Moyen,31.0,5
7126,2490000.0,Tanger,Tanger City Center,98.0,2,2,14.727793670047236,Luxe,32.666666666666664,5
198,7680000.0,Tanger,Malabata,320.0,2,1,15.85413023533218,Luxe,106.66666666666667,5
7778,1420000.0,Casablanca,Belvédère,115.0,3,2,14.166168133802547,Moyen,28.75,5
2932,1260000.0,Casablanca,Maârif Extension,88.0,2,2,14.04662307257814,Moyen,29.333333333333332,5
2328,1150000.0,Temara,Abbadi,105.0,3,1,13.955273369904273,Moyen,26.25,5
4390,620000.0,Casablanca,Al Madina Aljadida,131.0,3,2,13.3374763699232,Moyen,32.75,5
767,600000.0,Kénitra,Seyad,78.0,2,2,13.304686600863562,Moyen,26.0,5
4497,920000.0,Kénitra,Mimosas,87.0,2,2,13.732130035981154,Moyen,29.0,5
4219,470000.0,Marrakech,Autre Secteur,60.0,2,1,13.060490101343552,Économique,20.0,5
3256,980000.0,Fès,Autre Secteur,147.0,3,1,13.795308871054397,Moyen,36.75,5
203,450000.0,Fès,Route Ain Chkaf,76.0,1,1,13.017005083966255,Économique,38.0,5
3511,1300000.0,Bouskoura,Victoria,140.0,3,2,14.077875591662238,Moyen,35.0,5
4932,800000.0,Tanger,Tanja Balia,118.0,2,1,13.592368256649284,Moyen,39.333333333333336,5
6390,1400000.0,Marrakech,Amerchich,240.0,3,2,14.151983508870947,Moyen,60.0,5
5536,1540000.0,Casablanca,Franceville,133.0,3,2,14.24729362374025,Luxe,33.25,5
1734,1518000.0,Marrakech,Guéliz,65.0,1,1,14.232904895699024,Luxe,32.5,5
5791,1518000.0,Marrakech,Guéliz,65.0,1,1,14.232904895699024,Luxe,32.5,5
2778,2370000.0,Dar Bouazza,Toute La Ville,145.0,2,2,14.678400935052153,Luxe,48.333333333333336,5
1708,2600000.0,Casablanca,Casablanca Finance City,118.0,2,2,14.77102238760702,Luxe,39.333333333333336,5
5173,750000.0,Tanger,Tanja Balia,80.0,3,1,13.527829818844937,Moyen,20.0,5
5250,580000.0,Martil,Toute La Ville,62.0,2,1,13.270785106659046,Moyen,20.666666666666668,5
5757,1600000.0,Tanger,Branes 1,113.0,3,2,14.285514812209815,Luxe,28.25,5
3475,620000.0,Marrakech,Azli,83.0,1,1,13.3374763699232,Moyen,41.5,5
6528,850000.0,Casablanca,Hay Mohammadi,102.0,2,2,13.652992804936396,Moyen,34.0,5
7935,560000.0,Tanger,Autre Secteur,75.0,3,1,13.235693848424024,Moyen,18.75,5
5855,940000.0,Tanger,Autre Secteur,81.0,2,1,13.753636218075409,Moyen,27.0,5
855,1800000.0,Kénitra,Mimosas,190.0,4,2,14.403297778421795,Luxe,38.0,5
5685,1300000.0,Dar Bouazza,Toute La Ville,96.0,2,2,14.077875591662238,Moyen,32.0,5
6363,2800000.0,Tanger,Centre Ville,260.0,4,3,14.845130332288226,Luxe,52.0,5
4738,450000.0,Tanger,Mesnana,51.0,2,1,13.017005083966255,Économique,17.0,5
4098,410000.0,Kénitra,Ouled Oujih,70.0,2,1,12.923914877701906,Économique,23.333333333333332,5
2160,1860000.0,Casablanca,Maarif,117.0,3,2,14.436087583323648,Luxe,29.25,5
699,2800000.0,Salé,Toute La Ville,211.0,3,3,14.845130332288226,Luxe,52.75,5
8106,3000000.0,Rabat,Yacoub El Mansour,160.0,3,2,14.914123179965662,Luxe,40.0,5
3000,600000.0,Berkane,Toute La Ville,84.0,2,1,13.304686600863562,Moyen,28.0,5
3696,1077000.0,Marrakech,Guéliz,49.0,1,1,13.889690884643201,Moyen,24.5,5
1637,1300000.0,Marrakech,Hay Izdihar,86.0,2,2,14.077875591662238,Moyen,28.666666666666668,5
7281,550000.0,Berrechid,Toute La Ville,100.0,3,1,13.217675375388819,Moyen,25.0,5
7555,1190000.0,Marrakech,Majorelle,68.0,1,1,13.989464705423494,Moyen,34.0,5
3458,1500000.0,Marrakech,Palmeraie,90.0,2,2,14.220976332738882,Moyen,30.0,5
3582,1170000.0,Temara,Hoda,120.0,3,2,13.972515161474428,Moyen,30.0,5
1291,540000.0,Sidi Rahal,Toute La Ville,67.0,2,2,13.199326270390594,Moyen,22.333333333333332,5
4660,340000.0,Casablanca,Oulfa,50.0,2,1,12.73670383776449,Économique,16.666666666666668,5
6585,1100000.0,Marrakech,Guéliz,45.0,1,1,13.910821646859095,Moyen,22.5,5
5616,2136000.0,Tanger,Malabata,89.0,2,1,14.574445947226907,Luxe,29.666666666666668,5
1854,530000.0,Casablanca,Oulfa,58.0,2,1,13.180634172318978,Moyen,19.333333333333332,5
5233,450000.0,Casablanca,Hay Hassani,61.0,2,1,13.017005083966255,Économique,20.333333333333332,5
3764,817600.0,Casablanca,Oulfa,73.0,3,2,13.614129721522806,Moyen,18.25,5
3305,380000.0,Bouznika,Autre Secteur,60.0,2,1,12.847929163278053,Économique,20.0,5
8049,750000.0,Casablanca,Sidi Bernoussi,115.0,2,1,13.527829818844937,Moyen,38.333333333333336,5
5727,640000.0,Casablanca,Roches Noires,41.0,1,1,13.369225017834633,Moyen,20.5,5
3744,1930000.0,Casablanca,2 Mars,129.0,3,2,14.47303107901565,Luxe,32.25,5
3446,750000.0,Tanger,Aharrarine,80.0,3,2,13.527829818844937,Moyen,20.0,5
1998,1900000.0,Casablanca,Val Fleuri,132.0,3,2,14.45736497045232,Luxe,33.0,5
664,2500000.0,Temara,Wifak,200.0,3,2,14.731801689838349,Luxe,50.0,5
4780,1690000.0,Casablanca,Californie,106.0,3,2,14.340239678615058,Luxe,26.5,5
5354,320000.0,Skhirat,Autre Secteur,63.0,2,1,12.676079399771027,Économique,21.0,5
7952,3300000.0,Casablanca,Maarif,168.0,3,2,15.009433329466965,Luxe,42.0,5
3749,1200000.0,Marrakech,Guéliz,54.0,1,1,13.997832948091215,Moyen,27.0,5
4414,920000.0,Temara,Abbadi,98.0,2,2,13.732130035981154,Moyen,32.666666666666664,5
4745,310000.0,Had Soualem,Toute La Ville,54.0,2,2,12.644330802262578,Économique,18.0,5
5531,1350000.0,Marrakech,Hay Izdihar,100.0,2,2,14.115615891155079,Moyen,33.333333333333336,5
5576,395000.0,Saidia,Toute La Ville,76.0,3,2,12.886643575525625,Économique,19.0,5
710,550000.0,Kénitra,Seyad,90.0,2,2,13.217675375388819,Moyen,30.0,5
7527,1125000.0,Cabo Negro,Toute La Ville,45.0,1,1,13.933294482509151,Moyen,22.5,5
1282,2400000.0,Marrakech,Bouaakkaz,75.0,2,2,14.690979711984754,Luxe,25.0,5
5864,955000.0,Marrakech,Route De Casablanca,49.0,1,1,13.769467666582738,Moyen,24.5,5
5069,592000.0,Tanger,Tanja Balia,74.0,2,1,13.291263603053904,Moyen,24.666666666666668,5
2676,1800000.0,Casablanca,Gauthier,126.0,3,1,14.403297778421795,Luxe,31.5,5
6777,1800000.0,Casablanca,Maarif,89.0,3,2,14.403297778421795,Luxe,22.25,5
4030,3000000.0,Casablanca,Maarif,250.0,4,3,14.914123179965662,Luxe,50.0,5
1306,750000.0,Tanger,Tanja Balia,93.0,3,2,13.527829818844937,Moyen,23.25,5
5497,1500000.0,Marrakech,Guéliz,106.0,2,1,14.220976332738882,Moyen,35.333333333333336,5
5505,1200000.0,Agadir,Hay Mohammadi,113.0,3,2,13.997832948091215,Moyen,28.25,5
7393,680000.0,Casablanca,Hay Mohammadi,84.0,4,2,13.429849547739444,Moyen,16.8,5
2238,870000.0,Tanger,Al Irfane 2,78.0,2,2,13.676249640055394,Moyen,26.0,5
3303,520000.0,Casablanca,Bournazil,60.0,2,1,13.161586013632684,Moyen,20.0,5
5592,1900000.0,Marrakech,Route D'Ourika,99.0,2,1,14.45736497045232,Luxe,33.0,5
7516,2800000.0,Agadir,Founty,114.0,2,2,14.845130332288226,Luxe,38.0,5
2038,450000.0,Tanger,Hay Hassani,52.0,2,2,13.017005083966255,Économique,17.333333333333332,5
1530,980000.0,Casablanca,Maarif,42.0,1,1,13.795308871054397,Moyen,21.0,5
1664,880000.0,Casablanca,Roches Noires,90.0,2,2,13.68767832281738,Moyen,30.0,5
5451,430000.0,Marrakech,Es Saada,60.0,2,1,12.971542813248437,Économique,20.0,5
8087,750000.0,Tétouan,Taboula,116.0,4,2,13.527829818844937,Moyen,23.2,5
8117,740000.0,Casablanca,Oulfa,74.0,2,2,13.51440681653079,Moyen,24.666666666666668,5
3627,7400000.0,Tanger,Mozart,478.0,5,4,15.816990693309524,Luxe,79.66666666666667,5
5739,286000.0,Casablanca,Oulfa,59.0,2,1,12.563750586299374,Économique,19.666666666666668,5
5148,410000.0,Mohammedia,Nassim,63.0,2,1,12.923914877701906,Économique,21.0,5
4892,1800000.0,Casablanca,Bourgogne,68.0,2,1,14.403297778421795,Luxe,22.666666666666668,5
2694,1070000.0,Tanger,Tanja Balia,102.0,4,2,13.883170141017091,Moyen,20.4,5
3061,850000.0,Mohammedia,Centre Ville,46.0,1,1,13.652992804936396,Moyen,23.0,5
1598,896000.0,Marrakech,Guéliz,56.0,2,1,13.705696808027874,Moyen,18.666666666666668,5
6700,1250000.0,Bouznika,Plage Oued Cherrat,83.0,2,2,14.038654909278163,Moyen,27.666666666666668,5
2730,800000.0,Berkane,Toute La Ville,130.0,2,1,13.592368256649284,Moyen,43.333333333333336,5
2624,2800000.0,Tanger,Centre Ville,170.0,3,3,14.845130332288226,Luxe,42.5,5
5915,2400000.0,Casablanca,2 Mars,168.0,2,3,14.690979711984754,Luxe,56.0,5
3158,630000.0,Martil,Toute La Ville,65.0,2,1,13.353476685668044,Moyen,21.666666666666668,5
3315,270000.0,Dar Bouazza,Toute La Ville,60.0,2,1,12.506180941677357,Économique,20.0,5
1723,3500000.0,Tanger,Malabata,120.0,3,2,15.068273812173887,Luxe,30.0,5
5280,450000.0,Bouznika,Autre Secteur,70.0,2,2,13.017005083966255,Économique,23.333333333333332,5
6668,1600000.0,Agadir,Anza,80.0,2,2,14.285514812209815,Luxe,26.666666666666668,5
1060,2200000.0,Tanger,Centre Ville,138.0,3,2,14.603968372873895,Luxe,34.5,5
4637,1450000.0,Temara,Wifak,87.0,2,2,14.187074804051692,Moyen,29.0,5
3243,1100000.0,Tanger,Moujahidine,81.0,1,1,13.910821646859095,Moyen,40.5,5
1679,1050000.0,Temara,Ain Atig,124.0,3,2,13.864301674514206,Moyen,31.0,5
6893,740000.0,Bouznika,Plage Oued Cherrat,74.0,2,2,13.51440681653079,Moyen,24.666666666666668,5
6374,1300000.0,Tanger,Ziatene,140.0,2,1,14.077875591662238,Moyen,46.666666666666664,5
7575,650000.0,Martil,Toute La Ville,86.0,2,1,13.384729180332174,Moyen,28.666666666666668,5
6628,2595000.0,Casablanca,Maarif,167.0,3,2,14.769097459938507,Luxe,41.75,5
1758,2000000.0,Marrakech,Route De Tahanaoute,80.0,2,1,14.508658238524095,Luxe,26.666666666666668,5
6019,1200000.0,Casablanca,Ferme Bretone,55.0,2,2,13.997832948091215,Moyen,18.333333333333332,5
4192,1500000.0,Kénitra,Mimosas,178.0,3,2,14.220976332738882,Moyen,44.5,5
5117,460000.0,Drargua,Toute La Ville,54.0,2,2,13.038983942375959,Économique,18.0,5
564,250000.0,Fès,Agdal,70.0,2,1,12.429220196836383,Économique,23.333333333333332,5
7409,750000.0,Agadir,Cité Adrar,64.0,2,2,13.527829818844937,Moyen,21.333333333333332,5
2791,350000.0,Bouznika,Autre Secteur,52.0,2,1,12.765691290604371,Économique,17.333333333333332,5
864,832030.0,Dcheïra El Jihadia,Toute La Ville,83.0,4,2,13.631624978724608,Moyen,16.6,5
7743,1300000.0,Casablanca,Palmier,111.0,2,1,14.077875591662238,Moyen,37.0,5
7859,1000000.0,Casablanca,Oulfa,67.0,1,1,13.815511557963774,Moyen,33.5,5
1485,3450000.0,Rabat,Hay Riad,170.0,3,2,15.053885078862573,Luxe,42.5,5
7036,2480000.0,Casablanca,Racine,186.0,3,3,14.72376952136689,Luxe,46.5,5
7722,1250000.0,Casablanca,Ain Sebaa,106.0,3,3,14.038654909278163,Moyen,26.5,5
5977,450000.0,Kénitra,Bir Rami,70.0,2,1,13.017005083966255,Économique,23.333333333333332,5
5135,1500000.0,Marrakech,Allal El Fassi,120.0,2,2,14.220976332738882,Moyen,40.0,5
207,640000.0,Kénitra,Alliance,90.0,2,1,13.369225017834633,Moyen,30.0,5
4489,360000.0,Ain Harrouda,Toute La Ville,82.0,2,1,12.793862088206213,Économique,27.333333333333332,5
6939,860000.0,Tanger,Ain El Hayani,65.0,2,1,13.664688831019712,Moyen,21.666666666666668,5
871,440000.0,Casablanca,Sidi Othmane,81.0,2,1,12.994532278619134,Économique,27.0,5
4494,1450000.0,Casablanca,Quartier Des Hôpitaux,117.0,3,1,14.187074804051692,Moyen,29.25,5
6911,950000.0,Mohammedia,Quartier Du Parc,55.0,2,1,13.76421831620775,Moyen,18.333333333333332,5
503,1050000.0,Marrakech,Hay Izdihar,75.0,2,2,13.864301674514206,Moyen,25.0,5
7386,700000.0,El Jadida,Saada,97.0,1,1,13.45883704259595,Moyen,48.5,5
1029,2400000.0,Casablanca,Les Princesses,121.0,3,2,14.690979711984754,Luxe,30.25,5
3841,340000.0,Kénitra,Bir Rami,68.0,2,1,12.73670383776449,Économique,22.666666666666668,5
2691,1156000.0,Tanger,Tanja Balia,136.0,3,2,13.960477193265989,Moyen,34.0,5
5581,1270000.0,Casablanca,Bourgogne,66.0,1,1,14.054528245836039,Moyen,33.0,5
6757,520000.0,Casablanca,Aïn Chock,55.0,2,1,13.161586013632684,Moyen,18.333333333333332,5
7907,190000.0,Meknès,Hay Salam,55.0,2,1,12.154784614286667,Économique,18.333333333333332,5
5057,600000.0,Salé,Hay Chmaou,74.0,2,1,13.304686600863562,Moyen,24.666666666666668,5
1571,2800000.0,Agadir,Haut-Founty,150.0,3,3,14.845130332288226,Luxe,37.5,5
2774,460000.0,Casablanca,Hay Moulay Rachid,59.0,2,1,13.038983942375959,Économique,19.666666666666668,5
5991,1550000.0,Tétouan,Wilaya,204.0,3,2,14.253766134056512,Luxe,51.0,5
2732,490000.0,Mohammedia,Autre Secteur,70.0,3,2,13.102162710901053,Économique,17.5,5
6242,620000.0,Kénitra,Alliance,90.0,2,2,13.3374763699232,Moyen,30.0,5
805,3000000.0,Rabat,Agdal,149.0,3,2,14.914123179965662,Luxe,37.25,5
5847,260000.0,Ouislane,Toute La Ville,73.0,2,1,12.468440756144114,Économique,24.333333333333332,5
3645,2100000.0,Marrakech,Route De Fès,140.0,2,2,14.557448378884015,Luxe,46.666666666666664,5
2455,400000.0,Béni Mellal,Toute La Ville,84.0,3,2,12.899222326086994,Économique,21.0,5
4599,780000.0,Asilah,Toute La Ville,69.0,1,1,13.567050480716235,Moyen,34.5,5
7216,650000.0,Martil,Toute La Ville,65.0,2,1,13.384729180332174,Moyen,21.666666666666668,5
3105,270000.0,Kénitra,Autre Secteur,80.0,3,1,12.506180941677357,Économique,20.0,5
7074,260000.0,Meknès,Autre Secteur,88.0,2,2,12.468440756144114,Économique,29.333333333333332,5
4876,450000.0,Tanger,Aharrarine,56.0,2,1,13.017005083966255,Économique,18.666666666666668,5
5959,1280000.0,Casablanca,Les Princesses,57.0,1,1,14.062371417145494,Moyen,28.5,5
201,1300000.0,Casablanca,Bourgogne,43.0,1,1,14.077875591662238,Moyen,21.5,5
6278,480000.0,Kénitra,Bir Rami,60.0,2,1,13.081543466215237,Économique,20.0,5
3100,5900000.0,Kénitra,Alliance,84.0,2,2,15.59046307836746,Luxe,28.0,5
6184,1950000.0,Casablanca,Maarif,118.0,2,1,14.48334044336031,Luxe,39.333333333333336,5
7162,270000.0,Kénitra,Autre Secteur,80.0,3,1,12.506180941677357,Économique,20.0,5
2279,460000.0,Tanger,Autre Secteur,63.0,2,1,13.038983942375959,Économique,21.0,5
3562,390000.0,Kénitra,Bir Rami,82.0,2,2,12.873904582205107,Économique,27.333333333333332,5
5892,600000.0,Marrakech,Hay Charaf,68.0,2,1,13.304686600863562,Moyen,22.666666666666668,5
4475,890000.0,Mohammedia,La Colline,79.0,2,2,13.698977865303197,Moyen,26.333333333333332,5
6432,2550000.0,Mdiq,Toute La Ville,64.0,1,1,14.751604309291395,Luxe,32.0,5
4515,460000.0,Sidi Rahal,Toute La Ville,57.0,2,1,13.038983942375959,Économique,19.0,5
5794,1320000.0,Marrakech,Guéliz,60.0,2,1,14.093143052138025,Moyen,20.0,5
392,693500.0,Casablanca,Aïn Borja,79.0,3,1,13.449507960697051,Moyen,19.75,5
6737,650000.0,Casablanca,Sidi Moumen,48.0,2,1,13.384729180332174,Moyen,16.0,5
5618,1280000.0,Casablanca,Bourgogne,93.0,2,2,14.062371417145494,Moyen,31.0,5
5259,800000.0,Tétouan,Centre Ville,95.0,2,1,13.592368256649284,Moyen,31.666666666666668,5
7231,800000.0,Tanger,Tanja Balia,118.0,2,1,13.592368256649284,Moyen,39.333333333333336,5
1496,2200000.0,Casablanca,Quartier Des Hôpitaux,157.0,2,2,14.603968372873895,Luxe,52.333333333333336,5
2696,750000.0,Tanger,Tanja Balia,93.0,3,2,13.527829818844937,Moyen,23.25,5
2027,2190000.0,Tanger,Centre Ville,115.0,2,2,14.599412558413583,Luxe,38.333333333333336,5
5249,830000.0,Martil,Toute La Ville,68.0,2,1,13.629182184591333,Moyen,22.666666666666668,5
5464,450000.0,Marrakech,Mabrouka,60.0,2,1,13.017005083966255,Économique,20.0,5
2568,2450000.0,Casablanca,Hay Hassani,136.0,3,2,14.711598990684092,Luxe,34.0,5
8007,740000.0,Tanger,Marjane,74.0,2,2,13.51440681653079,Moyen,24.666666666666668,5
8025,1960000.0,Casablanca,Val Fleuri,110.0,3,2,14.488455541410652,Luxe,27.5,5
65,900000.0,Tanger,Ahlane,66.0,2,1,13.710151153416941,Moyen,22.0,5
3885,2600000.0,Casablanca,Californie,127.0,3,1,14.77102238760702,Luxe,31.75,5
2062,700000.0,Agadir,El Houda,70.0,2,1,13.45883704259595,Moyen,23.333333333333332,5
5277,650000.0,Dar Bouazza,Toute La Ville,72.0,2,2,13.384729180332174,Moyen,24.0,5
7209,1900000.0,Dar Bouazza,Toute La Ville,175.0,2,2,14.45736497045232,Luxe,58.333333333333336,5
493,795000.0,Casablanca,Oulfa,103.0,3,2,13.586098651497313,Moyen,25.75,5
380,1656000.0,Mohammedia,Centre Ville,120.0,2,2,14.319916217791894,Luxe,40.0,5
6331,1170000.0,Marrakech,Hay Izdihar,86.0,2,2,13.972515161474428,Moyen,28.666666666666668,5
4860,860000.0,Tanger,Ain El Hayani,65.0,2,1,13.664688831019712,Moyen,21.666666666666668,5
6360,1070000.0,Tanger,Tanja Balia,102.0,4,1,13.883170141017091,Moyen,20.4,5
3994,1500000.0,Casablanca,Ferme Bretone,70.0,1,1,14.220976332738882,Moyen,35.0,5
4888,550000.0,Marrakech,Guéliz,60.0,2,1,13.217675375388819,Moyen,20.0,5
1077,550000.0,Tétouan,Centre Ville,70.0,2,1,13.217675375388819,Moyen,23.333333333333332,5
879,700000.0,Agadir,Hay Mohammadi,38.0,1,1,13.45883704259595,Moyen,19.0,5
338,4200000.0,Casablanca,Anfa,203.0,3,2,15.250595321348806,Luxe,50.75,5
7917,900000.0,Agadir,Hay Dakhla,82.0,3,2,13.710151153416941,Moyen,20.5,5
6864,1400000.0,Tamaris,Toute La Ville,94.0,2,2,14.151983508870947,Moyen,31.333333333333332,5
7893,1100000.0,Tétouan,Autre Secteur,110.0,3,1,13.910821646859095,Moyen,27.5,5
6439,320000.0,Mediouna,Toute La Ville,67.0,2,1,12.676079399771027,Économique,22.333333333333332,5
7870,1680000.0,Temara,Harhoura,98.0,2,2,14.33430494661736,Luxe,32.666666666666664,5
1017,2150000.0,Casablanca,Les Princesses,165.0,3,2,14.580978865220017,Luxe,41.25,5
1275,440000.0,Tanger,Hay Hassani,56.0,2,1,12.994532278619134,Économique,18.666666666666668,5
3799,700000.0,Kénitra,Alliance,85.0,2,1,13.45883704259595,Moyen,28.333333333333332,5
7630,1450000.0,Tanger,Sania,108.0,3,2,14.187074804051692,Moyen,27.0,5
4552,1690000.0,Casablanca,Californie,144.0,2,2,14.340239678615058,Luxe,48.0,5
3343,945000.0,Casablanca,Ain Sebaa,74.0,2,1,13.758941264676379,Moyen,24.666666666666668,5
4912,460000.0,Casablanca,Sidi Moumen,58.0,2,2,13.038983942375959,Économique,19.333333333333332,5
8031,1750000.0,Marrakech,Route De Casablanca,87.0,2,2,14.375126917328105,Luxe,29.0,5
6413,760000.0,Bouznika,Autre Secteur,146.0,4,1,13.541075028051122,Moyen,29.2,5
996,870000.0,Fès,Narjis,145.0,3,1,13.676249640055394,Moyen,36.25,5
1981,1150000.0,Casablanca,Maârif Extension,47.0,1,1,13.955273369904273,Moyen,23.5,5
4298,1180000.0,Casablanca,Bourgogne,60.0,1,1,13.981025843899115,Moyen,30.0,5
162,960000.0,Kénitra,Val Fleury,112.0,3,2,13.774689605110144,Moyen,28.0,5
5675,1260000.0,Casablanca,Nassim,90.0,2,1,14.04662307257814,Moyen,30.0,5
6874,1998000.0,Casablanca,Quartier Des Hôpitaux,148.0,3,2,14.50765773869101,Luxe,37.0,5
6545,1640000.0,Benslimane,Autre Secteur,109.0,2,2,14.310207409556293,Luxe,36.333333333333336,5
4798,1450000.0,Casablanca,Val Fleuri,118.0,3,1,14.187074804051692,Moyen,29.5,5
1501,750000.0,Tanger,Tanja Balia,80.0,3,1,13.527829818844937,Moyen,20.0,5
7990,440000.0,Mohammedia,El Alia,64.0,2,1,12.994532278619134,Économique,21.333333333333332,5
3844,1150000.0,Casablanca,Oulfa,114.0,3,1,13.955273369904273,Moyen,28.5,5
5226,720000.0,Temara,Wifak,64.0,2,1,13.487007879880162,Moyen,21.333333333333332,5
2612,700000.0,Benslimane,Autre Secteur,100.0,2,1,13.45883704259595,Moyen,33.333333333333336,5
3462,760000.0,El Jadida,Autre Secteur,106.0,4,2,13.541075028051122,Moyen,21.2,5
1022,290000.0,Bouznika,Autre Secteur,55.0,2,1,12.577639650232573,Économique,18.333333333333332,5
3074,340000.0,Salé,Sala El Jadida,60.0,1,1,12.73670383776449,Économique,30.0,5
7556,500000.0,Khouribga,Toute La Ville,100.0,2,1,13.122365377402328,Économique,33.333333333333336,5
3944,1350000.0,Casablanca,Les Princesses,77.0,2,2,14.115615891155079,Moyen,25.666666666666668,5
1586,600000.0,Marrakech,Allal El Fassi,47.0,2,1,13.304686600863562,Moyen,15.666666666666666,5
1955,570000.0,Kénitra,Bir Rami,90.0,3,2,13.25339339419516,Moyen,22.5,5
3153,1335000.0,Marrakech,Guéliz,53.0,1,1,14.104442598879876,Moyen,26.5,5
6349,950000.0,Casablanca,Maarif,47.0,2,1,13.76421831620775,Moyen,15.666666666666666,5
35,1950000.0,Marrakech,Av Mohammed Vi,98.0,3,2,14.48334044336031,Luxe,24.5,5
4015,1300000.0,Kénitra,Val Fleury,136.0,3,1,14.077875591662238,Moyen,34.0,5
776,1100000.0,Benslimane,Autre Secteur,93.0,2,1,13.910821646859095,Moyen,31.0,5
2556,2350000.0,Casablanca,Anfa,122.0,3,1,14.669926311652166,Luxe,30.5,5
7596,1900000.0,Marrakech,Guéliz,125.0,3,2,14.45736497045232,Luxe,31.25,5
1479,1540000.0,Casablanca,Franceville,133.0,3,2,14.24729362374025,Luxe,33.25,5
7100,1150000.0,Marrakech,,75.0,2,2,13.955273369904273,Moyen,25.0,5
5487,1209700.0,Marrakech,Guéliz,60.0,2,2,14.005883779598834,Moyen,20.0,5
6235,360000.0,Tanger,Autre Secteur,60.0,1,1,12.793862088206213,Économique,30.0,5
1364,370000.0,Fès,Route Ain Chkaf,88.0,3,1,12.821260987319457,Économique,22.0,5
7042,1520000.0,Casablanca,Laimoune,132.0,3,2,14.23422155071698,Luxe,33.0,5
2611,1600000.0,Agadir,Anza,80.0,2,2,14.285514812209815,Luxe,26.666666666666668,5
7514,490000.0,Meknès,Autre Secteur,110.0,3,2,13.102162710901053,Économique,27.5,5
2825,1850000.0,Tanger,Tanger City Center,85.0,2,2,14.430696737594902,Luxe,28.333333333333332,5
2041,1300000.0,Marrakech,Route De Safi,82.0,2,2,14.077875591662238,Moyen,27.333333333333332,5
242,400000.0,Marrakech,Azzouzia,64.0,2,1,12.899222326086994,Économique,21.333333333333332,5
2061,850000.0,Temara,Massira 2,90.0,2,2,13.652992804936396,Moyen,30.0,5
2364,580000.0,Tanger,El Majd,85.0,3,1,13.270785106659046,Moyen,21.25,5
601,940000.0,Casablanca,Les Princesses,44.0,1,1,13.753636218075409,Moyen,22.0,5
2436,920000.0,Temara,Abbadi,98.0,2,2,13.732130035981154,Moyen,32.666666666666664,5
5394,2400000.0,Mohammedia,Quartier Du Parc,136.0,3,2,14.690979711984754,Luxe,34.0,5
6310,1150000.0,Casablanca,Maarif,50.0,1,1,13.955273369904273,Moyen,25.0,5
2889,730000.0,Marrakech,M'Hamid,104.0,3,2,13.500801182986649,Moyen,26.0,5
6164,800000.0,Kénitra,Seyad,104.0,3,2,13.592368256649284,Moyen,26.0,5
647,1490000.0,Casablanca,Val Fleuri,133.0,3,2,14.214287349062356,Moyen,33.25,5
3891,300000.0,Casablanca,Lissasfa,56.0,2,1,12.611541086966115,Économique,18.666666666666668,5
3557,680000.0,Marrakech,Allal El Fassi,87.0,2,2,13.429849547739444,Moyen,29.0,5
3203,860000.0,Kénitra,La Ville Haute,112.0,2,2,13.664688831019712,Moyen,37.333333333333336,5
1529,420000.0,Agadir,Autre Secteur,58.0,2,2,12.948012371209098,Économique,19.333333333333332,5
6976,1200000.0,Marrakech,Targa,106.0,3,2,13.997832948091215,Moyen,26.5,5
1267,300000.0,Meknès,Autre Secteur,67.0,2,1,12.611541086966115,Économique,22.333333333333332,5
7735,876000.0,Tanger,Marjane,73.0,3,2,13.683122511470389,Moyen,18.25,5
1900,1200000.0,Kénitra,Mimosas,160.0,3,3,13.997832948091215,Moyen,40.0,5
4659,540000.0,Sidi Rahal,Toute La Ville,67.0,2,2,13.199326270390594,Moyen,22.333333333333332,5
3006,860000.0,Casablanca,Oulfa,80.0,2,1,13.664688831019712,Moyen,26.666666666666668,5
2735,480000.0,Temara,Wifak,40.0,1,1,13.081543466215237,Économique,20.0,5
7102,770000.0,Salé,Sidi Moussa,94.0,3,2,13.554147092530322,Moyen,23.5,5
190,2255000.0,Casablanca,Californie,143.0,3,2,14.628660974377798,Luxe,35.75,5
1807,955000.0,Marrakech,Route De Casablanca,49.0,1,1,13.769467666582738,Moyen,24.5,5
976,750000.0,Casablanca,Oulfa,53.0,1,1,13.527829818844937,Moyen,26.5,5
2748,1180000.0,Marrakech,Hay Izdihar,86.0,2,2,13.981025843899115,Moyen,28.666666666666668,5
7644,550000.0,Bouskoura,Bouskoura Centre,57.0,2,1,13.217675375388819,Moyen,19.0,5
2047,1430000.0,Casablanca,Quartier Des Hôpitaux,70.0,2,2,14.173185701536545,Moyen,23.333333333333332,5
7850,500000.0,Fès,Route Ain Chkaf,61.0,2,1,13.122365377402328,Économique,20.333333333333332,5
2558,2380000.0,Rabat,Souissi,120.0,3,2,14.682611465815636,Luxe,30.0,5
1083,64000000.0,Safi,Autre Secteur,120.0,3,2,17.974393656948944,Luxe,30.0,5
475,500000.0,Had Soualem,Toute La Ville,74.0,2,2,13.122365377402328,Économique,24.666666666666668,5
7729,3700000.0,Mdiq,Toute La Ville,150.0,2,2,15.123843647884687,Luxe,50.0,5
2905,1250000.0,Temara,Riad Oulad Mtaa,109.0,2,2,14.038654909278163,Moyen,36.333333333333336,5
4843,2500000.0,Casablanca,Sidi Belyout,153.0,3,3,14.731801689838349,Luxe,38.25,5
6396,1100000.0,Martil,Toute La Ville,130.0,2,1,13.910821646859095,Moyen,43.333333333333336,5
4118,600000.0,Kénitra,Seyad,78.0,2,2,13.304686600863562,Moyen,26.0,5
3386,780000.0,Casablanca,Hay Mohammadi,91.0,4,2,13.567050480716235,Moyen,18.2,5
4556,2500000.0,Casablanca,Mers Sultan,198.0,4,3,14.731801689838349,Luxe,39.6,5
1184,1690000.0,Casablanca,Californie,144.0,2,2,14.340239678615058,Luxe,48.0,5
6420,540000.0,Casablanca,Sidi Maarouf,52.0,2,1,13.199326270390594,Moyen,17.333333333333332,5
5052,340000.0,Salé,Sala El Jadida,60.0,1,1,12.73670383776449,Économique,30.0,5
5312,450000.0,Tanger,Marjane,57.0,2,1,13.017005083966255,Économique,19.0,5
2434,850000.0,Fnideq,Toute La Ville,57.0,1,1,13.652992804936396,Moyen,28.5,5
6950,750000.0,Agadir,Tilila,60.0,2,1,13.527829818844937,Moyen,20.0,5
7582,440000.0,Casablanca,Sidi Bernoussi,56.0,3,1,12.994532278619134,Économique,14.0,5
5611,870000.0,Agadir,Hay Mohammadi,66.0,2,2,13.676249640055394,Moyen,22.0,5
2392,2500000.0,Tanger,Centre Ville,122.0,2,2,14.731801689838349,Luxe,40.666666666666664,5
770,420000.0,Kénitra,Seyad,80.0,2,2,12.948012371209098,Économique,26.666666666666668,5
7477,1700000.0,Marrakech,Guéliz,67.0,2,1,14.346139397261565,Luxe,22.333333333333332,5
1686,3750000.0,Casablanca,Triangle D'Or,267.0,3,2,15.137266664613225,Luxe,66.75,5
131,1900000.0,Marrakech,Ain Mezouar,100.0,3,2,14.45736497045232,Luxe,25.0,5
7832,1600000.0,Marrakech,Guéliz,86.0,2,1,14.285514812209815,Luxe,28.666666666666668,5
2920,1500000.0,Casablanca,Centre Ville,94.0,2,2,14.220976332738882,Moyen,31.333333333333332,5
3172,920000.0,Casablanca,Al Fida,78.0,3,2,13.732130035981154,Moyen,19.5,5
3445,530000.0,Bouznika,Autre Secteur,58.0,2,1,13.180634172318978,Moyen,19.333333333333332,5
6231,320000.0,Meknès,Wislane,75.0,3,1,12.676079399771027,Économique,18.75,5
5579,7200000.0,Tanger,Malabata,186.0,4,2,15.789591722875162,Luxe,37.2,5
4427,165000.0,Fès,Zouagha,56.0,2,1,12.013706813470414,Économique,18.666666666666668,5
5335,1900000.0,Casablanca,Oasis,80.0,2,2,14.45736497045232,Luxe,26.666666666666668,5
467,530000.0,Casablanca,Oulfa,58.0,2,1,13.180634172318978,Moyen,19.333333333333332,5
6265,680000.0,Casablanca,Sidi Bernoussi,55.0,2,1,13.429849547739444,Moyen,18.333333333333332,5
5734,1450000.0,Mohammedia,Quartier Du Parc,125.0,3,2,14.187074804051692,Moyen,31.25,5
3093,1070000.0,Tanger,Tanja Balia,102.0,4,1,13.883170141017091,Moyen,20.4,5
3773,1350000.0,Tanger,Autre Secteur,86.0,2,1,14.115615891155079,Moyen,28.666666666666668,5
5192,510000.0,Fès,Narjis,71.0,2,2,13.1421679654829,Moyen,23.666666666666668,5
5227,390000.0,Sidi Rahal,Toute La Ville,46.0,1,1,12.873904582205107,Économique,23.0,5
5391,592000.0,Tanger,Tanja Balia,74.0,2,1,13.291263603053904,Moyen,24.666666666666668,5
861,640000.0,Marrakech,Route De Casablanca,45.0,1,1,13.369225017834633,Moyen,22.5,5
7604,1490000.0,Asilah,Toute La Ville,120.0,2,2,14.214287349062356,Moyen,40.0,5
7271,510000.0,Fès,Narjis,71.0,2,2,13.1421679654829,Moyen,23.666666666666668,5
