id,titre,prix_mad,ville,quartier,surface_m2,nb_chambres,nb_salles_de_bain,prix_par_m2,scraped_at
1,Appartement à vendre 78 m² à El Mansouria,940000.0,El Mansouria,Toute La Ville,78.0,2,2,12051.28,2026-05-07 14:31:06.348122
2,Appartement à vendre 61 m² à Marrakech,1530000.0,Marrakech,Guéliz,61.0,1,1,25081.97,2026-05-07 14:31:06.349272
3,Appartement à vendre 90 m² à Casablanca,1100000.0,Casablanca,Maarif,90.0,2,1,12222.22,2026-05-07 14:31:06.349516
4,rdc élevé France ville,1190000.0,Casablanca,Abdelmoumen,117.0,2,2,10170.94,2026-05-07 14:31:06.349718
5,Vaste Appartement de 197m² à 2 Mars,2700000.0,Casablanca,Mers Sultan,197.0,4,2,13705.58,2026-05-07 14:31:06.349900
6,Appartement Neuf Haut de Gamme en vente,780000.0,Kénitra,Val Fleury,90.0,1,1,8666.67,2026-05-07 14:31:06.350119
7,Appartement moderne à vendre,430000.0,Marrakech,Es Saada,60.0,2,1,7166.67,2026-05-07 14:31:06.350318
8,Appartement à vendre 92 m² à Marrakech,1820000.0,Marrakech,Victor Hugo,92.0,2,1,19782.61,2026-05-07 14:31:06.350490
9,Appartement à vendre 2 Mars,2120000.0,Casablanca,2 Mars,188.0,3,3,11276.6,2026-05-07 14:31:06.350655
10,Appartement à vendre 70 m² à Oujda,260000.0,Oujda,Route Jerada,70.0,2,1,3714.29,2026-05-07 14:31:06.350787
11,Appartement neuf à vendre 71 m² à Marrakech,460000.0,Marrakech,M'Hamid,71.0,3,2,6478.87,2026-05-07 14:31:06.350906
12,Appartement à vendre 154 m² à Marrakech,2475000.0,Marrakech,Route De Casablanca,154.0,3,3,16071.43,2026-05-07 14:31:06.351020
13,Appartement à vendre 80 m² à Oujda,260000.0,Oujda,Autre Secteur,80.0,2,1,3250.0,2026-05-07 14:31:06.351187
14,Magnifique appartement à vendre près du rond-point de l'aéroport Ibn Battouta,640000.0,Tanger,Autre Secteur,67.0,2,1,9552.24,2026-05-07 14:31:06.351304
15,Appartement à vendre à Harhoura,1900000.0,Temara,Harhoura,95.0,2,2,20000.0,2026-05-07 14:31:06.351416
16,Studio meublé à vendre à Asilah,350000.0,Tanger,Autre Secteur,47.0,1,1,7446.81,2026-05-07 14:31:06.351523
17,Appartement Neuf de 138 m² à Harhoura,2200000.0,Temara,Harhoura,138.0,2,2,15942.03,2026-05-07 14:31:06.351629
18,Appartement 120 millions,1200000.0,Rabat,Riyad Extension,76.0,2,2,15789.47,2026-05-07 14:31:06.351743
19,Appart HS 3ch sal terse 127m2 à vendre Mers sultan,1400000.0,Casablanca,Mers Sultan,127.0,3,2,11023.62,2026-05-07 14:31:06.351852
20,Appartement moyen standing Abwab-Guillez,450000.0,Marrakech,Mabrouka,60.0,2,1,7500.0,2026-05-07 14:31:06.351959
21,Appartement RDC 91 m2 à Hay Mohammadi,780000.0,Casablanca,Hay Mohammadi,91.0,4,2,8571.43,2026-05-07 14:31:06.352061
22,Appartement à vendre 105 m² hay el andalos,370000.0,Oujda,Andalous,105.0,3,2,3523.81,2026-05-07 14:31:06.352162
23,Appartement à vendre à Temara,1200000.0,Rabat,Autre Secteur,107.0,3,2,11214.95,2026-05-07 14:31:06.352264
24,Appartement 94 m² lotissement alliance mehdia,700000.0,Kénitra,Alliance,94.0,3,1,7446.81,2026-05-07 14:31:06.352372
25,Appart meublé 2ch salon balcon 91m2 à vendre La Gironde,950000.0,Casablanca,La Gironde,91.0,2,2,10439.56,2026-05-07 14:31:06.352478
26,Appartement à vendre 90 m² à Kénitra alliance,630000.0,Kénitra,Alliance,90.0,2,2,7000.0,2026-05-07 14:31:06.352582
27,Appartement 3 chambres à Mimosas Prix imbattable,820000.0,Kénitra,Mimosas,106.0,3,2,7735.85,2026-05-07 14:31:06.352685
28,Studio moderne avec piscine à vendre,830000.0,Marrakech,Guéliz,45.0,1,1,18444.44,2026-05-07 14:31:06.352795
29,Appartement à vendre 65 m Mdiq 4 min à pied plage,480000.0,Mdiq,Toute La Ville,60.0,2,1,8000.0,2026-05-07 14:31:06.352906
30,Appt à ne pas rater,590000.0,Fès,Route Ain Chkaf,100.0,2,1,5900.0,2026-05-07 14:31:06.353008
31,Appartement à vendre sur Brahim Roudani Casablanca,1350000.0,Casablanca,Maârif Extension,126.0,2,2,10714.29,2026-05-07 14:31:06.353114
32,Appartement à vendre 105 m² El Andalous,370000.0,Oujda,Andalous,105.0,2,2,3523.81,2026-05-07 14:31:06.353307
33,Appartement à vendre 130 m² à plage des nations,1850000.0,Sidi Bouknadel,Toute La Ville,130.0,2,2,14230.77,2026-05-07 14:31:06.353419
34,Appartement à vendre pas de semsar,600000.0,Mohammedia,Nassim,70.0,2,1,8571.43,2026-05-07 14:31:06.353523
35,Appartement à vendre 98 m² à Marrakech M6,1950000.0,Marrakech,Av Mohammed Vi,98.0,3,2,19897.96,2026-05-07 14:31:06.353665
36,Appartement à vendre route de Casablanca,440000.0,Marrakech,Route De Casablanca,60.0,2,1,7333.33,2026-05-07 14:31:06.353774
37,Appartement Asdaa proche Marjane,430000.0,Marrakech,Es Saada,56.0,2,1,7678.57,2026-05-07 14:31:06.353888
38,Appart 3ch 2sa blc 150m2 à vendre 2Mars,2200000.0,Casablanca,2 Mars,150.0,3,2,14666.67,2026-05-07 14:31:06.353995
39,Appartement à vendre 71 m² à ALMAZ,830000.0,Casablanca,Almaz,71.0,2,1,11690.14,2026-05-07 14:31:06.354104
40,Appartement à vendre 115 m² à Temara,1690000.0,Temara,Oued Eddahab,115.0,3,1,14695.65,2026-05-07 14:31:06.354209
41,Magnifique Appartement à vendre 77 m² à Marrakech,1078000.0,Marrakech,Hay Izdihar,77.0,2,2,14000.0,2026-05-07 14:31:06.354327
42,Appartements à vendre lotissement Al Dha.,390000.0,Laâyoune,Toute La Ville,86.0,2,1,4534.88,2026-05-07 14:31:06.354482
43,Appartement PKH 17 de 60 m²,1209700.0,Marrakech,Guéliz,60.0,2,2,20161.67,2026-05-07 14:31:06.354618
44,Appart à vendre 76 m² (Rez Chaussée) à Bouznika,530000.0,Bouznika,Autre Secteur,76.0,2,1,6973.68,2026-05-07 14:31:06.354753
45,Appartement à vendre 90 m² à Oujda,290000.0,Oujda,Agdal,130.0,3,1,2230.77,2026-05-07 14:31:06.354890
46,"Haut Founty - Appart à vendre 108m², 3 ch, 5e",1240000.0,Agadir,Haut-Founty,110.0,3,2,11272.73,2026-05-07 14:31:06.355026
47,Appartement à vendre 58 m Mdiq 4 min à pied plage,490000.0,Mdiq,Toute La Ville,58.0,2,1,8448.28,2026-05-07 14:31:06.355161
48,Saidia AP2 - Appart de 118m² – proche du Golf,960000.0,Saidia,Toute La Ville,118.0,2,2,8135.59,2026-05-07 14:31:06.355308
49,Appartements à vendre près de la station routière Hararine,570000.0,Tanger,Aharrarine,60.0,2,1,9500.0,2026-05-07 14:31:06.355435
50,Appartement 3 chambres façade,1090000.0,Kénitra,Centre,128.0,3,2,8515.62,2026-05-07 14:31:06.355560
51,Appartement à vendre,950000.0,Tanger,Centre,75.0,2,1,12666.67,2026-05-07 14:31:06.355683
52,Appartement 3 ch salon 87m2 près Sup de co,920000.0,Marrakech,Bd Moulay Abdellah,87.0,3,1,10574.71,2026-05-07 14:31:06.355813
53,Appartement à vendre 106 m² à Guéliz,1500000.0,Marrakech,Guéliz,106.0,2,1,14150.94,2026-05-07 14:31:06.355942
54,Appartement à vendre 134 m² à Tanger,2546000.0,Tanger,De La Plage,134.0,3,2,19000.0,2026-05-07 14:31:06.356071
55,"appartement wifaq , résidence avec piscine",1750000.0,Temara,Wifak,103.0,3,2,16990.29,2026-05-07 14:31:06.356193
56,APPART 91m 2FACES vue piscine à MARBELLA BEACH,1030000.0,Mohammedia,Autre Secteur,91.0,2,2,11318.68,2026-05-07 14:31:06.356314
57,Appartements Adliya à Hay Rachad,190000.0,Rabat,Hay Arrachad,60.0,2,1,3166.67,2026-05-07 14:31:06.356437
58,Aptmts neuf à hay riyad,3400000.0,Rabat,Hay Riad,120.0,3,1,28333.33,2026-05-07 14:31:06.356561
59,Appartement à vendre 95 m² à Marrakech palmeraie,1500000.0,Marrakech,Palmeraie,95.0,2,2,15789.47,2026-05-07 14:31:06.356684
60,Appartement à vendre,550000.0,Tanger,Autre Secteur,60.0,2,1,9166.67,2026-05-07 14:31:06.414477
61,🏢 À VENDRE – Appartement Spacieux avec Parking,1200000.0,Agadir,Hay Mohammadi,113.0,3,2,10619.47,2026-05-07 14:31:06.356816
62,Appartement à à Plage des Nations,2500000.0,Sidi Bouknadel,Toute La Ville,98.0,2,2,25510.2,2026-05-07 14:31:06.357028
63,Appartement meublé à vendre Hay Azdihar,560000.0,Marrakech,Hay Izdihar,60.0,2,1,9333.33,2026-05-07 14:31:06.357157
64,Appartement 120m² Chouka à vendre à Casablanca.,1080000.0,Casablanca,Hay Mohammadi,120.0,3,2,9000.0,2026-05-07 14:31:06.357285
65,"Appartement enregistré et meublé, quartier Ahlan",900000.0,Tanger,Ahlane,66.0,2,1,13636.36,2026-05-07 14:31:06.357410
66,Appartement 57 m² – 6e étage – Triple Tower,1500000.0,Tanger,Malabata,57.0,2,1,26315.79,2026-05-07 14:31:06.357533
67,Appartement à vendre 47 m Mdiq 4 min à pied plage,380000.0,Mdiq,Toute La Ville,50.0,1,1,7600.0,2026-05-07 14:31:06.357721
68,Appartement 93 m² 3 chambres ascenseur syndic 4 minutes centre-ville,750000.0,Tanger,Tanja Balia,93.0,3,2,8064.52,2026-05-07 14:31:06.357879
69,Appartement à vendre Hay Mohammadi,980000.0,Agadir,Hay Mohammadi,77.0,2,1,12727.27,2026-05-07 14:31:06.358005
70,Meknes Ouislane Rue Tazart,320000.0,Meknès,Wislane,70.0,1,1,4571.43,2026-05-07 14:31:06.358135
71,Appartement Tanger Balia,620000.0,Tanger,Tanja Balia,78.0,2,1,7948.72,2026-05-07 14:31:06.358256
72,Appartement à Bousejour liquidation,980000.0,Casablanca,Beauséjour,106.0,2,2,9245.28,2026-05-07 14:31:06.358414
73,Spacieux appartement deux façades Belvédère,1100000.0,Casablanca,Belvédère,163.0,2,2,6748.47,2026-05-07 14:31:06.358541
74,Appartement à vendre – Quartier Bachkou,1500000.0,Casablanca,Bachkou,106.0,2,2,14150.94,2026-05-07 14:31:06.358668
75,Appartement à vendre 63 m² route de Tétouan,540000.0,Tanger,Mghogha,63.0,2,1,8571.43,2026-05-07 14:31:06.358799
76,appartement bourgogne,2750000.0,Casablanca,Bourgogne,212.0,4,3,12971.7,2026-05-07 14:31:06.358929
77,Appartement à vendre 39 m² à Marrakech,698500.0,Marrakech,Route D'Amezmiz,44.0,1,1,15875.0,2026-05-07 14:31:06.359092
78,Studio à vendre 52 m² à Californie,1100000.0,Casablanca,Californie,58.0,1,1,18965.52,2026-05-07 14:31:06.359222
79,À vendre Superbe appartement 3 ch-Jnane Californie,1850000.0,Casablanca,Californie,119.0,3,2,15546.22,2026-05-07 14:31:06.359352
80,Appartement à vendre au centre-ville avec ascenseur,530000.0,Bouznika,Autre Secteur,58.0,2,1,9137.93,2026-05-07 14:31:06.359478
81,Appartement de 3 pièces à vendre près de la station El Jadida Hararien,750000.0,Tanger,Aharrarine,80.0,3,2,9375.0,2026-05-07 14:31:06.359611
82,Appartement luxueux 2 façades Bourgogne,1540000.0,Casablanca,Bourgogne,112.0,3,2,13750.0,2026-05-07 14:31:06.359739
83,Lux appartement ou cabinet à Bourgogne,1380000.0,Casablanca,Bourgogne,125.0,3,2,11040.0,2026-05-07 14:31:06.359870
84,Spacieux appartement au rond-point Émile Zola,1680000.0,Casablanca,Belvédère,155.0,4,2,10838.71,2026-05-07 14:31:06.359996
85,Appartement à vendre à Mdiq,860000.0,Mdiq,Toute La Ville,155.0,2,2,5548.39,2026-05-07 14:31:06.360122
86,Appartements de qualité à vendre à Ain Atiq,850000.0,Temara,Ain Atig,88.0,3,1,9659.09,2026-05-07 14:31:06.360255
87,Appartement à vendre 96 m² à Marrakech,1350000.0,Marrakech,Hay Izdihar,100.0,2,2,13500.0,2026-05-07 14:31:06.360380
88,Appartement Lux 69m,500000.0,Had Soualem,Toute La Ville,69.0,2,2,7246.38,2026-05-07 14:31:06.360531
89,Appartement à vendre 78 m² à Mohammedia,770000.0,Mohammedia,Autre Secteur,78.0,2,2,9871.79,2026-05-07 14:31:06.360655
90,Appartement avec cour à Bouznika,710000.0,Bouznika,Autre Secteur,108.0,2,2,6574.07,2026-05-07 14:31:06.360789
91,Appartement à vendre,1200000.0,Tanger,Aida,90.0,3,1,13333.33,2026-05-07 14:31:06.360940
92,Appartement à vendre 133 m² à Casablanca,1540000.0,Casablanca,Franceville,133.0,3,2,11578.95,2026-05-07 14:31:06.361065
93,Très bel appartement rénové,1500000.0,Marrakech,Palmeraie,90.0,2,2,16666.67,2026-05-07 14:31:06.361192
94,Appartement 58 m2 avec piscine à gueliz,928000.0,Marrakech,Guéliz,58.0,1,1,16000.0,2026-05-07 14:31:06.361317
95,Appartement à vendre 130 m² à El Jadida,1070000.0,El Jadida,Hay Essalam,130.0,3,3,8230.77,2026-05-07 14:31:06.361446
96,Appartement à vendre Massira 1 81m2,750000.0,Marrakech,Massira 1,81.0,2,1,9259.26,2026-05-07 14:31:06.361569
97,Appartement et studio sur toit à vendre,760000.0,El Jadida,Autre Secteur,106.0,4,2,7169.81,2026-05-07 14:31:06.361693
98,Appartement à vendre 170 m² à Rabat,3450000.0,Rabat,Hay Riad,170.0,3,2,20294.12,2026-05-07 14:31:06.361830
99,Appartement à vendre 64 m² à Martil,380000.0,Martil,Toute La Ville,63.0,2,1,6031.75,2026-05-07 14:31:06.361955
100,appartement à vendre,1200000.0,Tanger,Aida,97.0,3,2,12371.13,2026-05-07 14:31:06.398313
101,Appartement à vendre 124 m² à Casablanca,3500000.0,Casablanca,Casablanca Finance City,124.0,2,2,28225.81,2026-05-07 14:31:06.362083
102,appartement la perle de l'atlas 54m2,800000.0,Marrakech,Guéliz,54.0,1,1,14814.81,2026-05-07 14:31:06.362206
103,VENTE D’UN BEL APPARTEMENT DE 117M2,1900000.0,Casablanca,Les Princesses,117.0,3,2,16239.32,2026-05-07 14:31:06.362336
104,Appartement à vendre près de Carré Éden Marrakech,1360000.0,Marrakech,Guéliz,81.0,1,1,16790.12,2026-05-07 14:31:06.362460
105,Élégant Studio à vendre 63 m² à Marrakech,1134000.0,Marrakech,Guéliz,63.0,1,1,18000.0,2026-05-07 14:31:06.362591
106,Appartement à vendre devant la nouvelle gare routière sans intermédiaire,505000.0,Tanger,Autre Secteur,67.0,2,1,7537.31,2026-05-07 14:31:06.362721
107,Appartement à vendre 147 m² à Rabat,3400000.0,Rabat,Agdal,150.0,3,2,22666.67,2026-05-07 14:31:06.362865
108,Appartement à vendre 78 m² à Deroua,460000.0,Deroua,Toute La Ville,78.0,2,1,5897.44,2026-05-07 14:31:06.363020
109,Appartement 157m² – SANS VIS-À-VIS – CASABLANCA,2200000.0,Casablanca,Quartier Des Hôpitaux,157.0,2,2,14012.74,2026-05-07 14:31:06.363146
110,"Studio, local commercial, droit à la terrasse et aide au logement",620000.0,Marrakech,Azli,83.0,1,1,7469.88,2026-05-07 14:31:06.363272
111,"Résidence Prestige 2, Quartier Al-Azhar",860000.0,Casablanca,Sidi Bernoussi,101.0,3,2,8514.85,2026-05-07 14:31:06.363396
112,Appartement à vendre 134 m² à Casablanca,3000000.0,Casablanca,Racine,154.0,3,3,19480.52,2026-05-07 14:31:06.363518
113,APPARTEMENT A VENDRE HAUT FOUNTY,1400000.0,Agadir,Haut-Founty,97.0,3,2,14432.99,2026-05-07 14:31:06.363642
114,Appartement 3 chambres 80 mètres ascenseur syndic 5 minutes Malabata,750000.0,Tanger,Tanja Balia,80.0,3,1,9375.0,2026-05-07 14:31:06.363772
115,À VENDRE APPARTEMENT LUMINEUX,420000.0,Marrakech,Hay Charaf,60.0,1,1,7000.0,2026-05-07 14:31:06.363906
116,Studios neufs à vendre,1250000.0,Casablanca,Palmier,53.0,1,1,23584.91,2026-05-07 14:31:06.364032
117,Appartement à vendre 145 m² à la marina casablanca,3900000.0,Tanger,Autre Secteur,155.0,2,3,25161.29,2026-05-07 14:31:06.364156
118,Appartement à vendre 176 m² à Tanger,3500000.0,Tanger,Administratif,176.0,4,2,19886.36,2026-05-07 14:31:06.364289
119,Appartement à vendre TANGER EL BALIA 80m²,1200000.0,Tanger,Autre Secteur,80.0,2,1,15000.0,2026-05-07 14:31:06.364412
120,Appartement à vendre 172 m² à Casablanca,2100000.0,Casablanca,2 Mars,172.0,3,3,12209.3,2026-05-07 14:31:06.364541
121,À vendre appartement 3 CH avec terrasse de 44m2,2350000.0,Casablanca,Ferme Bretone,144.0,3,3,16319.44,2026-05-07 14:31:06.364690
122,Appartement à vendre à Martil près de Ahrik,580000.0,Martil,Toute La Ville,62.0,2,1,9354.84,2026-05-07 14:31:06.364820
123,Appartement à vendre 100 m² à Casablanca,1300000.0,Casablanca,Quartier Des Hôpitaux,100.0,3,2,13000.0,2026-05-07 14:31:06.364951
124,Charmant appartement à vendre - Résidence OUBAHA,1150000.0,El Mansouria,Toute La Ville,100.0,3,2,11500.0,2026-05-07 14:31:06.365081
125,Appartement 80 m2 deux face lotissement alliance,640000.0,Kénitra,Alliance,80.0,2,2,8000.0,2026-05-07 14:31:06.365207
126,Très belle appartement proximité hay riad,1160000.0,Temara,Riad Oulad Mtaa,85.0,3,2,13647.06,2026-05-07 14:31:06.365334
127,Appartement à vendre 95 m² à Marrakech,1350000.0,Marrakech,Route De Safi,95.0,2,1,14210.53,2026-05-07 14:31:06.365458
128,Superbe appartement familial au cœur Racine,4216000.0,Casablanca,Racine,284.0,3,3,14845.07,2026-05-07 14:31:06.365583
129,Grand Appartement Plein Centre de Kénitra 154 m²,1360000.0,Kénitra,Centre,154.0,3,2,8831.17,2026-05-07 14:31:06.365707
130,Appartement à vendre sur Hay Riad Prestigia,3200000.0,Rabat,Hay Riad,117.0,3,2,27350.43,2026-05-07 14:31:06.365839
131,Appartement Haut standing à vendre / piscine,1900000.0,Marrakech,Ain Mezouar,100.0,3,2,19000.0,2026-05-07 14:31:06.365969
132,Bel appartement,395000.0,Saidia,Toute La Ville,76.0,3,2,5197.37,2026-05-07 14:31:06.366131
133,Très Très belle Appartement à Bouznika plage,1450000.0,Bouznika,Plage Oued Cherrat,95.0,2,2,15263.16,2026-05-07 14:31:06.366266
134,Appartement neuf à Sala El Jadida,1099800.0,Salé,Sala El Jadida,94.0,2,2,11700.0,2026-05-07 14:31:06.366396
135,Appartement à vendre 186 m² à Tanger,7200000.0,Tanger,Malabata,186.0,4,2,38709.68,2026-05-07 14:31:06.366520
136,"Appartement de propriétaire à vendre Tétouan, quartier Ttfa7iyoun, 3ème étage",170000.0,Tétouan,Autre Secteur,82.0,2,1,2073.17,2026-05-07 14:31:06.366647
137,"Studio neuf à vendre – Bourgogne, Casablanca",1270000.0,Casablanca,Bourgogne,66.0,1,1,19242.42,2026-05-07 14:31:06.366786
138,Appartement à vendre 110 m² à Bouznika,1670000.0,Bouznika,Autre Secteur,118.0,3,2,14152.54,2026-05-07 14:31:06.366916
139,Appartement à vendre Ain Suna,540000.0,Marrakech,M'Hamid,64.0,2,2,8437.5,2026-05-07 14:31:06.367049
140,Appartement à vendre 150 m² à Casablanca,3400000.0,Casablanca,Oasis,163.0,3,2,20858.9,2026-05-07 14:31:06.367175
141,Appartement résidentiel titré à vendre à Tanger,800000.0,Tanger,Autre Secteur,95.0,3,1,8421.05,2026-05-07 14:31:06.367302
142,Des appartements à vendre,420000.0,Agadir,Autre Secteur,58.0,2,2,7241.38,2026-05-07 14:31:06.367468
143,Studio 42m Neuf Maarif Proche BD Biranzaran,980000.0,Casablanca,Maarif,42.0,1,1,23333.33,2026-05-07 14:31:06.367601
144,Vente appartement Fal El Hanaa,630000.0,Casablanca,Ain Sebaa,59.0,2,1,10677.97,2026-05-07 14:31:06.367727
145,appartement résidence fermée,930000.0,Casablanca,Oulfa,70.0,2,2,13285.71,2026-05-07 14:31:06.367860
146,Appartement à vendre 128 m² à Bouskoura,1300000.0,Bouskoura,Victoria,140.0,3,2,9285.71,2026-05-07 14:31:06.367986
147,Appartement à vendre à Marina Golf Asilah,950000.0,Asilah,Toute La Ville,150.0,2,1,6333.33,2026-05-07 14:31:06.368109
148,Spacieux appartement à vendre avec terrasse,1900000.0,Marrakech,Route D'Ourika,99.0,2,1,19191.92,2026-05-07 14:31:06.368237
149,Appartement neuf à vendre Ain Sebaa,1070000.0,Casablanca,Ain Sebaa,81.0,2,2,13209.88,2026-05-07 14:31:06.368362
150,Appartement à vendre,650000.0,Agadir,Tilila,67.0,2,2,9701.49,2026-05-07 14:31:06.368507
151,Appartement à vendre 52 m² à Marrakech,1200000.0,Marrakech,Guéliz,52.0,1,1,23076.92,2026-05-07 14:31:06.368630
152,Un appartement,1100000.0,Meknès,Hamria,200.0,3,2,5500.0,2026-05-07 14:31:06.368762
153,Appartement en vente 61m² à Gueliz Piscine Rooftop,1500000.0,Marrakech,Guéliz,61.0,1,1,24590.16,2026-05-07 14:31:06.368897
154,Appartement 3 chambres à 2min de Casanearshore,780000.0,Casablanca,Sidi Maarouf,70.0,3,1,11142.86,2026-05-07 14:31:06.369028
155,Appartement à vendre 80 m² à Kénitra,490000.0,Kénitra,Seyad,80.0,2,1,6125.0,2026-05-07 14:31:06.369154
156,Appartements modernes à vendre à Marrakech,740000.0,Marrakech,Azli,53.0,3,2,13962.26,2026-05-07 14:31:06.369276
157,Appartements à vendre,1400000.0,Agadir,Haut-Founty,70.0,2,2,20000.0,2026-05-07 14:31:06.369561
158,Appartement à vendre 133 m² sur 2 mars,1700000.0,Casablanca,2 Mars,133.0,3,2,12781.95,2026-05-07 14:31:06.369691
159,Appartement à vendre 165 m² La perle D'Agadir,2272500.0,Agadir,Talborjt,165.0,4,1,13772.73,2026-05-07 14:31:06.369831
160,appartements à vendre,1600000.0,Agadir,Hay Mohammadi,128.0,3,2,12500.0,2026-05-07 14:31:06.369956
161,Appartement 120 m² en vente à Narjis Fès,560000.0,Fès,Narjis,120.0,3,2,4666.67,2026-05-07 14:31:06.370086
162,Appartement à vendre 3 chambres,960000.0,Kénitra,Val Fleury,112.0,3,2,8571.43,2026-05-07 14:31:06.370211
163,Appartements à vendre 64 m² à Ben Guerir,300000.0,Ben Guerir,Toute La Ville,64.0,3,2,4687.5,2026-05-07 14:31:06.370339
164,App kech 95 m² 1er étage 1 balcon,800000.0,Marrakech,M'Hamid,95.0,3,1,8421.05,2026-05-07 14:31:06.370463
165,Appartements à vendre,1220000.0,Agadir,Hay Mohammadi,107.0,3,2,11401.87,2026-05-07 14:31:06.370588
166,Appartement à vendre 120 m² à Tanger,2500000.0,Tanger,Autre Secteur,165.0,2,2,15151.52,2026-05-07 14:31:06.370718
167,Appartements à vendre,870000.0,Agadir,Hay Mohammadi,66.0,2,2,13181.82,2026-05-07 14:31:06.370856
168,"Appartement à El Jadida, quartier El Milha, sur la rue",550000.0,El Jadida,Mouilha,88.0,2,1,6250.0,2026-05-07 14:31:06.370986
169,Appartements à vendre,1157000.0,Agadir,Tilila,89.0,2,1,13000.0,2026-05-07 14:31:06.371153
170,"Duplex avec garage privé Sidi Maarouf, Essaada",1650000.0,Casablanca,Sidi Maarouf,159.0,2,3,10377.36,2026-05-07 14:31:06.371281
171,Appartement à vendre 70 m² à Kénitra,360000.0,Kénitra,Bir Rami,70.0,2,2,5142.86,2026-05-07 14:31:06.371407
172,Appartement à vendre 89 m² à Tanger malabata,2136000.0,Tanger,Malabata,89.0,2,1,24000.0,2026-05-07 14:31:06.371533
173,Appartement à vendre 170 m² à CFC,4200000.0,Casablanca,Casablanca Finance City,170.0,3,3,24705.88,2026-05-07 14:31:06.371661
174,"Bel appartement à vendre Bourgogne, My Youssef",1280000.0,Casablanca,Bourgogne,93.0,2,2,13763.44,2026-05-07 14:31:06.371795
175,Appartement triplex à vendre 128m² à HM Casablanca,850000.0,Casablanca,Hay Mohammadi,128.0,4,2,6640.62,2026-05-07 14:31:06.371953
176,Des apt neuf a vendre 85 m2 tanger,1147500.0,Tanger,Marjane,96.0,2,2,11953.12,2026-05-07 14:31:06.372089
177,Appt Dar Bouazza 53 m2 jamais habité - calme,600000.0,Dar Bouazza,Toute La Ville,53.0,2,1,11320.75,2026-05-07 14:31:06.372214
178,Appartement à vendre à Salé 111m² 4ème étage,1215000.0,Salé,Tabriquet,111.0,2,2,10945.95,2026-05-07 14:31:06.372372
179,Appartement à vendre 118 m² à Salé,1420000.0,Salé,Sala El Jadida,118.0,3,2,12033.9,2026-05-07 14:31:06.372500
180,"Appartements à vendre à Meknès, premier étage",500000.0,Meknès,Autre Secteur,100.0,3,2,5000.0,2026-05-07 14:31:06.372654
181,Appartements à vendre,3000000.0,Agadir,Haut-Founty,187.0,3,3,16042.78,2026-05-07 14:31:06.372799
182,Appartement 2 chambres corniche investisseurs airbnb,1100000.0,Tanger,Malabata,75.0,2,1,14666.67,2026-05-07 14:31:06.372934
183,Appartements à vendre,980000.0,Agadir,Hay Mohammadi,75.0,2,2,13066.67,2026-05-07 14:31:06.373067
184,Appartements à vendre,2800000.0,Agadir,Haut-Founty,150.0,3,3,18666.67,2026-05-07 14:31:06.373197
185,Appartement vue sur mer à vendre à Asilah,1800000.0,Aquouass Briech,Toute La Ville,133.0,3,2,13533.83,2026-05-07 14:31:06.373326
186,Bel appart RDC SUR centre ville,650000.0,Mohammedia,Centre Ville,80.0,2,1,8125.0,2026-05-07 14:31:06.373450
187,Appartement à vendre à Cabo Negro,1400000.0,Cabo Negro,Toute La Ville,75.0,1,1,18666.67,2026-05-07 14:31:06.373574
188,Appartement Valencia Beach Mansouria,840000.0,Mohammedia,Corniche,89.0,2,1,9438.2,2026-05-07 14:31:06.373715
189,Appartement à vendre 121 m² à Casablanca,2000000.0,Casablanca,Californie,121.0,3,2,16528.93,2026-05-07 14:31:06.373846
190,3 Chambres à vendre 143 m² à Californie,2255000.0,Casablanca,Californie,143.0,3,2,15769.23,2026-05-07 14:31:06.373975
191,Appartement titré à vendre à Tanger Chtouka,750000.0,Tanger,Aouama Gharbia,100.0,2,2,7500.0,2026-05-07 14:31:06.374099
192,Appartement 87 m2 av Alla El Fassi,680000.0,Marrakech,Allal El Fassi,87.0,2,2,7816.09,2026-05-07 14:31:06.374222
193,Appartement à vendre 94 m² à Temara Wifak,1250000.0,Temara,Oued Eddahab,94.0,3,1,13297.87,2026-05-07 14:31:06.374345
194,Studio vue piscine à vendre 51 m² à Marrakech,1150000.0,Marrakech,Hivernage,51.0,1,1,22549.02,2026-05-07 14:31:06.374472
195,"Appartement à vendre Saada, près de Marjane, route de Casa, en sous-sol",440000.0,Marrakech,Es Saada,60.0,2,1,7333.33,2026-05-07 14:31:06.374601
196,Appartement à vendre 97 m² à Marrakech,2330000.0,Marrakech,Guéliz,97.0,2,1,24020.62,2026-05-07 14:31:06.374727
197,Appartement à vendre 82 m² à Kénitra,390000.0,Kénitra,Bir Rami,82.0,2,2,4756.1,2026-05-07 14:31:06.374869
198,Penthouse avec piscine à vendre 320 m² à Tanger,7680000.0,Tanger,Malabata,320.0,2,1,24000.0,2026-05-07 14:31:06.374995
199,Appartement 47 m2 av Allal El Fassi,600000.0,Marrakech,Allal El Fassi,47.0,2,1,12765.96,2026-05-07 14:31:06.375120
200,Appartement 150 m² en vente près Clinique Razi,800000.0,Fès,Autre Secteur,150.0,3,1,5333.33,2026-05-07 14:31:06.375245
201,Appartement à vendre 43 m² à bourgogne,1300000.0,Casablanca,Bourgogne,43.0,1,1,30232.56,2026-05-07 14:31:06.375378
202,Appartement chouka à Kénitra,610000.0,Kénitra,Ouled Oujih,80.0,2,2,7625.0,2026-05-07 14:31:06.375506
203,Appartement 76 m² en vente à Route Ain chkef,450000.0,Fès,Route Ain Chkaf,76.0,1,1,5921.05,2026-05-07 14:31:06.375631
204,Appartement à vendre 92 m² Espace dubai à Inzegan,1012000.0,Inzegan,Toute La Ville,92.0,3,1,11000.0,2026-05-07 14:31:06.375759
205,Appartement à vendre 75 m² à Kénitra,390000.0,Kénitra,Bir Rami,75.0,2,2,5200.0,2026-05-07 14:31:06.375890
206,Appartement à vendre 90 m² à Kénitra,630000.0,Kénitra,Alliance,90.0,2,2,7000.0,2026-05-07 14:31:06.376017
207,Appartement à vendre 90 m² à lotissement alliance,640000.0,Kénitra,Alliance,90.0,2,1,7111.11,2026-05-07 14:31:06.376145
208,"Appartement meublé de 76 m², ascenseur, syndic, sur la rue",798000.0,Tanger,Tanja Balia,76.0,2,1,10500.0,2026-05-07 14:31:06.376274
209,Appartement à vendre 80 m² à Kénitra,550000.0,Kénitra,Seyad,80.0,2,2,6875.0,2026-05-07 14:31:06.376422
210,2 Appartements moyen standing à vendre – Benguerir,520000.0,Ben Guerir,Toute La Ville,92.0,2,2,5652.17,2026-05-07 14:31:06.376549
211,Appartement 56 m2 avec piscine à Guéliz,896000.0,Marrakech,Guéliz,56.0,2,1,16000.0,2026-05-07 14:31:06.376677
212,Appartement 87 m² en vente à Ayn Amir à Fès,560000.0,Fès,Ain Amiyer,87.0,2,1,6436.78,2026-05-07 14:31:06.376817
213,Appartement de 50m² à Vendre à Tanger,380000.0,Tanger,Aouama Gharbia,50.0,2,1,7600.0,2026-05-07 14:31:06.376976
214,STUDIO 67 M² RÉNOVÉ À BOURGOGNE OUEST,1100000.0,Casablanca,Bourgogne,67.0,1,1,16417.91,2026-05-07 14:31:06.377107
215,Appartement à vendre Résidence Miramar \ Corniche,1850000.0,Mohammedia,Corniche,117.0,3,2,15811.97,2026-05-07 14:31:06.377236
216,Appartement à vendre 116 m² à Martil,750000.0,Martil,Toute La Ville,116.0,2,2,6465.52,2026-05-07 14:31:06.377363
217,Appartement à vendre 120 m² à Mosquée houda,1170000.0,Temara,Hoda,120.0,3,2,9750.0,2026-05-07 14:31:06.377500
218,Appartement à vendre 144 m² à 2 Mars Casablanca,1650000.0,Casablanca,2 Mars,144.0,2,2,11458.33,2026-05-07 14:31:06.377628
219,Appartement à vendre centre ville,890000.0,Kénitra,Centre,111.0,2,2,8018.02,2026-05-07 14:31:06.377758
220,Duplex à vendre avec piscine proche Guéliz,1050000.0,Marrakech,Mabrouka,95.0,3,2,11052.63,2026-05-07 14:31:06.377893
221,"Appartement à vendre devant la nouvelle gare routière, sans intermédiaire",495000.0,Tanger,Autre Secteur,60.0,2,1,8250.0,2026-05-07 14:31:06.378035
222,Appartement socoma 85 m² quartier pièces,750000.0,Marrakech,Autre Secteur,85.0,3,1,8823.53,2026-05-07 14:31:06.378182
223,Appartements de rêve à vendre avec soutien au logement de 70m à 120m,480000.0,Had Soualem,Toute La Ville,120.0,4,2,4000.0,2026-05-07 14:31:06.378317
224,Appartement à vendre,1600000.0,Agadir,Hay Mohammadi,115.0,3,2,13913.04,2026-05-07 14:31:06.378449
225,Appartement 95m2 vendables -Palmier,1750000.0,Casablanca,Palmier,95.0,2,2,18421.05,2026-05-07 14:31:06.378579
226,Annonce de vente d'appartement,360000.0,Lahraouyine,Toute La Ville,84.0,3,1,4285.71,2026-05-07 14:31:06.378705
227,Studio 50 m2 avec piscine a gueliz,9200000.0,Marrakech,Guéliz,50.0,1,1,184000.0,2026-05-07 14:31:06.378839
228,Appartement à vendre 114 m² à Casablanca,1350000.0,Casablanca,2 Mars,114.0,2,2,11842.11,2026-05-07 14:31:06.378974
229,appartement vue piscine 2 chambres à CASABAY,1250000.0,Sidi Rahal,Toute La Ville,87.0,2,2,14367.82,2026-05-07 14:31:06.379104
230,"Appartement 140 m² à Sidi Bouzid, bien rénové",480000.0,El Jadida,Autre Secteur,140.0,2,2,3428.57,2026-05-07 14:31:06.379227
231,Superbe appartement de 90 m² entièrement rénové,1260000.0,Casablanca,Nassim,90.0,2,1,14000.0,2026-05-07 14:31:06.379365
232,Appartement à vendre 60 m² à Meknès,240000.0,Meknès,Hay Salam,60.0,2,1,4000.0,2026-05-07 14:31:06.379490
233,185668-Vente Appt à Casablanca Mers Sultan de 176,2950000.0,Casablanca,Mers Sultan,176.0,3,2,16761.36,2026-05-07 14:31:06.379616
234,175015-Vente Appt à Bouskoura Bouskoura de 80 m²,900000.0,Bouskoura,,80.0,2,2,11250.0,2026-05-07 14:31:06.379743
235,Appartement de 1 à 3 chambres à Dar Bouazza,700000.0,Dar Bouazza,Toute La Ville,47.0,1,1,14893.62,2026-05-07 14:31:06.379881
236,Appartements économiques à vendre à Marrakech,400000.0,Marrakech,M'Hamid,56.0,2,1,7142.86,2026-05-07 14:31:06.380007
237,Appartement à vendre 61 m² à Marrakech,1550000.0,Marrakech,Route De Tahanaoute,61.0,1,1,25409.84,2026-05-07 14:31:06.380134
238,Appartement à vendre 81 m² à Hay Hassani Casa,1110000.0,Casablanca,Hay Hassani,81.0,2,2,13703.7,2026-05-07 14:31:06.380280
239,Appart 78m A Mazola Proche CFC,980000.0,Casablanca,Oulfa,78.0,2,2,12564.1,2026-05-07 14:31:06.380406
240,Appartement de standing à vendre à Marrakech,1500000.0,Marrakech,Semlalia,89.0,2,2,16853.93,2026-05-07 14:31:06.380532
241,Appartement luxueux à vendre à dar bouaazza,1300000.0,Dar Bouazza,Toute La Ville,96.0,2,2,13541.67,2026-05-07 14:31:06.380654
242,👉 Appartement 64m² à vendre à Azouzia 2 chambres et salon,400000.0,Marrakech,Azzouzia,64.0,2,1,6250.0,2026-05-07 14:31:06.380789
243,Appartement à vendre 50 m² à Tanger,380000.0,Tanger,Mghogha,50.0,2,1,7600.0,2026-05-07 14:31:06.380916
244,Vente Appartement à proximité de la gare routière,380000.0,Tanger,Autre Secteur,50.0,2,1,7600.0,2026-05-07 14:31:06.381043
245,Appartement à vendre avec piscine,1500000.0,Marrakech,Route De Casablanca,73.0,2,1,20547.95,2026-05-07 14:31:06.381173
246,Appartement 2 façades à vendre,1030000.0,Kénitra,Mimosas,115.0,3,2,8956.52,2026-05-07 14:31:06.381307
247,"Appartement 112 mètres, 3 façades avec soutien",830000.0,Marrakech,M'Hamid,112.0,3,1,7410.71,2026-05-07 14:31:06.381466
248,Grand appartement 160m2 (proche nouvel aéroport),1490000.0,Tétouan,Autre Secteur,160.0,3,2,9312.5,2026-05-07 14:31:06.381607
249,Nouveaux appartement à vendre de 50 m² à Tanger,380000.0,Tanger,Aouama Gharbia,50.0,2,1,7600.0,2026-05-07 14:31:06.381740
250,Appartement 86m² à vendre – Al Azdihar Marrakech,1300000.0,Marrakech,Hay Izdihar,86.0,2,2,15116.28,2026-05-07 14:31:06.381874
251,Appartement sur plan – bon investissement,1450000.0,Casablanca,Route D'El Jadida,57.0,2,1,25438.6,2026-05-07 14:31:06.382007
252,Appartement à vendre 126 m² Tafraoute à Marrakech,2583000.0,Marrakech,Hivernage,126.0,3,1,20500.0,2026-05-07 14:31:06.382132
253,Appartement r plus 2 melk cheikh,650000.0,El Jadida,Autre Secteur,120.0,3,2,5416.67,2026-05-07 14:31:06.382257
254,Appartement meublé résidence sécurisée,550000.0,El Jadida,Autre Secteur,81.0,2,1,6790.12,2026-05-07 14:31:06.382390
255,Appartement à vendre,459000.0,Tanger,La Nouvelle Ville Ibn Battouta,65.0,3,2,7061.54,2026-05-07 14:31:06.382520
256,Superbe studio au Quartier du Parc,830000.0,Mohammedia,Quartier Du Parc,65.0,1,1,12769.23,2026-05-07 14:31:06.382645
257,Rez-de-Jardin Vue Partielle sur Mer – PRIX RÉVISÉ,2700000.0,Sidi Bouknadel,Toute La Ville,211.0,4,2,12796.21,2026-05-07 14:31:06.382771
258,Appartement à vendre sur Hay Riad,4300000.0,Rabat,Hay Riad,210.0,3,3,20476.19,2026-05-07 14:31:06.382930
259,Appartement 117m² à Les Princesses,1430000.0,Casablanca,Les Princesses,117.0,2,2,12222.22,2026-05-07 14:31:06.383061
260,Appartement 67 m² à BOUSKOURA prix imbattable,690000.0,Casablanca,Autre Secteur,67.0,2,1,10298.51,2026-05-07 14:31:06.383187
261,Appartement à vendre 99 m² à Victoria,980000.0,Bouskoura,Victoria,99.0,2,2,9898.99,2026-05-07 14:31:06.383321
262,Rare Opportunité 478 m² en Vente au Cœur de Tanger,7400000.0,Tanger,Mozart,478.0,5,4,15481.17,2026-05-07 14:31:06.383446
263,Appartements à vendre Al Firdaws,260000.0,Ain Aouda,Toute La Ville,56.0,2,1,4642.86,2026-05-07 14:31:06.383572
264,Appartement Neuf 3 Chambres avec Grande Terrasse,1800000.0,Marrakech,Route De Casablanca,131.0,3,2,13740.46,2026-05-07 14:31:06.383740
265,Appart 96 m2 Mandarona à côté Bd Al qods,950000.0,Casablanca,Aïn Chock,95.0,2,1,10000.0,2026-05-07 14:31:06.383881
266,😍 Appartement rénové avec belle vue,390000.0,Marrakech,Azzouzia,59.0,2,1,6610.17,2026-05-07 14:31:06.384007
267,Appartements neufs à vendre,950000.0,Mohammedia,Riad 2,91.0,2,1,10439.56,2026-05-07 14:31:06.384191
268,Appartement à vendre 253 m² à Casablanca,4350000.0,Casablanca,Gauthier,267.0,4,4,16292.13,2026-05-07 14:31:06.384323
269,Appartement à vendre,750000.0,Mohammedia,Autre Secteur,80.0,2,1,9375.0,2026-05-07 14:31:06.384448
270,Studios & Appartements à partir de 65 Millions,650000.0,Casablanca,Ain Sebaa,127.0,2,2,5118.11,2026-05-07 14:31:06.384585
271,À vendre – Appartement haut standing à Bir Rami,790000.0,Kénitra,Bir Rami,85.0,2,2,9294.12,2026-05-07 14:31:06.384714
272,Appartement de luxe à vendre en centre-ville haute,890000.0,Kénitra,La Ville Haute,104.0,2,2,8557.69,2026-05-07 14:31:06.384848
273,Appartement à vendre 97 m² à Casablanca,1300000.0,Casablanca,Val Fleuri,97.0,1,1,13402.06,2026-05-07 14:31:06.384976
274,Appartement à vendre 100 m² à Fès,520000.0,Fès,Tghat,100.0,3,2,5200.0,2026-05-07 14:31:06.385100
275,Appartements 118m Haut Standing Maarif Ex,1750000.0,Casablanca,Maarif,118.0,3,2,14830.51,2026-05-07 14:31:06.385224
276,Projet neuf – Studios Haut Standing à 5 min de CFC,770000.0,Casablanca,Casablanca Finance City,50.0,1,1,15400.0,2026-05-07 14:31:06.385352
277,Superbe Appartement de 90m² - 880000dhs,880000.0,Casablanca,Roches Noires,90.0,2,2,9777.78,2026-05-07 14:31:06.385484
278,Appartement et garage,730000.0,Fès,Route Ain Chkaf,112.0,3,1,6517.86,2026-05-07 14:31:06.385613
279,Appartement avec terrasse😍 à vendre à Hay Azdehar,860000.0,Marrakech,Hay Izdihar,69.0,2,1,12463.77,2026-05-07 14:31:06.385743
280,Élégant Appartement Avec Vaste Espace Extérieur,2100000.0,Marrakech,Route De Fès,140.0,2,2,15000.0,2026-05-07 14:31:06.385885
281,Appartement vue sur mer à vendre à Asilah,2000000.0,Asilah,Toute La Ville,150.0,3,3,13333.33,2026-05-07 14:31:06.386011
282,Quartier Hôtel ibis,1750000.0,Tanger,Malabata,100.0,2,2,17500.0,2026-05-07 14:31:06.386166
283,Studio neuf 41 m2 à vendre à Roche Noires,640000.0,Casablanca,Roches Noires,41.0,1,1,15609.76,2026-05-07 14:31:06.386296
284,Bel Appartement Moderne Aux Palmeraies À Vendre,1500000.0,Marrakech,Palmeraie,85.0,2,2,17647.06,2026-05-07 14:31:06.386424
285,Appartement 74 m² à ALMAZ,830000.0,Casablanca,Almaz,74.0,2,1,11216.22,2026-05-07 14:31:06.386555
286,Appart 68m Maarif Ex Près Carrefour Yacoub,950000.0,Casablanca,Maârif Extension,68.0,2,2,13970.59,2026-05-07 14:31:06.386680
287,Appartement 3 Chambres Marjane Ahlan Déclaration Totale,1480000.0,Tanger,Marjane,133.0,3,2,11127.82,2026-05-07 14:31:06.386815
288,Appartement meublé neuf sur corniche Martil,1500000.0,Martil,Toute La Ville,150.0,3,1,10000.0,2026-05-07 14:31:06.386943
289,DES Appartements de 109 m² à Victoria - BOUSKOURA,855000.0,Bouskoura,Victoria,115.0,3,2,7434.78,2026-05-07 14:31:06.387131
290,Appartement à Mohammedia au quartier du Parc,1450000.0,Mohammedia,Quartier Du Parc,125.0,3,2,11600.0,2026-05-07 14:31:06.387321
291,Vente Urgente Appartement Économique AinChock Lamkansa4,430000.0,Lamkansa,Toute La Ville,60.0,2,2,7166.67,2026-05-07 14:31:06.387491
292,Appartement à vendre 110 m² à Temara,1050000.0,Temara,Ain Atig,124.0,3,2,8467.74,2026-05-07 14:31:06.387662
293,Appartement à vendre 90 m² Limoune à Ouled Teïma,585000.0,Ouled Teïma,Toute La Ville,90.0,3,1,6500.0,2026-05-07 14:31:06.387833
294,Appartement Ensoleillé 123m² au Quartier Maarif,1500000.0,Casablanca,Maârif Extension,123.0,3,2,12195.12,2026-05-07 14:31:06.388335
295,"Appartement à vendre 58 m², Oulfa Hay Hassani",286000.0,Casablanca,Oulfa,59.0,2,1,4847.46,2026-05-07 14:31:06.388601
296,Appt 3 ch salon à vendre à Val Fleuri,1800000.0,Casablanca,Val Fleuri,126.0,3,2,14285.71,2026-05-07 14:31:06.388733
297,Appartement idéal avec un bon prix,360000.0,Settat,Hay Al Kamal,102.0,2,1,3529.41,2026-05-07 14:31:06.388861
298,RACINE Superbe Appartement Rénové à Vendre 265m²,4850000.0,Casablanca,Racine,265.0,4,3,18301.89,2026-05-07 14:31:06.389023
299,TRIANGLE D’OR BEL APPT A VENDRE AVEC TERRASSE,3750000.0,Casablanca,Triangle D'Or,267.0,3,2,14044.94,2026-05-07 14:31:06.389193
300,Appartement à vendre 74 m² à Sidi maarouf,760000.0,Casablanca,Sidi Maarouf,74.0,2,2,10270.27,2026-05-07 14:31:06.389371
301,Appartement meublé piscine Haut standing,1200000.0,Marrakech,Mabrouka,70.0,2,2,17142.86,2026-05-07 14:31:06.389506
302,Appartement 2ème étage Mhamid 9,400000.0,Marrakech,M'Hamid,65.0,2,2,6153.85,2026-05-07 14:31:06.389687
303,A vendre un appartement avec terrasse,3750000.0,Casablanca,Racine,190.0,4,3,19736.84,2026-05-07 14:31:06.389914
304,Studio à vendre avec piscine,580000.0,Marrakech,Palmeraie,48.0,1,1,12083.33,2026-05-07 14:31:06.390054
305,Appartement à vendre 110 m² à Kénitra,1050000.0,Kénitra,La Ville Haute,120.0,3,2,8750.0,2026-05-07 14:31:06.390241
306,Appartement à vendre 136 m² à Casablanca,2500000.0,Casablanca,Val Fleuri,136.0,3,2,18382.35,2026-05-07 14:31:06.390465
307,À VENDRE APPARTEMENT SALON 3 CHAMBRES 70m2,735000.0,Casablanca,Autre Secteur,70.0,3,2,10500.0,2026-05-07 14:31:06.390696
308,Appartement Excellente finition Très ensoleillé,600000.0,Salé,Toute La Ville,79.0,2,1,7594.94,2026-05-07 14:31:06.390889
309,Idéal investissement appt 3ch a rénover allal fasi,950000.0,Marrakech,Allal El Fassi,91.0,3,2,10439.56,2026-05-07 14:31:06.391073
310,Appartement à vendre 118m² La Perle du Sahara Dakhla,885000.0,Dakhla,Toute La Ville,118.0,4,1,7500.0,2026-05-07 14:31:06.391220
311,Appartement traversant avec vue mer–Dernier étage,2300000.0,Casablanca,Anfa,121.0,2,1,19008.26,2026-05-07 14:31:06.391341
312,Appartement à prix raisonnable,620000.0,Agadir,Ben Serguaou,60.0,2,2,10333.33,2026-05-07 14:31:06.391527
313,Appartement titré Trialas Atlas,1600000.0,Tanger,Branes 1,113.0,3,2,14159.29,2026-05-07 14:31:06.391655
314,Appartement Neuf Badiae Nojjoum,850000.0,Marrakech,Allal El Fassi,62.0,2,1,13709.68,2026-05-07 14:31:06.391779
315,Apt Neuf 3 Chambres 1Salon roudani Maarif,1400000.0,Casablanca,Maarif,70.0,3,1,20000.0,2026-05-07 14:31:06.391985
316,A VENDRE APPARTEMENTS NEUFS AVEC TITRES FONCIERS,575000.0,Kénitra,Bir Rami,90.0,3,1,6388.89,2026-05-07 14:31:06.392239
317,Appartement à vendre à Saïd Hajji à prix symbolique,100000000.0,Salé,Said Hajji,100.0,3,2,1000000.0,2026-05-07 14:31:06.392417
318,Appartement à vendre 149 m² à Casablanca,850000.0,Casablanca,Belvédère,149.0,3,2,5704.7,2026-05-07 14:31:06.392569
319,Bel appartement de 103 m² à Bourgogne Ouest,1450000.0,Casablanca,Bourgogne,103.0,2,2,14077.67,2026-05-07 14:31:06.392806
320,À vendre un bel appartement,950000.0,Casablanca,Belvédère,105.0,2,2,9047.62,2026-05-07 14:31:06.393077
321,Superbe Rez de Jardin 2 Chambres – CFC Casablanca,2600000.0,Casablanca,Casablanca Finance City,118.0,2,2,22033.9,2026-05-07 14:31:06.393312
322,A vendre un bel Appartement refait à neuf,2950000.0,Casablanca,Triangle D'Or,200.0,3,3,14750.0,2026-05-07 14:31:06.393491
323,A vendre un appartement dans une résid balnéaire,1100000.0,Sidi Rahal,Toute La Ville,108.0,2,2,10185.19,2026-05-07 14:31:06.393683
324,Appartement à vendre sur Hay Riad,3250000.0,Rabat,Hay Riad,144.0,3,2,22569.44,2026-05-07 14:31:06.393938
325,Magnifique penthouse à vendre ou à louer à Wifac,3150000.0,Temara,Wifak,230.0,4,2,13695.65,2026-05-07 14:31:06.394127
326,Luxueux appartement à 2 Mars,1990000.0,Casablanca,2 Mars,167.0,3,3,11916.17,2026-05-07 14:31:06.394258
327,Très Bel Appartement 62m2 Quartier Palmier,1300000.0,Casablanca,Palmier,62.0,2,2,20967.74,2026-05-07 14:31:06.394375
328,Appartement à ne pas rater,250000.0,Meknès,Hay Salam,60.0,2,1,4166.67,2026-05-07 14:31:06.394489
329,Appart 118 m² Étage 3 Sidi Maarouf,1200000.0,Casablanca,Sidi Maarouf,118.0,3,2,10169.49,2026-05-07 14:31:06.394602
330,Appartement 126m² 4ème étg. terrasse à Maârif,1450000.0,Casablanca,Val Fleuri,126.0,2,2,11507.94,2026-05-07 14:31:06.394716
331,Appartement à vendre 48m² à Gueliz - Piscine Rooftop,1077000.0,Marrakech,Guéliz,49.0,1,1,21979.59,2026-05-07 14:31:06.394833
332,Appartement à vendre près des universités 47 m2,295000.0,Tanger,Al Irfane 2,47.0,2,1,6276.6,2026-05-07 14:31:06.394954
333,Appartement neuf avec ascenseur et parking,440000.0,Casablanca,Sidi Othmane,81.0,2,1,5432.1,2026-05-07 14:31:06.395065
334,PALMIER JOLI STUDIO NEUF AVEC TERRASSE À VENDRE,1235000.0,Casablanca,Palmier,54.0,1,1,22870.37,2026-05-07 14:31:06.395173
335,Appartement à vendre Résidence noria 2 chambres,2300000.0,Marrakech,Autre Secteur,84.0,2,2,27380.95,2026-05-07 14:31:06.395285
336,Appartement à vendre vue sur mer à Tanger,3500000.0,Tanger,Malabata,120.0,3,2,29166.67,2026-05-07 14:31:06.395405
337,Appart à vendre 213m² à Wifak Temara,2650000.0,Temara,Wifak,213.0,3,1,12441.31,2026-05-07 14:31:06.395521
338,167577-Vente Appt à Casablanca Racine de 203 m²,4200000.0,Casablanca,Anfa,203.0,3,2,20689.66,2026-05-07 14:31:06.395633
339,Luxueux studio en vente a Gueliz pour AIRBNB,1526500.0,Marrakech,Av Abdelkrim El Khattabi,61.0,1,1,25024.59,2026-05-07 14:31:06.395746
340,Magnifique Appartement À Vendre À La Palmeraie,1800000.0,Marrakech,Palmeraie,95.0,2,2,18947.37,2026-05-07 14:31:06.395862
341,Appartement en vente 65m² à Gueliz-Piscine Rooftop,1498000.0,Marrakech,Guéliz,65.0,1,1,23046.15,2026-05-07 14:31:06.395975
342,appartement meublé à vendre,1100000.0,Kénitra,Mimosas,110.0,3,2,10000.0,2026-05-07 14:31:06.396091
343,Appartement à vendre à Temara,960000.0,Temara,Autre Secteur,128.0,3,1,7500.0,2026-05-07 14:31:06.396202
344,LA PERLA BLANCA -E-8 25/56952,1150000.0,Benslimane,Autre Secteur,114.0,3,2,10087.72,2026-05-07 14:31:06.396326
345,Appartement à vendre 82 m² à Tétouan,8200000.0,Tétouan,Wilaya,82.0,2,2,100000.0,2026-05-07 14:31:06.396440
346,Appartement à vendre 67 m² à Sidi Rahal,530000.0,Sidi Rahal,Toute La Ville,67.0,2,2,7910.45,2026-05-07 14:31:06.396550
347,🏠 L’EXCEPTION URBAINE Duplex 66 m² à Guéliz,1518000.0,Marrakech,Guéliz,65.0,1,1,23353.85,2026-05-07 14:31:06.396661
348,Appartement à vendre 55 m² à Tanger,330000.0,Tanger,Autre Secteur,55.0,2,1,6000.0,2026-05-07 14:31:06.396774
349,Spacieux appart au cœur gueliz à côté Zara macdo,3500000.0,Marrakech,Guéliz,139.0,3,2,25179.86,2026-05-07 14:31:06.396899
350,Appartement à vendre 60 m² à Marrakech,1320000.0,Marrakech,Guéliz,60.0,2,1,22000.0,2026-05-07 14:31:06.397046
351,Appartement à vendre 78 m² à Marrakech,1800000.0,Marrakech,Agdal,118.0,2,2,15254.24,2026-05-07 14:31:06.397163
352,Duplex RDC 74 m² en vente - piscine Rooftop,1708000.0,Marrakech,Av Abdelkrim El Khattabi,74.0,1,2,23081.08,2026-05-07 14:31:06.397275
353,Tanger Balia,370000.0,Tanger,Tanja Balia,54.0,2,1,6851.85,2026-05-07 14:31:06.397421
354,Appartement à vendre 60 m² centre ville souk mlilia,330000.0,Oujda,Centre Ville,60.0,2,1,5500.0,2026-05-07 14:31:06.397531
355,Appart 101m² piscine près Semlalia Majorel Gueliz,2200000.0,Marrakech,Semlalia,101.0,2,2,21782.18,2026-05-07 14:31:06.397642
356,Appartement à vendre 69 m² à Casablanca,440000.0,Casablanca,Aïn Borja,69.0,3,1,6376.81,2026-05-07 14:31:06.397748
357,"Appartement rénové proche gare, plage et zoo",600000.0,Casablanca,Ain Sebaa,67.0,2,1,8955.22,2026-05-07 14:31:06.397862
358,Résidence Galia Boulevard Hassan II Mohammedia,1700000.0,Mohammedia,Centre Ville,125.0,3,2,13600.0,2026-05-07 14:31:06.397975
359,Appartement à vendre 65 m² à Bouznika Dahomey,650000.0,Bouznika,Autre Secteur,65.0,2,2,10000.0,2026-05-07 14:31:06.398084
360,VENTE DIRECTE SUPERBES APPARTEMENTS,860000.0,Casablanca,Hay Hassani,78.0,2,2,11025.64,2026-05-07 14:31:06.398205
361,Appartement à vendre 227 m² à Casablanca palmier,3000000.0,Casablanca,Palmier,227.0,4,3,13215.86,2026-05-07 14:31:06.398422
362,Studio de 60 m² à vendre à Marrakech,1140000.0,Marrakech,Guéliz,60.0,1,1,19000.0,2026-05-07 14:31:06.398579
363,Appartement 134 m² à vendre,1050000.0,Temara,Abbadi,134.0,3,1,7835.82,2026-05-07 14:31:06.398696
364,Appartement à vendre rue Royal Army,1500000.0,Tétouan,Centre Ville,150.0,3,2,10000.0,2026-05-07 14:31:06.398811
365,Appartement 2 ch à vendre vue sur mer,2900000.0,Tanger,Malabata,82.0,2,1,35365.85,2026-05-07 14:31:06.398922
366,Appartement à vendre 67m² à Ainsebaa,770500.0,Casablanca,Ain Sebaa,67.0,2,2,11500.0,2026-05-07 14:31:06.399039
367,Appartement à vendre 2 chambres Salon à Casa,810000.0,Bouznika,Al Kawtar,95.0,2,2,8526.32,2026-05-07 14:31:06.399150
368,Magnifique studio en rez de jardin sur résidence,1400000.0,Marrakech,Agdal,50.0,1,1,28000.0,2026-05-07 14:31:06.399258
369,Appartement à vendre 97 m² à Ferme Bretonne,1900000.0,Casablanca,Ferme Bretone,97.0,2,2,19587.63,2026-05-07 14:31:06.399366
370,Appartement à vendre 123 m² à Casablanca,1780000.0,Casablanca,Abdelmoumen,123.0,3,2,14471.54,2026-05-07 14:31:06.399476
371,Appartement à vendre Prestegia Argan golf,2000000.0,Marrakech,Route De Tahanaoute,80.0,2,1,25000.0,2026-05-07 14:31:06.399584
372,Appartement à vendre 94m² à Ferme Bretonne,1900000.0,Casablanca,Ferme Bretone,94.0,2,2,20212.77,2026-05-07 14:31:06.399695
373,Appartement 97m² à Casablanca ferme bretonne,1940000.0,Casablanca,Ferme Bretone,97.0,2,2,20000.0,2026-05-07 14:31:06.399814
374,Appartement à vendre 165 m² à Casablanca,3500000.0,Casablanca,Racine,176.0,3,3,19886.36,2026-05-07 14:31:06.399927
375,Appartement à vendre 80m² Bouznika sans vis à vis,750000.0,Bouznika,Al Kawtar,82.0,2,2,9146.34,2026-05-07 14:31:06.400037
376,Superbe studio 56 m² à saisir à Marrakech,1064000.0,Marrakech,Guéliz,56.0,1,1,19000.0,2026-05-07 14:31:06.400148
377,Appartement à vendre 76 m² à Marrakech,1500000.0,Marrakech,Victor Hugo,76.0,2,2,19736.84,2026-05-07 14:31:06.400258
378,Spacieux Appartement 2 Chambres à la Vente Guéliz,2350000.0,Marrakech,Guéliz,110.0,2,2,21363.64,2026-05-07 14:31:06.400368
379,Bel appartement en vente bd 2 mars,1930000.0,Casablanca,2 Mars,129.0,3,2,14961.24,2026-05-07 14:31:06.400485
380,Appartement à vendre 110 m² à Mohammedia,1656000.0,Mohammedia,Centre Ville,120.0,2,2,13800.0,2026-05-07 14:31:06.400593
381,Appartement à vendre 100 m² à Essaouira,1250000.0,Essaouira,Toute La Ville,100.0,2,1,12500.0,2026-05-07 14:31:06.400725
382,Appartement en vente ain borja,850000.0,Casablanca,Aïn Borja,81.0,2,2,10493.83,2026-05-07 14:31:06.400849
383,Résidence Jumeirah,440000.0,Deroua,Toute La Ville,72.0,2,1,6111.11,2026-05-07 14:31:06.400959
384,Vente très joli studio centre ville,1200000.0,Marrakech,Guéliz,54.0,1,1,22222.22,2026-05-07 14:31:06.401094
385,Appartement neuf enregistré conservé Médina Errahma,570000.0,Casablanca,Errahma,75.0,3,2,7600.0,2026-05-07 14:31:06.401207
386,Appartement Mers Sultan 139 m² à Casablanca,1750000.0,Casablanca,Mers Sultan,139.0,2,2,12589.93,2026-05-07 14:31:06.401319
387,Appartement de luxe à vendre à Marina golf Asilah,1800000.0,Asilah,Toute La Ville,113.0,3,2,15929.2,2026-05-07 14:31:06.401430
388,beau duplex en vente ain borja,850000.0,Casablanca,Aïn Chock,85.0,2,1,10000.0,2026-05-07 14:31:06.401537
389,Appartement 74m 3 chambres salon,580000.0,Marrakech,Autre Secteur,74.0,3,1,7837.84,2026-05-07 14:31:06.401648
390,Bel appartement en vente al fida,660000.0,Casablanca,Al Fida,66.0,2,1,10000.0,2026-05-07 14:31:06.401764
391,Appartement à vendre 68 m² au maarif,1280000.0,Casablanca,Maarif,68.0,2,1,18823.53,2026-05-07 14:31:06.401879
392,bel appartement en vente ain borja,693500.0,Casablanca,Aïn Borja,79.0,3,1,8778.48,2026-05-07 14:31:06.401991
393,Appartement à vendre 59 m² à Ain Sebaa,708000.0,Casablanca,Ain Sebaa,59.0,2,2,12000.0,2026-05-07 14:31:06.402102
394,Bel appartement vente quartier des hôpitaux,1200000.0,Casablanca,Quartier Des Hôpitaux,92.0,2,2,13043.48,2026-05-07 14:31:06.402217
395,Appartement 144m2 centre ville à vendre,400000.0,Casablanca,Anfa,144.0,3,1,2777.78,2026-05-07 14:31:06.402326
396,Bel appartement vente belvedere,970000.0,Casablanca,Belvédère,109.0,3,2,8899.08,2026-05-07 14:31:06.402435
397,Grand bel appartement en vente Casablanca,1690000.0,Casablanca,Centre Ville,189.0,3,2,8941.8,2026-05-07 14:31:06.402549
398,Appartement à vendre 58 m² à Marrakech,1600000.0,Marrakech,Route De Tahanaoute,60.0,1,1,26666.67,2026-05-07 14:31:06.402660
399,Bel appartement de 73m² à Ain Sebaa,817600.0,Casablanca,Oulfa,73.0,3,2,11200.0,2026-05-07 14:31:06.402771
400,Appartement 110 m² à Casablanca,530000.0,Casablanca,Sidi Bernoussi,110.0,3,2,4818.18,2026-05-07 14:31:06.402885
401,bel appartement en vente 3 chambres 1 salon,950000.0,Casablanca,Aïn Borja,112.0,3,1,8482.14,2026-05-07 14:31:06.402996
402,Grand appartement en vente à Ain Borja,1600000.0,Casablanca,Aïn Borja,225.0,4,2,7111.11,2026-05-07 14:31:06.403109
403,A vendre Appartement 65 m² à Ouislane Meknes,260000.0,Ouislane,Toute La Ville,73.0,2,1,3561.64,2026-05-07 14:31:06.403219
404,Rez de jardin à vendre 107 m² vue sur piscine,1900000.0,Marrakech,Route De Casablanca,107.0,2,2,17757.01,2026-05-07 14:31:06.403325
405,Appartement à vendre 208 m² à Racine,3750000.0,Casablanca,Racine,208.0,3,3,18028.85,2026-05-07 14:31:06.403437
406,Appartement Allal El Fassi Hôtel Redouane disponible uniquement,1400000.0,Marrakech,Allal El Fassi,130.0,3,1,10769.23,2026-05-07 14:31:06.403547
407,Appartement à vendre 67 m² à Asilah,900000.0,Asilah,Toute La Ville,67.0,2,1,13432.84,2026-05-07 14:31:06.403663
408,TNG-TA-1129 - Appartement à vendre à Msala,1350000.0,Tanger,Autre Secteur,86.0,2,1,15697.67,2026-05-07 14:31:06.403773
409,Appartement à vendre à Marina Vue Mer,4900000.0,Agadir,Marina,110.0,2,2,44545.45,2026-05-07 14:31:06.403960
410,Appartement à vendre 174m2 à Mers Sultan,440000.0,Casablanca,Mers Sultan,174.0,3,2,2528.74,2026-05-07 14:31:06.404073
411,Appartement meublé à vendre,940000.0,Tanger,Autre Secteur,81.0,2,1,11604.94,2026-05-07 14:31:06.404203
412,Appartement à vendre 64 m² à Casablanca,640000.0,Casablanca,Hay Hassani,64.0,2,1,10000.0,2026-05-07 14:31:06.404326
413,Appartements à vendre,1050000.0,Temara,Autre Secteur,100.0,3,2,10500.0,2026-05-07 14:31:06.404447
414,Appartements à vendre près du café Russie,850000.0,Martil,Toute La Ville,80.0,3,1,10625.0,2026-05-07 14:31:06.404566
415,Appartement de haut standing,1650000.0,Tétouan,Safir,147.0,2,2,11224.49,2026-05-07 14:31:06.404677
416,"Nous vous apportons d'excellents appartements à vendre, premier étage 300 000 Dhs.",300000.0,Kénitra,Bir Rami,70.0,2,1,4285.71,2026-05-07 14:31:06.404792
417,Excellent appartement meublé à vendre dans le quartier Al Saada près de Marjane,570000.0,Marrakech,Es Saada,54.0,2,1,10555.56,2026-05-07 14:31:06.404910
418,Appartement à vendre 70 m² à Essaouira,720000.0,Essaouira,Centre Ville,75.0,2,1,9600.0,2026-05-07 14:31:06.405022
419,Appartement sur R plus 2,930000.0,El Jadida,Hay Essalam,80.0,3,2,11625.0,2026-05-07 14:31:06.405206
420,STUDIO à vendre Jnan Awrad Marrakech,955000.0,Marrakech,Route De Casablanca,49.0,1,1,19489.8,2026-05-07 14:31:06.405325
421,Bel appartement à vendre à Hay Charaf,740000.0,Marrakech,Hay Charaf,98.0,2,1,7551.02,2026-05-07 14:31:06.405489
422,Appartement à vendre 99 m² à Casablanca,950000.0,Casablanca,Sidi Maarouf,87.0,3,2,10919.54,2026-05-07 14:31:06.405601
423,Appartement Meftah Anza,580000.0,Agadir,Anza,40.0,1,1,14500.0,2026-05-07 14:31:06.405712
424,Bel appartement de 66 m2 à vendre,367000.0,Sidi Hajjaj Oued Hassar,Toute La Ville,66.0,2,1,5560.61,2026-05-07 14:31:06.405831
425,Appartements de luxe à vendre,890000.0,Kénitra,Val Fleury,124.0,3,2,7177.42,2026-05-07 14:31:06.405943
426,Bel appartement terrasse à Essaouira,850000.0,Essaouira,Centre Ville,62.0,1,1,13709.68,2026-05-07 14:31:06.406070
427,Appartement à vendre Sidi Rahal,680000.0,Sidi Rahal,Toute La Ville,84.0,3,2,8095.24,2026-05-07 14:31:06.406189
428,Studios à vendre à Zenata,740000.0,Zenata,Toute La Ville,50.0,1,1,14800.0,2026-05-07 14:31:06.406301
429,"Appartement ""Soumi Vini"" dans un quartier chic près de la mosquée et sans intérêt",380000.0,Benslimane,Autre Secteur,126.0,3,1,3015.87,2026-05-07 14:31:06.406406
430,Appartement à vendre 76 m² à Marrakech,1350000.0,Marrakech,Mabrouka,76.0,2,2,17763.16,2026-05-07 14:31:06.406528
431,Appartement à vendre 80 m² à Marrakech,1700000.0,Marrakech,Route De Safi,80.0,2,2,21250.0,2026-05-07 14:31:06.406646
432,Triplex de 200m² à 200m avenue ibn badis,1120000.0,El Jadida,Autre Secteur,203.0,3,1,5517.24,2026-05-07 14:31:06.406757
433,Appartement à vendre 129 m² à Casablanca,1650000.0,Casablanca,Almaz,146.0,3,3,11301.37,2026-05-07 14:31:06.406882
434,Appartement à vendre,700000.0,Kénitra,Alliance,85.0,2,1,8235.29,2026-05-07 14:31:06.406998
435,Appartement à vendre 80 m² à Mohammedia,820000.0,Mohammedia,Autre Secteur,80.0,2,2,10250.0,2026-05-07 14:31:06.407149
436,Appartement à vendre 74 m² à Marrakech,1450000.0,Marrakech,Palmeraie,74.0,2,2,19594.59,2026-05-07 14:31:06.407269
437,Appartement à vendre 35 m² à Marrakech,660000.0,Marrakech,Route D'Ourika,37.0,1,1,17837.84,2026-05-07 14:31:06.407380
438,Appartement à vendre 92 m² à boustane El Jadida,660000.0,El Jadida,Al Boustane,92.0,2,1,7173.91,2026-05-07 14:31:06.407494
439,Studio à vendre,660000.0,Marrakech,Amerchich,45.0,1,1,14666.67,2026-05-07 14:31:06.464214
440,Appartement à vendre 75 m² à Fès,420000.0,Fès,Oued Fès,92.0,2,2,4565.22,2026-05-07 14:31:06.407603
441,Appartement à vendre 65 m² à Mohammedia,510000.0,Mohammedia,Autre Secteur,65.0,2,1,7846.15,2026-05-07 14:31:06.407729
442,Super appart 78m2 H standing Aswac Salam,750000.0,Mohammedia,Autre Secteur,78.0,2,2,9615.38,2026-05-07 14:31:06.407861
443,Duplex meublé à vendre centre ville,620000.0,Kénitra,Centre,75.0,2,2,8266.67,2026-05-07 14:31:06.407975
444,Appartement de 3 chambres à vendre à Maamora,1330000.0,Kénitra,Maamora,130.0,3,2,10230.77,2026-05-07 14:31:06.408086
445,Appartement à vendre 75 m² à Essaouira,1000000.0,Essaouira,Centre Ville,75.0,3,2,13333.33,2026-05-07 14:31:06.408195
446,Appartement à vendre 199 m² à Boulevard Zerktouni,3800000.0,Casablanca,Maarif,199.0,3,3,19095.48,2026-05-07 14:31:06.408314
447,Appartement à vendre 145 m² à Tétouan,2000000.0,Tétouan,Autre Secteur,145.0,3,2,13793.1,2026-05-07 14:31:06.408429
448,Appartement à vendre Hay Fadl,600000.0,Marrakech,Hay Charaf,68.0,2,1,8823.53,2026-05-07 14:31:06.408553
449,"Appartement à vendre, 2ème étage, Jnan Louz Loualfa",36000000.0,Casablanca,Oulfa,51.0,2,1,705882.35,2026-05-07 14:31:06.408663
450,Superbe appartement à vendre à Sidi Kacem - Sans intermédiaire,320000.0,Sidi Kacem,Toute La Ville,105.0,2,1,3047.62,2026-05-07 14:31:06.408779
451,Excellent appartement à vendre dans le quartier de Cherf près de Marjane,740000.0,Marrakech,Hay Charaf,98.0,2,1,7551.02,2026-05-07 14:31:06.408931
452,Appartement à vendre dans le quartier Al-Zahour près de l'école Al-Arabi et Marjane,540000.0,Marrakech,Hay Izdihar,50.0,2,1,10800.0,2026-05-07 14:31:06.409048
453,Appartement à vendre 70 m² au Vizir Center à Marrakech,1250000.0,Marrakech,Route De Casablanca,70.0,1,2,17857.14,2026-05-07 14:31:06.409165
454,Appartement à vendre 110 m² à Casablanca,2000000.0,Casablanca,Beauséjour,110.0,2,2,18181.82,2026-05-07 14:31:06.409308
455,Appartement à vendre à Triangle d’Or,1200000.0,Casablanca,Triangle D'Or,80.0,2,1,15000.0,2026-05-07 14:31:06.409423
456,Appartement à vendre 151 m² à Casablanca,2600000.0,Casablanca,Ferme Bretone,151.0,3,3,17218.54,2026-05-07 14:31:06.409533
457,Appartement à vendre 125 m² Sidi abbad Marrakech,1450000.0,Marrakech,Sidi Abbad,125.0,3,2,11600.0,2026-05-07 14:31:06.409652
458,Appartement en face zone villa,520000.0,Kénitra,Seyad,68.0,2,1,7647.06,2026-05-07 14:31:06.409762
459,APPARTEMENT RÉSIDENCE TAOUIRT TAGHAZOUT BAY,3200000.0,Agadir,Tamraght,99.0,1,2,32323.23,2026-05-07 14:31:06.409881
460,appartement à Bahia Golf beach,1949000.0,Bouznika,Autre Secteur,121.0,3,2,16107.44,2026-05-07 14:31:06.409989
461,"Appartement à vendre à Menzah, Rue Mohamed VI",21000000.0,El Menzeh,Toute La Ville,128.0,3,2,164062.5,2026-05-07 14:31:06.410109
462,Secteur 21 Hay Riad,740000.0,Rabat,Hay Riad,377.0,5,3,1962.86,2026-05-07 14:31:06.410219
463,Bonne affaire dans le quartier administratif,1580000.0,Tanger,Centre Ville,103.0,2,2,15339.81,2026-05-07 14:31:06.410329
464,Appt titré 121m² 3ch avec Parking Maamora Kénitra,900000.0,Kénitra,Maamora,121.0,3,1,7438.02,2026-05-07 14:31:06.410477
465,"Appartement à vendre, 2 Mars Casablanca",2400000.0,Casablanca,2 Mars,159.0,3,3,15094.34,2026-05-07 14:31:06.410594
466,Bel appartement à Jnane Californie,1690000.0,Casablanca,Mandarona,123.0,2,2,13739.84,2026-05-07 14:31:06.410706
467,vente appartement moyen standing oulfa,530000.0,Casablanca,Oulfa,58.0,2,1,9137.93,2026-05-07 14:31:06.410820
468,Appartement à vendre 82 m² à Kénitra,640000.0,Kénitra,Alliance,82.0,2,2,7804.88,2026-05-07 14:31:06.410934
469,Appartement de Luxe 270 m²–Hay Riad Rabat,8000000.0,Rabat,Hay Riad,270.0,3,4,29629.63,2026-05-07 14:31:06.411049
470,Appartement à vendre 68 m² à Casablanca,700000.0,Casablanca,Lissasfa,68.0,2,1,10294.12,2026-05-07 14:31:06.411183
471,Appartement Titré.,2400000.0,Casablanca,2 Mars,168.0,2,3,14285.71,2026-05-07 14:31:06.411291
472,Magnifique appartement jardin ibn Khafaja,1700000.0,Kénitra,Maamora,120.0,3,2,14166.67,2026-05-07 14:31:06.411401
473,Appartement Avec Terrasse à vendre à Tamraght,1030000.0,Agadir,Tamraght,80.0,2,2,12875.0,2026-05-07 14:31:06.411513
474,Appartement à vendre 256 m² à Tanger,2000000.0,Tanger,Achakar,256.0,3,3,7812.5,2026-05-07 14:31:06.411622
475,hamza had soualem fiha 70000dh da3d,500000.0,Had Soualem,Toute La Ville,74.0,2,2,6756.76,2026-05-07 14:31:06.411729
476,Appartement à vendre 68 m² à Kénitra,340000.0,Kénitra,Bir Rami,68.0,2,1,5000.0,2026-05-07 14:31:06.411844
477,À vendre appartement de luxe à malabata hills,8000000.0,Tanger,Sania,366.0,3,2,21857.92,2026-05-07 14:31:06.411962
478,Magnifique vue Golf et piscine,1750000.0,Marrakech,Agdal,47.0,1,1,37234.04,2026-05-07 14:31:06.412069
479,"appt 3 chambres, 2 minutes du quartier financier",1150000.0,Casablanca,Oulfa,114.0,3,1,10087.72,2026-05-07 14:31:06.412180
480,Appartement à vendre 94 m² à Kénitra,680000.0,Kénitra,Seyad,94.0,2,2,7234.04,2026-05-07 14:31:06.412297
481,Appartement à vendre 62 m² à Berrechid,380000.0,Berrechid,Toute La Ville,62.0,2,2,6129.03,2026-05-07 14:31:06.412410
482,Appartement à vendre 90 m² à Kénitra,600000.0,Kénitra,Seyad,90.0,3,1,6666.67,2026-05-07 14:31:06.412519
483,Appartement à vendre 70 m² à Kénitra,340000.0,Kénitra,Bir Rami,70.0,2,1,4857.14,2026-05-07 14:31:06.412631
484,Appartement à vendre 80 m² à Kénitra,610000.0,Kénitra,Seyad,80.0,2,2,7625.0,2026-05-07 14:31:06.412745
485,Appartement à vendre 95 m² à Kénitra,490000.0,Kénitra,Bir Rami,95.0,3,2,5157.89,2026-05-07 14:31:06.412867
486,LES PRINCESSES JOLI APPARTEMENT NEUF À VENDRE,1470000.0,Casablanca,Gauthier,66.0,2,1,22272.73,2026-05-07 14:31:06.412981
487,Appartement à vendre 90 m² à Kénitra,660000.0,Kénitra,Mimosas,90.0,2,1,7333.33,2026-05-07 14:31:06.413091
488,Appartement à vendre 329 m² à Fès,2300000.0,Fès,Champ De Course,329.0,3,3,6990.88,2026-05-07 14:31:06.413204
489,Appartement à vendre à Berrechid El Qabbah,340000.0,Berrechid,Toute La Ville,70.0,2,1,4857.14,2026-05-07 14:31:06.413313
490,Appartement à vendre 123 m² à Tanger,3500000.0,Tanger,Centre Ville,202.0,3,3,17326.73,2026-05-07 14:31:06.413448
491,Appartement de Grande Superficie 93 m²,850000.0,Marrakech,Hay Charaf,93.0,2,1,9139.78,2026-05-07 14:31:06.413567
492,Super Appartement Vue sur Mer à Dar Bouazza,2390000.0,Dar Bouazza,Toute La Ville,132.0,3,2,18106.06,2026-05-07 14:31:06.413679
493,Appartement 97m² urgent Oulfa route errahma,795000.0,Casablanca,Oulfa,103.0,3,2,7718.45,2026-05-07 14:31:06.413793
494,Appartement à vendre 58 m² à Agadir,590000.0,Agadir,Tilila,58.0,2,1,10172.41,2026-05-07 14:31:06.413913
495,Appartement de très haut standing entièrement rénové,5500000.0,Rabat,Riyad,228.0,4,3,24122.81,2026-05-07 14:31:06.414028
496,Studio meublé à vendre à Mansoria,700000.0,El Mansouria,Toute La Ville,52.0,1,1,13461.54,2026-05-07 14:31:06.414138
497,Appartement neuf résidence privé à Agadir,830000.0,Agadir,Hay Mohammadi,83.0,2,2,10000.0,2026-05-07 14:31:06.414365
498,Studio RACINE avec grande terrasse à vendre,1300000.0,Casablanca,Racine,74.0,1,1,17567.57,2026-05-07 14:31:06.414601
499,Appartement divisé en 2 studios à 2 min de Marina,3200000.0,Tanger,Autre Secteur,84.0,2,2,38095.24,2026-05-07 14:31:06.414731
500,Appartement neuf à vendre 136 m² à Harhoura Valdor,2500000.0,Temara,Harhoura,136.0,3,3,18382.35,2026-05-07 14:31:06.414860
501,Joli Duplex à vendre de 82 m² à Marrakech,1476000.0,Marrakech,Guéliz,82.0,1,2,18000.0,2026-05-07 14:31:06.414973
502,Duplex luxueux à vendre 318 m² à Racine,4000000.0,Casablanca,Racine,318.0,4,3,12578.62,2026-05-07 14:31:06.415088
503,Superbe Appartement à vendre 75 m² à Marrakech,1050000.0,Marrakech,Hay Izdihar,75.0,2,2,14000.0,2026-05-07 14:31:06.415199
504,Appartement à vendre 170 m² à Tanger,1200000.0,Tanger,Aharrarine,170.0,3,2,7058.82,2026-05-07 14:31:06.415311
505,Appartement à vendre 68m² à Bouznika,480000.0,Bouznika,Autre Secteur,72.0,2,2,6666.67,2026-05-07 14:31:06.415423
506,Lux petit appartement Tamaris,990000.0,Dar Bouazza,Toute La Ville,65.0,1,1,15230.77,2026-05-07 14:31:06.415546
507,Somptueux appartement à vendre,2850000.0,Dar Bouazza,Toute La Ville,200.0,3,2,14250.0,2026-05-07 14:31:06.415656
508,Appartement à vendre 121 m² à Casablanca,1350000.0,Casablanca,Florida,124.0,3,1,10887.1,2026-05-07 14:31:06.415767
509,appartement a vendre,420000.0,Casablanca,Oulfa,59.0,2,2,7118.64,2026-05-07 14:31:06.415883
510,Bel appartement familial,950000.0,Agadir,Hay Salam,124.0,3,2,7661.29,2026-05-07 14:31:06.415996
511,Appartement 2ème étage Hay El Matar,300000.0,El Jadida,Quartier Aérodrome,60.0,2,1,5000.0,2026-05-07 14:31:06.416106
512,Appartement à saisir à Sidi Bouzid El Jadida,750000.0,El Jadida,Autre Secteur,81.0,2,1,9259.26,2026-05-07 14:31:06.416216
513,Duplex en plein centre Av Med V,1200000.0,Kénitra,Mimosas,160.0,3,3,7500.0,2026-05-07 14:31:06.416342
514,Appartement à vendre 153 m² à Tétouan,1989000.0,Tétouan,Safir,153.0,2,2,13000.0,2026-05-07 14:31:06.416451
515,LES PRINCESSES JOLI STUDIO NEUF À VENDRE 57 m²,1280000.0,Casablanca,Les Princesses,57.0,1,1,22456.14,2026-05-07 14:31:06.416562
516,MAARIF PRES TWIN BEL APPARTEMENT A VENDRE 150 m²,2250000.0,Casablanca,Maarif,150.0,3,2,15000.0,2026-05-07 14:31:06.416673
517,MAÂRIF JOLI APPARTEMENT 109 m² À VENDRE,1050000.0,Casablanca,Maarif,109.0,2,2,9633.03,2026-05-07 14:31:06.416789
518,Superbe studio de 52m² à saisir vite,988000.0,Marrakech,Guéliz,52.0,1,1,19000.0,2026-05-07 14:31:06.416904
519,Appartement 95m² à vendre,1500000.0,Mohammedia,La Siesta,95.0,2,1,15789.47,2026-05-07 14:31:06.417018
520,Appartement à vendre Californie,2600000.0,Casablanca,Californie,127.0,3,1,20472.44,2026-05-07 14:31:06.417130
521,Appartement Fascinant,340000.0,Meknès,Hamria,62.0,2,1,5483.87,2026-05-07 14:31:06.417242
522,PALMIER JOLI APPT NEUF À VENDRE 58 m²,1470000.0,Casablanca,Palmier,58.0,2,1,25344.83,2026-05-07 14:31:06.417350
523,APPARTEMENT À VENDRE À HARHOURA RDC PISCINE,1100000.0,Temara,Harhoura,70.0,2,1,15714.29,2026-05-07 14:31:06.417468
524,Appartement à vendre Ahlane Tanger,1550000.0,Tanger,Ahlane,128.0,3,3,12109.38,2026-05-07 14:31:06.417605
525,Magnifique Studio à vendre,850000.0,Mohammedia,Quartier Du Parc,57.0,1,1,14912.28,2026-05-07 14:31:06.417716
526,Appartement refait à neuf,300000.0,Casablanca,Lissasfa,56.0,2,1,5357.14,2026-05-07 14:31:06.417835
527,Luxueux Appartement à vendre à Casablanca,1395000.0,Casablanca,Nassim,153.0,3,2,9117.65,2026-05-07 14:31:06.417951
528,STUDIO NEUF AVEC TERRASSE À VENDRE AUX PRINCESSES,1269000.0,Casablanca,Les Princesses,57.0,1,1,22263.16,2026-05-07 14:31:06.418062
529,Vente Appartement 3 pièces de 125 m2 à Sidi Rahal,1650000.0,Sidi Rahal,Toute La Ville,125.0,2,2,13200.0,2026-05-07 14:31:06.418193
530,Appartement à vendre 77 m² à Casablanca,835000.0,Casablanca,Ain Sebaa,77.0,2,2,10844.16,2026-05-07 14:31:06.418306
531,Appartement à vendre à Tamensort,420000.0,Marrakech,Route De Tamansourt,94.0,2,1,4468.09,2026-05-07 14:31:06.418419
532,Appartement à vendre 202 m² à Rabat,4750000.0,Rabat,Hay Riad,202.0,3,1,23514.85,2026-05-07 14:31:06.418531
533,Appartement à vendre 70 m² à Kénitra bir rami,450000.0,Kénitra,Bir Rami,70.0,2,1,6428.57,2026-05-07 14:31:06.418647
534,Appartement à vendre 119 m² sur 2mars,1606500.0,Casablanca,2 Mars,119.0,3,1,13500.0,2026-05-07 14:31:06.418768
535,Appartement à vendre sur l'Agdal,3400000.0,Rabat,Agdal,150.0,3,2,22666.67,2026-05-07 14:31:06.418888
536,Casablanca Ain Sebaa,340000.0,Mediouna,Toute La Ville,53.0,2,1,6415.09,2026-05-07 14:31:06.418999
537,Appartement à vendre 125 m² à Casablanca,1030000.0,Casablanca,Ain Sebaa,125.0,2,1,8240.0,2026-05-07 14:31:06.419107
538,particulier,3100000.0,Casablanca,Autre Secteur,208.0,4,3,14903.85,2026-05-07 14:31:06.419223
539,Appartements à vendre à Harhoura Valdor,1560000.0,Temara,Harhoura,92.0,2,1,16956.52,2026-05-07 14:31:06.419339
540,Appartement à vendre avec conditions de soutien,470000.0,Had Soualem,Toute La Ville,63.0,2,2,7460.32,2026-05-07 14:31:06.419451
541,Appartement à vendre derrière Aquaparc,616000.0,Casablanca,Errahma,56.0,2,1,11000.0,2026-05-07 14:31:06.419567
542,"Excellent appartement à vendre dans le quartier de Cherf, premier étage, près de Marjane",890000.0,Marrakech,Hay Charaf,84.0,2,1,10595.24,2026-05-07 14:31:06.419679
543,Appart à vendre a beausejour Casa,1250000.0,Casablanca,Beauséjour,124.0,3,2,10080.65,2026-05-07 14:31:06.419798
544,Appartement à vendre en indivision,270000.0,Berrechid,Toute La Ville,72.0,2,1,3750.0,2026-05-07 14:31:06.419911
545,Appartement RDC Jardin 99m² - Les Perles de Californie,1500000.0,Casablanca,Californie,99.0,2,2,15151.52,2026-05-07 14:31:06.420033
546,Appartement haut standing Islane,1340000.0,Agadir,Hay Mohammadi,98.0,2,2,13673.47,2026-05-07 14:31:06.420142
547,Appartement molkiya dans la wilaya de Tétouan,1550000.0,Tétouan,Wilaya,204.0,3,2,7598.04,2026-05-07 14:31:06.420251
548,Appartement Traversant 130m² à Ain Chock Inara,1260000.0,Casablanca,Al Qods,130.0,3,2,9692.31,2026-05-07 14:31:06.420357
549,Résidence Riyad Sahel,500000.0,Had Soualem,Toute La Ville,74.0,2,2,6756.76,2026-05-07 14:31:06.420462
550,"Triplex de luxe à vendre, centre ville",3400000.0,Tanger,Centre Ville,238.0,3,2,14285.71,2026-05-07 14:31:06.420568
551,Appartement 74 m au 4ème étage,500000.0,Had Soualem,Toute La Ville,74.0,2,2,6756.76,2026-05-07 14:31:06.420676
552,Capo Negro,3996000.0,Martil,Toute La Ville,148.0,3,2,27000.0,2026-05-07 14:31:06.420789
553,AGRÉABLE APPARTEMENT REZ-DE-CHAUSSÉE HARHOURA,1100000.0,Temara,Harhoura,70.0,2,1,15714.29,2026-05-07 14:31:06.420899
554,Appartement à vendre 60 m² à Agadir,36000000.0,Agadir,Taddart Anza,60.0,2,1,600000.0,2026-05-07 14:31:06.421010
555,"Appartement à vendre Shams Al Madina, Tit Mellil, 2ème étage",280000.0,Tit Mellil,Toute La Ville,59.0,2,1,4745.76,2026-05-07 14:31:06.421119
556,Appartement de 80 m² à Kénitra al maghrib al arabi,640000.0,Kénitra,Al Maghrib Al Arabi,80.0,2,2,8000.0,2026-05-07 14:31:06.421229
557,Appartement à vendre 45 m² à Cabo Negro,850000.0,Cabo Negro,Toute La Ville,46.0,1,1,18478.26,2026-05-07 14:31:06.421336
558,Appartement Nejma pour investissement Airbnb,2150000.0,Tanger,Malabata,163.0,3,2,13190.18,2026-05-07 14:31:06.421467
559,Joli appartement à Sidi Rahal,800000.0,Sidi Rahal,Toute La Ville,75.0,2,2,10666.67,2026-05-07 14:31:06.421580
560,Appartement à vendre 71 m² à Bouznika,600000.0,Bouznika,Autre Secteur,71.0,2,1,8450.7,2026-05-07 14:31:06.421718
561,Très beau 3ch au Maarif Extension,2150000.0,Casablanca,Maârif Extension,146.0,3,3,14726.03,2026-05-07 14:31:06.421867
562,Appartement à vendre 80 m² à Khouribga,580000.0,Khouribga,Toute La Ville,80.0,2,2,7250.0,2026-05-07 14:31:06.421996
563,Appartement à vendre 131 m² à Meknès,509000.0,Meknès,Zitoune,131.0,3,2,3885.5,2026-05-07 14:31:06.422105
564,Appartement à vendre 70 m² à Fès,250000.0,Fès,Agdal,70.0,2,1,3571.43,2026-05-07 14:31:06.422209
565,Appartement 150 m² à Kénitra lotissement alliance,870000.0,Kénitra,Alliance,150.0,3,2,5800.0,2026-05-07 14:31:06.422322
566,Appartement à vendre 78 m² à Casablanca,897000.0,Casablanca,Ain Sebaa,78.0,2,2,11500.0,2026-05-07 14:31:06.422434
567,Appartement 137m Haut Standing Maarif Ex,1880000.0,Casablanca,Maârif Extension,142.0,3,2,13239.44,2026-05-07 14:31:06.422549
568,Appartement à vendre 90 m² à Bir Rami Kénitra,570000.0,Kénitra,Bir Rami,90.0,3,2,6333.33,2026-05-07 14:31:06.422663
569,Appartement neuf 70 m² 5 pièces,640000.0,Marrakech,Autre Secteur,70.0,3,1,9142.86,2026-05-07 14:31:06.422793
570,Appartement à vendre 3 chambres à Moulay Youssef 119 m²,3000000.0,Casablanca,Moulay Youssef,119.0,3,2,25210.08,2026-05-07 14:31:06.422915
571,Appartement 85 m² à Ain sebaa,920000.0,Casablanca,Ain Sebaa,85.0,2,2,10823.53,2026-05-07 14:31:06.423025
572,Appartement à vendre 91 m² à Casablanca,1046000.0,Casablanca,Ain Sebaa,91.0,2,2,11494.51,2026-05-07 14:31:06.423136
573,lotissement riyad sahel,490000.0,Had Soualem,Toute La Ville,69.0,2,2,7101.45,2026-05-07 14:31:06.423251
574,Appartement rénové jamais habité à Farah Salam,375000.0,Casablanca,Oulfa,50.0,2,1,7500.0,2026-05-07 14:31:06.423363
575,Appartement à vendre 55 m² à Casablanca,1200000.0,Casablanca,Ferme Bretone,55.0,2,2,21818.18,2026-05-07 14:31:06.423480
576,"Bel appartement à vendre à Dyar Al Andalous, emplacement stratégique",440000.0,Bouskoura,Bouskoura Centre,61.0,2,2,7213.11,2026-05-07 14:31:06.423607
577,Vente Appartement 2 pièces de 44 m2 à Zenata,880000.0,Zenata,Toute La Ville,44.0,1,1,20000.0,2026-05-07 14:31:06.423723
578,Opportunité d'investissement près de la gare de Marrakech,1180000.0,Marrakech,Guéliz,45.0,1,1,26222.22,2026-05-07 14:31:06.423837
579,À VENDRE – Superbe appartement 77 m²,1350000.0,Casablanca,Les Princesses,77.0,2,2,17532.47,2026-05-07 14:31:06.423954
580,Appartements neufs à vendre Dar bouazza,627000.0,Dar Bouazza,Toute La Ville,78.0,2,2,8038.46,2026-05-07 14:31:06.424067
581,Vente Appartement 3 pièces de 85 m2 à Casablanca,1350000.0,Casablanca,Roches Noires,85.0,2,2,15882.35,2026-05-07 14:31:06.424179
582,Appartement haut standing 3 ch Maarif extension,1980000.0,Casablanca,Maârif Extension,132.0,3,2,15000.0,2026-05-07 14:31:06.424294
583,Appartement titré à vendre,170000.0,Meknès,Wislane,60.0,2,1,2833.33,2026-05-07 14:31:06.424408
584,Appartement 70m² R2 route de Marrakech,545000.0,El Jadida,Autre Secteur,70.0,2,1,7785.71,2026-05-07 14:31:06.424522
585,Studio à vendre 47 m² à Casablanca,1010500.0,Casablanca,Ferme Bretone,47.0,1,1,21500.0,2026-05-07 14:31:06.424644
586,Appartement Duplex 142m Meublé À Maarif Ex,1800000.0,Casablanca,Maarif,179.0,2,2,10055.87,2026-05-07 14:31:06.424755
587,Vente Appartement 5 pièces de 206 m2 à Casablanca,3300000.0,Casablanca,Maârif Extension,206.0,4,2,16019.42,2026-05-07 14:31:06.424895
588,Appartement à vendre 64 m² à Casablanca,1380000.0,Casablanca,Ferme Bretone,64.0,2,2,21562.5,2026-05-07 14:31:06.425009
589,Appartement RDC 64m à vendre Temara,670000.0,Temara,Autre Secteur,64.0,2,2,10468.75,2026-05-07 14:31:06.425125
590,Appartement 54 m² meublé - Riad Al Oulfa,460000.0,Casablanca,Oulfa,54.0,2,1,8518.52,2026-05-07 14:31:06.425244
591,"Appartement Chouka sans soutien, excellent emplacement",535000.0,Bouznika,Autre Secteur,55.0,2,1,9727.27,2026-05-07 14:31:06.425360
592,Appartement 109 m² en vente près clinique Kawtar,890000.0,Fès,Route Ain Chkaf,109.0,3,2,8165.14,2026-05-07 14:31:06.425481
593,Très bel appartement 3Ch pieds sans l'eau,2390000.0,Dar Bouazza,Toute La Ville,144.0,3,2,16597.22,2026-05-07 14:31:06.425593
594,Vente Appartement 2 pièces de 47 m2 à Casablanca,1150000.0,Casablanca,Maârif Extension,47.0,1,1,24468.09,2026-05-07 14:31:06.425734
595,Superbe appartement 1 chambre à Californie,1300000.0,Casablanca,Californie,146.0,1,2,8904.11,2026-05-07 14:31:06.425900
596,Petit appartement avec terrasse,860000.0,Casablanca,Belvédère,101.0,2,2,8514.85,2026-05-07 14:31:06.426027
597,Adorable Duplex à vendre Rabat à vendre à agdal,3800000.0,Rabat,Agdal,274.0,3,3,13868.61,2026-05-07 14:31:06.426137
598,Appartement à vendre 150 m² à Dar Bouazza,1980000.0,Dar Bouazza,Toute La Ville,150.0,3,2,13200.0,2026-05-07 14:31:06.426246
599,Vente Appartement 4 pièces de 63 m2 à Marrakech,500000.0,Marrakech,Azzouzia,63.0,2,2,7936.51,2026-05-07 14:31:06.426358
600,Vente Appartement 4 pièces de 113 m2 à Dar Bouazza,980000.0,Dar Bouazza,Toute La Ville,113.0,2,2,8672.57,2026-05-07 14:31:06.426496
601,Studio 44 m Les Princesses,940000.0,Casablanca,Les Princesses,44.0,1,1,21363.64,2026-05-07 14:31:06.426604
602,Résidence fermée Saidia à 5min de 🏖️🏝️,740000.0,Saidia,Toute La Ville,74.0,2,1,10000.0,2026-05-07 14:31:06.426716
603,Appartement 3 Chambres 2 Façades Centre-ville Tanger,2140000.0,Tanger,Castilla,112.0,3,2,19107.14,2026-05-07 14:31:06.426832
604,Opportunité à saisir - Appartement 3 chambres - Casa,1127000.0,Casablanca,Route D'Azemmour,97.0,3,2,11618.56,2026-05-07 14:31:06.426941
605,Appartement à vendre 64 m² à Fès,330000.0,Fès,Mont Fleuri,64.0,2,1,5156.25,2026-05-07 14:31:06.427047
606,Studio très haut standing au centre de Casa,950000.0,Casablanca,Franceville,38.0,1,1,25000.0,2026-05-07 14:31:06.427164
607,🔥 Appt Racine 3 chambres 170 m²,3500000.0,Casablanca,Racine,170.0,3,2,20588.24,2026-05-07 14:31:06.427269
608,Appartement à vendre Dar Bouazza,330000.0,Casablanca,Route D'Azemmour,58.0,2,1,5689.66,2026-05-07 14:31:06.427377
609,Appartement à vendre 187 m² à Kénitra,1500000.0,Kénitra,Mimosas,190.0,3,2,7894.74,2026-05-07 14:31:06.427489
610,Appartement à vendre meublé,2450000.0,Marrakech,Route De Casablanca,125.0,2,2,19600.0,2026-05-07 14:31:06.427601
611,Appartement Haut Standing – Val Fleuri,1900000.0,Casablanca,Val Fleuri,132.0,3,2,14393.94,2026-05-07 14:31:06.427717
612,Appartement à vendre 207 m² à Casablanca,2800000.0,Casablanca,Californie,207.0,5,2,13526.57,2026-05-07 14:31:06.427833
613,Particulier vend Duplex d'exception plein sud,1450000.0,Tamesna,Toute La Ville,179.0,3,1,8100.56,2026-05-07 14:31:06.427944
614,Appartement 93 m² à Victoria,880000.0,Bouskoura,Victoria,104.0,2,2,8461.54,2026-05-07 14:31:06.428053
615,Vente Appartement 3 pièces de 107 m2 à Marrakech,2000000.0,Marrakech,Route De Casablanca,107.0,2,2,18691.59,2026-05-07 14:31:06.428163
616,Vente Appartement 4 pièces de 135 m2 à Casablanca,2700000.0,Casablanca,Racine,135.0,3,3,20000.0,2026-05-07 14:31:06.428294
617,Appartement à Vendre Quartier Charaf 93 m²,850000.0,Marrakech,Hay Charaf,93.0,2,1,9139.78,2026-05-07 14:31:06.428402
618,Élégant Appartement 3 Chambres Avec Terrasse,4100000.0,Marrakech,Harti,117.0,3,2,35042.74,2026-05-07 14:31:06.428513
619,appartement à vendre,1050000.0,Casablanca,Al Qods,108.0,3,2,9722.22,2026-05-07 14:31:06.428619
620,Appartement salon 3 chambres 103 m² à Victoria,999000.0,Bouskoura,Victoria,114.0,3,2,8763.16,2026-05-07 14:31:06.428727
621,Studio à vendre 42 m² à ain sebaa,504000.0,Casablanca,Ain Sebaa,42.0,1,1,12000.0,2026-05-07 14:31:06.428842
622,🌿 Appartement d’exception à vendre à Achakar,2800000.0,Tanger,Achakar,165.0,2,2,16969.7,2026-05-07 14:31:06.428957
623,Laurier Rose Tamsna,420000.0,Tamesna,Toute La Ville,61.0,2,1,6885.25,2026-05-07 14:31:06.503007
624,Appartement 85m² vue piscine – plage à pied,1150000.0,Sidi Rahal,Toute La Ville,85.0,2,2,13529.41,2026-05-07 14:31:06.429066
625,Appartement 60 m² Mdiq Tétouan à vendre,860000.0,Mdiq,Toute La Ville,60.0,1,1,14333.33,2026-05-07 14:31:06.429177
626,Appartement ensoleillé dans un endroit magnifique près du golf,600000.0,Benslimane,Autre Secteur,98.0,2,1,6122.45,2026-05-07 14:31:06.429287
627,Vente Appartement 4 pièces de 101 m2 à Zenata,1380000.0,Zenata,Toute La Ville,101.0,3,2,13663.37,2026-05-07 14:31:06.429405
628,Appartement équipé à vendre 53 m² à Agadir,700000.0,Agadir,Hay Salam,53.0,2,1,13207.55,2026-05-07 14:31:06.429510
629,Super Studio à Vendre à Ferme Bretonne,1500000.0,Casablanca,Ferme Bretone,70.0,1,1,21428.57,2026-05-07 14:31:06.429645
630,Appartement vue sur mer,990000.0,Sidi Rahal,Toute La Ville,127.0,3,2,7795.28,2026-05-07 14:31:06.429755
631,Appartement sur Boulevard Mohamed 6,490000.0,Meknès,Marjane 2,90.0,2,1,5444.44,2026-05-07 14:31:06.429871
632,Appartement 76m Haut Standing Maarif Ex,1050000.0,Casablanca,Maârif Extension,76.0,2,2,13815.79,2026-05-07 14:31:06.429978
633,Vente Appartement 5 pièces de 158 m2 à Casablanca,1400000.0,Casablanca,Sidi Moumen,158.0,3,2,8860.76,2026-05-07 14:31:06.430089
634,Vente Appartement 3 pièces de 71 m2 à Marrakech,550000.0,Marrakech,Azzouzia,71.0,2,1,7746.48,2026-05-07 14:31:06.430196
635,Appartement 72m à Socrate Maârif Ex,1250000.0,Casablanca,Maârif Extension,72.0,2,2,17361.11,2026-05-07 14:31:06.430304
636,Appartement 67 m² à BOUSKOURA prix imbattable,690000.0,Casablanca,Autre Secteur,67.0,2,1,10298.51,2026-05-07 14:31:06.430417
637,Appartement 100m très chic maison R plus 2,480000.0,Meknès,Autre Secteur,100.0,3,2,4800.0,2026-05-07 14:31:06.430538
638,Résidence Premium à Kénitra,1180000.0,Kénitra,Autre Secteur,108.0,3,2,10925.93,2026-05-07 14:31:06.430655
639,Vente Appartement 2 pièces de 80 m2 à Marrakech,670000.0,Marrakech,Azzouzia,80.0,2,2,8375.0,2026-05-07 14:31:06.430814
640,Appartement Neuf 1er étage Centre Ville 2 chambres Terrasse,2190000.0,Tanger,Centre Ville,115.0,2,2,19043.48,2026-05-07 14:31:06.430927
641,Appartement à vendre – Beauséjour,1600000.0,Casablanca,Beauséjour,164.0,2,2,9756.1,2026-05-07 14:31:06.431039
642,Appartement à vendre à Tanger- centre,1860000.0,Tanger,Centre,113.0,3,2,16460.18,2026-05-07 14:31:06.431146
643,Vente Appartement 3 pièces de 70 m2 à Marrakech,900000.0,Marrakech,Allal El Fassi,70.0,2,1,12857.14,2026-05-07 14:31:06.431257
644,Appartement à vendre 87 m² à Oued Laou,750000.0,Oued Laou,Toute La Ville,87.0,2,1,8620.69,2026-05-07 14:31:06.431368
645,Vente Appartement 4 pièces de 84 m2 à Casablanca,1516000.0,Casablanca,Quartier Des Hôpitaux,84.0,3,2,18047.62,2026-05-07 14:31:06.431474
646,Vente Appartement 4 pièces de 150 m2 à Casablanca,2600000.0,Casablanca,Triangle D'Or,150.0,2,2,17333.33,2026-05-07 14:31:06.431618
647,Appartement 133m² ensoleillé au RDC à Val fleuri,1490000.0,Casablanca,Val Fleuri,133.0,3,2,11203.01,2026-05-07 14:31:06.431727
648,Appartement à vendre Meublé,820000.0,Agadir,Hay Mohammadi,56.0,2,1,14642.86,2026-05-07 14:31:06.431845
649,Vente Appartement 3 pièces de 81 m2 à Tamaris,780000.0,Tamaris,Toute La Ville,81.0,2,1,9629.63,2026-05-07 14:31:06.431961
650,APPARTEMENT MODERNE À VAL FLEURY,1300000.0,Kénitra,Val Fleury,136.0,3,1,9558.82,2026-05-07 14:31:06.432069
651,Appartements de 52 m² à 70 m² route de Rabat,450000.0,Tanger,Hay Hassani,52.0,2,2,8653.85,2026-05-07 14:31:06.432180
652,Dahomey appartement haute qualité,640000.0,Bouznika,Autre Secteur,74.0,2,2,8648.65,2026-05-07 14:31:06.432321
653,Vente Appartement 3 pièces de 75 m2 à Marrakech,660000.0,Marrakech,Ain Mezouar,75.0,2,1,8800.0,2026-05-07 14:31:06.432436
654,Vente Appartement 3 pièces de 82 m2 à Marrakech,1300000.0,Marrakech,Route De Safi,82.0,2,2,15853.66,2026-05-07 14:31:06.432543
655,Appartement 67m À Maarif Extension,950000.0,Casablanca,Maârif Extension,67.0,2,1,14179.1,2026-05-07 14:31:06.432649
656,Studio à vendre 65 m² Proche CFC / Cheikh Khalifa,1260000.0,Casablanca,Oulfa,77.0,1,1,16363.64,2026-05-07 14:31:06.432760
657,Vente Appartement 4 pièces de 90 m2 à Marrakech,720000.0,Marrakech,Azzouzia,90.0,2,1,8000.0,2026-05-07 14:31:06.432881
658,Appartement à vendre 60 m² à Tanger,550000.0,Tanger,Aharrarine,60.0,2,1,9166.67,2026-05-07 14:31:06.432990
659,Targa apparemment à vendre..,1400000.0,Marrakech,Massira 1,114.0,2,2,12280.7,2026-05-07 14:31:06.433100
660,Vente Appartement 3 pièces de 70 m2 à Casablanca,1430000.0,Casablanca,Quartier Des Hôpitaux,70.0,2,2,20428.57,2026-05-07 14:31:06.433206
661,"Appartements éligibles au programme de soutien au logement, premier étage, centre de Bouznika",795000.0,Bouznika,Hamza,96.0,3,2,8281.25,2026-05-07 14:31:06.433318
662,Appartements de 81m à 144m avec piscine à Tanja Balia,1134000.0,Tanger,Tanja Balia,80.0,2,2,14175.0,2026-05-07 14:31:06.433426
663,Appartement au deuxième étage,870000.0,Fès,Autre Secteur,124.0,2,2,7016.13,2026-05-07 14:31:06.433559
664,Appartement Wifak 200m Temara,2500000.0,Temara,Wifak,200.0,3,2,12500.0,2026-05-07 14:31:06.433680
665,Appart Duplex 250m à Résidence Andalousia,3000000.0,Casablanca,Maarif,250.0,4,3,12000.0,2026-05-07 14:31:06.433789
666,Vente Appartement 4 pièces de 190 m2 à Casablanca,3800000.0,Casablanca,Racine,190.0,3,2,20000.0,2026-05-07 14:31:06.433900
667,Vente Appartement 4 pièces de 162 m2 à Casablanca,1741500.0,Casablanca,Sidi Belyout,162.0,3,2,10750.0,2026-05-07 14:31:06.434008
668,Appartement à vendre 110 m² à Fès,750000.0,Fès,Autre Secteur,110.0,2,1,6818.18,2026-05-07 14:31:06.434119
669,Vente Appartement de 98 m2 à Marrakech,1300000.0,Marrakech,Allal El Fassi,98.0,3,2,13265.31,2026-05-07 14:31:06.434238
670,Appartement 91 m² – 7e étage – Malabata Tanger,1700000.0,Tanger,Malabata,91.0,2,2,18681.32,2026-05-07 14:31:06.434369
671,"Appartement 250 m² dont 50 de terrasse, Massira",4450000.0,Casablanca,Racine,250.0,3,3,17800.0,2026-05-07 14:31:06.434484
672,appartement avec grande terrasse parking titré,1500000.0,Marrakech,Guéliz,86.0,1,1,17441.86,2026-05-07 14:31:06.434629
673,Appartement à vendre,450000.0,Fès,Hay Ouifak,93.0,3,1,4838.71,2026-05-07 14:31:06.508237
674,Appartement 90m 2 façades Massira 2,850000.0,Temara,Massira 2,90.0,2,2,9444.44,2026-05-07 14:31:06.434747
675,"Appartement à vendre pour les intéressés, bienvenue",700000.0,Agadir,El Houda,70.0,2,1,10000.0,2026-05-07 14:31:06.434881
676,Appartements à vendre près de la clinique Yasmine,460000.0,Béni Mellal,Toute La Ville,75.0,2,1,6133.33,2026-05-07 14:31:06.434989
677,Vente Appartement 4 pièces de 116 m2 à Zenata,1380000.0,Zenata,Toute La Ville,116.0,3,2,11896.55,2026-05-07 14:31:06.435096
678,Vente Appartement 2 pièces de 65 m2 à Casablanca,1075000.0,Casablanca,Quartier Des Hôpitaux,65.0,1,1,16538.46,2026-05-07 14:31:06.435205
679,Appartement bien placé à vendre à Marrakech,430000.0,Marrakech,Hay Izdihar,46.0,1,1,9347.83,2026-05-07 14:31:06.435319
680,Vente Appartement 2 pièces de 44 m2 à Zenata,850000.0,Zenata,Toute La Ville,44.0,1,1,19318.18,2026-05-07 14:31:06.435429
681,Appartement à vendre 102 m² à Kénitra,1030000.0,Kénitra,La Ville Haute,114.0,2,1,9035.09,2026-05-07 14:31:06.435539
682,Appartement à vendre 70 m² à Kénitra,340000.0,Kénitra,Bir Rami,70.0,2,1,4857.14,2026-05-07 14:31:06.435647
683,Studio 59m² quartier Bachkou - GARDEN TADDART,1000000.0,Casablanca,Bachkou,59.0,1,2,16949.15,2026-05-07 14:31:06.435770
684,Appartement 100 m² 2 façades 5 pièces,840000.0,Marrakech,Autre Secteur,100.0,3,1,8400.0,2026-05-07 14:31:06.435882
685,Appartement à vendre 90 m² à Kénitra,570000.0,Kénitra,Seyad,90.0,2,2,6333.33,2026-05-07 14:31:06.436001
686,Appartement à vendre 84 m² à Kénitra,670000.0,Kénitra,Seyad,84.0,3,2,7976.19,2026-05-07 14:31:06.436112
687,Appartement 97m Maarif Ex Socrate,1180000.0,Casablanca,Maârif Extension,97.0,2,2,12164.95,2026-05-07 14:31:06.436222
688,Vente Appartement vue sur mer,5400000.0,Rabat,Yacoub El Mansour,154.0,3,3,35064.94,2026-05-07 14:31:06.436333
689,"Appt 177 m² avec terrasse, 1er étage Moulay Ismail",2000000.0,Tanger,Centre Ville,177.0,3,2,11299.44,2026-05-07 14:31:06.436435
690,Appartement à vendre 69 m² à Kénitra,580000.0,Kénitra,Al Maghrib Al Arabi,70.0,2,1,8285.71,2026-05-07 14:31:06.436543
691,Appartement à vendre 77 m² à Casablanca,1550000.0,Casablanca,Abdelmoumen,77.0,2,2,20129.87,2026-05-07 14:31:06.436652
692,Appartement à vendre 78 m² à Kénitra,550000.0,Kénitra,Seyad,78.0,2,1,7051.28,2026-05-07 14:31:06.436764
693,Appartement meublé à vendre 58 m² à Tanger Moulay Ismail,1000000.0,Tanger,Centre Ville,58.0,2,1,17241.38,2026-05-07 14:31:06.436880
694,Studio témoin 57 m2 vendables - Palmier-1er étage,1250000.0,Casablanca,Palmier,59.0,1,1,21186.44,2026-05-07 14:31:06.436995
695,Superbe Appartement Moderne à Vendre,580000.0,Marrakech,Allal El Fassi,50.0,2,2,11600.0,2026-05-07 14:31:06.437102
696,Appartement à vendre - 2CH - 86 m² - PALMIER,1760000.0,Casablanca,Palmier,98.0,2,2,17959.18,2026-05-07 14:31:06.437210
697,Appartement à vendre,450000.0,Casablanca,Bournazil,64.0,2,1,7031.25,2026-05-07 14:31:06.437316
698,Exclusivité bel appartement vue mer,3230000.0,Casablanca,Aïn Diab,140.0,3,3,23071.43,2026-05-07 14:31:06.437424
699,Vente d’un très bel appartement,2800000.0,Salé,Toute La Ville,211.0,3,3,13270.14,2026-05-07 14:31:06.437557
700,Appartement Chouka au quartier Lovallon Kénitra,670000.0,Kénitra,Seyad,83.0,3,2,8072.29,2026-05-07 14:31:06.437669
701,Appartement à vendre 97 m² à Casablanca,1260000.0,Casablanca,Aïn Borja,97.0,2,2,12989.69,2026-05-07 14:31:06.437778
702,Appartement à vendre 57 m² à Bouskoura,270000.0,Bouskoura,Bouskoura Centre,57.0,2,1,4736.84,2026-05-07 14:31:06.437894
703,Appartement à vendre à Le Vallon Kénitra,420000.0,Kénitra,Bir Rami,78.0,2,2,5384.62,2026-05-07 14:31:06.438002
704,Studio à vendre 36 m² à Marrakech,612000.0,Marrakech,Hay Izdihar,36.0,1,1,17000.0,2026-05-07 14:31:06.438138
705,Appartement à vendre Kasbah Amin,380000.0,Casablanca,Lissasfa,53.0,2,1,7169.81,2026-05-07 14:31:06.438248
706,Appartement meublé à vendre à Kénitra,1050000.0,Kénitra,El Haddada,90.0,3,2,11666.67,2026-05-07 14:31:06.438361
707,Appartement à vendre 158 m² à Nador,1350000.0,Nador,Al Boustane,158.0,3,2,8544.3,2026-05-07 14:31:06.438469
708,CMN-AN-1474 - Appartement à vendre à Bourgogne,1420000.0,Casablanca,Bourgogne,89.0,2,1,15955.06,2026-05-07 14:31:06.438577
709,Appartement à vendre 110 m² à Mehdia,2800000.0,Mehdia,Toute La Ville,121.0,3,2,23140.5,2026-05-07 14:31:06.438685
710,Appartement à vendre 80 m² à Kénitra,550000.0,Kénitra,Seyad,90.0,2,2,6111.11,2026-05-07 14:31:06.438798
711,MEK-ME-1078 - Appartement à vendre à Avenue des ...,920000.0,Meknès,Autre Secteur,110.0,3,2,8363.64,2026-05-07 14:31:06.438915
712,MHD-MHD-1079 - Appartement à vendre à Bd Sebta,980000.0,Mohammedia,Hay Al Amal,140.0,3,1,7000.0,2026-05-07 14:31:06.439027
713,FES-AG-1029 - Appartement à vendre à Champ de co...,1800000.0,Fès,Autre Secteur,275.0,3,2,6545.45,2026-05-07 14:31:06.439137
714,FES-AG-1026 - Appartement à vendre à L'habitat,760000.0,Fès,Autre Secteur,144.0,3,2,5277.78,2026-05-07 14:31:06.439250
715,RAK-GU-1111 - Appartement à vendre à Issil,840000.0,Marrakech,Issil,74.0,2,1,11351.35,2026-05-07 14:31:06.439361
716,CMN-MA-1854 - Appartement à vendre à Bir Anzarane,7000000.0,Casablanca,Maarif,416.0,4,3,16826.92,2026-05-07 14:31:06.439468
717,RAK-GU-1071 - Appartement à vendre à Issil,900000.0,Marrakech,Issil,103.0,2,1,8737.86,2026-05-07 14:31:06.439575
718,Appartement en face zone villa,850000.0,Kénitra,Seyad,102.0,3,2,8333.33,2026-05-07 14:31:06.439682
719,Appartement 2 façades le vallon,870000.0,Kénitra,Seyad,100.0,3,2,8700.0,2026-05-07 14:31:06.439798
720,Bel appartement sans vis-à-vis le vallon,800000.0,Kénitra,Seyad,104.0,3,2,7692.31,2026-05-07 14:31:06.439910
721,Duplex à vendre 121 m² à Marrakech,1631250.0,Marrakech,Hay Izdihar,121.0,3,3,13481.4,2026-05-07 14:31:06.440017
722,CMN-AS-1817 - Appartement à vendre à La Gironde,1600000.0,Casablanca,La Gironde,144.0,2,1,11111.11,2026-05-07 14:31:06.440127
723,Appartement à vendre 140 m² à Kénitra,710000.0,Kénitra,Seyad,140.0,2,2,5071.43,2026-05-07 14:31:06.440234
724,Appartement à vendre 76 m² à Kénitra,490000.0,Kénitra,Seyad,76.0,2,2,6447.37,2026-05-07 14:31:06.440347
725,Vente Appartement sans vis à vis,3000000.0,Rabat,Hay Riad,133.0,3,2,22556.39,2026-05-07 14:31:06.440459
726,TNG-TA-1072 - Appartement à vendre à Administratif,1710000.0,Tanger,Administratif,123.0,2,1,13902.44,2026-05-07 14:31:06.440566
727,CMN-MA-1801 - Appartement à vendre à Bachkou,2850000.0,Casablanca,Bachkou,156.0,3,2,18269.23,2026-05-07 14:31:06.440678
728,MEK-ME-1016 - Appartement à vendre à El Menzeh,1500000.0,Meknès,Autre Secteur,215.0,3,2,6976.74,2026-05-07 14:31:06.440789
729,TNG-TA-1071 - Appartement à vendre à Moujahidine,1000000.0,Tanger,Moujahidine,86.0,2,1,11627.91,2026-05-07 14:31:06.440906
730,FES-AG-1037 - Appartement à vendre à Nouvelle Ville,1900000.0,Fès,Autre Secteur,244.0,4,2,7786.89,2026-05-07 14:31:06.441014
731,Appartement neuf très peu utilisé,550000.0,El Jadida,Najmat Al Janoub,66.0,2,1,8333.33,2026-05-07 14:31:06.441128
732,"Superbe appartement à vendre à Qouassime, quartier Golf",610000.0,Tanger,Du Golf,56.0,2,1,10892.86,2026-05-07 14:31:06.441234
733,Appartement à vendre 70 m² à Kénitra,410000.0,Kénitra,Ouled Oujih,70.0,2,1,5857.14,2026-05-07 14:31:06.441389
734,CMN-HA-1657 - Appartement à vendre à Beauséjour,1300000.0,Casablanca,Beauséjour,134.0,2,1,9701.49,2026-05-07 14:31:06.441501
735,CMN-AC-1780 - Appartement à vendre à Californie,2250000.0,Casablanca,Californie,123.0,3,2,18292.68,2026-05-07 14:31:06.441609
736,TNG-BN-1039 - Appartement à vendre à Ahlane,1100000.0,Tanger,Autre Secteur,89.0,2,1,12359.55,2026-05-07 14:31:06.441718
737,TNG-TA-1068 - Appartement à vendre à Iberie,1600000.0,Tanger,Iberie,97.0,2,1,16494.85,2026-05-07 14:31:06.441833
738,TNG-TA-1066 - Appartement à vendre à Quartier de...,1950000.0,Tanger,De La Plage,133.0,4,2,14661.65,2026-05-07 14:31:06.441940
739,CMN-HA-1634 - Appartement à vendre à Ferme Bretonne,2200000.0,Casablanca,Ferme Bretone,99.0,2,2,22222.22,2026-05-07 14:31:06.442046
740,CMN-MA-1461 - Appartement à vendre à Maârif,1950000.0,Casablanca,Maarif,118.0,2,1,16525.42,2026-05-07 14:31:06.442158
741,TNG-TA-1026 - Appartement à vendre à Rmilat,3000000.0,Tanger,Autre Secteur,140.0,2,2,21428.57,2026-05-07 14:31:06.442267
742,CMN-MA-1831 - Appartement à vendre à Les princesses,2200000.0,Casablanca,Les Princesses,146.0,2,2,15068.49,2026-05-07 14:31:06.442378
743,FES-AG-1007 - Appartement à vendre à Saada,1100000.0,Fès,Hay Saada,140.0,3,2,7857.14,2026-05-07 14:31:06.442485
744,RAK-TA-1063 - Appartement à vendre à Essaada,1200000.0,Marrakech,Autre Secteur,89.0,2,1,13483.15,2026-05-07 14:31:06.442592
745,CMN-MA-1467 - Appartement à vendre à Val Fleurie,2250000.0,Casablanca,Val Fleuri,132.0,3,2,17045.45,2026-05-07 14:31:06.442704
746,TNG-HJ-1043 - Appartement à vendre à Tanger,1200000.0,Tanger,Autre Secteur,110.0,3,1,10909.09,2026-05-07 14:31:06.442817
747,TNG-BN-1038 - Appartement à vendre à Hanaa 3 - S...,1200000.0,Tanger,Zouitina,129.0,3,2,9302.33,2026-05-07 14:31:06.442934
748,CMN-HA-1666 - Appartement à vendre à Beauséjour,2000000.0,Casablanca,Beauséjour,200.0,4,2,10000.0,2026-05-07 14:31:06.443036
749,CMN-SI-1634 - Appartement à vendre à Gauthier,3250000.0,Casablanca,Gauthier,188.0,3,2,17287.23,2026-05-07 14:31:06.443146
750,CMN-MA-1567 - Appartement à vendre à Palmier,2200000.0,Casablanca,Palmier,147.0,3,2,14965.99,2026-05-07 14:31:06.443252
751,Appartement à vendre 151 m² à Kénitra,1500000.0,Kénitra,Maamora,156.0,3,2,9615.38,2026-05-07 14:31:06.443359
752,Appartement à vendre 78 m² à Kénitra,600000.0,Kénitra,Seyad,78.0,2,2,7692.31,2026-05-07 14:31:06.443465
753,Duplex de luxe à vendre à Tamesna,1550000.0,Tamesna,Toute La Ville,178.0,3,2,8707.87,2026-05-07 14:31:06.443580
754,Appartement à vendre 80 m² à Kénitra,580000.0,Kénitra,Ouled Oujih,80.0,2,2,7250.0,2026-05-07 14:31:06.443685
755,DES STUDIOS NEUFS À VENDRE AU CENTRE VILLE,754000.0,Marrakech,Assif,51.0,1,1,14784.31,2026-05-07 14:31:06.443798
756,Vente d’un appartement de 145m²,2550000.0,Sidi Bouknadel,Toute La Ville,145.0,3,2,17586.21,2026-05-07 14:31:06.443905
757,CMN-MA-1741 - Appartement à vendre à Palmier,2950000.0,Casablanca,Palmier,173.0,3,2,17052.02,2026-05-07 14:31:06.444026
758,CMN-MA-1392 - Appartement à vendre à Maârif,3100000.0,Casablanca,Maarif,178.0,3,2,17415.73,2026-05-07 14:31:06.444130
759,MHD-MHD-1103 - Appartement à vendre à Nassim,790000.0,Mohammedia,Nassim,70.0,2,1,11285.71,2026-05-07 14:31:06.444235
760,MHD-MHD-1095 - Appartement à vendre à Bab Mansour,1450000.0,Mohammedia,Autre Secteur,143.0,2,1,10139.86,2026-05-07 14:31:06.444345
761,Appartement à vendre 80 m² à Kénitra,490000.0,Kénitra,Seyad,80.0,2,2,6125.0,2026-05-07 14:31:06.444473
762,Appartement 110 m² à Kénitra,1199999.0,Kénitra,La Ville Haute,113.0,3,2,10619.46,2026-05-07 14:31:06.444582
763,GARDEN TADDART L'INVESTISSEMENT GAGNANT,885000.0,Casablanca,Bachkou,36.0,1,2,24583.33,2026-05-07 14:31:06.444690
764,Appartement à vendre 82 m² à Tanger gare routière,750000.0,Tanger,Aharrarine,82.0,3,2,9146.34,2026-05-07 14:31:06.444800
765,APPARTEMENT À VENDRE À DIOUR JAMAA CENTRE RABAT,1700000.0,Rabat,Diour Jamaa,115.0,4,1,14782.61,2026-05-07 14:31:06.444910
766,Appartement à vendre de 70m² Marrakech,1085000.0,Marrakech,Hay Izdihar,70.0,2,2,15500.0,2026-05-07 14:31:06.445013
767,Appartement à vendre 78 m² à Kénitra,600000.0,Kénitra,Seyad,78.0,2,2,7692.31,2026-05-07 14:31:06.445155
768,Appartement à vendre 74 m² à Kénitra,530000.0,Kénitra,Seyad,74.0,2,2,7162.16,2026-05-07 14:31:06.445270
769,Appartement à vendre 70 m² à Kénitra,480000.0,Kénitra,Seyad,70.0,2,1,6857.14,2026-05-07 14:31:06.445381
770,Appartement à vendre 80 m² à le vallon Kénitra,420000.0,Kénitra,Seyad,80.0,2,2,5250.0,2026-05-07 14:31:06.445490
771,CMN-AN-1652 - Appartement à vendre à Ain Diab,7000000.0,Casablanca,Aïn Diab,186.0,3,3,37634.41,2026-05-07 14:31:06.445603
772,Appartement Élégant 117m² au Cœur de Maarif,1860000.0,Casablanca,Maarif,117.0,3,2,15897.44,2026-05-07 14:31:06.445707
773,Appartement à vendre 103 m² à Kénitra,750000.0,Kénitra,Seyad,103.0,3,2,7281.55,2026-05-07 14:31:06.445825
774,Appartement 150 m² à Kénitra,1350000.0,Kénitra,Maamora,178.0,3,2,7584.27,2026-05-07 14:31:06.445977
775,BOU-NO-1007 - Appartement à vendre à Aéroport M...,3000000.0,Bouskoura,,306.0,4,4,9803.92,2026-05-07 14:31:06.446086
776,BEN-MA-1129 - Appartement à vendre à El Mansouria,1100000.0,Benslimane,Autre Secteur,93.0,2,1,11827.96,2026-05-07 14:31:06.446245
777,Appartement à vendre 96 m² à Kénitra,670000.0,Kénitra,Seyad,96.0,3,2,6979.17,2026-05-07 14:31:06.446358
778,Appartement à vendre 80 m² à Kénitra,410000.0,Kénitra,Bir Rami,80.0,2,2,5125.0,2026-05-07 14:31:06.446471
779,Appartement à vendre au quartier 2 Mars,1800000.0,Casablanca,2 Mars,179.0,2,1,10055.87,2026-05-07 14:31:06.446587
780,Très bel appartement à vendre à Temara,1600000.0,Temara,Abbadi,129.0,3,2,12403.1,2026-05-07 14:31:06.446697
781,Appartement à vendre 140 m² à PRESTIGIA,2800000.0,Bouskoura,Ville Verte,160.0,3,3,17500.0,2026-05-07 14:31:06.446807
782,Bel Appartement au cœur de Mohammedia,680000.0,Mohammedia,Wafa,74.0,3,2,9189.19,2026-05-07 14:31:06.446910
783,Appart à vendre centre-ville,1180000.0,Kénitra,Centre,127.0,3,2,9291.34,2026-05-07 14:31:06.447010
784,Appartement à vendre 60 m² à Mehdia,860000.0,Mehdia,Toute La Ville,65.0,2,1,13230.77,2026-05-07 14:31:06.447116
785,Sarout pour Appartement Moderne à Rabat,450000.0,Rabat,Hassan,50.0,1,1,9000.0,2026-05-07 14:31:06.447221
786,Appartement à vendre,320000.0,Meknès,Wislane,75.0,3,1,4266.67,2026-05-07 14:31:06.447326
787,Appartement 80 m² deux faces lotissement alliance,590000.0,Kénitra,Alliance,80.0,2,2,7375.0,2026-05-07 14:31:06.447433
788,Appartement à vendre 184 m² à Kénitra,650000.0,Kénitra,Ouled Oujih,85.0,2,1,7647.06,2026-05-07 14:31:06.447540
789,Appartement à vendre 188 m² à Casablanca,2600000.0,Casablanca,Val Fleuri,188.0,3,2,13829.79,2026-05-07 14:31:06.447647
790,Appartement 54 m2 à vendre à 3awama avec parking,360000.0,Tanger,Autre Secteur,60.0,1,1,6000.0,2026-05-07 14:31:06.447757
791,Appartement à vendre 105 m² à Casablanca,890000.0,Casablanca,Autre Secteur,105.0,2,1,8476.19,2026-05-07 14:31:06.447892
792,Appartement sans vis à vis avec vue sur le jardin,820000.0,Mohammedia,Wafa,88.0,4,1,9318.18,2026-05-07 14:31:06.448010
793,Appartements à vendre 60 m² à Tétouan,450000.0,Tétouan,Taboula,60.0,2,1,7500.0,2026-05-07 14:31:06.448110
794,Appartement à vendre 90 m² à Kénitra bir rami,560000.0,Kénitra,Bir Rami,90.0,3,1,6222.22,2026-05-07 14:31:06.448217
795,Appartement à vendre 65 m² à Kénitra,500000.0,Kénitra,Bir Rami,80.0,2,1,6250.0,2026-05-07 14:31:06.448329
796,🔥 Neuf • Jamais Habité • Clés en Main — Oulfa,650000.0,Casablanca,Oulfa,51.0,1,1,12745.1,2026-05-07 14:31:06.448438
797,Bel appartement de 90 m² lotissement alliance,620000.0,Kénitra,Alliance,90.0,2,2,6888.89,2026-05-07 14:31:06.448544
798,Studio avec terrasse 83 m² – Maarif – 1er étage,1098000.0,Casablanca,Maarif,83.0,1,1,13228.92,2026-05-07 14:31:06.448649
799,Appartement à vendre 153 m² à Bouznika,1750000.0,Bouznika,Plage Oued Cherrat,157.0,2,2,11146.5,2026-05-07 14:31:06.448754
800,Bonne opportunité en plein centre-ville,1320000.0,Kénitra,Maamora,174.0,2,2,7586.21,2026-05-07 14:31:06.448867
801,Nouvel appartement à vendre 65 m² à Tanger,560000.0,Tanger,Aharrarine,65.0,2,1,8615.38,2026-05-07 14:31:06.448975
802,A vendre un joli appartement de 3 chambres,2440000.0,Casablanca,Racine,132.0,3,3,18484.85,2026-05-07 14:31:06.449123
803,Appartement de 132m2 dans le quartier Mers Sultan,1580000.0,Casablanca,2 Mars,132.0,3,2,11969.7,2026-05-07 14:31:06.449231
804,Vente d’un très bel appartement Plage des Nations,1950000.0,Sidi Bouknadel,Toute La Ville,118.0,2,2,16525.42,2026-05-07 14:31:06.449339
805,Appartement à vendre 149 m² à Rabat,3000000.0,Rabat,Agdal,149.0,3,2,20134.23,2026-05-07 14:31:06.449443
806,Vente d’un appartement de 110m² au quartier Maamora,1250000.0,Kénitra,Maamora,110.0,3,1,11363.64,2026-05-07 14:31:06.449554
807,Appartement à vendre 160 m² à Kénitra,1300000.0,Kénitra,Centre,199.0,3,2,6532.66,2026-05-07 14:31:06.449661
808,"Appartement à vendre, 1er étage",800000.0,Casablanca,Aïn Chock,78.0,2,1,10256.41,2026-05-07 14:31:06.449770
809,Appartement à vendre 45 m² à Casablanca,790000.0,Casablanca,Belvédère,50.0,1,1,15800.0,2026-05-07 14:31:06.449883
810,Appartement à vendre 123 m² à Kénitra,1350000.0,Kénitra,La Ville Haute,135.0,3,2,10000.0,2026-05-07 14:31:06.449994
811,appartement a vendre temara wifak,1850000.0,Temara,Wifak,135.0,2,1,13703.7,2026-05-07 14:31:06.450209
812,Appartement meublé à vendre à Mssanana Golf route Rmilat,1200000.0,Tanger,Du Golf,94.0,2,1,12765.96,2026-05-07 14:31:06.450315
813,Excellents appartements à vendre,900000.0,Temara,Autre Secteur,120.0,4,2,7500.0,2026-05-07 14:31:06.450423
814,Appartements de qualité à vendre,750000.0,Temara,Autre Secteur,75.0,2,1,10000.0,2026-05-07 14:31:06.450533
815,Appartement 120 m² à Kénitra lotissement hallala,850000.0,Kénitra,Autre Secteur,120.0,3,2,7083.33,2026-05-07 14:31:06.450754
816,Vente d’appartements et studios à Casablanca,1100000.0,Casablanca,Maârif Extension,52.0,2,2,21153.85,2026-05-07 14:31:06.450875
817,Appartement meublé Boulevard Tah prix 68M,680000.0,Casablanca,Aïn Chock,82.0,2,1,8292.68,2026-05-07 14:31:06.450982
818,Appartement de 157m2 au quartier des Hopitaux,2000000.0,Casablanca,Quartier Des Hôpitaux,157.0,3,2,12738.85,2026-05-07 14:31:06.451108
819,Appartement à vendre 95 m² à Kénitra,1250000.0,Kénitra,Maamora,102.0,3,2,12254.9,2026-05-07 14:31:06.451221
820,Appartement à vendre dans le quartier Al Hamidiya Al Quds,680000.0,Casablanca,Sidi Bernoussi,55.0,2,1,12363.64,2026-05-07 14:31:06.451333
821,Appartement à vendre 80 m² à Kénitra,1100000.0,Kénitra,Centre,80.0,2,1,13750.0,2026-05-07 14:31:06.451437
822,Appartement à vendre 90 m² à Kénitra le vallon,660000.0,Kénitra,Autre Secteur,90.0,3,1,7333.33,2026-05-07 14:31:06.451547
823,VENTE – APPARTEMENT AVEC TERRASSE À MAAMORA,750000.0,Kénitra,Maamora,117.0,2,1,6410.26,2026-05-07 14:31:06.451668
824,Appartement à vendre à Laymoun,1490000.0,Casablanca,Oulfa,212.0,4,3,7028.3,2026-05-07 14:31:06.451776
825,Appartement de 134m² à vendre en Centre-Ville,1110000.0,Kénitra,Centre,134.0,3,1,8283.58,2026-05-07 14:31:06.451890
826,Appartement à vendre 170 m² à Kénitra,1500000.0,Kénitra,Mimosas,178.0,3,2,8426.97,2026-05-07 14:31:06.452001
827,Appartement Spacieux 158m² à Mers Sultan,2054000.0,Casablanca,Mers Sultan,158.0,3,2,13000.0,2026-05-07 14:31:06.452109
828,Appartement à vendre 65 m² à Kénitra,500000.0,Kénitra,Bir Rami,80.0,2,1,6250.0,2026-05-07 14:31:06.452215
829,Appartement à vendre 117 m² à Kénitra,1300000.0,Kénitra,Maamora,119.0,3,1,10924.37,2026-05-07 14:31:06.452326
830,Appartement à vendre 110 m² à Kénitra,1300000.0,Kénitra,Centre,112.0,3,1,11607.14,2026-05-07 14:31:06.452435
831,Appartement à vendre (R plus 2),800000.0,El Jadida,Saada,131.0,3,2,6106.87,2026-05-07 14:31:06.452542
832,Appartement à vendre à Laymoun,1490000.0,Casablanca,Oulfa,212.0,4,3,7028.3,2026-05-07 14:31:06.452644
833,Vente d’un appartement Cosy de 60m²- BIR RAMI SUD,480000.0,Kénitra,Bir Rami,60.0,2,1,8000.0,2026-05-07 14:31:06.452757
834,Appartement 115 m² à Kénitra,3200000.0,Salé,Toute La Ville,111.0,2,2,28828.83,2026-05-07 14:31:06.452869
835,Appartement à vendre 1er étage 57 m oulfa casa,450000.0,Casablanca,Oulfa,56.0,2,1,8035.71,2026-05-07 14:31:06.452998
836,Élégant Appartement À Vendre À Semlalia,1300000.0,Marrakech,Semlalia,82.0,2,1,15853.66,2026-05-07 14:31:06.453110
837,Projet Bassatine FOUARATE Kénitra,560000.0,Kénitra,Fouarate,84.0,3,1,6666.67,2026-05-07 14:31:06.453214
838,ATHENA 25 – Investissement Haut Standing,870000.0,Marrakech,Route De Casablanca,72.0,1,1,12083.33,2026-05-07 14:31:06.453319
839,"Appartement neuf, meublé à vendre 78 m² à Jirari",890000.0,Tanger,Jirrari,78.0,2,1,11410.26,2026-05-07 14:31:06.453432
840,Appartement à vendre à Maarif,1330000.0,Casablanca,Maarif,55.0,1,1,24181.82,2026-05-07 14:31:06.453540
841,Appartement Haut standing Perle Oulfa 83m,830000.0,Casablanca,Oulfa,83.0,2,2,10000.0,2026-05-07 14:31:06.453650
842,"Appartement à vendre à Riad El Oulfa, Casablanca",280000.0,Casablanca,Oulfa,45.0,1,1,6222.22,2026-05-07 14:31:06.453757
843,Appartement à vendre sur Hay Riad,2200000.0,Rabat,Hay Riad,94.0,2,2,23404.26,2026-05-07 14:31:06.453871
844,Appartement à vendre 54 m² à Casablanca,480000.0,Casablanca,Autre Secteur,55.0,2,1,8727.27,2026-05-07 14:31:06.453984
845,À VENDRE Superbe appartement meublé,1650000.0,Kénitra,El Haddada,150.0,3,3,11000.0,2026-05-07 14:31:06.454101
846,Excellent Appartements à vendre,950000.0,Temara,Autre Secteur,115.0,3,2,8260.87,2026-05-07 14:31:06.454205
847,Appartement 126m² 3 chambres 2SDB lumineux,590000.0,Fès,Route Ain Chkaf,140.0,3,2,4214.29,2026-05-07 14:31:06.454324
848,Appartement 113 m² en vente près clinique Razi,880000.0,Fès,Autre Secteur,113.0,3,1,7787.61,2026-05-07 14:31:06.454451
849,Charmant Studio À La Vente À La Route De Casa,800000.0,Marrakech,Route De Casablanca,54.0,1,1,14814.81,2026-05-07 14:31:06.454569
850,"Appartement 78 m² – 2 chambres – Irfane 2, Tanger",870000.0,Tanger,Al Irfane 2,78.0,2,2,11153.85,2026-05-07 14:31:06.454679
851,Appartement meublé à vendre quartier Salam,800000.0,Agadir,Hay Salam,64.0,2,1,12500.0,2026-05-07 14:31:06.454791
852,Nouveau Projet Haut Standing À Semlalia,740000.0,Marrakech,Semlalia,37.0,1,1,20000.0,2026-05-07 14:31:06.454903
853,Appartement à vendre 60 m² 1balcon,470000.0,Marrakech,Autre Secteur,60.0,2,1,7833.33,2026-05-07 14:31:06.455008
854,Appartement face nouvelle routière sans intermédiaire,550000.0,Tanger,Autre Secteur,67.0,2,1,8208.96,2026-05-07 14:31:06.455130
855,Vente Appartement de 185m² à Mimosas,1800000.0,Kénitra,Mimosas,190.0,4,2,9473.68,2026-05-07 14:31:06.455249
856,Appartement à vendre 134 m² à Casablanca,2400000.0,Casablanca,,134.0,3,1,17910.45,2026-05-07 14:31:06.455354
857,"Appartements à vendre à Oujda, route L'Aouniya",290000.0,Oujda,Autre Secteur,70.0,2,1,4142.86,2026-05-07 14:31:06.455460
858,Très bel appartement a Eden island,3650000.0,Bouznika,Plage Oued Cherrat,251.0,2,1,14541.83,2026-05-07 14:31:06.455576
859,appartement à vendre,1700000.0,Tanger,Branes 1,113.0,3,3,15044.25,2026-05-07 14:31:06.455681
860,Appartement à vendre 120 m² à l'angle,1460000.0,Salé,Sala El Jadida,120.0,3,2,12166.67,2026-05-07 14:31:06.455794
861,Nouveau projet sur plan à route de casa,640000.0,Marrakech,Route De Casablanca,45.0,1,1,14222.22,2026-05-07 14:31:06.455903
862,Appartement Haut Standing A Vendre Daris - 126m2,1320000.0,Nouaceur,Toute La Ville,136.0,3,2,9705.88,2026-05-07 14:31:06.456012
863,Appartement à vendre,1500000.0,Tanger,Casabarata,100.0,2,1,15000.0,2026-05-07 14:31:06.456114
864,Appartement 83 m²Al Baraka à Dcheïra El Jihadia,832030.0,Dcheïra El Jihadia,Toute La Ville,83.0,4,2,10024.46,2026-05-07 14:31:06.456219
865,Studio 50m Meublé Centre Maarif,1150000.0,Casablanca,Maarif,50.0,1,1,23000.0,2026-05-07 14:31:06.456366
866,Appartement à vendre 126 m² à Kénitra,880000.0,Kénitra,Bir Rami Industriel,126.0,3,2,6984.13,2026-05-07 14:31:06.456475
867,Appartements titrés declaration total,650000.0,Tétouan,Kouilma,62.0,2,1,10483.87,2026-05-07 14:31:06.456583
868,Appartement en vent 51m² à Gueliz-Piscine Rooftop,1267000.0,Marrakech,Guéliz,51.0,1,1,24843.14,2026-05-07 14:31:06.456688
869,Appartement en vente à l'orangeraie du souissi,4700000.0,Rabat,Souissi,135.0,3,2,34814.81,2026-05-07 14:31:06.456805
870,Appartements à vendre à Saidia avec un soutien de 33 millions,330000.0,Saidia,Toute La Ville,57.0,2,1,5789.47,2026-05-07 14:31:06.456972
871,Appartement neuf ascenseur parking,440000.0,Casablanca,Sidi Othmane,81.0,2,1,5432.1,2026-05-07 14:31:06.457078
872,Appartement à vendre m² à sidi rahal,620000.0,Sidi Rahal,Toute La Ville,92.0,3,2,6739.13,2026-05-07 14:31:06.457185
873,Appartement à vendre,850000.0,Temara,Skikina,87.0,3,2,9770.11,2026-05-07 14:31:06.457292
874,Appartement avenue almajd,1450000.0,Rabat,Massira,101.0,3,2,14356.44,2026-05-07 14:31:06.457397
875,Appartement 2ch 2ème 75m²,800000.0,Temara,Abbadi,75.0,2,1,10666.67,2026-05-07 14:31:06.457499
876,Appartement à vendre 50 m² à Salé,310000.0,Salé,Abouab Sala,50.0,2,1,6200.0,2026-05-07 14:31:06.457603
877,Appartement Costa Beach,1700000.0,Bouznika,Plage Oued Cherrat,100.0,2,2,17000.0,2026-05-07 14:31:06.457707
878,Appartement à vendre à Ain Sebaa El Fadl,420000.0,Casablanca,Ain Sebaa,74.0,2,1,5675.68,2026-05-07 14:31:06.457838
879,Appartement à vendre 37 m² à Islaan Hay Mohamadi,700000.0,Agadir,Hay Mohammadi,38.0,1,1,18421.05,2026-05-07 14:31:06.457952
880,Appartement enregistré à Souk El Had 1 Martil,420000.0,Martil,Toute La Ville,51.0,2,1,8235.29,2026-05-07 14:31:06.458062
881,Appartement à vendre 96 m² à Guéliz,1400000.0,Marrakech,Guéliz,96.0,2,2,14583.33,2026-05-07 14:31:06.458173
882,Appartement à vendre 100 m² à Casablanca,365000.0,Casablanca,Centre Ville,100.0,3,1,3650.0,2026-05-07 14:31:06.458286
883,"Appartement à vendre à Martil, quartier Ahriq",580000.0,Martil,Toute La Ville,62.0,2,1,9354.84,2026-05-07 14:31:06.458395
884,Appartement à vendre 107 m² à 100m de la plage,820000.0,El Jadida,Corniche,107.0,3,2,7663.55,2026-05-07 14:31:06.458506
885,Appartement 236m² à Gauthier Consulat d'Italie,3200000.0,Casablanca,Gauthier,272.0,4,3,11764.71,2026-05-07 14:31:06.458614
886,Appartement à Hay Izdehar,1170000.0,Marrakech,Hay Izdihar,86.0,2,2,13604.65,2026-05-07 14:31:06.458722
887,Studio 49m Wifak,635000.0,Temara,Wifak,49.0,1,1,12959.18,2026-05-07 14:31:06.458835
888,Vente d'appartement dans le quartier Al Mansour,330000.0,Meknès,Autre Secteur,67.0,3,1,4925.37,2026-05-07 14:31:06.458937
889,شقة منزلية محفضة للبيع بطنجة,650000.0,Tanger,La Nouvelle Ville Ibn Battouta,60.0,2,1,10833.33,2026-05-07 14:31:06.459048
890,Bel appartement à vendre,650000.0,Meknès,El Bassatine,127.0,4,1,5118.11,2026-05-07 14:31:06.459157
891,Appartement à vendre à Tanger | Appartement à vendre Tanger,460000.0,Tanger,Autre Secteur,63.0,2,1,7301.59,2026-05-07 14:31:06.459261
892,SUR PLAN TAGHAZOUT – RÉSIDENCE LA COLLINE,2288000.0,Taghazout,Toute La Ville,130.0,1,2,17600.0,2026-05-07 14:31:06.459382
893,Studio à vendre,1083000.0,Agadir,Haut-Founty,57.0,1,1,19000.0,2026-05-07 14:31:06.459485
894,Appartements à vendre,2432000.0,Agadir,Haut-Founty,128.0,3,3,19000.0,2026-05-07 14:31:06.459590
895,Très jolie appartement 88 mètres à Sala al Jadida,1250000.0,Salé,Sala El Jadida,88.0,3,2,14204.55,2026-05-07 14:31:06.459706
896,Appartement à vendre 116 m² à Tanger,1392000.0,Tanger,Moulay Youssef,126.0,3,2,11047.62,2026-05-07 14:31:06.459820
897,Appartement d’architecte neuf sans vis-à-vis,1750000.0,Casablanca,Franceville,83.0,2,2,21084.34,2026-05-07 14:31:06.459959
898,Appartement de 100 m² à Kénitra le vallon,850000.0,Kénitra,Autre Secteur,100.0,3,2,8500.0,2026-05-07 14:31:06.460065
899,Appartement à vendre superficie 130 m² quartier Wifaq Temara,1500000.0,Temara,Wifak,128.0,3,2,11718.75,2026-05-07 14:31:06.460179
900,Appartements neufs à vendre,770500.0,Dcheira,Toute La Ville,67.0,2,1,11500.0,2026-05-07 14:31:06.460283
901,appartement à vendre,700000.0,Béni Mellal,Toute La Ville,87.0,3,1,8045.98,2026-05-07 14:31:06.460385
902,Appartement à vendre 90 m² à Kénitra alliance,640000.0,Kénitra,Alliance,90.0,2,2,7111.11,2026-05-07 14:31:06.460502
903,appartement à vendre bernoussi al qods,700000.0,Casablanca,Sidi Bernoussi,75.0,2,1,9333.33,2026-05-07 14:31:06.460615
904,Très beau studio moderne à vendre,950000.0,Casablanca,Maarif,47.0,2,1,20212.77,2026-05-07 14:31:06.460722
905,Appartement à vendre Anassia Alliance Darnha,230000.0,Casablanca,Sidi Moumen,46.0,2,1,5000.0,2026-05-07 14:31:06.460837
906,Appartement ascenseur balcon vue sur la rue,450000.0,Tanger,Marjane,57.0,2,1,7894.74,2026-05-07 14:31:06.460967
907,Appartement haut de gamme,750000.0,Marrakech,Socoma,100.0,2,2,7500.0,2026-05-07 14:31:06.461092
908,"Appartement 56 m, ascenseur, syndic, 5 minutes de la Batata",550000.0,Tanger,Tanja Balia,56.0,2,1,9821.43,2026-05-07 14:31:06.461195
909,Appartement à vendre,620000.0,Casablanca,Sidi Maarouf,80.0,2,1,7750.0,2026-05-07 14:31:06.461306
910,"Appartement 3 pièces 80 m², ascenseur, syndic, 5 minutes de la Batata",750000.0,Tanger,Tanja Balia,80.0,3,1,9375.0,2026-05-07 14:31:06.461447
911,Appartement 74 m2 ascenseur syndic balcon déclaration totale,555000.0,Tanger,Tanja Balia,74.0,2,1,7500.0,2026-05-07 14:31:06.461555
912,"Appartement 76 m², meublé, ascenseur, syndic, sur la rue",798000.0,Tanger,Tanja Balia,76.0,2,1,10500.0,2026-05-07 14:31:06.461663
913,Appartement à vendre 105 m² à Tanger,1050000.0,Tanger,Ahlane,105.0,2,2,10000.0,2026-05-07 14:31:06.461772
914,Beb Chir El Moujahidine,460000.0,Tanger,Moujahidine,60.0,2,1,7666.67,2026-05-07 14:31:06.461919
915,Appartement 4 pièces 102 m² ascenseur syndic sur rue,1070000.0,Tanger,Tanja Balia,102.0,4,1,10490.2,2026-05-07 14:31:06.462028
916,Appartement avec terrasse 118 m ascenseur syndic 5 minutes de la gare,800000.0,Tanger,Tanja Balia,118.0,2,1,6779.66,2026-05-07 14:31:06.462137
917,Appartement Duplexe au centre ville Nejma,2800000.0,Tanger,Centre Ville,260.0,4,3,10769.23,2026-05-07 14:31:06.462247
918,"Appartement terrasse 196 m, ascenseur, syndic, déclaration totale",1020000.0,Tanger,Tanja Balia,196.0,2,1,5204.08,2026-05-07 14:31:06.462356
919,Appartement à vendre 125 m² à Casablanca,2000000.0,Casablanca,Abdelmoumen,131.0,2,2,15267.18,2026-05-07 14:31:06.462464
920,Appartement à vendre,600000.0,Casablanca,Sidi Moumen,93.0,2,1,6451.61,2026-05-07 14:31:06.462572
921,Appartement neuf 70m,560000.0,Marrakech,Autre Secteur,70.0,3,1,8000.0,2026-05-07 14:31:06.462678
922,Appartement à vendre 118 m² à Casablanca,1750000.0,Casablanca,Val Fleuri,118.0,2,1,14830.51,2026-05-07 14:31:06.462801
923,Appartement à vendre 112 m²,400000.0,Sidi Allal El Bahraoui,Toute La Ville,112.0,3,2,3571.43,2026-05-07 14:31:06.462926
924,Bel appartement bien positionné,980000.0,Salé,Tabriquet,96.0,3,1,10208.33,2026-05-07 14:31:06.463028
925,Appartement à vendre 97 m² à Casablanca - Gauthier,1550000.0,Casablanca,Gauthier,97.0,2,2,15979.38,2026-05-07 14:31:06.463134
926,"Superbe appartement à vendre dans le quartier Golf, route des Rmilat",960000.0,Tanger,Du Golf,79.0,2,1,12151.9,2026-05-07 14:31:06.463242
927,A vendre un appart de 4 chambres sans voisins,3400000.0,Casablanca,Quartier Des Hôpitaux,274.0,4,3,12408.76,2026-05-07 14:31:06.463348
928,Duplex meublé à vendre près du stade Ibn Batouta,1300000.0,Tanger,Ziatene,140.0,2,1,9285.71,2026-05-07 14:31:06.463460
929,A vendre un bel appartement avec terrasse,2450000.0,Casablanca,Palmier,140.0,3,2,17500.0,2026-05-07 14:31:06.463562
930,vente jolie appartement 3 chambre,1950000.0,Marrakech,Guéliz,85.0,3,1,22941.18,2026-05-07 14:31:06.463666
931,Habit immobilier met en vente un joli studio,1180000.0,Casablanca,Bourgogne,60.0,1,1,19666.67,2026-05-07 14:31:06.463771
932,Appartement à vendre 75 m² à Casablanca,650000.0,Casablanca,Ain Sebaa,75.0,2,1,8666.67,2026-05-07 14:31:06.463884
933,Appartement à vendre à Bouznika Oued cherrat costa,1400000.0,Bouznika,Plage Oued Cherrat,93.0,2,2,15053.76,2026-05-07 14:31:06.463998
934,Appartement à vendre 106 m² à Tit Mellil,1000000.0,Tit Mellil,Toute La Ville,106.0,3,2,9433.96,2026-05-07 14:31:06.464106
935,Bel appartement avec 2 façades,700000.0,Casablanca,Al Madina Aljadida,74.0,2,2,9459.46,2026-05-07 14:31:06.464320
936,Appartement 3 pièces 94 m² à Marrakech GUELIZ,1700000.0,Marrakech,Guéliz,94.0,2,2,18085.11,2026-05-07 14:31:06.464444
937,Vente beau studio centre ville,1200000.0,Marrakech,Guéliz,54.0,1,1,22222.22,2026-05-07 14:31:06.464551
938,Appartement à vendre 104m² Amanar à Agadir,1456000.0,Agadir,Centre Ville,104.0,3,1,14000.0,2026-05-07 14:31:06.464657
939,Appartement à vendre 95 m² à Temara,1150000.0,Temara,Abbadi,105.0,3,1,10952.38,2026-05-07 14:31:06.464767
940,Appartement à vendre 73m² La Perle Bleue à Dakhla,581625.0,Dakhla,Toute La Ville,73.0,3,1,7967.47,2026-05-07 14:31:06.464947
941,Appartement vue mer Anza Miftah Sahil meublé,1200000.0,Agadir,Anza,60.0,1,1,20000.0,2026-05-07 14:31:06.465059
942,Appartement à vendre105m²Les Jardins de la Coupole,1369592.0,Agadir,Av Mokawama,105.0,4,1,13043.73,2026-05-07 14:31:06.465165
943,appartement haute standing,1000000.0,El Mansouria,Toute La Ville,100.0,2,2,10000.0,2026-05-07 14:31:06.465269
944,appartement 240 centre de Marrakech,1400000.0,Marrakech,Amerchich,240.0,3,2,5833.33,2026-05-07 14:31:06.465374
945,Appartement à vendre 59 m² à Martil,390000.0,Martil,Toute La Ville,83.0,2,1,4698.8,2026-05-07 14:31:06.465479
946,Appartement à vendre à Temara Bon emplacement,1250000.0,Temara,Autre Secteur,112.0,2,2,11160.71,2026-05-07 14:31:06.465588
947,Duplex à vendre,1330000.0,Casablanca,Les Princesses,68.0,1,2,19558.82,2026-05-07 14:31:06.465703
948,Appartement magnifique et neuf à vendre,600000.0,Marrakech,M'Hamid,56.0,2,1,10714.29,2026-05-07 14:31:06.465821
949,"À vendre, magnifique appartement",135000.0,Casablanca,Oulfa,1001.0,2,2,134.87,2026-05-07 14:31:06.465932
950,Appartement meublé à vendre à Martil,1100000.0,Martil,Toute La Ville,130.0,2,1,8461.54,2026-05-07 14:31:06.466039
951,Appartement à vendre 1er étage,740000.0,Fès,Route Ain Chkaf,118.0,2,2,6271.19,2026-05-07 14:31:06.466150
952,Appartement à vendre à 42 millions,420000.0,Martil,Toute La Ville,65.0,2,1,6461.54,2026-05-07 14:31:06.466259
953,Duplex à vendre,850000.0,Meknès,Ville Nouvelle,162.0,3,3,5246.91,2026-05-07 14:31:06.466370
954,Appartement à Florida à vendre,640000.0,El Jadida,Autre Secteur,100.0,3,1,6400.0,2026-05-07 14:31:06.466472
955,Appartement à vendre Salé Laayayda,920000.0,Salé,Toute La Ville,92.0,2,1,10000.0,2026-05-07 14:31:06.466585
956,Appartement à vendre 140 m² à Bouznika,760000.0,Bouznika,Autre Secteur,146.0,3,2,5205.48,2026-05-07 14:31:06.466697
957,Azhar Panorama U*,550000.0,Casablanca,Sidi Bernoussi,90.0,3,2,6111.11,2026-05-07 14:31:06.466824
958,Appartement à vendre 83 m² à Casablanca,880000.0,Casablanca,Aïn Borja,83.0,2,1,10602.41,2026-05-07 14:31:06.466932
959,"Appartement haut standing à vendre – Emplacement privilégié, route Ain Chkef,",600000.0,Fès,Route Ain Chkaf,95.0,3,2,6315.79,2026-05-07 14:31:06.467042
960,Appartement d’exception front mer- Tamaris Premium,2000000.0,Tamaris,Toute La Ville,117.0,2,1,17094.02,2026-05-07 14:31:06.467151
961,Appartement à vendre 83 m² à Ain sebaa,1080000.0,Casablanca,Ain Sebaa,83.0,3,2,13012.05,2026-05-07 14:31:06.467256
962,Appartement à vendre 79m² à Ain Sebaa,948000.0,Casablanca,Ain Sebaa,79.0,3,2,12000.0,2026-05-07 14:31:06.467368
963,Appartement à vendre 140 m² la marina Casablanca,3900000.0,Casablanca,Marina,155.0,2,3,25161.29,2026-05-07 14:31:06.467483
964,Appartement à vendre 56 m² à Hay Mohammadi Agadir,630000.0,Agadir,Hay Mohammadi,56.0,2,1,11250.0,2026-05-07 14:31:06.467588
965,Appartement à vendre 3 chambres,3600000.0,Temara,Harhoura,220.0,3,2,16363.64,2026-05-07 14:31:06.467703
966,Vente appartement 50m Haut Agdal,1550000.0,Rabat,Agdal,50.0,1,1,31000.0,2026-05-07 14:31:06.467835
967,Appart à vendre avec garage à Bouznika,760000.0,Bouznika,Autre Secteur,146.0,4,1,5205.48,2026-05-07 14:31:06.467940
968,Appartement à vendre 326 m² à hay riad,5400000.0,Rabat,Hay Riad,326.0,3,2,16564.42,2026-05-07 14:31:06.468053
969,"Appartement à vendre, quartier Errabia, propre et calme, sans intermédiaire",300000.0,Berrechid,Toute La Ville,51.0,2,1,5882.35,2026-05-07 14:31:06.468163
970,Appartement à vendre 45 m² à Martil,620000.0,Martil,Toute La Ville,45.0,2,1,13777.78,2026-05-07 14:31:06.468276
971,Appartement 87m² à vendre à Sla El Karia,600000.0,Salé,El Qaria,87.0,2,1,6896.55,2026-05-07 14:31:06.468385
972,Saroute Studio rénové 45m2 Mers Sultan à vendre,180000.0,Casablanca,Anfa,45.0,1,1,4000.0,2026-05-07 14:31:06.468490
973,Appartement à vendre,650000.0,Saidia,Toute La Ville,110.0,3,2,5909.09,2026-05-07 14:31:06.468594
974,Almostakbal Casanearchour,540000.0,Casablanca,Sidi Maarouf,52.0,2,1,10384.62,2026-05-07 14:31:06.468698
975,Hay El Majd El Awama,580000.0,Tanger,El Majd,85.0,3,1,6823.53,2026-05-07 14:31:06.468812
976,"🏢 Appartement 53 m² à vendre – Oulfa, Casablanca",750000.0,Casablanca,Oulfa,53.0,1,1,14150.94,2026-05-07 14:31:06.468939
977,Appartement à vendre 90 m² à Mohammedia,1500000.0,Mohammedia,Autre Secteur,103.0,2,1,14563.11,2026-05-07 14:31:06.469056
978,Appartement à vendre 140 m² à la marina casablanca,3900000.0,Marrakech,Autre Secteur,155.0,2,3,25161.29,2026-05-07 14:31:06.469174
979,Appartement,380000.0,Casablanca,Hay Mohammadi,65.0,2,2,5846.15,2026-05-07 14:31:06.469291
980,Appartement 112 m² – 8e étage – Riad Tétouan,1400000.0,Tanger,Centre Ville,112.0,2,1,12500.0,2026-05-07 14:31:06.469510
981,Appartement à vendre 74 m² à Marrakech,990000.0,Marrakech,Route De Safi,80.0,2,2,12375.0,2026-05-07 14:31:06.469618
982,Appartement à vendre quartier hassania ben msick,455000.0,Casablanca,Ben M'Sick,60.0,1,1,7583.33,2026-05-07 14:31:06.469724
983,Appartement neuf en vente Hay Fath,1700000.0,Rabat,Hay El Fath,97.0,2,1,17525.77,2026-05-07 14:31:06.469838
984,Appartement à vendre 72 m² à Essaouira,550000.0,Essaouira,Centre Ville,72.0,2,1,7638.89,2026-05-07 14:31:06.469944
985,"Excellent appartement à vendre, Avenue Hassan II",510000.0,Berrechid,Toute La Ville,100.0,2,1,5100.0,2026-05-07 14:31:06.470055
986,Appartement 1ère ligne plage Playa Del Pacha,2550000.0,Mdiq,Toute La Ville,64.0,1,1,39843.75,2026-05-07 14:31:06.470160
987,Appartement à vendre centre-ville de Berkane,480000.0,Berkane,Toute La Ville,115.0,4,2,4173.91,2026-05-07 14:31:06.470266
988,Appartement à vendre 83 m² à Casablanca,1079000.0,Casablanca,Ain Sebaa,83.0,2,2,13000.0,2026-05-07 14:31:06.470369
989,Appartement à vendre situé au centre ville,1070000.0,Kénitra,Centre,117.0,3,2,9145.3,2026-05-07 14:31:06.470484
990,F3 avec GRANDE COUR de 35m² au Centre Bouskoura,850000.0,Bouskoura,Bouskoura Centre,114.0,2,1,7456.14,2026-05-07 14:31:06.470592
991,Appartement à vendre 140 m² à Bouznika,740000.0,Bouznika,Autre Secteur,140.0,3,2,5285.71,2026-05-07 14:31:06.470698
992,"Superbe appartement ensoleillé à vendre à Bouznika, quartier Aïda 2",570000.0,Bouznika,Autre Secteur,84.0,2,1,6785.71,2026-05-07 14:31:06.470826
993,"Appartement 67 m² Résidence Fatima Zahra, Mediouna",320000.0,Mediouna,Toute La Ville,67.0,2,1,4776.12,2026-05-07 14:31:06.470936
994,Appartement 80m²/parking titré 16m² Al Khaizourane,840000.0,Temara,Autre Secteur,96.0,2,2,8750.0,2026-05-07 14:31:06.471059
995,Appartement à vendre centre ville Casablanca,1900000.0,Casablanca,Centre Ville,100.0,3,2,19000.0,2026-05-07 14:31:06.471176
996,Appartement 145 m² en Vente près Hay Amal Narjiss,870000.0,Fès,Narjis,145.0,3,1,6000.0,2026-05-07 14:31:06.471292
997,Appartement 112 m² près café Mégad’Or à Fès,650000.0,Fès,Route Ain Chkaf,112.0,3,2,5803.57,2026-05-07 14:31:06.471400
998,Appartement à vendre 135 m² à Kénitra,1500000.0,Kénitra,Maamora,137.0,3,2,10948.91,2026-05-07 14:31:06.471508
999,Appartement neuf 138 m² dont 40 de terrasse,2596000.0,Casablanca,Gauthier,138.0,2,2,18811.59,2026-05-07 14:31:06.471618
1000,"Appartement 88 m² – Tingis Tower, Malabata",2250000.0,Tanger,Malabata,88.0,2,2,25568.18,2026-05-07 14:31:06.471727
1001,Appartement rez-de-chaussée en résidence,540000.0,El Mansouria,Toute La Ville,75.0,2,2,7200.0,2026-05-07 14:31:06.471860
1002,Appartement à vendre 124 m² à Casablanca,1750000.0,Casablanca,Abdelmoumen,136.0,3,2,12867.65,2026-05-07 14:31:06.471969
1003,Appartement haut de gamme à vendre au cœur de Tanger,2500000.0,Tanger,Centre Ville,122.0,2,2,20491.8,2026-05-07 14:31:06.472080
1004,Bon appartement à vendre à Témara près de l'avenue Hassan 2,1250000.0,Temara,Autre Secteur,112.0,2,2,11160.71,2026-05-07 14:31:06.472190
1005,Appartement neuf à vendre à Kish Al-Awdiya,1170000.0,Temara,Riad Oulad Mtaa,65.0,2,2,18000.0,2026-05-07 14:31:06.472303
1006,Appartement meublé à vendre à Harhora,2200000.0,Temara,Harhoura,117.0,2,2,18803.42,2026-05-07 14:31:06.472406
1007,Appartement à vendre 70 m² à Kénitra,360000.0,Kénitra,Bir Rami,70.0,2,1,5142.86,2026-05-07 14:31:06.472512
1008,Appartement à rénover Gueliz,2600000.0,Marrakech,Guéliz,145.0,3,2,17931.03,2026-05-07 14:31:06.472657
1009,Superbe appartement avec ascenseur,370000.0,Ait Melloul,Toute La Ville,56.0,2,1,6607.14,2026-05-07 14:31:06.472779
1010,Appartement à vendre à Tanger,850000.0,Tanger,El Majd,86.0,3,2,9883.72,2026-05-07 14:31:06.472891
1011,Appartement à vendre 80 m² à Marrakech,2400000.0,Marrakech,Agdal,85.0,2,2,28235.29,2026-05-07 14:31:06.472995
1012,Appartement avec terrasse Centre-ville,1270000.0,Casablanca,Centre Ville,141.0,2,1,9007.09,2026-05-07 14:31:06.473103
1013,À vendre un joli appartement meublé avec piscine,1250000.0,El Mansouria,Toute La Ville,92.0,2,2,13586.96,2026-05-07 14:31:06.473213
1014,Appartement à vendre 52 m² à Mohammedia,380000.0,Mohammedia,Autre Secteur,52.0,2,1,7307.69,2026-05-07 14:31:06.473321
1015,CMN-SI-1877 - Appartement à vendre à Bourgogne Est,1050000.0,Casablanca,Bourgogne,76.0,2,1,13815.79,2026-05-07 14:31:06.473441
1016,Résidence Soufale Bonheur,390000.0,El Jadida,Saada,75.0,2,1,5200.0,2026-05-07 14:31:06.473551
1017,Bel appartement... orientation sud,2150000.0,Casablanca,Les Princesses,165.0,3,2,13030.3,2026-05-07 14:31:06.473665
1018,Opportunité à saisir,2500000.0,Temara,Wifak,211.0,4,2,11848.34,2026-05-07 14:31:06.473773
1019,Appartement 4 pièces 102 m² ascenseur syndic sur rue,1070000.0,Tanger,Tanja Balia,102.0,4,2,10490.2,2026-05-07 14:31:06.473884
1020,Appartement 74 m ascenseur balcon syndic déclaration totale,555000.0,Tanger,Tanja Balia,74.0,2,1,7500.0,2026-05-07 14:31:06.473998
1021,Appartement à vendre 73 m² à Rabat,1332000.0,Rabat,Hassan,120.0,2,1,11100.0,2026-05-07 14:31:06.474110
1022,Appartement moderne meublé à vendre ensoleillé ou rénové,290000.0,Bouznika,Autre Secteur,55.0,2,1,5272.73,2026-05-07 14:31:06.474214
1023,Appartements Neufs Semi finis à vendre,620000.0,Casablanca,Al Madina Aljadida,131.0,3,2,4732.82,2026-05-07 14:31:06.474356
1024,Appartement à vendre 62 m² à Ksar el-Kebir,350000.0,Ksar El-Kebir,Toute La Ville,62.0,2,2,5645.16,2026-05-07 14:31:06.474463
1025,appartement quartier oulfa,1300000.0,Casablanca,Oulfa,144.0,2,1,9027.78,2026-05-07 14:31:06.474607
1026,Appartement 81 m2 a Daoudiate,810000.0,Marrakech,Daoudiate,81.0,3,1,10000.0,2026-05-07 14:31:06.474719
1027,appartement al alia bernoussi,360000.0,Casablanca,Sidi Bernoussi,54.0,2,1,6666.67,2026-05-07 14:31:06.474829
1028,Appartement agréable piscine et jardins résidence gardée,850000.0,Benslimane,Autre Secteur,84.0,2,1,10119.05,2026-05-07 14:31:06.474939
1029,CMN-MA-2404 - Appartement à vendre à Les princesses,2400000.0,Casablanca,Les Princesses,121.0,3,2,19834.71,2026-05-07 14:31:06.475057
1030,Appartement duplex 85 m² avec balcon a gueliz,1155000.0,Marrakech,Guéliz,85.0,2,2,13588.24,2026-05-07 14:31:06.475168
1031,"Excellent appartement sur l'avenue de l'Armée Royale, Hamria, Meknès",695000.0,Meknès,Hamria,102.0,2,1,6813.73,2026-05-07 14:31:06.475279
1032,Appartement à vendre 84/92/94m² à Salé Al Jadida,1176000.0,Salé,Sala El Jadida,84.0,3,2,14000.0,2026-05-07 14:31:06.475389
1033,Appartement 60 m2 à vendre à Allal El Fassi,1560000.0,Marrakech,Route De Casablanca,99.0,2,1,15757.58,2026-05-07 14:31:06.475500
1034,CMN-MA-1139 - Appartement à vendre à Val Fleurie,1800000.0,Casablanca,Val Fleuri,129.0,2,2,13953.49,2026-05-07 14:31:06.475609
1035,À vendre 1er chrifia 58m prix 50 million,500000.0,Marrakech,M'Hamid,58.0,2,1,8620.69,2026-05-07 14:31:06.475717
1036,Beau STUDIO à vendre à MARINA Casablanca,2500000.0,Casablanca,Marina,67.0,1,2,37313.43,2026-05-07 14:31:06.475829
1037,Appartement RDC à vendre 120m² Agdal,2000000.0,Rabat,Agdal,120.0,2,2,16666.67,2026-05-07 14:31:06.475937
1038,Appart 131m2 a vendre,2300000.0,Rabat,Agdal,131.0,3,2,17557.25,2026-05-07 14:31:06.476043
1039,Appartement à vendre 70 m² à Kénitra,380000.0,Kénitra,Ouled Oujih,70.0,2,1,5428.57,2026-05-07 14:31:06.476148
1040,"Appartement 4 pièces 120 m², garage, ascenseur, balcon sur rue",1200000.0,Tanger,Marjane,120.0,4,2,10000.0,2026-05-07 14:31:06.476258
1041,Appartement à vendre sur Marrakech,1650000.0,Marrakech,Guéliz,79.0,2,1,20886.08,2026-05-07 14:31:06.476365
1042,Duplex à vendre 70 m prix 70 millions en plusieurs fois,700000.0,Marrakech,M'Hamid,70.0,3,1,10000.0,2026-05-07 14:31:06.476479
1043,Appartement à vendre 2ch Bourgogne,1400000.0,Casablanca,Bourgogne,87.0,2,1,16091.95,2026-05-07 14:31:06.476609
1044,CMN-HA-1859 - Appartement à vendre à Beauséjour,1270000.0,Casablanca,Beauséjour,95.0,2,2,13368.42,2026-05-07 14:31:06.476721
1045,Appartement vue sur mer,850000.0,Fnideq,Toute La Ville,57.0,1,1,14912.28,2026-05-07 14:31:06.476834
1046,Appartement à vendre 98 m² à Temara,920000.0,Temara,Abbadi,98.0,2,2,9387.76,2026-05-07 14:31:06.476940
1047,Appartement neuf avec cour,800000.0,Fès,Oued Fès,143.0,3,2,5594.41,2026-05-07 14:31:06.477045
1048,Joli appartement de standing,1300000.0,Casablanca,Autre Secteur,74.0,2,2,17567.57,2026-05-07 14:31:06.477149
1049,"Appartement 74 m², garage, ascenseur, balcon, aide de l'État",740000.0,Tanger,Marjane,74.0,2,1,10000.0,2026-05-07 14:31:06.477261
1050,Appartement 3 chambres garage ascenseur balcon aide de l'état sur la rue,876000.0,Tanger,Marjane,73.0,3,2,12000.0,2026-05-07 14:31:06.477372
1051,A vendre studio de luxe Almassira,1700000.0,Casablanca,Maarif,74.0,1,1,22972.97,2026-05-07 14:31:06.477482
1052,Appartement à vendre 96 m² à Salé,590000.0,Salé,Bab Sebta,96.0,2,1,6145.83,2026-05-07 14:31:06.477608
1053,Bel appartement.,530000.0,El Hajeb,Toute La Ville,80.0,2,1,6625.0,2026-05-07 14:31:06.477717
1054,Bel appartement,450000.0,El Hajeb,Toute La Ville,80.0,2,1,5625.0,2026-05-07 14:31:06.477839
1055,Appartement terrasse indépendante,700000.0,El Jadida,Saada,97.0,1,1,7216.49,2026-05-07 14:31:06.477951
1056,Appartement à vendre 60 m² à Tanger,360000.0,Tanger,Autre Secteur,60.0,2,1,6000.0,2026-05-07 14:31:06.478059
1057,Appartement à vendre 50 m² à Salé,460000.0,Salé,Tabriquet,50.0,2,1,9200.0,2026-05-07 14:31:06.478177
1058,Appartement à vendre 52 m² à Casablanca,330000.0,Casablanca,Oulfa,52.0,2,1,6346.15,2026-05-07 14:31:06.478289
1059,Apparemment titré,165000.0,Fès,Zouagha,56.0,2,1,2946.43,2026-05-07 14:31:06.478404
1060,Appartement à vendre 138m² Tanger centre ville,2200000.0,Tanger,Centre Ville,138.0,3,2,15942.03,2026-05-07 14:31:06.478518
1061,Rêve Vue sur mer,1800000.0,Zenata,Toute La Ville,87.0,2,2,20689.66,2026-05-07 14:31:06.478636
1062,"Appartement à vendre à Hay Moulay Abdellah, 100m",980000.0,Casablanca,Aïn Chock,100.0,2,1,9800.0,2026-05-07 14:31:06.478740
1063,Appartement 111m² à rénover – Sans frais d’agence,950000.0,Marrakech,Issil,111.0,2,2,8558.56,2026-05-07 14:31:06.478889
1064,Appartement à vendre,1450000.0,Tanger,Hay Hassani,106.0,3,2,13679.25,2026-05-07 14:31:06.478995
1065,Appartement au 4ème étage avec ascenseur à la résidence Jawharat Al Atlas,400000.0,Béni Mellal,Toute La Ville,84.0,3,2,4761.9,2026-05-07 14:31:06.479108
1066,Appartement à vendre 146 m² au centre avec garage,1990000.0,Tanger,Centre,146.0,3,3,13630.14,2026-05-07 14:31:06.479217
1067,Appartement à vendre 88 m² à Tanger Tanja Balia,750000.0,Tanger,Tanja Balia,88.0,2,1,8522.73,2026-05-07 14:31:06.479332
1068,Appartement à vendre Lovallon,470000.0,Kénitra,Autre Secteur,68.0,2,1,6911.76,2026-05-07 14:31:06.479441
1069,Annonce sérieuse,530000.0,Casablanca,Sidi Bernoussi,71.0,2,1,7464.79,2026-05-07 14:31:06.479561
1070,Appartement Hamria,1150000.0,Meknès,Hamria,143.0,3,3,8041.96,2026-05-07 14:31:06.479668
1071,Appartement Zineb,3200000.0,Casablanca,Racine,204.0,3,3,15686.27,2026-05-07 14:31:06.479774
1072,Appartements enregistrés éligibles au soutien de 7 millions,480000.0,Martil,Toute La Ville,50.0,2,1,9600.0,2026-05-07 14:31:06.479895
1073,Appartement à vendre titré,1150000.0,Agadir,Hay Mohammadi,86.0,3,2,13372.09,2026-05-07 14:31:06.480004
1074,Appartement bien ensoleillé à vendre,660000.0,El Jadida,Hay Essalam,100.0,2,2,6600.0,2026-05-07 14:31:06.480118
1075,appartement deux salons à sidi bernoussi,600000.0,Casablanca,Sidi Bernoussi,86.0,2,2,6976.74,2026-05-07 14:31:06.480227
1076,"Appartement 124 m² – Centre Ville, Tanger",1800000.0,Tanger,Centre Ville,124.0,3,2,14516.13,2026-05-07 14:31:06.480337
1077,Appartement titré à vendre. Tétouan Nouvelle Station,550000.0,Tétouan,Centre Ville,70.0,2,1,7857.14,2026-05-07 14:31:06.480449
1078,Appartement à vendre 57 m² à Sidi Rahal,430000.0,Sidi Rahal,Toute La Ville,57.0,2,1,7543.86,2026-05-07 14:31:06.480562
1079,Appartements magnifiques et subventionnés à vendre Meknès,520000.0,Meknès,Autre Secteur,110.0,3,2,4727.27,2026-05-07 14:31:06.480674
1080,CMN-SI-1879 - Appartement à vendre à Ziraoui,3480000.0,Casablanca,Bourgogne,260.0,3,2,13384.62,2026-05-07 14:31:06.480820
1081,appartement,850000.0,Casablanca,Hay Mohammadi,102.0,2,2,8333.33,2026-05-07 14:31:06.480930
1082,Très bel appartement Oulfa - idéal famille,749000.0,Casablanca,Oulfa,112.0,2,2,6687.5,2026-05-07 14:31:06.481039
1083,Appartement enregistré et entièrement équipé à vendre,64000000.0,Safi,Autre Secteur,120.0,3,2,533333.33,2026-05-07 14:31:06.481167
1084,Près de Ibrahim Khalil Al Jadida,180000.0,El Jadida,Ezzohor,50.0,1,1,3600.0,2026-05-07 14:31:06.481285
1085,Magnifique appartement à vendre,460000.0,Saidia,Toute La Ville,54.0,2,1,8518.52,2026-05-07 14:31:06.481390
1086,Appartement à vendre à Bachkou très bien situé,1400000.0,Casablanca,Bachkou,106.0,3,2,13207.55,2026-05-07 14:31:06.481501
1087,Appartement à vendre,550000.0,Marrakech,M'Hamid,72.0,3,2,7638.89,2026-05-07 14:31:06.481609
1088,BEN-MA-1118 - Appartement à vendre à Mansouria-B...,1200000.0,Benslimane,Autre Secteur,98.0,2,1,12244.9,2026-05-07 14:31:06.481718
1089,Appartement à vendre quartier Bachkou bien situé,1400000.0,Casablanca,Bachkou,106.0,3,2,13207.55,2026-05-07 14:31:06.481837
1090,Appartement Oued Fès,540000.0,Fès,Oued Fès,98.0,3,2,5510.2,2026-05-07 14:31:06.481947
1091,CMN-HA-1920 - Appartement à vendre à Oulfa,1092000.0,Casablanca,Oulfa,78.0,2,2,14000.0,2026-05-07 14:31:06.482053
1092,Appartement à Vendre Avec Vue Dégagée sur MER,3300000.0,Sidi Bouknadel,Toute La Ville,180.0,3,2,18333.33,2026-05-07 14:31:06.482162
1093,Vente Appartement vue dégagée sur Mer,3500000.0,Sidi Bouknadel,Toute La Ville,185.0,3,2,18918.92,2026-05-07 14:31:06.482275
1094,Appartement privé à vendre berradi mhamid 7,470000.0,Marrakech,M'Hamid,70.0,2,2,6714.29,2026-05-07 14:31:06.482384
1095,Appartement à vendre 70 m² à Tanger,1250000.0,Tanger,Castilla,131.0,3,2,9541.98,2026-05-07 14:31:06.482493
1096,Bel appartement à vendre au lotissement ikhlas,275000.0,Tanger,Autre Secteur,47.0,2,2,5851.06,2026-05-07 14:31:06.482599
1097,CMN-ME-1691 - Appartement à vendre à 2 Mars,2100000.0,Casablanca,2 Mars,156.0,3,2,13461.54,2026-05-07 14:31:06.482712
1098,BEN-MA-1119 - Appartement à vendre à Mansouria-B...,1640000.0,Benslimane,Autre Secteur,109.0,2,2,15045.87,2026-05-07 14:31:06.482842
1099,Appartement à vendre 60 m² à Saidia,340000.0,Saidia,Toute La Ville,60.0,2,1,5666.67,2026-05-07 14:31:06.482957
1100,Appartement à Martil,320000.0,Martil,Toute La Ville,58.0,2,1,5517.24,2026-05-07 14:31:06.483069
1101,Grand appartement neuf Mhamid 8,750000.0,Marrakech,M'Hamid,76.0,2,1,9868.42,2026-05-07 14:31:06.483179
1102,Appartement 200m² haut standing – Moulay Abdelaziz,2500000.0,Tanger,Centre,200.0,5,2,12500.0,2026-05-07 14:31:06.483287
1103,CMN-AC-2063 - Appartement à vendre à Sidi Maarouf,900000.0,Casablanca,Sidi Maarouf,85.0,2,2,10588.24,2026-05-07 14:31:06.483399
1104,Appartement à vendre 188 m² à Victoria,1780000.0,Bouskoura,Victoria,188.0,3,3,9468.09,2026-05-07 14:31:06.483506
1105,CMN-AN-1875 - Appartement à vendre à Bourgogne,1500000.0,Casablanca,Bourgogne,113.0,3,1,13274.34,2026-05-07 14:31:06.483616
1106,Appartement 3 chambres 150 m² ascenseur syndic sur le Boulevard,1950000.0,Tanger,Centre Ville,150.0,3,2,13000.0,2026-05-07 14:31:06.483726
1107,Appartement à vendre 79 m² à Mohammedia,890000.0,Mohammedia,La Colline,79.0,2,2,11265.82,2026-05-07 14:31:06.483845
1108,Appartement Rez de jardin à vendre palmeraie,2500000.0,Marrakech,Palmeraie,188.0,2,2,13297.87,2026-05-07 14:31:06.483951
1109,Appartement ascenseur Syndic vue sur la rue,450000.0,Tanger,Marjane,57.0,2,1,7894.74,2026-05-07 14:31:06.484059
1110,"Appartement 3 pièces 80 m², ascenseur, syndic, 5 min Malabata",750000.0,Tanger,Tanja Balia,80.0,3,1,9375.0,2026-05-07 14:31:06.484167
1111,"Appartement 56 m², ascenseur, syndic, 5 minutes Malabata",550000.0,Tanger,Tanja Balia,56.0,2,1,9821.43,2026-05-07 14:31:06.484279
1112,Appartement 93 m² 3 chambres ascenseur syndic,750000.0,Tanger,Tanja Balia,93.0,3,2,8064.52,2026-05-07 14:31:06.484409
1113,Appartement 74 m² ascenseur syndic déclaration totale,555000.0,Tanger,Tanja Balia,74.0,2,1,7500.0,2026-05-07 14:31:06.484522
1114,Appartement meublé 76 m2 ascenseur syndic sur rue,798000.0,Tanger,Tanja Balia,76.0,2,1,10500.0,2026-05-07 14:31:06.484637
1115,Appartement 4 pièces 102 m ascenseur syndic sur rue,1070000.0,Tanger,Tanja Balia,102.0,4,1,10490.2,2026-05-07 14:31:06.484773
1116,Appartement terrasse 118 m ascenseur syndic caméras de surveillance,800000.0,Tanger,Tanja Balia,118.0,2,1,6779.66,2026-05-07 14:31:06.484894
1117,Appartement Terrasse 196 m Ascenseur Syndic Déclaration Totale,1020000.0,Tanger,Tanja Balia,196.0,2,1,5204.08,2026-05-07 14:31:06.485010
1118,Studio 70m A Lhjajma En Face Des Villas,1600000.0,Casablanca,Anfa,70.0,1,1,22857.14,2026-05-07 14:31:06.485125
1119,Vente Appartement 3 pièces de 80 m2 à Tamaris,1100000.0,Tamaris,Toute La Ville,80.0,2,1,13750.0,2026-05-07 14:31:06.485267
1120,Duplex 127m² à vendre,850000.0,El Jadida,Quartier Aérodrome,130.0,3,3,6538.46,2026-05-07 14:31:06.485380
1121,Appartement à vendre à Challaalat Ain Harrouda,360000.0,Ain Harrouda,Toute La Ville,82.0,2,1,4390.24,2026-05-07 14:31:06.485490
1122,Vente appartement façade à lotissement Doha,180000.0,Kénitra,Alliance,51.0,2,1,3529.41,2026-05-07 14:31:06.485596
1123,Appartement à vendre à Ferdaws Oulfa,520000.0,Casablanca,Oulfa,56.0,2,2,9285.71,2026-05-07 14:31:06.485702
1124,Appartement Dahomey bord de mer,760000.0,Bouznika,Autre Secteur,89.0,2,2,8539.33,2026-05-07 14:31:06.485820
1125,Appartement à vendre 81m2 habitable 55m2 balcon 26m2,1150000.0,Casablanca,Quartier Des Hôpitaux,81.0,2,1,14197.53,2026-05-07 14:31:06.485977
1126,CMN-MA-2470 - Appartement à vendre à Les Hôpitaux,1450000.0,Casablanca,Quartier Des Hôpitaux,117.0,3,1,12393.16,2026-05-07 14:31:06.486096
1127,Appartement à vendre 58 m² à Casablanca,800000.0,Casablanca,Quartier Des Hôpitaux,63.0,1,1,12698.41,2026-05-07 14:31:06.486209
1128,Appartement 116 m au premier étage,1270000.0,Casablanca,Belvédère,116.0,2,2,10948.28,2026-05-07 14:31:06.486322
1129,Appartement à vendre 87 m² à Kénitra,920000.0,Kénitra,Mimosas,87.0,2,2,10574.71,2026-05-07 14:31:06.486462
1130,Apparemment 5 min au centre ville,770000.0,Kénitra,Centre,117.0,3,2,6581.2,2026-05-07 14:31:06.486573
1131,Vente appartement façade lotissement Doha Kénitra,250000.0,Mehdia,Toute La Ville,54.0,2,1,4629.63,2026-05-07 14:31:06.486681
1132,Appartements haut standing à vendre,1250000.0,Kénitra,Val Fleury,115.0,3,2,10869.57,2026-05-07 14:31:06.486796
1133,Vends appartement titré,450000.0,Laâyoune,Toute La Ville,78.0,2,1,5769.23,2026-05-07 14:31:06.486910
1134,Appartement à vendre 198 m² à Marrakech,9500000.0,Marrakech,Guéliz,242.0,3,3,39256.2,2026-05-07 14:31:06.487017
1135,xxxxxxxxxxxxxx,750000.0,Saidia,Toute La Ville,80.0,2,1,9375.0,2026-05-07 14:31:06.487132
1136,appartement,11000000.0,Kénitra,Centre,103.0,3,2,106796.12,2026-05-07 14:31:06.487238
1137,Appartement à vendre à Cabo Negro – Emplacement privilégié et proche de la mer,590000.0,Martil,Toute La Ville,55.0,2,1,10727.27,2026-05-07 14:31:06.487348
1138,Studio de Luxe Meublé à vendre,1100000.0,Marrakech,Guéliz,45.0,1,1,24444.44,2026-05-07 14:31:06.487520
1139,Appartement à vendre 66m² à Kénitra,690000.0,Kénitra,Val Fleury,66.0,1,1,10454.55,2026-05-07 14:31:06.487645
1316,Appartement à vendre,300000.0,Béni Yakhlef,Toute La Ville,56.0,2,1,5357.14,2026-05-07 14:31:06.509231
1140,180997-Vente Appt à Casablanca Gauthier de 224 m²,4000000.0,Casablanca,Autre Secteur,224.0,4,3,17857.14,2026-05-07 14:31:06.487758
1141,184381-Vente Appt à Casablanca Hopitaux de 141 m²,1800000.0,Casablanca,Maarif,141.0,3,1,12765.96,2026-05-07 14:31:06.487894
1142,177685-Vente Appt à Casablanca Beauséjour de 129 m,1592889.0,Casablanca,Hay Hassani,129.0,2,3,12347.98,2026-05-07 14:31:06.488005
1143,184314-Vente Appt à Casablanca Bachkou de 106 m²,1720000.0,Casablanca,Maarif,106.0,2,2,16226.42,2026-05-07 14:31:06.488116
1144,173988-Vente Appt à Kénitra La Ville Haute de 103,975000.0,Kénitra,Maamora,103.0,3,2,9466.02,2026-05-07 14:31:06.488223
1145,Appartement à vendre 105 m² à Tanger,9500000.0,Tanger,Mesnana,105.0,3,1,90476.19,2026-05-07 14:31:06.488329
1146,Appartement à vendre 67 m² à Sidi Rahal,540000.0,Sidi Rahal,Toute La Ville,67.0,2,2,8059.7,2026-05-07 14:31:06.488439
1147,Appartement à vendre 57 m² à Sidi Rahal,460000.0,Sidi Rahal,Toute La Ville,57.0,2,1,8070.18,2026-05-07 14:31:06.488564
1148,CMN-MA-1866 - Appartement à vendre à Les princesses,1330000.0,Casablanca,Les Princesses,106.0,2,1,12547.17,2026-05-07 14:31:06.488674
1149,185628-Vente Appt à Casablanca Oulfa de 60 m²,1050000.0,Casablanca,Hay Hassani,60.0,2,2,17500.0,2026-05-07 14:31:06.488822
1150,184977-Vente Appt à Bouskoura Lahouami de 56 m²,420000.0,Bouskoura,,56.0,2,1,7500.0,2026-05-07 14:31:06.488937
1151,185374-Vente Appt à Marrakech Jnan Aourad de 53 m²,680000.0,Marrakech,Autre Secteur,53.0,2,1,12830.19,2026-05-07 14:31:06.489044
1152,185947-Vente Appt à Marrakech Izdihar de 44 m²,520000.0,Marrakech,Autre Secteur,44.0,2,1,11818.18,2026-05-07 14:31:06.489162
1153,185565-Vente Appt à Casablanca Sidi Moumen de 62 m,520000.0,Casablanca,Sidi Moumen,62.0,2,1,8387.1,2026-05-07 14:31:06.489274
1154,182691-Vente Appt à Bouskoura Parc Industriel Cfci,695000.0,Bouskoura,,70.0,2,1,9928.57,2026-05-07 14:31:06.489381
1155,184491-Vente Appt à Marrakech Rouidate - Majorelle,1200000.0,Marrakech,Autre Secteur,72.0,2,2,16666.67,2026-05-07 14:31:06.489489
1156,181353-Vente Appt à Salé Said Hajji de 67 m²,520000.0,Salé,Said Hajji,67.0,2,1,7761.19,2026-05-07 14:31:06.489601
1157,183213-Vente Appt à Bouznika Al Wouroud de 70 m²,650000.0,Bouznika,Autre Secteur,70.0,2,1,9285.71,2026-05-07 14:31:06.489707
1158,182901-Vente Appt à Casablanca Beausejour de 86 m²,1400000.0,Casablanca,Hay Hassani,86.0,2,2,16279.07,2026-05-07 14:31:06.489825
1159,184752-Vente Appt à Marrakech Semlalia de 93 m²,1540000.0,Marrakech,Semlalia,93.0,2,2,16559.14,2026-05-07 14:31:06.489938
1160,175778-Vente Appt à Marrakech M'Hamid de 81 m²,850000.0,Marrakech,M'Hamid,81.0,3,2,10493.83,2026-05-07 14:31:06.490046
1161,Magnifique appartement à vendre,980000.0,El Jadida,Quartier Aérodrome,130.0,3,2,7538.46,2026-05-07 14:31:06.490152
1162,182360-Vente Appt à Casablanca Moulay Rachid de 64,475000.0,Casablanca,Autre Secteur,64.0,2,1,7421.88,2026-05-07 14:31:06.490350
1163,185413-Vente Appt à Marrakech Gueliz de 63 m²,1220000.0,Marrakech,Autre Secteur,63.0,2,1,19365.08,2026-05-07 14:31:06.490464
1164,179880-Vente Appt à Salé Hay Chmaou de 69 m²,750000.0,Salé,Hay Chmaou,69.0,2,1,10869.57,2026-05-07 14:31:06.490577
1165,180636-Vente Appt à Casablanca Belvedere (Roches N),1550000.0,Casablanca,Roches Noires,123.0,3,2,12601.63,2026-05-07 14:31:06.490686
1166,185234-Vente Appt à Casablanca Bourgogne (Anfa),2350000.0,Casablanca,Anfa,122.0,3,1,19262.3,2026-05-07 14:31:06.490797
1167,185799-Vente Appt à Rabat El Youssoufia de 122 m²,2600000.0,Rabat,El Youssoufia,122.0,4,1,21311.48,2026-05-07 14:31:06.490904
1168,185707-Vente Appt à Rabat Menzah Rabat de 120 m²,2380000.0,Rabat,Souissi,120.0,3,2,19833.33,2026-05-07 14:31:06.491009
1169,186084-Vente Appt à Témara Nahda I de 120 m²,1000000.0,Temara,Autre Secteur,120.0,3,1,8333.33,2026-05-07 14:31:06.491134
1170,185882-Vente Appt à Nouaceur Nouaceur de 116 m²,1270000.0,Nouaceur,Toute La Ville,116.0,3,2,10948.28,2026-05-07 14:31:06.491250
1171,185903-Vente Appt à Casablanca Hopitaux de 116 m²,1850000.0,Casablanca,Maarif,116.0,3,2,15948.28,2026-05-07 14:31:06.491355
1172,181833-Vente Appt à Casablanca Roches Noires de 10,1010000.0,Casablanca,Roches Noires,103.0,2,1,9805.83,2026-05-07 14:31:06.491468
1173,184816-Vente Appt à Casablanca Roches Noires de 94,1270000.0,Casablanca,Roches Noires,94.0,2,2,13510.64,2026-05-07 14:31:06.491575
1174,183542-Vente Appt à Casablanca Val Fleuri de 102 m²,1484800.0,Casablanca,Maarif,102.0,2,1,14556.86,2026-05-07 14:31:06.491684
1175,171766-Vente Appt à Casablanca Palmier (Maarif),2250000.0,Casablanca,Maarif,114.0,2,2,19736.84,2026-05-07 14:31:06.491793
1176,185417-Vente Appt à Casablanca Oasis de 110 m²,2100000.0,Casablanca,Maarif,110.0,2,2,19090.91,2026-05-07 14:31:06.491901
1177,185813-Vente Appt à Dar Bouazza Tamaris2 de 144 m²,2390000.0,Dar Bouazza,Toute La Ville,144.0,3,2,16597.22,2026-05-07 14:31:06.492011
1178,186072-Vente Appt à Casablanca Ferme Bretonne de 1,2450000.0,Casablanca,Hay Hassani,136.0,3,2,18014.71,2026-05-07 14:31:06.492118
1179,184639-Vente Appt à Casablanca Oulfa de 131 m²,1300000.0,Casablanca,Hay Hassani,131.0,3,1,9923.66,2026-05-07 14:31:06.492229
1180,185391-Vente Appt à Casablanca Lusitania de 130 m²,1980000.0,Casablanca,Sidi Belyout,130.0,3,2,15230.77,2026-05-07 14:31:06.492340
1181,182437-Vente Appt à Casablanca Hopitaux de 167 m²,2595000.0,Casablanca,Maarif,167.0,3,2,15538.92,2026-05-07 14:31:06.492449
1182,"Appartement spacieux à vendre 95m² dans la résidence Najma, rue Moulay Rachid",720000.0,Tanger,Centre,95.0,3,1,7578.95,2026-05-07 14:31:06.492581
1183,183544-Vente Appt à Casablanca Ain Diab de 223 m²,3200000.0,Casablanca,Anfa,223.0,3,2,14349.78,2026-05-07 14:31:06.492693
1184,CMN-AC-2017 - Appartement à vendre à Californie,1690000.0,Casablanca,Californie,144.0,2,2,11736.11,2026-05-07 14:31:06.492803
1185,184727-Vente Appt à Casablanca Hopitaux de 245 m²,3650000.0,Casablanca,Maarif,245.0,4,3,14897.96,2026-05-07 14:31:06.492916
1186,184882-Vente Appt à Casablanca Maarif Extension,2600000.0,Casablanca,Maarif,206.0,3,3,12621.36,2026-05-07 14:31:06.493027
1187,172307-Vente Appt à Rabat Riyad de 202 m²,4750000.0,Rabat,Riyad,202.0,3,1,23514.85,2026-05-07 14:31:06.493137
1188,185814-Vente Appt à Casablanca La Gironde de 198 m,2500000.0,Casablanca,Mers Sultan,198.0,4,3,12626.26,2026-05-07 14:31:06.493241
1189,180763-Vente Appt à Casablanca Sindibad de 185 m²,4900000.0,Casablanca,Anfa,185.0,3,2,26486.49,2026-05-07 14:31:06.493351
1190,184806-Vente Appt à Casablanca Maarif de 283 m²,5200000.0,Casablanca,Maarif,283.0,3,3,18374.56,2026-05-07 14:31:06.493457
1191,Aprt a vendre oulfa EL youssra,1040000.0,Casablanca,Oulfa,100.0,3,2,10400.0,2026-05-07 14:31:06.493565
1192,appartement à sidi maarof,1000000.0,Casablanca,Sidi Maarouf,112.0,2,2,8928.57,2026-05-07 14:31:06.493676
1193,Appartement titré à vendre Résidence Halima Un 55 mètres,400000.0,Salé,Toute La Ville,55.0,2,1,7272.73,2026-05-07 14:31:06.493807
1194,Appartement à vendre à Bachir Complex,620000.0,Tanger,Moujahidine,62.0,2,2,10000.0,2026-05-07 14:31:06.493922
1195,Appartement 74 m² ascenseur syndic déclaration totale,555000.0,Tanger,Tanja Balia,74.0,2,1,7500.0,2026-05-07 14:31:06.494030
1196,Appartement titré à vendre 46 m²,280000.0,Salé,Sidi Moussa,46.0,1,1,6086.96,2026-05-07 14:31:06.494145
1197,شقة مميزة ذات واجهتين للبيع,650000.0,Tanger,Autre Secteur,80.0,3,1,8125.0,2026-05-07 14:31:06.494268
1198,Appartement à vendre 95 m² à El Mansouria,1100000.0,El Mansouria,Toute La Ville,95.0,2,2,11578.95,2026-05-07 14:31:06.494383
1199,Appartement à vendre 55 m² à Tanger avec piscine,350000.0,Tanger,La Nouvelle Ville Ibn Battouta,55.0,2,1,6363.64,2026-05-07 14:31:06.494496
1200,Appartement bien situé,430000.0,El Jadida,Autre Secteur,76.0,2,1,5657.89,2026-05-07 14:31:06.494604
1201,CMN-AC-1971 - Appartement à vendre à Sidi Maarouf,770000.0,Casablanca,Sidi Maarouf,72.0,2,1,10694.44,2026-05-07 14:31:06.494724
1202,Appartement à vendre 50 m² à Salé,260000.0,Salé,Bab Sebta,50.0,2,1,5200.0,2026-05-07 14:31:06.494865
1203,Appart - AL BASMA A.S,425000.0,Casablanca,Ain Sebaa,55.0,2,2,7727.27,2026-05-07 14:31:06.494973
1204,appartement a vendre meuble,600000.0,Marrakech,Route De Casablanca,52.0,2,1,11538.46,2026-05-07 14:31:06.495080
1205,Appartement à vendre 110 m² à Agadir Marina,2950000.0,Agadir,Marina,110.0,2,2,26818.18,2026-05-07 14:31:06.495195
1206,CMN-MA-2450 - Appartement à vendre à Bd Anoual,1800000.0,Casablanca,Autre Secteur,114.0,3,2,15789.47,2026-05-07 14:31:06.495306
1207,CMN-MA-2188 - Appartement à vendre à Racine,1680000.0,Casablanca,Racine,144.0,3,1,11666.67,2026-05-07 14:31:06.495419
1208,CMN-ME-1690 - Appartement à vendre à 2 Mars,1700000.0,Casablanca,2 Mars,85.0,2,2,20000.0,2026-05-07 14:31:06.495528
1209,Appartement à vendre 78 m² à Temara,849000.0,Temara,Centre Ville,78.0,2,2,10884.62,2026-05-07 14:31:06.495637
1210,Appartement à vendre à la Palmeraie à Marrakech,2300000.0,Marrakech,Palmeraie,134.0,2,2,17164.18,2026-05-07 14:31:06.495753
1211,Appartement à vendre Touhid Rahma,250000.0,Casablanca,Errahma,51.0,2,1,4901.96,2026-05-07 14:31:06.495866
1212,Appartement de propriété adliya,390000.0,Tétouan,Autre Secteur,100.0,3,2,3900.0,2026-05-07 14:31:06.495974
1213,Appartement à vendre à Jnan Awrad Marrakech,1350000.0,Marrakech,Route De Casablanca,75.0,2,2,18000.0,2026-05-07 14:31:06.496096
1214,Appartement à vendre 84 m² à Tanger,2500000.0,Tanger,Tanger City Center,84.0,2,1,29761.9,2026-05-07 14:31:06.496209
1215,appartement à vendre,550000.0,Casablanca,Autre Secteur,56.0,2,1,9821.43,2026-05-07 14:31:06.496314
1216,"Appartement à vendre à Bouznika à un prix raisonnable, adresse Riad El Mountassir",290000.0,Bouznika,Autre Secteur,60.0,2,1,4833.33,2026-05-07 14:31:06.496505
1217,Appartement balnéaire 96 m² à El Mansouria,920000.0,El Mansouria,Toute La Ville,96.0,1,1,9583.33,2026-05-07 14:31:06.496628
1218,Appartement à vendre 86 m² au cœur de Bourgogne,800000.0,Casablanca,Bourgogne,86.0,2,1,9302.33,2026-05-07 14:31:06.496738
1219,Spacieux appartement à vendre meublé,1350000.0,Marrakech,Victor Hugo,54.0,1,1,25000.0,2026-05-07 14:31:06.496855
1220,Nouvel appartement équipé à vendre quartier Mansour,500000.0,Meknès,Autre Secteur,82.0,2,2,6097.56,2026-05-07 14:31:06.496964
1221,"🌊 appartement vue mer en face, sans vis-à-vis",1600000.0,Agadir,Anza,80.0,2,2,20000.0,2026-05-07 14:31:06.497077
1222,Appartement à vendre 89 m² à Benslimane,700000.0,Benslimane,Autre Secteur,100.0,2,1,7000.0,2026-05-07 14:31:06.497185
1223,"Appartement à Hay Saada 1, Fès",390000.0,Fès,Hay Saada,62.0,1,1,6290.32,2026-05-07 14:31:06.497302
1224,Joli Appartement à vendre,1150000.0,Casablanca,Maarif,90.0,3,2,12777.78,2026-05-07 14:31:06.497408
1225,Appartement à vendre 60m² - Salé (Route de Kénitra),420000.0,Salé,Toute La Ville,60.0,2,1,7000.0,2026-05-07 14:31:06.497516
1226,Appartement à vendre 76 m² à Salé,630000.0,Salé,Said Hajji,76.0,2,1,8289.47,2026-05-07 14:31:06.497647
1227,Maison à vendre à Mohammedia Al Andalous,430000.0,Mohammedia,Autre Secteur,64.0,3,2,6718.75,2026-05-07 14:31:06.497754
1228,Appartement à vendre à Hay Riad,5400000.0,Rabat,Hay Riad,326.0,4,4,16564.42,2026-05-07 14:31:06.497874
1229,appartement à vendre,2450000.0,Tanger,Malabata,93.0,1,2,26344.09,2026-05-07 14:31:06.497988
1230,Appartement meublé Martil,850000.0,Martil,Toute La Ville,76.0,2,2,11184.21,2026-05-07 14:31:06.498099
1231,Super Appart à Marina Golf Asilah,780000.0,Asilah,Toute La Ville,69.0,1,1,11304.35,2026-05-07 14:31:06.498211
1232,Appartement à vendre 58 m² à Casablanca,400000.0,Casablanca,Sidi Moumen,58.0,2,1,6896.55,2026-05-07 14:31:06.498326
1233,Bel appartement 2 chambres sur résidence piscine,2100000.0,Marrakech,Guéliz,95.0,2,2,22105.26,2026-05-07 14:31:06.498440
1234,Superbe duplex à vendre centre ville,2800000.0,Tanger,Centre Ville,170.0,3,3,16470.59,2026-05-07 14:31:06.498552
1235,Appartement avec locaux commerciaux à vendre,2000000.0,Marrakech,Route D'Ourika,100.0,3,1,20000.0,2026-05-07 14:31:06.498661
1236,Studios Neuf 36m à 38m Quartiers Des Hôpitaux,820000.0,Casablanca,2 Mars,36.0,1,1,22777.78,2026-05-07 14:31:06.498770
1237,appartement,480000.0,Meknès,El Bassatine,95.0,3,1,5052.63,2026-05-07 14:31:06.498880
1238,Studio 43m Haut de Gamme Proche Tram,1000000.0,Casablanca,2 Mars,43.0,1,1,23255.81,2026-05-07 14:31:06.498986
1239,Appartement à vendre 105 m² à Agadir,1380000.0,Agadir,Hay Salam,105.0,3,2,13142.86,2026-05-07 14:31:06.499092
1240,Appartement à vendre 70 m² - Hay Chrifa,900000.0,Casablanca,Hay Chrifa,70.0,2,1,12857.14,2026-05-07 14:31:06.499203
1241,Appartement 80 m² 3 chambres ascenseur syndic 3 minutes Malabata,750000.0,Tanger,Tanja Balia,80.0,3,1,9375.0,2026-05-07 14:31:06.499314
1242,"Appartement meublé 76m², ascenseur, syndic, sur la rue",760000.0,Tanger,Tanja Balia,76.0,2,1,10000.0,2026-05-07 14:31:06.499428
1243,Appartement à vendre 85 m² à Tanger,1140000.0,Tanger,Autre Secteur,85.0,2,1,13411.76,2026-05-07 14:31:06.499541
1244,Appartement neuf haut standing,650000.0,Dar Bouazza,Toute La Ville,66.0,2,2,9848.48,2026-05-07 14:31:06.499662
1245,Appartement à vendre 57 m² HAY HAMZA SIDI MAAROUF,560000.0,Casablanca,Sidi Maarouf,57.0,2,1,9824.56,2026-05-07 14:31:06.499771
1246,Appartement à vendre à Ain Sebaa El Fadl ensoleillé toute la journée,420000.0,Casablanca,Ain Sebaa,74.0,2,1,5675.68,2026-05-07 14:31:06.499888
1247,Appartement à vendre 62 m² à SIDI RHHALE,450000.0,Casablanca,Route D'Azemmour,62.0,2,1,7258.06,2026-05-07 14:31:06.500005
1248,"Appartement 56 m², ascenseur, syndic, 5 minutes de Malabata",550000.0,Tanger,Tanja Balia,56.0,2,1,9821.43,2026-05-07 14:31:06.500113
1249,Appartement 74 m ascenseur syndic balcon,592000.0,Tanger,Tanja Balia,74.0,2,1,8000.0,2026-05-07 14:31:06.500263
1250,Appartement 4 pièces 102 m² ascenseur syndic sur rue,1070000.0,Tanger,Tanja Balia,102.0,4,2,10490.2,2026-05-07 14:31:06.500402
1251,ATIK SIGNATURE,931000.0,Marrakech,M'Hamid,106.0,3,3,8783.02,2026-05-07 14:31:06.500521
1252,"Appartement terrasse 118 m², ascenseur, syndic, caméras de surveillance",800000.0,Tanger,Tanja Balia,118.0,2,1,6779.66,2026-05-07 14:31:06.500630
1253,Appartement à vendre 64 m² à Bouznika,1250000.0,Bouznika,Plage Oued Cherrat,83.0,2,2,15060.24,2026-05-07 14:31:06.500746
1254,"Appartement terrasse 196 m², ascenseur, syndic, déclaration totale",1020000.0,Tanger,Tanja Balia,118.0,2,1,8644.07,2026-05-07 14:31:06.500863
1255,Appartement Hôpitaux,2250000.0,Casablanca,Quartier Des Hôpitaux,144.0,3,2,15625.0,2026-05-07 14:31:06.500999
1256,Appartement 600000 dh à Mdiq,600000.0,Mdiq,Toute La Ville,48.0,2,1,12500.0,2026-05-07 14:31:06.501111
1257,Appartement sarout bas de porte à vendre 127 m²,450000.0,Casablanca,Autre Secteur,110.0,3,1,4090.91,2026-05-07 14:31:06.501219
1258,Appartement 114m2 avenue 9 avril Tétouan,1350000.0,Tétouan,Autre Secteur,114.0,3,2,11842.11,2026-05-07 14:31:06.501336
1259,Appartement à vendre 80 m² à Tanger,1150000.0,Tanger,Hay Hassani,80.0,2,1,14375.0,2026-05-07 14:31:06.501485
1260,appartement hay hassani,1600000.0,Casablanca,Hay Hassani,145.0,3,1,11034.48,2026-05-07 14:31:06.501598
1261,"Appartement à vendre au quatrième étage, excellent emplacement",380000.0,Bouznika,Autre Secteur,56.0,2,1,6785.71,2026-05-07 14:31:06.501709
1262,Studio de 59m² à vendre à Ain Sebaa,620000.0,Casablanca,Ain Sebaa,59.0,1,1,10508.47,2026-05-07 14:31:06.501834
1263,Appartement à vendre 52 m² à Casablanca,420000.0,Casablanca,Ain Sebaa,52.0,2,1,8076.92,2026-05-07 14:31:06.501944
1264,Appartement à vendre 64 m² à Tanger,720000.0,Tanger,Autre Secteur,64.0,2,1,11250.0,2026-05-07 14:31:06.502057
1265,Bel appartement à vendre,560000.0,Kénitra,Alliance,70.0,3,2,8000.0,2026-05-07 14:31:06.502177
1266,Appartement 90 m² - Résidence Sophia,1450000.0,Marrakech,Centre Ville,90.0,2,1,16111.11,2026-05-07 14:31:06.502286
1267,Appartement avec deux façades près de la sûreté et de la formation professionnelle,300000.0,Meknès,Autre Secteur,67.0,2,1,4477.61,2026-05-07 14:31:06.502402
1268,appartement,330000.0,Saidia,Toute La Ville,54.0,2,1,6111.11,2026-05-07 14:31:06.502523
1269,Appartement À vendre à Témara Wifak 87m²,1450000.0,Temara,Wifak,87.0,2,2,16666.67,2026-05-07 14:31:06.502632
1270,Appartement de luxe à vendre vue mer,2340000.0,Tanger,Tanger City Center,72.0,2,2,32500.0,2026-05-07 14:31:06.502738
1271,Superbe appartement à vendre,1100000.0,Kénitra,Val Fleury,145.0,2,2,7586.21,2026-05-07 14:31:06.502885
1272,Hay Salam Tranche 1 N° 16 Settat,350000.0,Settat,Hay Salam,45.0,2,1,7777.78,2026-05-07 14:31:06.503115
1273,Appartement à vendre 93 m² à Sidi Rahal,1200000.0,Sidi Rahal,Toute La Ville,93.0,2,2,12903.23,2026-05-07 14:31:06.503225
1274,Appartement à vendre 85 m²,1350000.0,Casablanca,2 Mars,80.0,2,2,16875.0,2026-05-07 14:31:06.503333
1275,Appartement lumineux proche de la nouvelle gare Tanger,440000.0,Tanger,Hay Hassani,56.0,2,1,7857.14,2026-05-07 14:31:06.503448
1276,Appartement à vendre 68 m² à Bayti 3,680000.0,Salé,Sala El Jadida,68.0,2,2,10000.0,2026-05-07 14:31:06.503560
1277,"Appartement titré à vendre 132m² - Rue du Caire, Tétouan",1100000.0,Tétouan,Safir,132.0,3,2,8333.33,2026-05-07 14:31:06.503670
1278,Appartement à Vendre Neuf 95m²,950000.0,Casablanca,Roches Noires,100.0,2,2,9500.0,2026-05-07 14:31:06.503776
1279,Appartement à vendre 88 m² à Marrakech,680000.0,Marrakech,Azzouzia,88.0,2,1,7727.27,2026-05-07 14:31:06.503914
1280,Appartement moderne avec vue ensoleillée à vendre à Jnane Znata,840000.0,Ain Harrouda,Toute La Ville,283.0,2,2,2968.2,2026-05-07 14:31:06.504064
1281,Appartement à vendre 75 m² à Salé,4700000.0,Salé,Abouab Sala,75.0,1,1,62666.67,2026-05-07 14:31:06.504194
1282,Appartement de Luxe 2 Pièces à Prestigia Jade,2400000.0,Marrakech,Bouaakkaz,75.0,2,2,32000.0,2026-05-07 14:31:06.504323
1283,Appartement avec piscine à vendre,480000.0,Oued Laou,Toute La Ville,68.0,2,1,7058.82,2026-05-07 14:31:06.504470
1284,"Appartement à vendre, Douar Lahna, Bab Marrakech, 64 m², double façade",420000.0,Marrakech,Les Portes De Marrakech,68.0,2,1,6176.47,2026-05-07 14:31:06.504631
1285,Studio 57m Meublé A Palmier,1150000.0,Casablanca,Palmier,57.0,1,1,20175.44,2026-05-07 14:31:06.504763
1286,Vente Appartement 4 pièces de 126 m2 à Casablanca,1800000.0,Casablanca,Gauthier,126.0,3,1,14285.71,2026-05-07 14:31:06.504902
1287,Appartement à vendre 60 m² à Mohammedia,350000.0,Mohammedia,Nassim,60.0,2,1,5833.33,2026-05-07 14:31:06.505036
1288,APPART 3CH – 118 m² plus 12 m² de parking à Palmier,2260000.0,Casablanca,Maarif,118.0,3,1,19152.54,2026-05-07 14:31:06.505199
1289,Appartement à vendre 57 m² à Sidi Rahal,460000.0,Sidi Rahal,Toute La Ville,57.0,2,1,8070.18,2026-05-07 14:31:06.505330
1290,bienvenue tout le monde,650000.0,Casablanca,Sidi Moumen,48.0,2,1,13541.67,2026-05-07 14:31:06.505463
1291,Appartement à vendre 67 m² à Sidi Rahal,540000.0,Sidi Rahal,Toute La Ville,67.0,2,2,8059.7,2026-05-07 14:31:06.505589
1292,"Al Oulfa, Farah Salam",340000.0,Casablanca,Oulfa,50.0,2,1,6800.0,2026-05-07 14:31:06.505721
1293,Appartement à vendre 70 m² à Mohammedia,490000.0,Mohammedia,Autre Secteur,70.0,2,1,7000.0,2026-05-07 14:31:06.505854
1294,"Appartement à vendre à très bon prix à Moujahidine, résidence Bel Bachir, rue principale",480000.0,Tanger,Moujahidine,55.0,2,1,8727.27,2026-05-07 14:31:06.506015
1295,Appartement à vendre 56 m² à El Jadida,320000.0,El Jadida,Autre Secteur,52.0,2,1,6153.85,2026-05-07 14:31:06.506158
1296,Appartement à ne pas rater,450000.0,Chefchaouen,Toute La Ville,82.0,3,1,5487.8,2026-05-07 14:31:06.506299
1297,Appartement 75m2 sur la corniche Airbnb,1100000.0,Tanger,Malabata,75.0,2,1,14666.67,2026-05-07 14:31:06.506427
1298,Excellent appartement,670000.0,Meknès,Autre Secteur,96.0,3,2,6979.17,2026-05-07 14:31:06.506560
1299,Appartement neuf meublé Agadir,640000.0,Agadir,Tassila,46.0,2,1,13913.04,2026-05-07 14:31:06.506695
1300,Duplex à vendre à Guynemer,2500000.0,Casablanca,Route D'El Jadida,126.0,3,2,19841.27,2026-05-07 14:31:06.506830
1301,Appartement terrasse 3 chambres balcon ascenseur syndic sur la rue,1156000.0,Tanger,Tanja Balia,136.0,3,2,8500.0,2026-05-07 14:31:06.506984
1302,"Appartement meublé de 76 m², ascenseur, syndic, sur la rue",798000.0,Tanger,Tanja Balia,76.0,2,1,10500.0,2026-05-07 14:31:06.507123
1303,Appartement à vendre 56 m² à Sidi Rehal,370000.0,Casablanca,Sidi Belyout,56.0,2,2,6607.14,2026-05-07 14:31:06.507260
1304,Appartement 4 pièces 102 m² ascenseur syndic sur rue,1070000.0,Tanger,Tanja Balia,102.0,4,2,10490.2,2026-05-07 14:31:06.507391
1305,Appartement à vendre 160 m² à Tanger Moulay Ismail,2500000.0,Tanger,Centre Ville,160.0,3,2,15625.0,2026-05-07 14:31:06.507532
1306,"Appartement 93 m², ascenseur, syndic, 3 chambres",750000.0,Tanger,Tanja Balia,93.0,3,2,8064.52,2026-05-07 14:31:06.507669
1307,"Appartement terrasse 118 m², ascenseur, syndic, à 3 minutes de la gare",800000.0,Tanger,Tanja Balia,118.0,2,1,6779.66,2026-05-07 14:31:06.507828
1308,"Appartement avec terrasse 196 m², ascenseur, syndic, déclaration totale",1020000.0,Tanger,Tanja Balia,196.0,2,1,5204.08,2026-05-07 14:31:06.507972
1309,Appartement à vendre à Tajzi'at Al Fadl,400000.0,Casablanca,Hay Moulay Rachid,57.0,2,1,7017.54,2026-05-07 14:31:06.508110
1310,Appartement à vendre 55 m² à Casablanca,520000.0,Casablanca,Aïn Chock,55.0,2,1,9454.55,2026-05-07 14:31:06.508366
1311,Bel appartement à Wifaq,1750000.0,Temara,Wifak,103.0,3,2,16990.29,2026-05-07 14:31:06.508529
1312,Appartement à vendre 105 m² à El Mansouria,1300000.0,El Mansouria,Toute La Ville,109.0,2,2,11926.61,2026-05-07 14:31:06.508673
1313,Appartement rénové neuf à la Gironde,940000.0,Casablanca,La Gironde,80.0,2,2,11750.0,2026-05-07 14:31:06.508830
1314,Appartement à vendre 84 m² à Tanger,2350000.0,Tanger,Centre Ville,84.0,2,2,27976.19,2026-05-07 14:31:06.508960
1315,Appartement meublé à vendre 79 m² à Tanger,1890000.0,Tanger,Centre Ville,79.0,2,2,23924.05,2026-05-07 14:31:06.509098
1317,Joli appartement à vendre,590000.0,Had Soualem,Toute La Ville,100.0,3,2,5900.0,2026-05-07 14:31:06.509357
1318,Appartements à vendre bas Agdal,1500000.0,Rabat,Agdal,117.0,3,1,12820.51,2026-05-07 14:31:06.509517
1319,Appartement à vendre 57 m² à Tanger,1500000.0,Tanger,Malabata,57.0,2,1,26315.79,2026-05-07 14:31:06.509659
1320,"Kénitra : Beau appartement meublé à vendre, propre et prêt",570000.0,Kénitra,Seyad,90.0,2,1,6333.33,2026-05-07 14:31:06.509855
1321,Appartement 62 m2 résidence Mekka sécurisée,560000.0,Mohammedia,Hay Saada,62.0,2,1,9032.26,2026-05-07 14:31:06.509989
1322,STUDIO MAGNIFIQUE À SAISIR,1350000.0,Casablanca,Riviera,48.0,1,1,28125.0,2026-05-07 14:31:06.510118
1323,Appartement à vendre 91 m² à Marrakech,1400000.0,Marrakech,Route De Casablanca,91.0,2,2,15384.62,2026-05-07 14:31:06.510246
1324,"Appartement à vendre, résidence Firdaous, premier étage",530000.0,Casablanca,Oulfa,53.0,2,2,10000.0,2026-05-07 14:31:06.510382
1325,Appartement à vendre 99 m² à Bouznika,940000.0,Bouznika,Autre Secteur,99.0,2,2,9494.95,2026-05-07 14:31:06.510519
1326,Appartement à vendre 80 m² à Ksar el-Kebir,330000.0,Ksar El-Kebir,Toute La Ville,80.0,2,2,4125.0,2026-05-07 14:31:06.510661
1327,Appartement 2ème étage Azzouzziya Bab Asfi,340000.0,Marrakech,Azzouzia,54.0,2,1,6296.3,2026-05-07 14:31:06.510798
1328,Appartement Bachkou à vendre,600000.0,Casablanca,Bachkou,58.0,2,1,10344.83,2026-05-07 14:31:06.510928
1329,Appartement à vendre Casablanca belvédère,970000.0,Casablanca,Belvédère,67.0,2,2,14477.61,2026-05-07 14:31:06.511057
1330,Appartement à vendre 89 m² à Casablanca,1800000.0,Casablanca,Maarif,89.0,3,2,20224.72,2026-05-07 14:31:06.511190
1331,Appartement à vendre 89 m² à Casablanca,820000.0,Casablanca,Hay Al Amal,89.0,3,1,9213.48,2026-05-07 14:31:06.511324
1332,Appartement à vendre 167 m² à Fès,890000.0,Fès,Agdal,167.0,3,2,5329.34,2026-05-07 14:31:06.511452
1333,"Appartement 106 m², 3 chambres, garage, ascenseur, piscine, Tanger Baliya",1378000.0,Tanger,Centre Ville,106.0,3,2,13000.0,2026-05-07 14:31:06.511588
1334,Appartement à vendre 60 m² à Kénitra,5600000.0,Kénitra,Alliance,70.0,2,1,80000.0,2026-05-07 14:31:06.511724
1335,Appartement à vendre 75 m² à Kénitra 51 million,580000.0,Kénitra,Alliance,85.0,2,2,6823.53,2026-05-07 14:31:06.511864
1336,"Appartement 3 chambres, 3 salles de bain, ascenseur, syndic, garage, déclaration totale",2325000.0,Tanger,Centre Ville,150.0,3,2,15500.0,2026-05-07 14:31:06.512001
1337,Appartement à vendre à Msannat Golf,620000.0,Tanger,Mesnana,56.0,2,1,11071.43,2026-05-07 14:31:06.512135
1338,Appartement 3 chambres 150 m² ascenseur syndic sur le boulevard,1950000.0,Tanger,Centre Ville,150.0,3,2,13000.0,2026-05-07 14:31:06.512264
1339,"Excellent emplacement, R'bana Aya",72000000.0,Martil,Toute La Ville,70.0,2,2,1028571.43,2026-05-07 14:31:06.512440
1340,Appartements de luxe à vendre avec soutien,800000.0,Berkane,Toute La Ville,130.0,2,1,6153.85,2026-05-07 14:31:06.512592
1341,"Appartement 56 m², ascenseur, syndic, 5 minutes de Malabata",550000.0,Tanger,Tanja Balia,56.0,2,1,9821.43,2026-05-07 14:31:06.512722
1342,Appartement meublé à vendre 70 m² à Mohammedia,490000.0,Mohammedia,Autre Secteur,70.0,3,2,7000.0,2026-05-07 14:31:06.512871
1343,CABINET MÉDICAL OU COMMERCE À VENDRE,650000.0,Tamesna,Toute La Ville,85.0,3,1,7647.06,2026-05-07 14:31:06.513013
1344,appartement 3 chambres ascenseur l'aide l'état,876000.0,Tanger,Marjane,73.0,3,2,12000.0,2026-05-07 14:31:06.513143
1345,Appartement à vendre 40 m² à Wifaq,480000.0,Temara,Wifak,40.0,1,1,12000.0,2026-05-07 14:31:06.513273
1346,"Appartement 74 m², garage, ascenseur, balcon, aide de l'État",740000.0,Tanger,Marjane,74.0,2,2,10000.0,2026-05-07 14:31:06.513406
1347,"Appartement 120 m², garage, ascenseur, balcon sur la rue principale",1020000.0,Tanger,Marjane,120.0,4,2,8500.0,2026-05-07 14:31:06.513540
1348,Appartement ascenseur balcon vue sur la rue,450000.0,Tanger,Marjane,57.0,2,1,7894.74,2026-05-07 14:31:06.513672
1349,Appartement 3 chambres 80 mètres ascenseur syndic 5 minutes Malabata,750000.0,Tanger,Tanja Balia,80.0,3,1,9375.0,2026-05-07 14:31:06.513812
1350,"Appartement meublé de 76m², ascenseur syndic, sur rue",760000.0,Tanger,Tanja Balia,76.0,2,1,10000.0,2026-05-07 14:31:06.513953
1351,Appartement 3 chambres 93 m ascenseur syndic balcon,750000.0,Tanger,Tanja Balia,93.0,2,2,8064.52,2026-05-07 14:31:06.514119
1352,Appartement 4 pièces 102 m ascenseur syndic sur la rue,1070000.0,Tanger,Tanja Balia,102.0,4,2,10490.2,2026-05-07 14:31:06.514256
1353,"Appartement terrasse 196 m², ascenseur, syndic, déclaration totale",1020000.0,Tanger,Tanja Balia,196.0,2,1,5204.08,2026-05-07 14:31:06.514398
1354,Appartement excellent 64 mètres avec soutien financier,520000.0,Marrakech,Autre Secteur,64.0,2,1,8125.0,2026-05-07 14:31:06.514539
1355,Appartement à vendre à Roche Noire,740000.0,Casablanca,Roches Noires,76.0,2,2,9736.84,2026-05-07 14:31:06.514677
1356,Appartement meublé à vendre à côté de l'hôtel Hilton,1650000.0,Tanger,Tanger City Center,110.0,2,2,15000.0,2026-05-07 14:31:06.514817
1357,Appartement à vendre 54 m² à Mohammedia,370000.0,Mohammedia,Autre Secteur,54.0,2,1,6851.85,2026-05-07 14:31:06.514949
1358,Appartement à vendre à Haye Izdehar,1180000.0,Marrakech,Hay Izdihar,86.0,2,2,13720.93,2026-05-07 14:31:06.515103
1359,Appartement à vendre El Mansouria,1000000.0,El Mansouria,Toute La Ville,100.0,2,2,10000.0,2026-05-07 14:31:06.515240
1360,"Quartier Al Qods, Bernoussi",640000.0,Casablanca,Al Qods,71.0,2,1,9014.08,2026-05-07 14:31:06.515371
1361,Appartement titré à vendre 80m² Avenue Hassan II - Tétouan,720000.0,Tétouan,El Ensanche,80.0,2,1,9000.0,2026-05-07 14:31:06.515495
1362,Appartement titré à vendre à Khandak Zerbouh,440000.0,Tétouan,Al Azhar,75.0,2,1,5866.67,2026-05-07 14:31:06.515619
1363,"Appt bien rénové, meublée à vendre 50 m² à Agadir",620000.0,Agadir,Autre Secteur,50.0,2,1,12400.0,2026-05-07 14:31:06.515742
1364,Appartement à vendre,370000.0,Fès,Route Ain Chkaf,88.0,3,1,4204.55,2026-05-07 14:31:06.515881
1365,Appartement meublé à vendre 70 m² à Ain Sebaa Casa,850000.0,Casablanca,Ain Sebaa,70.0,2,1,12142.86,2026-05-07 14:31:06.516012
1366,Appartement à vendre,380000.0,Mohammedia,Nassim,58.0,2,1,6551.72,2026-05-07 14:31:06.516150
1367,Appartement avec escalier séparé à vendre,940000.0,El Jadida,Autre Secteur,140.0,3,3,6714.29,2026-05-07 14:31:06.516275
1368,appartement à vendre,400000.0,Casablanca,Oulfa,50.0,2,1,8000.0,2026-05-07 14:31:06.516431
1369,Résidence Saada2 Agadir Hay Mohamdi,520000.0,Agadir,Hay Mohammadi,47.0,2,1,11063.83,2026-05-07 14:31:06.516561
1370,Appartement à vendre 51 m² à Tanger,450000.0,Tanger,Mesnana,51.0,2,1,8823.53,2026-05-07 14:31:06.516687
1371,Appartement à vendre ou à louer meublé,550000.0,Meknès,El Bassatine,90.0,3,1,6111.11,2026-05-07 14:31:06.516819
1372,Appartement à vendre 72 m² à Berrechid,420000.0,Berrechid,Toute La Ville,72.0,2,2,5833.33,2026-05-07 14:31:06.516946
1373,Appartement à vendre 72 m² à Berrechid,420000.0,Berrechid,Toute La Ville,72.0,2,2,5833.33,2026-05-07 14:31:06.517078
1374,Appartement 2 chambres à vendre à Oulfa,900000.0,Casablanca,Oulfa,80.0,2,2,11250.0,2026-05-07 14:31:06.517210
1375,Appartement à vendre Iqamat Nakhil Mohammedia,330000.0,Mohammedia,El Alia,54.0,2,1,6111.11,2026-05-07 14:31:06.517338
1376,3 appartements,480000.0,Agadir,Autre Secteur,150.0,2,1,3200.0,2026-05-07 14:31:06.517461
1377,Appartement à vendre à Had Soualem,310000.0,Had Soualem,Toute La Ville,54.0,2,2,5740.74,2026-05-07 14:31:06.517592
1378,Studio de luxe,480000.0,Tanger,Aviation,38.0,1,1,12631.58,2026-05-07 14:31:06.517720
1379,Appartement à vendre 3ème étage près hay najd,250000.0,El Jadida,Autre Secteur,60.0,2,1,4166.67,2026-05-07 14:31:06.517851
1380,Appartement à vendre,790000.0,Kénitra,Ouled Oujih,110.0,3,2,7181.82,2026-05-07 14:31:06.517992
1381,Appartement Ain Sebaa El Amene 2 . 64 m,420000.0,Casablanca,Ain Sebaa,64.0,2,1,6562.5,2026-05-07 14:31:06.518123
1382,Appartement à vendre 59 m² à Temara,499999.0,Temara,Autre Secteur,62.0,2,2,8064.5,2026-05-07 14:31:06.518387
1383,Vente Appartement meublé,1530000.0,Tanger,Centre Ville,82.0,2,1,18658.54,2026-05-07 14:31:06.518523
1384,appartement à vendre,460000.0,Casablanca,Hay Moulay Rachid,59.0,2,1,7796.61,2026-05-07 14:31:06.518646
1385,Bel Appartement à vendre à MARINA Casablanca,3810000.0,Casablanca,Marina,172.0,2,2,22151.16,2026-05-07 14:31:06.518770
1386,Appartement à vendre à Temara,430000.0,Temara,Fath El Kheir,50.0,2,1,8600.0,2026-05-07 14:31:06.518926
1387,Appartements à vendre 71 m² à Bouskoura,420000.0,Bouskoura,Bouskoura Centre,71.0,2,1,5915.49,2026-05-07 14:31:06.519054
1388,Appartement à vendre 78 m² à El Mansouria,940000.0,El Mansouria,Toute La Ville,78.0,2,2,12051.28,2026-05-07 14:31:06.348122
1389,Appartement à vendre 61 m² à Marrakech,1530000.0,Marrakech,Guéliz,61.0,1,1,25081.97,2026-05-07 14:31:06.349272
1390,Appartement à vendre 90 m² à Casablanca,1100000.0,Casablanca,Maarif,90.0,2,1,12222.22,2026-05-07 14:31:06.349516
1391,rdc élevé France ville,1190000.0,Casablanca,Abdelmoumen,117.0,2,2,10170.94,2026-05-07 14:31:06.349718
1392,Vaste Appartement de 197m² à 2 Mars,2700000.0,Casablanca,Mers Sultan,197.0,4,2,13705.58,2026-05-07 14:31:06.349900
1393,Appartement Neuf Haut de Gamme en vente,780000.0,Kénitra,Val Fleury,90.0,1,1,8666.67,2026-05-07 14:31:06.350119
1394,Appartement moderne à vendre,430000.0,Marrakech,Es Saada,60.0,2,1,7166.67,2026-05-07 14:31:06.350318
1395,Appartement à vendre 92 m² à Marrakech,1820000.0,Marrakech,Victor Hugo,92.0,2,1,19782.61,2026-05-07 14:31:06.350490
1396,Appartement à vendre 2 Mars,2120000.0,Casablanca,2 Mars,188.0,3,3,11276.6,2026-05-07 14:31:06.350655
1397,Appartement à vendre 70 m² à Oujda,260000.0,Oujda,Route Jerada,70.0,2,1,3714.29,2026-05-07 14:31:06.350787
1398,Appartement neuf à vendre 71 m² à Marrakech,460000.0,Marrakech,M'Hamid,71.0,3,2,6478.87,2026-05-07 14:31:06.350906
1399,Appartement à vendre 154 m² à Marrakech,2475000.0,Marrakech,Route De Casablanca,154.0,3,3,16071.43,2026-05-07 14:31:06.351020
1400,Appartement à vendre 80 m² à Oujda,260000.0,Oujda,Autre Secteur,80.0,2,1,3250.0,2026-05-07 14:31:06.351187
1401,Magnifique appartement à vendre près du rond-point de l'aéroport Ibn Battouta,640000.0,Tanger,Autre Secteur,67.0,2,1,9552.24,2026-05-07 14:31:06.351304
1402,Appartement à vendre à Harhoura,1900000.0,Temara,Harhoura,95.0,2,2,20000.0,2026-05-07 14:31:06.351416
1403,Studio meublé à vendre à Asilah,350000.0,Tanger,Autre Secteur,47.0,1,1,7446.81,2026-05-07 14:31:06.351523
1404,Appartement Neuf de 138 m² à Harhoura,2200000.0,Temara,Harhoura,138.0,2,2,15942.03,2026-05-07 14:31:06.351629
1405,Appartement 120 millions,1200000.0,Rabat,Riyad Extension,76.0,2,2,15789.47,2026-05-07 14:31:06.351743
1406,Appart HS 3ch sal terse 127m2 à vendre Mers sultan,1400000.0,Casablanca,Mers Sultan,127.0,3,2,11023.62,2026-05-07 14:31:06.351852
1407,Appartement moyen standing Abwab-Guillez,450000.0,Marrakech,Mabrouka,60.0,2,1,7500.0,2026-05-07 14:31:06.351959
1408,Appartement RDC 91 m2 à Hay Mohammadi,780000.0,Casablanca,Hay Mohammadi,91.0,4,2,8571.43,2026-05-07 14:31:06.352061
1409,Appartement à vendre 105 m² hay el andalos,370000.0,Oujda,Andalous,105.0,3,2,3523.81,2026-05-07 14:31:06.352162
1410,Appartement à vendre à Temara,1200000.0,Rabat,Autre Secteur,107.0,3,2,11214.95,2026-05-07 14:31:06.352264
1411,Appartement 94 m² lotissement alliance mehdia,700000.0,Kénitra,Alliance,94.0,3,1,7446.81,2026-05-07 14:31:06.352372
1412,Appart meublé 2ch salon balcon 91m2 à vendre La Gironde,950000.0,Casablanca,La Gironde,91.0,2,2,10439.56,2026-05-07 14:31:06.352478
1413,Appartement à vendre 90 m² à Kénitra alliance,630000.0,Kénitra,Alliance,90.0,2,2,7000.0,2026-05-07 14:31:06.352582
1414,Appartement 3 chambres à Mimosas Prix imbattable,820000.0,Kénitra,Mimosas,106.0,3,2,7735.85,2026-05-07 14:31:06.352685
1415,Studio moderne avec piscine à vendre,830000.0,Marrakech,Guéliz,45.0,1,1,18444.44,2026-05-07 14:31:06.352795
1416,Appartement à vendre 65 m Mdiq 4 min à pied plage,480000.0,Mdiq,Toute La Ville,60.0,2,1,8000.0,2026-05-07 14:31:06.352906
1417,Appt à ne pas rater,590000.0,Fès,Route Ain Chkaf,100.0,2,1,5900.0,2026-05-07 14:31:06.353008
1418,Appartement à vendre sur Brahim Roudani Casablanca,1350000.0,Casablanca,Maârif Extension,126.0,2,2,10714.29,2026-05-07 14:31:06.353114
1419,Appartement à vendre 105 m² El Andalous,370000.0,Oujda,Andalous,105.0,2,2,3523.81,2026-05-07 14:31:06.353307
1420,Appartement à vendre 130 m² à plage des nations,1850000.0,Sidi Bouknadel,Toute La Ville,130.0,2,2,14230.77,2026-05-07 14:31:06.353419
1421,Appartement à vendre pas de semsar,600000.0,Mohammedia,Nassim,70.0,2,1,8571.43,2026-05-07 14:31:06.353523
1422,Appartement à vendre 98 m² à Marrakech M6,1950000.0,Marrakech,Av Mohammed Vi,98.0,3,2,19897.96,2026-05-07 14:31:06.353665
1423,Appartement à vendre route de Casablanca,440000.0,Marrakech,Route De Casablanca,60.0,2,1,7333.33,2026-05-07 14:31:06.353774
1424,Appartement Asdaa proche Marjane,430000.0,Marrakech,Es Saada,56.0,2,1,7678.57,2026-05-07 14:31:06.353888
1425,Appart 3ch 2sa blc 150m2 à vendre 2Mars,2200000.0,Casablanca,2 Mars,150.0,3,2,14666.67,2026-05-07 14:31:06.353995
1426,Appartement à vendre 71 m² à ALMAZ,830000.0,Casablanca,Almaz,71.0,2,1,11690.14,2026-05-07 14:31:06.354104
1427,Appartement à vendre 115 m² à Temara,1690000.0,Temara,Oued Eddahab,115.0,3,1,14695.65,2026-05-07 14:31:06.354209
1428,Magnifique Appartement à vendre 77 m² à Marrakech,1078000.0,Marrakech,Hay Izdihar,77.0,2,2,14000.0,2026-05-07 14:31:06.354327
1429,Appartements à vendre lotissement Al Dha.,390000.0,Laâyoune,Toute La Ville,86.0,2,1,4534.88,2026-05-07 14:31:06.354482
1430,Appartement PKH 17 de 60 m²,1209700.0,Marrakech,Guéliz,60.0,2,2,20161.67,2026-05-07 14:31:06.354618
1431,Appart à vendre 76 m² (Rez Chaussée) à Bouznika,530000.0,Bouznika,Autre Secteur,76.0,2,1,6973.68,2026-05-07 14:31:06.354753
1432,Appartement à vendre 90 m² à Oujda,290000.0,Oujda,Agdal,130.0,3,1,2230.77,2026-05-07 14:31:06.354890
1433,"Haut Founty - Appart à vendre 108m², 3 ch, 5e",1240000.0,Agadir,Haut-Founty,110.0,3,2,11272.73,2026-05-07 14:31:06.355026
1434,Appartement à vendre 58 m Mdiq 4 min à pied plage,490000.0,Mdiq,Toute La Ville,58.0,2,1,8448.28,2026-05-07 14:31:06.355161
1435,Saidia AP2 - Appart de 118m² – proche du Golf,960000.0,Saidia,Toute La Ville,118.0,2,2,8135.59,2026-05-07 14:31:06.355308
1436,Appartements à vendre près de la station routière Hararine,570000.0,Tanger,Aharrarine,60.0,2,1,9500.0,2026-05-07 14:31:06.355435
1437,Appartement 3 chambres façade,1090000.0,Kénitra,Centre,128.0,3,2,8515.62,2026-05-07 14:31:06.355560
1438,Appartement à vendre,950000.0,Tanger,Centre,75.0,2,1,12666.67,2026-05-07 14:31:06.355683
1439,Appartement 3 ch salon 87m2 près Sup de co,920000.0,Marrakech,Bd Moulay Abdellah,87.0,3,1,10574.71,2026-05-07 14:31:06.355813
1440,Appartement à vendre 106 m² à Guéliz,1500000.0,Marrakech,Guéliz,106.0,2,1,14150.94,2026-05-07 14:31:06.355942
1441,Appartement à vendre 134 m² à Tanger,2546000.0,Tanger,De La Plage,134.0,3,2,19000.0,2026-05-07 14:31:06.356071
1442,"appartement wifaq , résidence avec piscine",1750000.0,Temara,Wifak,103.0,3,2,16990.29,2026-05-07 14:31:06.356193
1443,APPART 91m 2FACES vue piscine à MARBELLA BEACH,1030000.0,Mohammedia,Autre Secteur,91.0,2,2,11318.68,2026-05-07 14:31:06.356314
1444,Appartements Adliya à Hay Rachad,190000.0,Rabat,Hay Arrachad,60.0,2,1,3166.67,2026-05-07 14:31:06.356437
1445,Aptmts neuf à hay riyad,3400000.0,Rabat,Hay Riad,120.0,3,1,28333.33,2026-05-07 14:31:06.356561
1446,Appartement à vendre 95 m² à Marrakech palmeraie,1500000.0,Marrakech,Palmeraie,95.0,2,2,15789.47,2026-05-07 14:31:06.356684
1447,Appartement à vendre,550000.0,Tanger,Autre Secteur,60.0,2,1,9166.67,2026-05-07 14:31:06.414477
1448,🏢 À VENDRE – Appartement Spacieux avec Parking,1200000.0,Agadir,Hay Mohammadi,113.0,3,2,10619.47,2026-05-07 14:31:06.356816
1449,Appartement à à Plage des Nations,2500000.0,Sidi Bouknadel,Toute La Ville,98.0,2,2,25510.2,2026-05-07 14:31:06.357028
1450,Appartement meublé à vendre Hay Azdihar,560000.0,Marrakech,Hay Izdihar,60.0,2,1,9333.33,2026-05-07 14:31:06.357157
1451,Appartement 120m² Chouka à vendre à Casablanca.,1080000.0,Casablanca,Hay Mohammadi,120.0,3,2,9000.0,2026-05-07 14:31:06.357285
1452,"Appartement enregistré et meublé, quartier Ahlan",900000.0,Tanger,Ahlane,66.0,2,1,13636.36,2026-05-07 14:31:06.357410
1453,Appartement 57 m² – 6e étage – Triple Tower,1500000.0,Tanger,Malabata,57.0,2,1,26315.79,2026-05-07 14:31:06.357533
1454,Appartement à vendre 47 m Mdiq 4 min à pied plage,380000.0,Mdiq,Toute La Ville,50.0,1,1,7600.0,2026-05-07 14:31:06.357721
1455,Appartement 93 m² 3 chambres ascenseur syndic 4 minutes centre-ville,750000.0,Tanger,Tanja Balia,93.0,3,2,8064.52,2026-05-07 14:31:06.357879
1456,Appartement à vendre Hay Mohammadi,980000.0,Agadir,Hay Mohammadi,77.0,2,1,12727.27,2026-05-07 14:31:06.358005
1457,Meknes Ouislane Rue Tazart,320000.0,Meknès,Wislane,70.0,1,1,4571.43,2026-05-07 14:31:06.358135
1458,Appartement Tanger Balia,620000.0,Tanger,Tanja Balia,78.0,2,1,7948.72,2026-05-07 14:31:06.358256
1459,Appartement à Bousejour liquidation,980000.0,Casablanca,Beauséjour,106.0,2,2,9245.28,2026-05-07 14:31:06.358414
1460,Spacieux appartement deux façades Belvédère,1100000.0,Casablanca,Belvédère,163.0,2,2,6748.47,2026-05-07 14:31:06.358541
1461,Appartement à vendre – Quartier Bachkou,1500000.0,Casablanca,Bachkou,106.0,2,2,14150.94,2026-05-07 14:31:06.358668
1462,Appartement à vendre 63 m² route de Tétouan,540000.0,Tanger,Mghogha,63.0,2,1,8571.43,2026-05-07 14:31:06.358799
1463,appartement bourgogne,2750000.0,Casablanca,Bourgogne,212.0,4,3,12971.7,2026-05-07 14:31:06.358929
1464,Appartement à vendre 39 m² à Marrakech,698500.0,Marrakech,Route D'Amezmiz,44.0,1,1,15875.0,2026-05-07 14:31:06.359092
1465,Studio à vendre 52 m² à Californie,1100000.0,Casablanca,Californie,58.0,1,1,18965.52,2026-05-07 14:31:06.359222
1466,À vendre Superbe appartement 3 ch-Jnane Californie,1850000.0,Casablanca,Californie,119.0,3,2,15546.22,2026-05-07 14:31:06.359352
1467,Appartement à vendre au centre-ville avec ascenseur,530000.0,Bouznika,Autre Secteur,58.0,2,1,9137.93,2026-05-07 14:31:06.359478
1468,Appartement de 3 pièces à vendre près de la station El Jadida Hararien,750000.0,Tanger,Aharrarine,80.0,3,2,9375.0,2026-05-07 14:31:06.359611
1469,Appartement luxueux 2 façades Bourgogne,1540000.0,Casablanca,Bourgogne,112.0,3,2,13750.0,2026-05-07 14:31:06.359739
1470,Lux appartement ou cabinet à Bourgogne,1380000.0,Casablanca,Bourgogne,125.0,3,2,11040.0,2026-05-07 14:31:06.359870
1471,Spacieux appartement au rond-point Émile Zola,1680000.0,Casablanca,Belvédère,155.0,4,2,10838.71,2026-05-07 14:31:06.359996
1472,Appartement à vendre à Mdiq,860000.0,Mdiq,Toute La Ville,155.0,2,2,5548.39,2026-05-07 14:31:06.360122
1473,Appartements de qualité à vendre à Ain Atiq,850000.0,Temara,Ain Atig,88.0,3,1,9659.09,2026-05-07 14:31:06.360255
1474,Appartement à vendre 96 m² à Marrakech,1350000.0,Marrakech,Hay Izdihar,100.0,2,2,13500.0,2026-05-07 14:31:06.360380
1475,Appartement Lux 69m,500000.0,Had Soualem,Toute La Ville,69.0,2,2,7246.38,2026-05-07 14:31:06.360531
1476,Appartement à vendre 78 m² à Mohammedia,770000.0,Mohammedia,Autre Secteur,78.0,2,2,9871.79,2026-05-07 14:31:06.360655
1477,Appartement avec cour à Bouznika,710000.0,Bouznika,Autre Secteur,108.0,2,2,6574.07,2026-05-07 14:31:06.360789
1478,Appartement à vendre,1200000.0,Tanger,Aida,90.0,3,1,13333.33,2026-05-07 14:31:06.360940
1479,Appartement à vendre 133 m² à Casablanca,1540000.0,Casablanca,Franceville,133.0,3,2,11578.95,2026-05-07 14:31:06.361065
1480,Très bel appartement rénové,1500000.0,Marrakech,Palmeraie,90.0,2,2,16666.67,2026-05-07 14:31:06.361192
1481,Appartement 58 m2 avec piscine à gueliz,928000.0,Marrakech,Guéliz,58.0,1,1,16000.0,2026-05-07 14:31:06.361317
1482,Appartement à vendre 130 m² à El Jadida,1070000.0,El Jadida,Hay Essalam,130.0,3,3,8230.77,2026-05-07 14:31:06.361446
1483,Appartement à vendre Massira 1 81m2,750000.0,Marrakech,Massira 1,81.0,2,1,9259.26,2026-05-07 14:31:06.361569
1484,Appartement et studio sur toit à vendre,760000.0,El Jadida,Autre Secteur,106.0,4,2,7169.81,2026-05-07 14:31:06.361693
1485,Appartement à vendre 170 m² à Rabat,3450000.0,Rabat,Hay Riad,170.0,3,2,20294.12,2026-05-07 14:31:06.361830
1486,Appartement à vendre 64 m² à Martil,380000.0,Martil,Toute La Ville,63.0,2,1,6031.75,2026-05-07 14:31:06.361955
1487,appartement à vendre,1200000.0,Tanger,Aida,97.0,3,2,12371.13,2026-05-07 14:31:06.398313
1488,Appartement à vendre 124 m² à Casablanca,3500000.0,Casablanca,Casablanca Finance City,124.0,2,2,28225.81,2026-05-07 14:31:06.362083
1489,appartement la perle de l'atlas 54m2,800000.0,Marrakech,Guéliz,54.0,1,1,14814.81,2026-05-07 14:31:06.362206
1490,VENTE D’UN BEL APPARTEMENT DE 117M2,1900000.0,Casablanca,Les Princesses,117.0,3,2,16239.32,2026-05-07 14:31:06.362336
1491,Appartement à vendre près de Carré Éden Marrakech,1360000.0,Marrakech,Guéliz,81.0,1,1,16790.12,2026-05-07 14:31:06.362460
1492,Élégant Studio à vendre 63 m² à Marrakech,1134000.0,Marrakech,Guéliz,63.0,1,1,18000.0,2026-05-07 14:31:06.362591
1493,Appartement à vendre devant la nouvelle gare routière sans intermédiaire,505000.0,Tanger,Autre Secteur,67.0,2,1,7537.31,2026-05-07 14:31:06.362721
1494,Appartement à vendre 147 m² à Rabat,3400000.0,Rabat,Agdal,150.0,3,2,22666.67,2026-05-07 14:31:06.362865
1495,Appartement à vendre 78 m² à Deroua,460000.0,Deroua,Toute La Ville,78.0,2,1,5897.44,2026-05-07 14:31:06.363020
1496,Appartement 157m² – SANS VIS-À-VIS – CASABLANCA,2200000.0,Casablanca,Quartier Des Hôpitaux,157.0,2,2,14012.74,2026-05-07 14:31:06.363146
1497,"Studio, local commercial, droit à la terrasse et aide au logement",620000.0,Marrakech,Azli,83.0,1,1,7469.88,2026-05-07 14:31:06.363272
1498,"Résidence Prestige 2, Quartier Al-Azhar",860000.0,Casablanca,Sidi Bernoussi,101.0,3,2,8514.85,2026-05-07 14:31:06.363396
1499,Appartement à vendre 134 m² à Casablanca,3000000.0,Casablanca,Racine,154.0,3,3,19480.52,2026-05-07 14:31:06.363518
1500,APPARTEMENT A VENDRE HAUT FOUNTY,1400000.0,Agadir,Haut-Founty,97.0,3,2,14432.99,2026-05-07 14:31:06.363642
1501,Appartement 3 chambres 80 mètres ascenseur syndic 5 minutes Malabata,750000.0,Tanger,Tanja Balia,80.0,3,1,9375.0,2026-05-07 14:31:06.363772
1502,À VENDRE APPARTEMENT LUMINEUX,420000.0,Marrakech,Hay Charaf,60.0,1,1,7000.0,2026-05-07 14:31:06.363906
1503,Studios neufs à vendre,1250000.0,Casablanca,Palmier,53.0,1,1,23584.91,2026-05-07 14:31:06.364032
1504,Appartement à vendre 145 m² à la marina casablanca,3900000.0,Tanger,Autre Secteur,155.0,2,3,25161.29,2026-05-07 14:31:06.364156
1505,Appartement à vendre 176 m² à Tanger,3500000.0,Tanger,Administratif,176.0,4,2,19886.36,2026-05-07 14:31:06.364289
1506,Appartement à vendre TANGER EL BALIA 80m²,1200000.0,Tanger,Autre Secteur,80.0,2,1,15000.0,2026-05-07 14:31:06.364412
1507,Appartement à vendre 172 m² à Casablanca,2100000.0,Casablanca,2 Mars,172.0,3,3,12209.3,2026-05-07 14:31:06.364541
1508,À vendre appartement 3 CH avec terrasse de 44m2,2350000.0,Casablanca,Ferme Bretone,144.0,3,3,16319.44,2026-05-07 14:31:06.364690
1509,Appartement à vendre à Martil près de Ahrik,580000.0,Martil,Toute La Ville,62.0,2,1,9354.84,2026-05-07 14:31:06.364820
1510,Appartement à vendre 100 m² à Casablanca,1300000.0,Casablanca,Quartier Des Hôpitaux,100.0,3,2,13000.0,2026-05-07 14:31:06.364951
1511,Charmant appartement à vendre - Résidence OUBAHA,1150000.0,El Mansouria,Toute La Ville,100.0,3,2,11500.0,2026-05-07 14:31:06.365081
1512,Appartement 80 m2 deux face lotissement alliance,640000.0,Kénitra,Alliance,80.0,2,2,8000.0,2026-05-07 14:31:06.365207
1513,Très belle appartement proximité hay riad,1160000.0,Temara,Riad Oulad Mtaa,85.0,3,2,13647.06,2026-05-07 14:31:06.365334
1514,Appartement à vendre 95 m² à Marrakech,1350000.0,Marrakech,Route De Safi,95.0,2,1,14210.53,2026-05-07 14:31:06.365458
1515,Superbe appartement familial au cœur Racine,4216000.0,Casablanca,Racine,284.0,3,3,14845.07,2026-05-07 14:31:06.365583
1516,Grand Appartement Plein Centre de Kénitra 154 m²,1360000.0,Kénitra,Centre,154.0,3,2,8831.17,2026-05-07 14:31:06.365707
1517,Appartement à vendre sur Hay Riad Prestigia,3200000.0,Rabat,Hay Riad,117.0,3,2,27350.43,2026-05-07 14:31:06.365839
1518,Appartement Haut standing à vendre / piscine,1900000.0,Marrakech,Ain Mezouar,100.0,3,2,19000.0,2026-05-07 14:31:06.365969
1519,Bel appartement,395000.0,Saidia,Toute La Ville,76.0,3,2,5197.37,2026-05-07 14:31:06.366131
1520,Très Très belle Appartement à Bouznika plage,1450000.0,Bouznika,Plage Oued Cherrat,95.0,2,2,15263.16,2026-05-07 14:31:06.366266
1521,Appartement neuf à Sala El Jadida,1099800.0,Salé,Sala El Jadida,94.0,2,2,11700.0,2026-05-07 14:31:06.366396
1522,Appartement à vendre 186 m² à Tanger,7200000.0,Tanger,Malabata,186.0,4,2,38709.68,2026-05-07 14:31:06.366520
1523,"Appartement de propriétaire à vendre Tétouan, quartier Ttfa7iyoun, 3ème étage",170000.0,Tétouan,Autre Secteur,82.0,2,1,2073.17,2026-05-07 14:31:06.366647
1524,"Studio neuf à vendre – Bourgogne, Casablanca",1270000.0,Casablanca,Bourgogne,66.0,1,1,19242.42,2026-05-07 14:31:06.366786
1525,Appartement à vendre 110 m² à Bouznika,1670000.0,Bouznika,Autre Secteur,118.0,3,2,14152.54,2026-05-07 14:31:06.366916
1526,Appartement à vendre Ain Suna,540000.0,Marrakech,M'Hamid,64.0,2,2,8437.5,2026-05-07 14:31:06.367049
1527,Appartement à vendre 150 m² à Casablanca,3400000.0,Casablanca,Oasis,163.0,3,2,20858.9,2026-05-07 14:31:06.367175
1528,Appartement résidentiel titré à vendre à Tanger,800000.0,Tanger,Autre Secteur,95.0,3,1,8421.05,2026-05-07 14:31:06.367302
1529,Des appartements à vendre,420000.0,Agadir,Autre Secteur,58.0,2,2,7241.38,2026-05-07 14:31:06.367468
1530,Studio 42m Neuf Maarif Proche BD Biranzaran,980000.0,Casablanca,Maarif,42.0,1,1,23333.33,2026-05-07 14:31:06.367601
1531,Vente appartement Fal El Hanaa,630000.0,Casablanca,Ain Sebaa,59.0,2,1,10677.97,2026-05-07 14:31:06.367727
1532,appartement résidence fermée,930000.0,Casablanca,Oulfa,70.0,2,2,13285.71,2026-05-07 14:31:06.367860
1533,Appartement à vendre 128 m² à Bouskoura,1300000.0,Bouskoura,Victoria,140.0,3,2,9285.71,2026-05-07 14:31:06.367986
1534,Appartement à vendre à Marina Golf Asilah,950000.0,Asilah,Toute La Ville,150.0,2,1,6333.33,2026-05-07 14:31:06.368109
1535,Spacieux appartement à vendre avec terrasse,1900000.0,Marrakech,Route D'Ourika,99.0,2,1,19191.92,2026-05-07 14:31:06.368237
1536,Appartement neuf à vendre Ain Sebaa,1070000.0,Casablanca,Ain Sebaa,81.0,2,2,13209.88,2026-05-07 14:31:06.368362
1537,Appartement à vendre,650000.0,Agadir,Tilila,67.0,2,2,9701.49,2026-05-07 14:31:06.368507
1538,Appartement à vendre 52 m² à Marrakech,1200000.0,Marrakech,Guéliz,52.0,1,1,23076.92,2026-05-07 14:31:06.368630
1539,Un appartement,1100000.0,Meknès,Hamria,200.0,3,2,5500.0,2026-05-07 14:31:06.368762
1540,Appartement en vente 61m² à Gueliz Piscine Rooftop,1500000.0,Marrakech,Guéliz,61.0,1,1,24590.16,2026-05-07 14:31:06.368897
1541,Appartement 3 chambres à 2min de Casanearshore,780000.0,Casablanca,Sidi Maarouf,70.0,3,1,11142.86,2026-05-07 14:31:06.369028
1542,Appartement à vendre 80 m² à Kénitra,490000.0,Kénitra,Seyad,80.0,2,1,6125.0,2026-05-07 14:31:06.369154
1543,Appartements modernes à vendre à Marrakech,740000.0,Marrakech,Azli,53.0,3,2,13962.26,2026-05-07 14:31:06.369276
1544,Appartements à vendre,1400000.0,Agadir,Haut-Founty,70.0,2,2,20000.0,2026-05-07 14:31:06.369561
1545,Appartement à vendre 133 m² sur 2 mars,1700000.0,Casablanca,2 Mars,133.0,3,2,12781.95,2026-05-07 14:31:06.369691
1546,Appartement à vendre 165 m² La perle D'Agadir,2272500.0,Agadir,Talborjt,165.0,4,1,13772.73,2026-05-07 14:31:06.369831
1547,appartements à vendre,1600000.0,Agadir,Hay Mohammadi,128.0,3,2,12500.0,2026-05-07 14:31:06.369956
1548,Appartement 120 m² en vente à Narjis Fès,560000.0,Fès,Narjis,120.0,3,2,4666.67,2026-05-07 14:31:06.370086
1549,Appartement à vendre 3 chambres,960000.0,Kénitra,Val Fleury,112.0,3,2,8571.43,2026-05-07 14:31:06.370211
1550,Appartements à vendre 64 m² à Ben Guerir,300000.0,Ben Guerir,Toute La Ville,64.0,3,2,4687.5,2026-05-07 14:31:06.370339
1551,App kech 95 m² 1er étage 1 balcon,800000.0,Marrakech,M'Hamid,95.0,3,1,8421.05,2026-05-07 14:31:06.370463
1552,Appartements à vendre,1220000.0,Agadir,Hay Mohammadi,107.0,3,2,11401.87,2026-05-07 14:31:06.370588
1553,Appartement à vendre 120 m² à Tanger,2500000.0,Tanger,Autre Secteur,165.0,2,2,15151.52,2026-05-07 14:31:06.370718
1554,Appartements à vendre,870000.0,Agadir,Hay Mohammadi,66.0,2,2,13181.82,2026-05-07 14:31:06.370856
1555,"Appartement à El Jadida, quartier El Milha, sur la rue",550000.0,El Jadida,Mouilha,88.0,2,1,6250.0,2026-05-07 14:31:06.370986
1556,Appartements à vendre,1157000.0,Agadir,Tilila,89.0,2,1,13000.0,2026-05-07 14:31:06.371153
1557,"Duplex avec garage privé Sidi Maarouf, Essaada",1650000.0,Casablanca,Sidi Maarouf,159.0,2,3,10377.36,2026-05-07 14:31:06.371281
1558,Appartement à vendre 70 m² à Kénitra,360000.0,Kénitra,Bir Rami,70.0,2,2,5142.86,2026-05-07 14:31:06.371407
1559,Appartement à vendre 89 m² à Tanger malabata,2136000.0,Tanger,Malabata,89.0,2,1,24000.0,2026-05-07 14:31:06.371533
1560,Appartement à vendre 170 m² à CFC,4200000.0,Casablanca,Casablanca Finance City,170.0,3,3,24705.88,2026-05-07 14:31:06.371661
1561,"Bel appartement à vendre Bourgogne, My Youssef",1280000.0,Casablanca,Bourgogne,93.0,2,2,13763.44,2026-05-07 14:31:06.371795
1562,Appartement triplex à vendre 128m² à HM Casablanca,850000.0,Casablanca,Hay Mohammadi,128.0,4,2,6640.62,2026-05-07 14:31:06.371953
1563,Des apt neuf a vendre 85 m2 tanger,1147500.0,Tanger,Marjane,96.0,2,2,11953.12,2026-05-07 14:31:06.372089
1564,Appt Dar Bouazza 53 m2 jamais habité - calme,600000.0,Dar Bouazza,Toute La Ville,53.0,2,1,11320.75,2026-05-07 14:31:06.372214
1565,Appartement à vendre à Salé 111m² 4ème étage,1215000.0,Salé,Tabriquet,111.0,2,2,10945.95,2026-05-07 14:31:06.372372
1566,Appartement à vendre 118 m² à Salé,1420000.0,Salé,Sala El Jadida,118.0,3,2,12033.9,2026-05-07 14:31:06.372500
1567,"Appartements à vendre à Meknès, premier étage",500000.0,Meknès,Autre Secteur,100.0,3,2,5000.0,2026-05-07 14:31:06.372654
1568,Appartements à vendre,3000000.0,Agadir,Haut-Founty,187.0,3,3,16042.78,2026-05-07 14:31:06.372799
1569,Appartement 2 chambres corniche investisseurs airbnb,1100000.0,Tanger,Malabata,75.0,2,1,14666.67,2026-05-07 14:31:06.372934
1570,Appartements à vendre,980000.0,Agadir,Hay Mohammadi,75.0,2,2,13066.67,2026-05-07 14:31:06.373067
1571,Appartements à vendre,2800000.0,Agadir,Haut-Founty,150.0,3,3,18666.67,2026-05-07 14:31:06.373197
1572,Appartement vue sur mer à vendre à Asilah,1800000.0,Aquouass Briech,Toute La Ville,133.0,3,2,13533.83,2026-05-07 14:31:06.373326
1573,Bel appart RDC SUR centre ville,650000.0,Mohammedia,Centre Ville,80.0,2,1,8125.0,2026-05-07 14:31:06.373450
1574,Appartement à vendre à Cabo Negro,1400000.0,Cabo Negro,Toute La Ville,75.0,1,1,18666.67,2026-05-07 14:31:06.373574
1575,Appartement Valencia Beach Mansouria,840000.0,Mohammedia,Corniche,89.0,2,1,9438.2,2026-05-07 14:31:06.373715
1576,Appartement à vendre 121 m² à Casablanca,2000000.0,Casablanca,Californie,121.0,3,2,16528.93,2026-05-07 14:31:06.373846
1577,3 Chambres à vendre 143 m² à Californie,2255000.0,Casablanca,Californie,143.0,3,2,15769.23,2026-05-07 14:31:06.373975
1578,Appartement titré à vendre à Tanger Chtouka,750000.0,Tanger,Aouama Gharbia,100.0,2,2,7500.0,2026-05-07 14:31:06.374099
1579,Appartement 87 m2 av Alla El Fassi,680000.0,Marrakech,Allal El Fassi,87.0,2,2,7816.09,2026-05-07 14:31:06.374222
1580,Appartement à vendre 94 m² à Temara Wifak,1250000.0,Temara,Oued Eddahab,94.0,3,1,13297.87,2026-05-07 14:31:06.374345
1581,Studio vue piscine à vendre 51 m² à Marrakech,1150000.0,Marrakech,Hivernage,51.0,1,1,22549.02,2026-05-07 14:31:06.374472
1582,"Appartement à vendre Saada, près de Marjane, route de Casa, en sous-sol",440000.0,Marrakech,Es Saada,60.0,2,1,7333.33,2026-05-07 14:31:06.374601
1583,Appartement à vendre 97 m² à Marrakech,2330000.0,Marrakech,Guéliz,97.0,2,1,24020.62,2026-05-07 14:31:06.374727
1584,Appartement à vendre 82 m² à Kénitra,390000.0,Kénitra,Bir Rami,82.0,2,2,4756.1,2026-05-07 14:31:06.374869
1585,Penthouse avec piscine à vendre 320 m² à Tanger,7680000.0,Tanger,Malabata,320.0,2,1,24000.0,2026-05-07 14:31:06.374995
1586,Appartement 47 m2 av Allal El Fassi,600000.0,Marrakech,Allal El Fassi,47.0,2,1,12765.96,2026-05-07 14:31:06.375120
1587,Appartement 150 m² en vente près Clinique Razi,800000.0,Fès,Autre Secteur,150.0,3,1,5333.33,2026-05-07 14:31:06.375245
1588,Appartement à vendre 43 m² à bourgogne,1300000.0,Casablanca,Bourgogne,43.0,1,1,30232.56,2026-05-07 14:31:06.375378
1589,Appartement chouka à Kénitra,610000.0,Kénitra,Ouled Oujih,80.0,2,2,7625.0,2026-05-07 14:31:06.375506
1590,Appartement 76 m² en vente à Route Ain chkef,450000.0,Fès,Route Ain Chkaf,76.0,1,1,5921.05,2026-05-07 14:31:06.375631
1591,Appartement à vendre 92 m² Espace dubai à Inzegan,1012000.0,Inzegan,Toute La Ville,92.0,3,1,11000.0,2026-05-07 14:31:06.375759
1592,Appartement à vendre 75 m² à Kénitra,390000.0,Kénitra,Bir Rami,75.0,2,2,5200.0,2026-05-07 14:31:06.375890
1593,Appartement à vendre 90 m² à Kénitra,630000.0,Kénitra,Alliance,90.0,2,2,7000.0,2026-05-07 14:31:06.376017
1594,Appartement à vendre 90 m² à lotissement alliance,640000.0,Kénitra,Alliance,90.0,2,1,7111.11,2026-05-07 14:31:06.376145
1595,"Appartement meublé de 76 m², ascenseur, syndic, sur la rue",798000.0,Tanger,Tanja Balia,76.0,2,1,10500.0,2026-05-07 14:31:06.376274
1596,Appartement à vendre 80 m² à Kénitra,550000.0,Kénitra,Seyad,80.0,2,2,6875.0,2026-05-07 14:31:06.376422
1597,2 Appartements moyen standing à vendre – Benguerir,520000.0,Ben Guerir,Toute La Ville,92.0,2,2,5652.17,2026-05-07 14:31:06.376549
1598,Appartement 56 m2 avec piscine à Guéliz,896000.0,Marrakech,Guéliz,56.0,2,1,16000.0,2026-05-07 14:31:06.376677
1599,Appartement 87 m² en vente à Ayn Amir à Fès,560000.0,Fès,Ain Amiyer,87.0,2,1,6436.78,2026-05-07 14:31:06.376817
1600,Appartement de 50m² à Vendre à Tanger,380000.0,Tanger,Aouama Gharbia,50.0,2,1,7600.0,2026-05-07 14:31:06.376976
1601,STUDIO 67 M² RÉNOVÉ À BOURGOGNE OUEST,1100000.0,Casablanca,Bourgogne,67.0,1,1,16417.91,2026-05-07 14:31:06.377107
1602,Appartement à vendre Résidence Miramar \ Corniche,1850000.0,Mohammedia,Corniche,117.0,3,2,15811.97,2026-05-07 14:31:06.377236
1603,Appartement à vendre 116 m² à Martil,750000.0,Martil,Toute La Ville,116.0,2,2,6465.52,2026-05-07 14:31:06.377363
1604,Appartement à vendre 120 m² à Mosquée houda,1170000.0,Temara,Hoda,120.0,3,2,9750.0,2026-05-07 14:31:06.377500
1605,Appartement à vendre 144 m² à 2 Mars Casablanca,1650000.0,Casablanca,2 Mars,144.0,2,2,11458.33,2026-05-07 14:31:06.377628
1606,Appartement à vendre centre ville,890000.0,Kénitra,Centre,111.0,2,2,8018.02,2026-05-07 14:31:06.377758
1607,Duplex à vendre avec piscine proche Guéliz,1050000.0,Marrakech,Mabrouka,95.0,3,2,11052.63,2026-05-07 14:31:06.377893
1608,"Appartement à vendre devant la nouvelle gare routière, sans intermédiaire",495000.0,Tanger,Autre Secteur,60.0,2,1,8250.0,2026-05-07 14:31:06.378035
1609,Appartement socoma 85 m² quartier pièces,750000.0,Marrakech,Autre Secteur,85.0,3,1,8823.53,2026-05-07 14:31:06.378182
1610,Appartements de rêve à vendre avec soutien au logement de 70m à 120m,480000.0,Had Soualem,Toute La Ville,120.0,4,2,4000.0,2026-05-07 14:31:06.378317
1611,Appartement à vendre,1600000.0,Agadir,Hay Mohammadi,115.0,3,2,13913.04,2026-05-07 14:31:06.378449
1612,Appartement 95m2 vendables -Palmier,1750000.0,Casablanca,Palmier,95.0,2,2,18421.05,2026-05-07 14:31:06.378579
1613,Annonce de vente d'appartement,360000.0,Lahraouyine,Toute La Ville,84.0,3,1,4285.71,2026-05-07 14:31:06.378705
1614,Studio 50 m2 avec piscine a gueliz,9200000.0,Marrakech,Guéliz,50.0,1,1,184000.0,2026-05-07 14:31:06.378839
1615,Appartement à vendre 114 m² à Casablanca,1350000.0,Casablanca,2 Mars,114.0,2,2,11842.11,2026-05-07 14:31:06.378974
1616,appartement vue piscine 2 chambres à CASABAY,1250000.0,Sidi Rahal,Toute La Ville,87.0,2,2,14367.82,2026-05-07 14:31:06.379104
1617,"Appartement 140 m² à Sidi Bouzid, bien rénové",480000.0,El Jadida,Autre Secteur,140.0,2,2,3428.57,2026-05-07 14:31:06.379227
1618,Superbe appartement de 90 m² entièrement rénové,1260000.0,Casablanca,Nassim,90.0,2,1,14000.0,2026-05-07 14:31:06.379365
1619,Appartement à vendre 60 m² à Meknès,240000.0,Meknès,Hay Salam,60.0,2,1,4000.0,2026-05-07 14:31:06.379490
1620,185668-Vente Appt à Casablanca Mers Sultan de 176,2950000.0,Casablanca,Mers Sultan,176.0,3,2,16761.36,2026-05-07 14:31:06.379616
1621,175015-Vente Appt à Bouskoura Bouskoura de 80 m²,900000.0,Bouskoura,,80.0,2,2,11250.0,2026-05-07 14:31:06.379743
1622,Appartement de 1 à 3 chambres à Dar Bouazza,700000.0,Dar Bouazza,Toute La Ville,47.0,1,1,14893.62,2026-05-07 14:31:06.379881
1623,Appartements économiques à vendre à Marrakech,400000.0,Marrakech,M'Hamid,56.0,2,1,7142.86,2026-05-07 14:31:06.380007
1624,Appartement à vendre 61 m² à Marrakech,1550000.0,Marrakech,Route De Tahanaoute,61.0,1,1,25409.84,2026-05-07 14:31:06.380134
1625,Appartement à vendre 81 m² à Hay Hassani Casa,1110000.0,Casablanca,Hay Hassani,81.0,2,2,13703.7,2026-05-07 14:31:06.380280
1626,Appart 78m A Mazola Proche CFC,980000.0,Casablanca,Oulfa,78.0,2,2,12564.1,2026-05-07 14:31:06.380406
1627,Appartement de standing à vendre à Marrakech,1500000.0,Marrakech,Semlalia,89.0,2,2,16853.93,2026-05-07 14:31:06.380532
1628,Appartement luxueux à vendre à dar bouaazza,1300000.0,Dar Bouazza,Toute La Ville,96.0,2,2,13541.67,2026-05-07 14:31:06.380654
1629,👉 Appartement 64m² à vendre à Azouzia 2 chambres et salon,400000.0,Marrakech,Azzouzia,64.0,2,1,6250.0,2026-05-07 14:31:06.380789
1630,Appartement à vendre 50 m² à Tanger,380000.0,Tanger,Mghogha,50.0,2,1,7600.0,2026-05-07 14:31:06.380916
1631,Vente Appartement à proximité de la gare routière,380000.0,Tanger,Autre Secteur,50.0,2,1,7600.0,2026-05-07 14:31:06.381043
1632,Appartement à vendre avec piscine,1500000.0,Marrakech,Route De Casablanca,73.0,2,1,20547.95,2026-05-07 14:31:06.381173
1633,Appartement 2 façades à vendre,1030000.0,Kénitra,Mimosas,115.0,3,2,8956.52,2026-05-07 14:31:06.381307
1634,"Appartement 112 mètres, 3 façades avec soutien",830000.0,Marrakech,M'Hamid,112.0,3,1,7410.71,2026-05-07 14:31:06.381466
1635,Grand appartement 160m2 (proche nouvel aéroport),1490000.0,Tétouan,Autre Secteur,160.0,3,2,9312.5,2026-05-07 14:31:06.381607
1636,Nouveaux appartement à vendre de 50 m² à Tanger,380000.0,Tanger,Aouama Gharbia,50.0,2,1,7600.0,2026-05-07 14:31:06.381740
1637,Appartement 86m² à vendre – Al Azdihar Marrakech,1300000.0,Marrakech,Hay Izdihar,86.0,2,2,15116.28,2026-05-07 14:31:06.381874
1638,Appartement sur plan – bon investissement,1450000.0,Casablanca,Route D'El Jadida,57.0,2,1,25438.6,2026-05-07 14:31:06.382007
1639,Appartement à vendre 126 m² Tafraoute à Marrakech,2583000.0,Marrakech,Hivernage,126.0,3,1,20500.0,2026-05-07 14:31:06.382132
1640,Appartement r plus 2 melk cheikh,650000.0,El Jadida,Autre Secteur,120.0,3,2,5416.67,2026-05-07 14:31:06.382257
1641,Appartement meublé résidence sécurisée,550000.0,El Jadida,Autre Secteur,81.0,2,1,6790.12,2026-05-07 14:31:06.382390
1642,Appartement à vendre,459000.0,Tanger,La Nouvelle Ville Ibn Battouta,65.0,3,2,7061.54,2026-05-07 14:31:06.382520
1643,Superbe studio au Quartier du Parc,830000.0,Mohammedia,Quartier Du Parc,65.0,1,1,12769.23,2026-05-07 14:31:06.382645
1644,Rez-de-Jardin Vue Partielle sur Mer – PRIX RÉVISÉ,2700000.0,Sidi Bouknadel,Toute La Ville,211.0,4,2,12796.21,2026-05-07 14:31:06.382771
1645,Appartement à vendre sur Hay Riad,4300000.0,Rabat,Hay Riad,210.0,3,3,20476.19,2026-05-07 14:31:06.382930
1646,Appartement 117m² à Les Princesses,1430000.0,Casablanca,Les Princesses,117.0,2,2,12222.22,2026-05-07 14:31:06.383061
1647,Appartement 67 m² à BOUSKOURA prix imbattable,690000.0,Casablanca,Autre Secteur,67.0,2,1,10298.51,2026-05-07 14:31:06.383187
1648,Appartement à vendre 99 m² à Victoria,980000.0,Bouskoura,Victoria,99.0,2,2,9898.99,2026-05-07 14:31:06.383321
1649,Rare Opportunité 478 m² en Vente au Cœur de Tanger,7400000.0,Tanger,Mozart,478.0,5,4,15481.17,2026-05-07 14:31:06.383446
1650,Appartements à vendre Al Firdaws,260000.0,Ain Aouda,Toute La Ville,56.0,2,1,4642.86,2026-05-07 14:31:06.383572
1651,Appartement Neuf 3 Chambres avec Grande Terrasse,1800000.0,Marrakech,Route De Casablanca,131.0,3,2,13740.46,2026-05-07 14:31:06.383740
1652,Appart 96 m2 Mandarona à côté Bd Al qods,950000.0,Casablanca,Aïn Chock,95.0,2,1,10000.0,2026-05-07 14:31:06.383881
1653,😍 Appartement rénové avec belle vue,390000.0,Marrakech,Azzouzia,59.0,2,1,6610.17,2026-05-07 14:31:06.384007
1654,Appartements neufs à vendre,950000.0,Mohammedia,Riad 2,91.0,2,1,10439.56,2026-05-07 14:31:06.384191
1655,Appartement à vendre 253 m² à Casablanca,4350000.0,Casablanca,Gauthier,267.0,4,4,16292.13,2026-05-07 14:31:06.384323
1656,Appartement à vendre,750000.0,Mohammedia,Autre Secteur,80.0,2,1,9375.0,2026-05-07 14:31:06.384448
1657,Studios & Appartements à partir de 65 Millions,650000.0,Casablanca,Ain Sebaa,127.0,2,2,5118.11,2026-05-07 14:31:06.384585
1658,À vendre – Appartement haut standing à Bir Rami,790000.0,Kénitra,Bir Rami,85.0,2,2,9294.12,2026-05-07 14:31:06.384714
1659,Appartement de luxe à vendre en centre-ville haute,890000.0,Kénitra,La Ville Haute,104.0,2,2,8557.69,2026-05-07 14:31:06.384848
1660,Appartement à vendre 97 m² à Casablanca,1300000.0,Casablanca,Val Fleuri,97.0,1,1,13402.06,2026-05-07 14:31:06.384976
1661,Appartement à vendre 100 m² à Fès,520000.0,Fès,Tghat,100.0,3,2,5200.0,2026-05-07 14:31:06.385100
1662,Appartements 118m Haut Standing Maarif Ex,1750000.0,Casablanca,Maarif,118.0,3,2,14830.51,2026-05-07 14:31:06.385224
1663,Projet neuf – Studios Haut Standing à 5 min de CFC,770000.0,Casablanca,Casablanca Finance City,50.0,1,1,15400.0,2026-05-07 14:31:06.385352
1664,Superbe Appartement de 90m² - 880000dhs,880000.0,Casablanca,Roches Noires,90.0,2,2,9777.78,2026-05-07 14:31:06.385484
1665,Appartement et garage,730000.0,Fès,Route Ain Chkaf,112.0,3,1,6517.86,2026-05-07 14:31:06.385613
1666,Appartement avec terrasse😍 à vendre à Hay Azdehar,860000.0,Marrakech,Hay Izdihar,69.0,2,1,12463.77,2026-05-07 14:31:06.385743
1667,Élégant Appartement Avec Vaste Espace Extérieur,2100000.0,Marrakech,Route De Fès,140.0,2,2,15000.0,2026-05-07 14:31:06.385885
1668,Appartement vue sur mer à vendre à Asilah,2000000.0,Asilah,Toute La Ville,150.0,3,3,13333.33,2026-05-07 14:31:06.386011
1669,Quartier Hôtel ibis,1750000.0,Tanger,Malabata,100.0,2,2,17500.0,2026-05-07 14:31:06.386166
1670,Studio neuf 41 m2 à vendre à Roche Noires,640000.0,Casablanca,Roches Noires,41.0,1,1,15609.76,2026-05-07 14:31:06.386296
1671,Bel Appartement Moderne Aux Palmeraies À Vendre,1500000.0,Marrakech,Palmeraie,85.0,2,2,17647.06,2026-05-07 14:31:06.386424
1672,Appartement 74 m² à ALMAZ,830000.0,Casablanca,Almaz,74.0,2,1,11216.22,2026-05-07 14:31:06.386555
1673,Appart 68m Maarif Ex Près Carrefour Yacoub,950000.0,Casablanca,Maârif Extension,68.0,2,2,13970.59,2026-05-07 14:31:06.386680
1674,Appartement 3 Chambres Marjane Ahlan Déclaration Totale,1480000.0,Tanger,Marjane,133.0,3,2,11127.82,2026-05-07 14:31:06.386815
1675,Appartement meublé neuf sur corniche Martil,1500000.0,Martil,Toute La Ville,150.0,3,1,10000.0,2026-05-07 14:31:06.386943
1676,DES Appartements de 109 m² à Victoria - BOUSKOURA,855000.0,Bouskoura,Victoria,115.0,3,2,7434.78,2026-05-07 14:31:06.387131
1677,Appartement à Mohammedia au quartier du Parc,1450000.0,Mohammedia,Quartier Du Parc,125.0,3,2,11600.0,2026-05-07 14:31:06.387321
1678,Vente Urgente Appartement Économique AinChock Lamkansa4,430000.0,Lamkansa,Toute La Ville,60.0,2,2,7166.67,2026-05-07 14:31:06.387491
1679,Appartement à vendre 110 m² à Temara,1050000.0,Temara,Ain Atig,124.0,3,2,8467.74,2026-05-07 14:31:06.387662
1680,Appartement à vendre 90 m² Limoune à Ouled Teïma,585000.0,Ouled Teïma,Toute La Ville,90.0,3,1,6500.0,2026-05-07 14:31:06.387833
1681,Appartement Ensoleillé 123m² au Quartier Maarif,1500000.0,Casablanca,Maârif Extension,123.0,3,2,12195.12,2026-05-07 14:31:06.388335
1682,"Appartement à vendre 58 m², Oulfa Hay Hassani",286000.0,Casablanca,Oulfa,59.0,2,1,4847.46,2026-05-07 14:31:06.388601
1683,Appt 3 ch salon à vendre à Val Fleuri,1800000.0,Casablanca,Val Fleuri,126.0,3,2,14285.71,2026-05-07 14:31:06.388733
1684,Appartement idéal avec un bon prix,360000.0,Settat,Hay Al Kamal,102.0,2,1,3529.41,2026-05-07 14:31:06.388861
1685,RACINE Superbe Appartement Rénové à Vendre 265m²,4850000.0,Casablanca,Racine,265.0,4,3,18301.89,2026-05-07 14:31:06.389023
1686,TRIANGLE D’OR BEL APPT A VENDRE AVEC TERRASSE,3750000.0,Casablanca,Triangle D'Or,267.0,3,2,14044.94,2026-05-07 14:31:06.389193
1687,Appartement à vendre 74 m² à Sidi maarouf,760000.0,Casablanca,Sidi Maarouf,74.0,2,2,10270.27,2026-05-07 14:31:06.389371
1688,Appartement meublé piscine Haut standing,1200000.0,Marrakech,Mabrouka,70.0,2,2,17142.86,2026-05-07 14:31:06.389506
1689,Appartement 2ème étage Mhamid 9,400000.0,Marrakech,M'Hamid,65.0,2,2,6153.85,2026-05-07 14:31:06.389687
1690,A vendre un appartement avec terrasse,3750000.0,Casablanca,Racine,190.0,4,3,19736.84,2026-05-07 14:31:06.389914
1691,Studio à vendre avec piscine,580000.0,Marrakech,Palmeraie,48.0,1,1,12083.33,2026-05-07 14:31:06.390054
1692,Appartement à vendre 110 m² à Kénitra,1050000.0,Kénitra,La Ville Haute,120.0,3,2,8750.0,2026-05-07 14:31:06.390241
1693,Appartement à vendre 136 m² à Casablanca,2500000.0,Casablanca,Val Fleuri,136.0,3,2,18382.35,2026-05-07 14:31:06.390465
1694,À VENDRE APPARTEMENT SALON 3 CHAMBRES 70m2,735000.0,Casablanca,Autre Secteur,70.0,3,2,10500.0,2026-05-07 14:31:06.390696
1695,Appartement Excellente finition Très ensoleillé,600000.0,Salé,Toute La Ville,79.0,2,1,7594.94,2026-05-07 14:31:06.390889
1696,Idéal investissement appt 3ch a rénover allal fasi,950000.0,Marrakech,Allal El Fassi,91.0,3,2,10439.56,2026-05-07 14:31:06.391073
1697,Appartement à vendre 118m² La Perle du Sahara Dakhla,885000.0,Dakhla,Toute La Ville,118.0,4,1,7500.0,2026-05-07 14:31:06.391220
1698,Appartement traversant avec vue mer–Dernier étage,2300000.0,Casablanca,Anfa,121.0,2,1,19008.26,2026-05-07 14:31:06.391341
1699,Appartement à prix raisonnable,620000.0,Agadir,Ben Serguaou,60.0,2,2,10333.33,2026-05-07 14:31:06.391527
1700,Appartement titré Trialas Atlas,1600000.0,Tanger,Branes 1,113.0,3,2,14159.29,2026-05-07 14:31:06.391655
1701,Appartement Neuf Badiae Nojjoum,850000.0,Marrakech,Allal El Fassi,62.0,2,1,13709.68,2026-05-07 14:31:06.391779
1702,Apt Neuf 3 Chambres 1Salon roudani Maarif,1400000.0,Casablanca,Maarif,70.0,3,1,20000.0,2026-05-07 14:31:06.391985
1703,A VENDRE APPARTEMENTS NEUFS AVEC TITRES FONCIERS,575000.0,Kénitra,Bir Rami,90.0,3,1,6388.89,2026-05-07 14:31:06.392239
1704,Appartement à vendre à Saïd Hajji à prix symbolique,100000000.0,Salé,Said Hajji,100.0,3,2,1000000.0,2026-05-07 14:31:06.392417
1705,Appartement à vendre 149 m² à Casablanca,850000.0,Casablanca,Belvédère,149.0,3,2,5704.7,2026-05-07 14:31:06.392569
1706,Bel appartement de 103 m² à Bourgogne Ouest,1450000.0,Casablanca,Bourgogne,103.0,2,2,14077.67,2026-05-07 14:31:06.392806
1707,À vendre un bel appartement,950000.0,Casablanca,Belvédère,105.0,2,2,9047.62,2026-05-07 14:31:06.393077
1708,Superbe Rez de Jardin 2 Chambres – CFC Casablanca,2600000.0,Casablanca,Casablanca Finance City,118.0,2,2,22033.9,2026-05-07 14:31:06.393312
1709,A vendre un bel Appartement refait à neuf,2950000.0,Casablanca,Triangle D'Or,200.0,3,3,14750.0,2026-05-07 14:31:06.393491
1710,A vendre un appartement dans une résid balnéaire,1100000.0,Sidi Rahal,Toute La Ville,108.0,2,2,10185.19,2026-05-07 14:31:06.393683
1711,Appartement à vendre sur Hay Riad,3250000.0,Rabat,Hay Riad,144.0,3,2,22569.44,2026-05-07 14:31:06.393938
1712,Magnifique penthouse à vendre ou à louer à Wifac,3150000.0,Temara,Wifak,230.0,4,2,13695.65,2026-05-07 14:31:06.394127
1713,Luxueux appartement à 2 Mars,1990000.0,Casablanca,2 Mars,167.0,3,3,11916.17,2026-05-07 14:31:06.394258
1714,Très Bel Appartement 62m2 Quartier Palmier,1300000.0,Casablanca,Palmier,62.0,2,2,20967.74,2026-05-07 14:31:06.394375
1715,Appartement à ne pas rater,250000.0,Meknès,Hay Salam,60.0,2,1,4166.67,2026-05-07 14:31:06.394489
1716,Appart 118 m² Étage 3 Sidi Maarouf,1200000.0,Casablanca,Sidi Maarouf,118.0,3,2,10169.49,2026-05-07 14:31:06.394602
1717,Appartement 126m² 4ème étg. terrasse à Maârif,1450000.0,Casablanca,Val Fleuri,126.0,2,2,11507.94,2026-05-07 14:31:06.394716
1718,Appartement à vendre 48m² à Gueliz - Piscine Rooftop,1077000.0,Marrakech,Guéliz,49.0,1,1,21979.59,2026-05-07 14:31:06.394833
1719,Appartement à vendre près des universités 47 m2,295000.0,Tanger,Al Irfane 2,47.0,2,1,6276.6,2026-05-07 14:31:06.394954
1720,Appartement neuf avec ascenseur et parking,440000.0,Casablanca,Sidi Othmane,81.0,2,1,5432.1,2026-05-07 14:31:06.395065
1721,PALMIER JOLI STUDIO NEUF AVEC TERRASSE À VENDRE,1235000.0,Casablanca,Palmier,54.0,1,1,22870.37,2026-05-07 14:31:06.395173
1722,Appartement à vendre Résidence noria 2 chambres,2300000.0,Marrakech,Autre Secteur,84.0,2,2,27380.95,2026-05-07 14:31:06.395285
1723,Appartement à vendre vue sur mer à Tanger,3500000.0,Tanger,Malabata,120.0,3,2,29166.67,2026-05-07 14:31:06.395405
1724,Appart à vendre 213m² à Wifak Temara,2650000.0,Temara,Wifak,213.0,3,1,12441.31,2026-05-07 14:31:06.395521
1725,167577-Vente Appt à Casablanca Racine de 203 m²,4200000.0,Casablanca,Anfa,203.0,3,2,20689.66,2026-05-07 14:31:06.395633
1726,Luxueux studio en vente a Gueliz pour AIRBNB,1526500.0,Marrakech,Av Abdelkrim El Khattabi,61.0,1,1,25024.59,2026-05-07 14:31:06.395746
1727,Magnifique Appartement À Vendre À La Palmeraie,1800000.0,Marrakech,Palmeraie,95.0,2,2,18947.37,2026-05-07 14:31:06.395862
1728,Appartement en vente 65m² à Gueliz-Piscine Rooftop,1498000.0,Marrakech,Guéliz,65.0,1,1,23046.15,2026-05-07 14:31:06.395975
1729,appartement meublé à vendre,1100000.0,Kénitra,Mimosas,110.0,3,2,10000.0,2026-05-07 14:31:06.396091
1730,Appartement à vendre à Temara,960000.0,Temara,Autre Secteur,128.0,3,1,7500.0,2026-05-07 14:31:06.396202
1731,LA PERLA BLANCA -E-8 25/56952,1150000.0,Benslimane,Autre Secteur,114.0,3,2,10087.72,2026-05-07 14:31:06.396326
1732,Appartement à vendre 82 m² à Tétouan,8200000.0,Tétouan,Wilaya,82.0,2,2,100000.0,2026-05-07 14:31:06.396440
1733,Appartement à vendre 67 m² à Sidi Rahal,530000.0,Sidi Rahal,Toute La Ville,67.0,2,2,7910.45,2026-05-07 14:31:06.396550
1734,🏠 L’EXCEPTION URBAINE Duplex 66 m² à Guéliz,1518000.0,Marrakech,Guéliz,65.0,1,1,23353.85,2026-05-07 14:31:06.396661
1735,Appartement à vendre 55 m² à Tanger,330000.0,Tanger,Autre Secteur,55.0,2,1,6000.0,2026-05-07 14:31:06.396774
1736,Spacieux appart au cœur gueliz à côté Zara macdo,3500000.0,Marrakech,Guéliz,139.0,3,2,25179.86,2026-05-07 14:31:06.396899
1737,Appartement à vendre 60 m² à Marrakech,1320000.0,Marrakech,Guéliz,60.0,2,1,22000.0,2026-05-07 14:31:06.397046
1738,Appartement à vendre 78 m² à Marrakech,1800000.0,Marrakech,Agdal,118.0,2,2,15254.24,2026-05-07 14:31:06.397163
1739,Duplex RDC 74 m² en vente - piscine Rooftop,1708000.0,Marrakech,Av Abdelkrim El Khattabi,74.0,1,2,23081.08,2026-05-07 14:31:06.397275
1740,Tanger Balia,370000.0,Tanger,Tanja Balia,54.0,2,1,6851.85,2026-05-07 14:31:06.397421
1741,Appartement à vendre 60 m² centre ville souk mlilia,330000.0,Oujda,Centre Ville,60.0,2,1,5500.0,2026-05-07 14:31:06.397531
1742,Appart 101m² piscine près Semlalia Majorel Gueliz,2200000.0,Marrakech,Semlalia,101.0,2,2,21782.18,2026-05-07 14:31:06.397642
1743,Appartement à vendre 69 m² à Casablanca,440000.0,Casablanca,Aïn Borja,69.0,3,1,6376.81,2026-05-07 14:31:06.397748
1744,"Appartement rénové proche gare, plage et zoo",600000.0,Casablanca,Ain Sebaa,67.0,2,1,8955.22,2026-05-07 14:31:06.397862
1745,Résidence Galia Boulevard Hassan II Mohammedia,1700000.0,Mohammedia,Centre Ville,125.0,3,2,13600.0,2026-05-07 14:31:06.397975
1746,Appartement à vendre 65 m² à Bouznika Dahomey,650000.0,Bouznika,Autre Secteur,65.0,2,2,10000.0,2026-05-07 14:31:06.398084
1747,VENTE DIRECTE SUPERBES APPARTEMENTS,860000.0,Casablanca,Hay Hassani,78.0,2,2,11025.64,2026-05-07 14:31:06.398205
1748,Appartement à vendre 227 m² à Casablanca palmier,3000000.0,Casablanca,Palmier,227.0,4,3,13215.86,2026-05-07 14:31:06.398422
1749,Studio de 60 m² à vendre à Marrakech,1140000.0,Marrakech,Guéliz,60.0,1,1,19000.0,2026-05-07 14:31:06.398579
1750,Appartement 134 m² à vendre,1050000.0,Temara,Abbadi,134.0,3,1,7835.82,2026-05-07 14:31:06.398696
1751,Appartement à vendre rue Royal Army,1500000.0,Tétouan,Centre Ville,150.0,3,2,10000.0,2026-05-07 14:31:06.398811
1752,Appartement 2 ch à vendre vue sur mer,2900000.0,Tanger,Malabata,82.0,2,1,35365.85,2026-05-07 14:31:06.398922
1753,Appartement à vendre 67m² à Ainsebaa,770500.0,Casablanca,Ain Sebaa,67.0,2,2,11500.0,2026-05-07 14:31:06.399039
1754,Appartement à vendre 2 chambres Salon à Casa,810000.0,Bouznika,Al Kawtar,95.0,2,2,8526.32,2026-05-07 14:31:06.399150
1755,Magnifique studio en rez de jardin sur résidence,1400000.0,Marrakech,Agdal,50.0,1,1,28000.0,2026-05-07 14:31:06.399258
1756,Appartement à vendre 97 m² à Ferme Bretonne,1900000.0,Casablanca,Ferme Bretone,97.0,2,2,19587.63,2026-05-07 14:31:06.399366
1757,Appartement à vendre 123 m² à Casablanca,1780000.0,Casablanca,Abdelmoumen,123.0,3,2,14471.54,2026-05-07 14:31:06.399476
1758,Appartement à vendre Prestegia Argan golf,2000000.0,Marrakech,Route De Tahanaoute,80.0,2,1,25000.0,2026-05-07 14:31:06.399584
1759,Appartement à vendre 94m² à Ferme Bretonne,1900000.0,Casablanca,Ferme Bretone,94.0,2,2,20212.77,2026-05-07 14:31:06.399695
1760,Appartement 97m² à Casablanca ferme bretonne,1940000.0,Casablanca,Ferme Bretone,97.0,2,2,20000.0,2026-05-07 14:31:06.399814
1761,Appartement à vendre 165 m² à Casablanca,3500000.0,Casablanca,Racine,176.0,3,3,19886.36,2026-05-07 14:31:06.399927
1762,Appartement à vendre 80m² Bouznika sans vis à vis,750000.0,Bouznika,Al Kawtar,82.0,2,2,9146.34,2026-05-07 14:31:06.400037
1763,Superbe studio 56 m² à saisir à Marrakech,1064000.0,Marrakech,Guéliz,56.0,1,1,19000.0,2026-05-07 14:31:06.400148
1764,Appartement à vendre 76 m² à Marrakech,1500000.0,Marrakech,Victor Hugo,76.0,2,2,19736.84,2026-05-07 14:31:06.400258
1765,Spacieux Appartement 2 Chambres à la Vente Guéliz,2350000.0,Marrakech,Guéliz,110.0,2,2,21363.64,2026-05-07 14:31:06.400368
1766,Bel appartement en vente bd 2 mars,1930000.0,Casablanca,2 Mars,129.0,3,2,14961.24,2026-05-07 14:31:06.400485
1767,Appartement à vendre 110 m² à Mohammedia,1656000.0,Mohammedia,Centre Ville,120.0,2,2,13800.0,2026-05-07 14:31:06.400593
1768,Appartement à vendre 100 m² à Essaouira,1250000.0,Essaouira,Toute La Ville,100.0,2,1,12500.0,2026-05-07 14:31:06.400725
1769,Appartement en vente ain borja,850000.0,Casablanca,Aïn Borja,81.0,2,2,10493.83,2026-05-07 14:31:06.400849
1770,Résidence Jumeirah,440000.0,Deroua,Toute La Ville,72.0,2,1,6111.11,2026-05-07 14:31:06.400959
1771,Vente très joli studio centre ville,1200000.0,Marrakech,Guéliz,54.0,1,1,22222.22,2026-05-07 14:31:06.401094
1772,Appartement neuf enregistré conservé Médina Errahma,570000.0,Casablanca,Errahma,75.0,3,2,7600.0,2026-05-07 14:31:06.401207
1773,Appartement Mers Sultan 139 m² à Casablanca,1750000.0,Casablanca,Mers Sultan,139.0,2,2,12589.93,2026-05-07 14:31:06.401319
1774,Appartement de luxe à vendre à Marina golf Asilah,1800000.0,Asilah,Toute La Ville,113.0,3,2,15929.2,2026-05-07 14:31:06.401430
1775,beau duplex en vente ain borja,850000.0,Casablanca,Aïn Chock,85.0,2,1,10000.0,2026-05-07 14:31:06.401537
1776,Appartement 74m 3 chambres salon,580000.0,Marrakech,Autre Secteur,74.0,3,1,7837.84,2026-05-07 14:31:06.401648
1777,Bel appartement en vente al fida,660000.0,Casablanca,Al Fida,66.0,2,1,10000.0,2026-05-07 14:31:06.401764
1778,Appartement à vendre 68 m² au maarif,1280000.0,Casablanca,Maarif,68.0,2,1,18823.53,2026-05-07 14:31:06.401879
1779,bel appartement en vente ain borja,693500.0,Casablanca,Aïn Borja,79.0,3,1,8778.48,2026-05-07 14:31:06.401991
1780,Appartement à vendre 59 m² à Ain Sebaa,708000.0,Casablanca,Ain Sebaa,59.0,2,2,12000.0,2026-05-07 14:31:06.402102
1781,Bel appartement vente quartier des hôpitaux,1200000.0,Casablanca,Quartier Des Hôpitaux,92.0,2,2,13043.48,2026-05-07 14:31:06.402217
1782,Appartement 144m2 centre ville à vendre,400000.0,Casablanca,Anfa,144.0,3,1,2777.78,2026-05-07 14:31:06.402326
1783,Bel appartement vente belvedere,970000.0,Casablanca,Belvédère,109.0,3,2,8899.08,2026-05-07 14:31:06.402435
1784,Grand bel appartement en vente Casablanca,1690000.0,Casablanca,Centre Ville,189.0,3,2,8941.8,2026-05-07 14:31:06.402549
1785,Appartement à vendre 58 m² à Marrakech,1600000.0,Marrakech,Route De Tahanaoute,60.0,1,1,26666.67,2026-05-07 14:31:06.402660
1786,Bel appartement de 73m² à Ain Sebaa,817600.0,Casablanca,Oulfa,73.0,3,2,11200.0,2026-05-07 14:31:06.402771
1787,Appartement 110 m² à Casablanca,530000.0,Casablanca,Sidi Bernoussi,110.0,3,2,4818.18,2026-05-07 14:31:06.402885
1788,bel appartement en vente 3 chambres 1 salon,950000.0,Casablanca,Aïn Borja,112.0,3,1,8482.14,2026-05-07 14:31:06.402996
1789,Grand appartement en vente à Ain Borja,1600000.0,Casablanca,Aïn Borja,225.0,4,2,7111.11,2026-05-07 14:31:06.403109
1790,A vendre Appartement 65 m² à Ouislane Meknes,260000.0,Ouislane,Toute La Ville,73.0,2,1,3561.64,2026-05-07 14:31:06.403219
1791,Rez de jardin à vendre 107 m² vue sur piscine,1900000.0,Marrakech,Route De Casablanca,107.0,2,2,17757.01,2026-05-07 14:31:06.403325
1792,Appartement à vendre 208 m² à Racine,3750000.0,Casablanca,Racine,208.0,3,3,18028.85,2026-05-07 14:31:06.403437
1793,Appartement Allal El Fassi Hôtel Redouane disponible uniquement,1400000.0,Marrakech,Allal El Fassi,130.0,3,1,10769.23,2026-05-07 14:31:06.403547
1794,Appartement à vendre 67 m² à Asilah,900000.0,Asilah,Toute La Ville,67.0,2,1,13432.84,2026-05-07 14:31:06.403663
1795,TNG-TA-1129 - Appartement à vendre à Msala,1350000.0,Tanger,Autre Secteur,86.0,2,1,15697.67,2026-05-07 14:31:06.403773
1796,Appartement à vendre à Marina Vue Mer,4900000.0,Agadir,Marina,110.0,2,2,44545.45,2026-05-07 14:31:06.403960
1797,Appartement à vendre 174m2 à Mers Sultan,440000.0,Casablanca,Mers Sultan,174.0,3,2,2528.74,2026-05-07 14:31:06.404073
1798,Appartement meublé à vendre,940000.0,Tanger,Autre Secteur,81.0,2,1,11604.94,2026-05-07 14:31:06.404203
1799,Appartement à vendre 64 m² à Casablanca,640000.0,Casablanca,Hay Hassani,64.0,2,1,10000.0,2026-05-07 14:31:06.404326
1800,Appartements à vendre,1050000.0,Temara,Autre Secteur,100.0,3,2,10500.0,2026-05-07 14:31:06.404447
1801,Appartements à vendre près du café Russie,850000.0,Martil,Toute La Ville,80.0,3,1,10625.0,2026-05-07 14:31:06.404566
1802,Appartement de haut standing,1650000.0,Tétouan,Safir,147.0,2,2,11224.49,2026-05-07 14:31:06.404677
1803,"Nous vous apportons d'excellents appartements à vendre, premier étage 300 000 Dhs.",300000.0,Kénitra,Bir Rami,70.0,2,1,4285.71,2026-05-07 14:31:06.404792
1804,Excellent appartement meublé à vendre dans le quartier Al Saada près de Marjane,570000.0,Marrakech,Es Saada,54.0,2,1,10555.56,2026-05-07 14:31:06.404910
1805,Appartement à vendre 70 m² à Essaouira,720000.0,Essaouira,Centre Ville,75.0,2,1,9600.0,2026-05-07 14:31:06.405022
1806,Appartement sur R plus 2,930000.0,El Jadida,Hay Essalam,80.0,3,2,11625.0,2026-05-07 14:31:06.405206
1807,STUDIO à vendre Jnan Awrad Marrakech,955000.0,Marrakech,Route De Casablanca,49.0,1,1,19489.8,2026-05-07 14:31:06.405325
1808,Bel appartement à vendre à Hay Charaf,740000.0,Marrakech,Hay Charaf,98.0,2,1,7551.02,2026-05-07 14:31:06.405489
1809,Appartement à vendre 99 m² à Casablanca,950000.0,Casablanca,Sidi Maarouf,87.0,3,2,10919.54,2026-05-07 14:31:06.405601
1810,Appartement Meftah Anza,580000.0,Agadir,Anza,40.0,1,1,14500.0,2026-05-07 14:31:06.405712
1811,Bel appartement de 66 m2 à vendre,367000.0,Sidi Hajjaj Oued Hassar,Toute La Ville,66.0,2,1,5560.61,2026-05-07 14:31:06.405831
1812,Appartements de luxe à vendre,890000.0,Kénitra,Val Fleury,124.0,3,2,7177.42,2026-05-07 14:31:06.405943
1813,Bel appartement terrasse à Essaouira,850000.0,Essaouira,Centre Ville,62.0,1,1,13709.68,2026-05-07 14:31:06.406070
1814,Appartement à vendre Sidi Rahal,680000.0,Sidi Rahal,Toute La Ville,84.0,3,2,8095.24,2026-05-07 14:31:06.406189
1815,Studios à vendre à Zenata,740000.0,Zenata,Toute La Ville,50.0,1,1,14800.0,2026-05-07 14:31:06.406301
1816,"Appartement ""Soumi Vini"" dans un quartier chic près de la mosquée et sans intérêt",380000.0,Benslimane,Autre Secteur,126.0,3,1,3015.87,2026-05-07 14:31:06.406406
1817,Appartement à vendre 76 m² à Marrakech,1350000.0,Marrakech,Mabrouka,76.0,2,2,17763.16,2026-05-07 14:31:06.406528
1818,Appartement à vendre 80 m² à Marrakech,1700000.0,Marrakech,Route De Safi,80.0,2,2,21250.0,2026-05-07 14:31:06.406646
1819,Triplex de 200m² à 200m avenue ibn badis,1120000.0,El Jadida,Autre Secteur,203.0,3,1,5517.24,2026-05-07 14:31:06.406757
1820,Appartement à vendre 129 m² à Casablanca,1650000.0,Casablanca,Almaz,146.0,3,3,11301.37,2026-05-07 14:31:06.406882
1821,Appartement à vendre,700000.0,Kénitra,Alliance,85.0,2,1,8235.29,2026-05-07 14:31:06.406998
1822,Appartement à vendre 80 m² à Mohammedia,820000.0,Mohammedia,Autre Secteur,80.0,2,2,10250.0,2026-05-07 14:31:06.407149
1823,Appartement à vendre 74 m² à Marrakech,1450000.0,Marrakech,Palmeraie,74.0,2,2,19594.59,2026-05-07 14:31:06.407269
1824,Appartement à vendre 35 m² à Marrakech,660000.0,Marrakech,Route D'Ourika,37.0,1,1,17837.84,2026-05-07 14:31:06.407380
1825,Appartement à vendre 92 m² à boustane El Jadida,660000.0,El Jadida,Al Boustane,92.0,2,1,7173.91,2026-05-07 14:31:06.407494
1826,Studio à vendre,660000.0,Marrakech,Amerchich,45.0,1,1,14666.67,2026-05-07 14:31:06.464214
1827,Appartement à vendre 75 m² à Fès,420000.0,Fès,Oued Fès,92.0,2,2,4565.22,2026-05-07 14:31:06.407603
1828,Appartement à vendre 65 m² à Mohammedia,510000.0,Mohammedia,Autre Secteur,65.0,2,1,7846.15,2026-05-07 14:31:06.407729
1829,Super appart 78m2 H standing Aswac Salam,750000.0,Mohammedia,Autre Secteur,78.0,2,2,9615.38,2026-05-07 14:31:06.407861
1830,Duplex meublé à vendre centre ville,620000.0,Kénitra,Centre,75.0,2,2,8266.67,2026-05-07 14:31:06.407975
1831,Appartement de 3 chambres à vendre à Maamora,1330000.0,Kénitra,Maamora,130.0,3,2,10230.77,2026-05-07 14:31:06.408086
1832,Appartement à vendre 75 m² à Essaouira,1000000.0,Essaouira,Centre Ville,75.0,3,2,13333.33,2026-05-07 14:31:06.408195
1833,Appartement à vendre 199 m² à Boulevard Zerktouni,3800000.0,Casablanca,Maarif,199.0,3,3,19095.48,2026-05-07 14:31:06.408314
1834,Appartement à vendre 145 m² à Tétouan,2000000.0,Tétouan,Autre Secteur,145.0,3,2,13793.1,2026-05-07 14:31:06.408429
1835,Appartement à vendre Hay Fadl,600000.0,Marrakech,Hay Charaf,68.0,2,1,8823.53,2026-05-07 14:31:06.408553
1836,"Appartement à vendre, 2ème étage, Jnan Louz Loualfa",36000000.0,Casablanca,Oulfa,51.0,2,1,705882.35,2026-05-07 14:31:06.408663
1837,Superbe appartement à vendre à Sidi Kacem - Sans intermédiaire,320000.0,Sidi Kacem,Toute La Ville,105.0,2,1,3047.62,2026-05-07 14:31:06.408779
1838,Excellent appartement à vendre dans le quartier de Cherf près de Marjane,740000.0,Marrakech,Hay Charaf,98.0,2,1,7551.02,2026-05-07 14:31:06.408931
1839,Appartement à vendre dans le quartier Al-Zahour près de l'école Al-Arabi et Marjane,540000.0,Marrakech,Hay Izdihar,50.0,2,1,10800.0,2026-05-07 14:31:06.409048
1840,Appartement à vendre 70 m² au Vizir Center à Marrakech,1250000.0,Marrakech,Route De Casablanca,70.0,1,2,17857.14,2026-05-07 14:31:06.409165
1841,Appartement à vendre 110 m² à Casablanca,2000000.0,Casablanca,Beauséjour,110.0,2,2,18181.82,2026-05-07 14:31:06.409308
1842,Appartement à vendre à Triangle d’Or,1200000.0,Casablanca,Triangle D'Or,80.0,2,1,15000.0,2026-05-07 14:31:06.409423
1843,Appartement à vendre 151 m² à Casablanca,2600000.0,Casablanca,Ferme Bretone,151.0,3,3,17218.54,2026-05-07 14:31:06.409533
1844,Appartement à vendre 125 m² Sidi abbad Marrakech,1450000.0,Marrakech,Sidi Abbad,125.0,3,2,11600.0,2026-05-07 14:31:06.409652
1845,Appartement en face zone villa,520000.0,Kénitra,Seyad,68.0,2,1,7647.06,2026-05-07 14:31:06.409762
1846,APPARTEMENT RÉSIDENCE TAOUIRT TAGHAZOUT BAY,3200000.0,Agadir,Tamraght,99.0,1,2,32323.23,2026-05-07 14:31:06.409881
1847,appartement à Bahia Golf beach,1949000.0,Bouznika,Autre Secteur,121.0,3,2,16107.44,2026-05-07 14:31:06.409989
1848,"Appartement à vendre à Menzah, Rue Mohamed VI",21000000.0,El Menzeh,Toute La Ville,128.0,3,2,164062.5,2026-05-07 14:31:06.410109
1849,Secteur 21 Hay Riad,740000.0,Rabat,Hay Riad,377.0,5,3,1962.86,2026-05-07 14:31:06.410219
1850,Bonne affaire dans le quartier administratif,1580000.0,Tanger,Centre Ville,103.0,2,2,15339.81,2026-05-07 14:31:06.410329
1851,Appt titré 121m² 3ch avec Parking Maamora Kénitra,900000.0,Kénitra,Maamora,121.0,3,1,7438.02,2026-05-07 14:31:06.410477
1852,"Appartement à vendre, 2 Mars Casablanca",2400000.0,Casablanca,2 Mars,159.0,3,3,15094.34,2026-05-07 14:31:06.410594
1853,Bel appartement à Jnane Californie,1690000.0,Casablanca,Mandarona,123.0,2,2,13739.84,2026-05-07 14:31:06.410706
1854,vente appartement moyen standing oulfa,530000.0,Casablanca,Oulfa,58.0,2,1,9137.93,2026-05-07 14:31:06.410820
1855,Appartement à vendre 82 m² à Kénitra,640000.0,Kénitra,Alliance,82.0,2,2,7804.88,2026-05-07 14:31:06.410934
1856,Appartement de Luxe 270 m²–Hay Riad Rabat,8000000.0,Rabat,Hay Riad,270.0,3,4,29629.63,2026-05-07 14:31:06.411049
1857,Appartement à vendre 68 m² à Casablanca,700000.0,Casablanca,Lissasfa,68.0,2,1,10294.12,2026-05-07 14:31:06.411183
1858,Appartement Titré.,2400000.0,Casablanca,2 Mars,168.0,2,3,14285.71,2026-05-07 14:31:06.411291
1859,Magnifique appartement jardin ibn Khafaja,1700000.0,Kénitra,Maamora,120.0,3,2,14166.67,2026-05-07 14:31:06.411401
1860,Appartement Avec Terrasse à vendre à Tamraght,1030000.0,Agadir,Tamraght,80.0,2,2,12875.0,2026-05-07 14:31:06.411513
1861,Appartement à vendre 256 m² à Tanger,2000000.0,Tanger,Achakar,256.0,3,3,7812.5,2026-05-07 14:31:06.411622
1862,hamza had soualem fiha 70000dh da3d,500000.0,Had Soualem,Toute La Ville,74.0,2,2,6756.76,2026-05-07 14:31:06.411729
1863,Appartement à vendre 68 m² à Kénitra,340000.0,Kénitra,Bir Rami,68.0,2,1,5000.0,2026-05-07 14:31:06.411844
1864,À vendre appartement de luxe à malabata hills,8000000.0,Tanger,Sania,366.0,3,2,21857.92,2026-05-07 14:31:06.411962
1865,Magnifique vue Golf et piscine,1750000.0,Marrakech,Agdal,47.0,1,1,37234.04,2026-05-07 14:31:06.412069
1866,"appt 3 chambres, 2 minutes du quartier financier",1150000.0,Casablanca,Oulfa,114.0,3,1,10087.72,2026-05-07 14:31:06.412180
1867,Appartement à vendre 94 m² à Kénitra,680000.0,Kénitra,Seyad,94.0,2,2,7234.04,2026-05-07 14:31:06.412297
1868,Appartement à vendre 62 m² à Berrechid,380000.0,Berrechid,Toute La Ville,62.0,2,2,6129.03,2026-05-07 14:31:06.412410
1869,Appartement à vendre 90 m² à Kénitra,600000.0,Kénitra,Seyad,90.0,3,1,6666.67,2026-05-07 14:31:06.412519
1870,Appartement à vendre 70 m² à Kénitra,340000.0,Kénitra,Bir Rami,70.0,2,1,4857.14,2026-05-07 14:31:06.412631
1871,Appartement à vendre 80 m² à Kénitra,610000.0,Kénitra,Seyad,80.0,2,2,7625.0,2026-05-07 14:31:06.412745
1872,Appartement à vendre 95 m² à Kénitra,490000.0,Kénitra,Bir Rami,95.0,3,2,5157.89,2026-05-07 14:31:06.412867
1873,LES PRINCESSES JOLI APPARTEMENT NEUF À VENDRE,1470000.0,Casablanca,Gauthier,66.0,2,1,22272.73,2026-05-07 14:31:06.412981
1874,Appartement à vendre 90 m² à Kénitra,660000.0,Kénitra,Mimosas,90.0,2,1,7333.33,2026-05-07 14:31:06.413091
1875,Appartement à vendre 329 m² à Fès,2300000.0,Fès,Champ De Course,329.0,3,3,6990.88,2026-05-07 14:31:06.413204
1876,Appartement à vendre à Berrechid El Qabbah,340000.0,Berrechid,Toute La Ville,70.0,2,1,4857.14,2026-05-07 14:31:06.413313
1877,Appartement à vendre 123 m² à Tanger,3500000.0,Tanger,Centre Ville,202.0,3,3,17326.73,2026-05-07 14:31:06.413448
1878,Appartement de Grande Superficie 93 m²,850000.0,Marrakech,Hay Charaf,93.0,2,1,9139.78,2026-05-07 14:31:06.413567
1879,Super Appartement Vue sur Mer à Dar Bouazza,2390000.0,Dar Bouazza,Toute La Ville,132.0,3,2,18106.06,2026-05-07 14:31:06.413679
1880,Appartement 97m² urgent Oulfa route errahma,795000.0,Casablanca,Oulfa,103.0,3,2,7718.45,2026-05-07 14:31:06.413793
1881,Appartement à vendre 58 m² à Agadir,590000.0,Agadir,Tilila,58.0,2,1,10172.41,2026-05-07 14:31:06.413913
1882,Appartement de très haut standing entièrement rénové,5500000.0,Rabat,Riyad,228.0,4,3,24122.81,2026-05-07 14:31:06.414028
1883,Studio meublé à vendre à Mansoria,700000.0,El Mansouria,Toute La Ville,52.0,1,1,13461.54,2026-05-07 14:31:06.414138
1884,Appartement neuf résidence privé à Agadir,830000.0,Agadir,Hay Mohammadi,83.0,2,2,10000.0,2026-05-07 14:31:06.414365
1885,Studio RACINE avec grande terrasse à vendre,1300000.0,Casablanca,Racine,74.0,1,1,17567.57,2026-05-07 14:31:06.414601
1886,Appartement divisé en 2 studios à 2 min de Marina,3200000.0,Tanger,Autre Secteur,84.0,2,2,38095.24,2026-05-07 14:31:06.414731
1887,Appartement neuf à vendre 136 m² à Harhoura Valdor,2500000.0,Temara,Harhoura,136.0,3,3,18382.35,2026-05-07 14:31:06.414860
1888,Joli Duplex à vendre de 82 m² à Marrakech,1476000.0,Marrakech,Guéliz,82.0,1,2,18000.0,2026-05-07 14:31:06.414973
1889,Duplex luxueux à vendre 318 m² à Racine,4000000.0,Casablanca,Racine,318.0,4,3,12578.62,2026-05-07 14:31:06.415088
1890,Superbe Appartement à vendre 75 m² à Marrakech,1050000.0,Marrakech,Hay Izdihar,75.0,2,2,14000.0,2026-05-07 14:31:06.415199
1891,Appartement à vendre 170 m² à Tanger,1200000.0,Tanger,Aharrarine,170.0,3,2,7058.82,2026-05-07 14:31:06.415311
1892,Appartement à vendre 68m² à Bouznika,480000.0,Bouznika,Autre Secteur,72.0,2,2,6666.67,2026-05-07 14:31:06.415423
1893,Lux petit appartement Tamaris,990000.0,Dar Bouazza,Toute La Ville,65.0,1,1,15230.77,2026-05-07 14:31:06.415546
1894,Somptueux appartement à vendre,2850000.0,Dar Bouazza,Toute La Ville,200.0,3,2,14250.0,2026-05-07 14:31:06.415656
1895,Appartement à vendre 121 m² à Casablanca,1350000.0,Casablanca,Florida,124.0,3,1,10887.1,2026-05-07 14:31:06.415767
1896,appartement a vendre,420000.0,Casablanca,Oulfa,59.0,2,2,7118.64,2026-05-07 14:31:06.415883
1897,Bel appartement familial,950000.0,Agadir,Hay Salam,124.0,3,2,7661.29,2026-05-07 14:31:06.415996
1898,Appartement 2ème étage Hay El Matar,300000.0,El Jadida,Quartier Aérodrome,60.0,2,1,5000.0,2026-05-07 14:31:06.416106
1899,Appartement à saisir à Sidi Bouzid El Jadida,750000.0,El Jadida,Autre Secteur,81.0,2,1,9259.26,2026-05-07 14:31:06.416216
1900,Duplex en plein centre Av Med V,1200000.0,Kénitra,Mimosas,160.0,3,3,7500.0,2026-05-07 14:31:06.416342
1901,Appartement à vendre 153 m² à Tétouan,1989000.0,Tétouan,Safir,153.0,2,2,13000.0,2026-05-07 14:31:06.416451
1902,LES PRINCESSES JOLI STUDIO NEUF À VENDRE 57 m²,1280000.0,Casablanca,Les Princesses,57.0,1,1,22456.14,2026-05-07 14:31:06.416562
1903,MAARIF PRES TWIN BEL APPARTEMENT A VENDRE 150 m²,2250000.0,Casablanca,Maarif,150.0,3,2,15000.0,2026-05-07 14:31:06.416673
1904,MAÂRIF JOLI APPARTEMENT 109 m² À VENDRE,1050000.0,Casablanca,Maarif,109.0,2,2,9633.03,2026-05-07 14:31:06.416789
1905,Superbe studio de 52m² à saisir vite,988000.0,Marrakech,Guéliz,52.0,1,1,19000.0,2026-05-07 14:31:06.416904
1906,Appartement 95m² à vendre,1500000.0,Mohammedia,La Siesta,95.0,2,1,15789.47,2026-05-07 14:31:06.417018
1907,Appartement à vendre Californie,2600000.0,Casablanca,Californie,127.0,3,1,20472.44,2026-05-07 14:31:06.417130
1908,Appartement Fascinant,340000.0,Meknès,Hamria,62.0,2,1,5483.87,2026-05-07 14:31:06.417242
1909,PALMIER JOLI APPT NEUF À VENDRE 58 m²,1470000.0,Casablanca,Palmier,58.0,2,1,25344.83,2026-05-07 14:31:06.417350
1910,APPARTEMENT À VENDRE À HARHOURA RDC PISCINE,1100000.0,Temara,Harhoura,70.0,2,1,15714.29,2026-05-07 14:31:06.417468
1911,Appartement à vendre Ahlane Tanger,1550000.0,Tanger,Ahlane,128.0,3,3,12109.38,2026-05-07 14:31:06.417605
1912,Magnifique Studio à vendre,850000.0,Mohammedia,Quartier Du Parc,57.0,1,1,14912.28,2026-05-07 14:31:06.417716
1913,Appartement refait à neuf,300000.0,Casablanca,Lissasfa,56.0,2,1,5357.14,2026-05-07 14:31:06.417835
1914,Luxueux Appartement à vendre à Casablanca,1395000.0,Casablanca,Nassim,153.0,3,2,9117.65,2026-05-07 14:31:06.417951
1915,STUDIO NEUF AVEC TERRASSE À VENDRE AUX PRINCESSES,1269000.0,Casablanca,Les Princesses,57.0,1,1,22263.16,2026-05-07 14:31:06.418062
2093,Appartement meublé à vendre à Kénitra,1050000.0,Kénitra,El Haddada,90.0,3,2,11666.67,2026-05-07 14:31:06.438361
1916,Vente Appartement 3 pièces de 125 m2 à Sidi Rahal,1650000.0,Sidi Rahal,Toute La Ville,125.0,2,2,13200.0,2026-05-07 14:31:06.418193
1917,Appartement à vendre 77 m² à Casablanca,835000.0,Casablanca,Ain Sebaa,77.0,2,2,10844.16,2026-05-07 14:31:06.418306
1918,Appartement à vendre à Tamensort,420000.0,Marrakech,Route De Tamansourt,94.0,2,1,4468.09,2026-05-07 14:31:06.418419
1919,Appartement à vendre 202 m² à Rabat,4750000.0,Rabat,Hay Riad,202.0,3,1,23514.85,2026-05-07 14:31:06.418531
1920,Appartement à vendre 70 m² à Kénitra bir rami,450000.0,Kénitra,Bir Rami,70.0,2,1,6428.57,2026-05-07 14:31:06.418647
1921,Appartement à vendre 119 m² sur 2mars,1606500.0,Casablanca,2 Mars,119.0,3,1,13500.0,2026-05-07 14:31:06.418768
1922,Appartement à vendre sur l'Agdal,3400000.0,Rabat,Agdal,150.0,3,2,22666.67,2026-05-07 14:31:06.418888
1923,Casablanca Ain Sebaa,340000.0,Mediouna,Toute La Ville,53.0,2,1,6415.09,2026-05-07 14:31:06.418999
1924,Appartement à vendre 125 m² à Casablanca,1030000.0,Casablanca,Ain Sebaa,125.0,2,1,8240.0,2026-05-07 14:31:06.419107
1925,particulier,3100000.0,Casablanca,Autre Secteur,208.0,4,3,14903.85,2026-05-07 14:31:06.419223
1926,Appartements à vendre à Harhoura Valdor,1560000.0,Temara,Harhoura,92.0,2,1,16956.52,2026-05-07 14:31:06.419339
1927,Appartement à vendre avec conditions de soutien,470000.0,Had Soualem,Toute La Ville,63.0,2,2,7460.32,2026-05-07 14:31:06.419451
1928,Appartement à vendre derrière Aquaparc,616000.0,Casablanca,Errahma,56.0,2,1,11000.0,2026-05-07 14:31:06.419567
1929,"Excellent appartement à vendre dans le quartier de Cherf, premier étage, près de Marjane",890000.0,Marrakech,Hay Charaf,84.0,2,1,10595.24,2026-05-07 14:31:06.419679
1930,Appart à vendre a beausejour Casa,1250000.0,Casablanca,Beauséjour,124.0,3,2,10080.65,2026-05-07 14:31:06.419798
1931,Appartement à vendre en indivision,270000.0,Berrechid,Toute La Ville,72.0,2,1,3750.0,2026-05-07 14:31:06.419911
1932,Appartement RDC Jardin 99m² - Les Perles de Californie,1500000.0,Casablanca,Californie,99.0,2,2,15151.52,2026-05-07 14:31:06.420033
1933,Appartement haut standing Islane,1340000.0,Agadir,Hay Mohammadi,98.0,2,2,13673.47,2026-05-07 14:31:06.420142
1934,Appartement molkiya dans la wilaya de Tétouan,1550000.0,Tétouan,Wilaya,204.0,3,2,7598.04,2026-05-07 14:31:06.420251
1935,Appartement Traversant 130m² à Ain Chock Inara,1260000.0,Casablanca,Al Qods,130.0,3,2,9692.31,2026-05-07 14:31:06.420357
1936,Résidence Riyad Sahel,500000.0,Had Soualem,Toute La Ville,74.0,2,2,6756.76,2026-05-07 14:31:06.420462
1937,"Triplex de luxe à vendre, centre ville",3400000.0,Tanger,Centre Ville,238.0,3,2,14285.71,2026-05-07 14:31:06.420568
1938,Appartement 74 m au 4ème étage,500000.0,Had Soualem,Toute La Ville,74.0,2,2,6756.76,2026-05-07 14:31:06.420676
1939,Capo Negro,3996000.0,Martil,Toute La Ville,148.0,3,2,27000.0,2026-05-07 14:31:06.420789
1940,AGRÉABLE APPARTEMENT REZ-DE-CHAUSSÉE HARHOURA,1100000.0,Temara,Harhoura,70.0,2,1,15714.29,2026-05-07 14:31:06.420899
1941,Appartement à vendre 60 m² à Agadir,36000000.0,Agadir,Taddart Anza,60.0,2,1,600000.0,2026-05-07 14:31:06.421010
1942,"Appartement à vendre Shams Al Madina, Tit Mellil, 2ème étage",280000.0,Tit Mellil,Toute La Ville,59.0,2,1,4745.76,2026-05-07 14:31:06.421119
1943,Appartement de 80 m² à Kénitra al maghrib al arabi,640000.0,Kénitra,Al Maghrib Al Arabi,80.0,2,2,8000.0,2026-05-07 14:31:06.421229
1944,Appartement à vendre 45 m² à Cabo Negro,850000.0,Cabo Negro,Toute La Ville,46.0,1,1,18478.26,2026-05-07 14:31:06.421336
1945,Appartement Nejma pour investissement Airbnb,2150000.0,Tanger,Malabata,163.0,3,2,13190.18,2026-05-07 14:31:06.421467
1946,Joli appartement à Sidi Rahal,800000.0,Sidi Rahal,Toute La Ville,75.0,2,2,10666.67,2026-05-07 14:31:06.421580
1947,Appartement à vendre 71 m² à Bouznika,600000.0,Bouznika,Autre Secteur,71.0,2,1,8450.7,2026-05-07 14:31:06.421718
1948,Très beau 3ch au Maarif Extension,2150000.0,Casablanca,Maârif Extension,146.0,3,3,14726.03,2026-05-07 14:31:06.421867
1949,Appartement à vendre 80 m² à Khouribga,580000.0,Khouribga,Toute La Ville,80.0,2,2,7250.0,2026-05-07 14:31:06.421996
1950,Appartement à vendre 131 m² à Meknès,509000.0,Meknès,Zitoune,131.0,3,2,3885.5,2026-05-07 14:31:06.422105
1951,Appartement à vendre 70 m² à Fès,250000.0,Fès,Agdal,70.0,2,1,3571.43,2026-05-07 14:31:06.422209
1952,Appartement 150 m² à Kénitra lotissement alliance,870000.0,Kénitra,Alliance,150.0,3,2,5800.0,2026-05-07 14:31:06.422322
1953,Appartement à vendre 78 m² à Casablanca,897000.0,Casablanca,Ain Sebaa,78.0,2,2,11500.0,2026-05-07 14:31:06.422434
1954,Appartement 137m Haut Standing Maarif Ex,1880000.0,Casablanca,Maârif Extension,142.0,3,2,13239.44,2026-05-07 14:31:06.422549
1955,Appartement à vendre 90 m² à Bir Rami Kénitra,570000.0,Kénitra,Bir Rami,90.0,3,2,6333.33,2026-05-07 14:31:06.422663
1956,Appartement neuf 70 m² 5 pièces,640000.0,Marrakech,Autre Secteur,70.0,3,1,9142.86,2026-05-07 14:31:06.422793
1957,Appartement à vendre 3 chambres à Moulay Youssef 119 m²,3000000.0,Casablanca,Moulay Youssef,119.0,3,2,25210.08,2026-05-07 14:31:06.422915
1958,Appartement 85 m² à Ain sebaa,920000.0,Casablanca,Ain Sebaa,85.0,2,2,10823.53,2026-05-07 14:31:06.423025
1959,Appartement à vendre 91 m² à Casablanca,1046000.0,Casablanca,Ain Sebaa,91.0,2,2,11494.51,2026-05-07 14:31:06.423136
1960,lotissement riyad sahel,490000.0,Had Soualem,Toute La Ville,69.0,2,2,7101.45,2026-05-07 14:31:06.423251
1961,Appartement rénové jamais habité à Farah Salam,375000.0,Casablanca,Oulfa,50.0,2,1,7500.0,2026-05-07 14:31:06.423363
1962,Appartement à vendre 55 m² à Casablanca,1200000.0,Casablanca,Ferme Bretone,55.0,2,2,21818.18,2026-05-07 14:31:06.423480
1963,"Bel appartement à vendre à Dyar Al Andalous, emplacement stratégique",440000.0,Bouskoura,Bouskoura Centre,61.0,2,2,7213.11,2026-05-07 14:31:06.423607
1964,Vente Appartement 2 pièces de 44 m2 à Zenata,880000.0,Zenata,Toute La Ville,44.0,1,1,20000.0,2026-05-07 14:31:06.423723
1965,Opportunité d'investissement près de la gare de Marrakech,1180000.0,Marrakech,Guéliz,45.0,1,1,26222.22,2026-05-07 14:31:06.423837
1966,À VENDRE – Superbe appartement 77 m²,1350000.0,Casablanca,Les Princesses,77.0,2,2,17532.47,2026-05-07 14:31:06.423954
1967,Appartements neufs à vendre Dar bouazza,627000.0,Dar Bouazza,Toute La Ville,78.0,2,2,8038.46,2026-05-07 14:31:06.424067
1968,Vente Appartement 3 pièces de 85 m2 à Casablanca,1350000.0,Casablanca,Roches Noires,85.0,2,2,15882.35,2026-05-07 14:31:06.424179
1969,Appartement haut standing 3 ch Maarif extension,1980000.0,Casablanca,Maârif Extension,132.0,3,2,15000.0,2026-05-07 14:31:06.424294
1970,Appartement titré à vendre,170000.0,Meknès,Wislane,60.0,2,1,2833.33,2026-05-07 14:31:06.424408
1971,Appartement 70m² R2 route de Marrakech,545000.0,El Jadida,Autre Secteur,70.0,2,1,7785.71,2026-05-07 14:31:06.424522
1972,Studio à vendre 47 m² à Casablanca,1010500.0,Casablanca,Ferme Bretone,47.0,1,1,21500.0,2026-05-07 14:31:06.424644
1973,Appartement Duplex 142m Meublé À Maarif Ex,1800000.0,Casablanca,Maarif,179.0,2,2,10055.87,2026-05-07 14:31:06.424755
1974,Vente Appartement 5 pièces de 206 m2 à Casablanca,3300000.0,Casablanca,Maârif Extension,206.0,4,2,16019.42,2026-05-07 14:31:06.424895
1975,Appartement à vendre 64 m² à Casablanca,1380000.0,Casablanca,Ferme Bretone,64.0,2,2,21562.5,2026-05-07 14:31:06.425009
1976,Appartement RDC 64m à vendre Temara,670000.0,Temara,Autre Secteur,64.0,2,2,10468.75,2026-05-07 14:31:06.425125
1977,Appartement 54 m² meublé - Riad Al Oulfa,460000.0,Casablanca,Oulfa,54.0,2,1,8518.52,2026-05-07 14:31:06.425244
1978,"Appartement Chouka sans soutien, excellent emplacement",535000.0,Bouznika,Autre Secteur,55.0,2,1,9727.27,2026-05-07 14:31:06.425360
1979,Appartement 109 m² en vente près clinique Kawtar,890000.0,Fès,Route Ain Chkaf,109.0,3,2,8165.14,2026-05-07 14:31:06.425481
1980,Très bel appartement 3Ch pieds sans l'eau,2390000.0,Dar Bouazza,Toute La Ville,144.0,3,2,16597.22,2026-05-07 14:31:06.425593
1981,Vente Appartement 2 pièces de 47 m2 à Casablanca,1150000.0,Casablanca,Maârif Extension,47.0,1,1,24468.09,2026-05-07 14:31:06.425734
1982,Superbe appartement 1 chambre à Californie,1300000.0,Casablanca,Californie,146.0,1,2,8904.11,2026-05-07 14:31:06.425900
1983,Petit appartement avec terrasse,860000.0,Casablanca,Belvédère,101.0,2,2,8514.85,2026-05-07 14:31:06.426027
1984,Adorable Duplex à vendre Rabat à vendre à agdal,3800000.0,Rabat,Agdal,274.0,3,3,13868.61,2026-05-07 14:31:06.426137
1985,Appartement à vendre 150 m² à Dar Bouazza,1980000.0,Dar Bouazza,Toute La Ville,150.0,3,2,13200.0,2026-05-07 14:31:06.426246
1986,Vente Appartement 4 pièces de 63 m2 à Marrakech,500000.0,Marrakech,Azzouzia,63.0,2,2,7936.51,2026-05-07 14:31:06.426358
1987,Vente Appartement 4 pièces de 113 m2 à Dar Bouazza,980000.0,Dar Bouazza,Toute La Ville,113.0,2,2,8672.57,2026-05-07 14:31:06.426496
1988,Studio 44 m Les Princesses,940000.0,Casablanca,Les Princesses,44.0,1,1,21363.64,2026-05-07 14:31:06.426604
1989,Résidence fermée Saidia à 5min de 🏖️🏝️,740000.0,Saidia,Toute La Ville,74.0,2,1,10000.0,2026-05-07 14:31:06.426716
1990,Appartement 3 Chambres 2 Façades Centre-ville Tanger,2140000.0,Tanger,Castilla,112.0,3,2,19107.14,2026-05-07 14:31:06.426832
1991,Opportunité à saisir - Appartement 3 chambres - Casa,1127000.0,Casablanca,Route D'Azemmour,97.0,3,2,11618.56,2026-05-07 14:31:06.426941
1992,Appartement à vendre 64 m² à Fès,330000.0,Fès,Mont Fleuri,64.0,2,1,5156.25,2026-05-07 14:31:06.427047
1993,Studio très haut standing au centre de Casa,950000.0,Casablanca,Franceville,38.0,1,1,25000.0,2026-05-07 14:31:06.427164
1994,🔥 Appt Racine 3 chambres 170 m²,3500000.0,Casablanca,Racine,170.0,3,2,20588.24,2026-05-07 14:31:06.427269
1995,Appartement à vendre Dar Bouazza,330000.0,Casablanca,Route D'Azemmour,58.0,2,1,5689.66,2026-05-07 14:31:06.427377
1996,Appartement à vendre 187 m² à Kénitra,1500000.0,Kénitra,Mimosas,190.0,3,2,7894.74,2026-05-07 14:31:06.427489
1997,Appartement à vendre meublé,2450000.0,Marrakech,Route De Casablanca,125.0,2,2,19600.0,2026-05-07 14:31:06.427601
1998,Appartement Haut Standing – Val Fleuri,1900000.0,Casablanca,Val Fleuri,132.0,3,2,14393.94,2026-05-07 14:31:06.427717
1999,Appartement à vendre 207 m² à Casablanca,2800000.0,Casablanca,Californie,207.0,5,2,13526.57,2026-05-07 14:31:06.427833
2000,Particulier vend Duplex d'exception plein sud,1450000.0,Tamesna,Toute La Ville,179.0,3,1,8100.56,2026-05-07 14:31:06.427944
2001,Appartement 93 m² à Victoria,880000.0,Bouskoura,Victoria,104.0,2,2,8461.54,2026-05-07 14:31:06.428053
2002,Vente Appartement 3 pièces de 107 m2 à Marrakech,2000000.0,Marrakech,Route De Casablanca,107.0,2,2,18691.59,2026-05-07 14:31:06.428163
2003,Vente Appartement 4 pièces de 135 m2 à Casablanca,2700000.0,Casablanca,Racine,135.0,3,3,20000.0,2026-05-07 14:31:06.428294
2004,Appartement à Vendre Quartier Charaf 93 m²,850000.0,Marrakech,Hay Charaf,93.0,2,1,9139.78,2026-05-07 14:31:06.428402
2005,Élégant Appartement 3 Chambres Avec Terrasse,4100000.0,Marrakech,Harti,117.0,3,2,35042.74,2026-05-07 14:31:06.428513
2006,appartement à vendre,1050000.0,Casablanca,Al Qods,108.0,3,2,9722.22,2026-05-07 14:31:06.428619
2007,Appartement salon 3 chambres 103 m² à Victoria,999000.0,Bouskoura,Victoria,114.0,3,2,8763.16,2026-05-07 14:31:06.428727
2008,Studio à vendre 42 m² à ain sebaa,504000.0,Casablanca,Ain Sebaa,42.0,1,1,12000.0,2026-05-07 14:31:06.428842
2009,🌿 Appartement d’exception à vendre à Achakar,2800000.0,Tanger,Achakar,165.0,2,2,16969.7,2026-05-07 14:31:06.428957
2010,Laurier Rose Tamsna,420000.0,Tamesna,Toute La Ville,61.0,2,1,6885.25,2026-05-07 14:31:06.503007
2011,Appartement 85m² vue piscine – plage à pied,1150000.0,Sidi Rahal,Toute La Ville,85.0,2,2,13529.41,2026-05-07 14:31:06.429066
2012,Appartement 60 m² Mdiq Tétouan à vendre,860000.0,Mdiq,Toute La Ville,60.0,1,1,14333.33,2026-05-07 14:31:06.429177
2013,Appartement ensoleillé dans un endroit magnifique près du golf,600000.0,Benslimane,Autre Secteur,98.0,2,1,6122.45,2026-05-07 14:31:06.429287
2014,Vente Appartement 4 pièces de 101 m2 à Zenata,1380000.0,Zenata,Toute La Ville,101.0,3,2,13663.37,2026-05-07 14:31:06.429405
2015,Appartement équipé à vendre 53 m² à Agadir,700000.0,Agadir,Hay Salam,53.0,2,1,13207.55,2026-05-07 14:31:06.429510
2016,Super Studio à Vendre à Ferme Bretonne,1500000.0,Casablanca,Ferme Bretone,70.0,1,1,21428.57,2026-05-07 14:31:06.429645
2017,Appartement vue sur mer,990000.0,Sidi Rahal,Toute La Ville,127.0,3,2,7795.28,2026-05-07 14:31:06.429755
2018,Appartement sur Boulevard Mohamed 6,490000.0,Meknès,Marjane 2,90.0,2,1,5444.44,2026-05-07 14:31:06.429871
2019,Appartement 76m Haut Standing Maarif Ex,1050000.0,Casablanca,Maârif Extension,76.0,2,2,13815.79,2026-05-07 14:31:06.429978
2020,Vente Appartement 5 pièces de 158 m2 à Casablanca,1400000.0,Casablanca,Sidi Moumen,158.0,3,2,8860.76,2026-05-07 14:31:06.430089
2021,Vente Appartement 3 pièces de 71 m2 à Marrakech,550000.0,Marrakech,Azzouzia,71.0,2,1,7746.48,2026-05-07 14:31:06.430196
2022,Appartement 72m à Socrate Maârif Ex,1250000.0,Casablanca,Maârif Extension,72.0,2,2,17361.11,2026-05-07 14:31:06.430304
2023,Appartement 67 m² à BOUSKOURA prix imbattable,690000.0,Casablanca,Autre Secteur,67.0,2,1,10298.51,2026-05-07 14:31:06.430417
2024,Appartement 100m très chic maison R plus 2,480000.0,Meknès,Autre Secteur,100.0,3,2,4800.0,2026-05-07 14:31:06.430538
2025,Résidence Premium à Kénitra,1180000.0,Kénitra,Autre Secteur,108.0,3,2,10925.93,2026-05-07 14:31:06.430655
2026,Vente Appartement 2 pièces de 80 m2 à Marrakech,670000.0,Marrakech,Azzouzia,80.0,2,2,8375.0,2026-05-07 14:31:06.430814
2027,Appartement Neuf 1er étage Centre Ville 2 chambres Terrasse,2190000.0,Tanger,Centre Ville,115.0,2,2,19043.48,2026-05-07 14:31:06.430927
2028,Appartement à vendre – Beauséjour,1600000.0,Casablanca,Beauséjour,164.0,2,2,9756.1,2026-05-07 14:31:06.431039
2029,Appartement à vendre à Tanger- centre,1860000.0,Tanger,Centre,113.0,3,2,16460.18,2026-05-07 14:31:06.431146
2030,Vente Appartement 3 pièces de 70 m2 à Marrakech,900000.0,Marrakech,Allal El Fassi,70.0,2,1,12857.14,2026-05-07 14:31:06.431257
2031,Appartement à vendre 87 m² à Oued Laou,750000.0,Oued Laou,Toute La Ville,87.0,2,1,8620.69,2026-05-07 14:31:06.431368
2032,Vente Appartement 4 pièces de 84 m2 à Casablanca,1516000.0,Casablanca,Quartier Des Hôpitaux,84.0,3,2,18047.62,2026-05-07 14:31:06.431474
2033,Vente Appartement 4 pièces de 150 m2 à Casablanca,2600000.0,Casablanca,Triangle D'Or,150.0,2,2,17333.33,2026-05-07 14:31:06.431618
2034,Appartement 133m² ensoleillé au RDC à Val fleuri,1490000.0,Casablanca,Val Fleuri,133.0,3,2,11203.01,2026-05-07 14:31:06.431727
2035,Appartement à vendre Meublé,820000.0,Agadir,Hay Mohammadi,56.0,2,1,14642.86,2026-05-07 14:31:06.431845
2036,Vente Appartement 3 pièces de 81 m2 à Tamaris,780000.0,Tamaris,Toute La Ville,81.0,2,1,9629.63,2026-05-07 14:31:06.431961
2037,APPARTEMENT MODERNE À VAL FLEURY,1300000.0,Kénitra,Val Fleury,136.0,3,1,9558.82,2026-05-07 14:31:06.432069
2038,Appartements de 52 m² à 70 m² route de Rabat,450000.0,Tanger,Hay Hassani,52.0,2,2,8653.85,2026-05-07 14:31:06.432180
2039,Dahomey appartement haute qualité,640000.0,Bouznika,Autre Secteur,74.0,2,2,8648.65,2026-05-07 14:31:06.432321
2040,Vente Appartement 3 pièces de 75 m2 à Marrakech,660000.0,Marrakech,Ain Mezouar,75.0,2,1,8800.0,2026-05-07 14:31:06.432436
2041,Vente Appartement 3 pièces de 82 m2 à Marrakech,1300000.0,Marrakech,Route De Safi,82.0,2,2,15853.66,2026-05-07 14:31:06.432543
2042,Appartement 67m À Maarif Extension,950000.0,Casablanca,Maârif Extension,67.0,2,1,14179.1,2026-05-07 14:31:06.432649
2043,Studio à vendre 65 m² Proche CFC / Cheikh Khalifa,1260000.0,Casablanca,Oulfa,77.0,1,1,16363.64,2026-05-07 14:31:06.432760
2044,Vente Appartement 4 pièces de 90 m2 à Marrakech,720000.0,Marrakech,Azzouzia,90.0,2,1,8000.0,2026-05-07 14:31:06.432881
2045,Appartement à vendre 60 m² à Tanger,550000.0,Tanger,Aharrarine,60.0,2,1,9166.67,2026-05-07 14:31:06.432990
2046,Targa apparemment à vendre..,1400000.0,Marrakech,Massira 1,114.0,2,2,12280.7,2026-05-07 14:31:06.433100
2047,Vente Appartement 3 pièces de 70 m2 à Casablanca,1430000.0,Casablanca,Quartier Des Hôpitaux,70.0,2,2,20428.57,2026-05-07 14:31:06.433206
2048,"Appartements éligibles au programme de soutien au logement, premier étage, centre de Bouznika",795000.0,Bouznika,Hamza,96.0,3,2,8281.25,2026-05-07 14:31:06.433318
2049,Appartements de 81m à 144m avec piscine à Tanja Balia,1134000.0,Tanger,Tanja Balia,80.0,2,2,14175.0,2026-05-07 14:31:06.433426
2050,Appartement au deuxième étage,870000.0,Fès,Autre Secteur,124.0,2,2,7016.13,2026-05-07 14:31:06.433559
2051,Appartement Wifak 200m Temara,2500000.0,Temara,Wifak,200.0,3,2,12500.0,2026-05-07 14:31:06.433680
2052,Appart Duplex 250m à Résidence Andalousia,3000000.0,Casablanca,Maarif,250.0,4,3,12000.0,2026-05-07 14:31:06.433789
2053,Vente Appartement 4 pièces de 190 m2 à Casablanca,3800000.0,Casablanca,Racine,190.0,3,2,20000.0,2026-05-07 14:31:06.433900
2054,Vente Appartement 4 pièces de 162 m2 à Casablanca,1741500.0,Casablanca,Sidi Belyout,162.0,3,2,10750.0,2026-05-07 14:31:06.434008
2055,Appartement à vendre 110 m² à Fès,750000.0,Fès,Autre Secteur,110.0,2,1,6818.18,2026-05-07 14:31:06.434119
2056,Vente Appartement de 98 m2 à Marrakech,1300000.0,Marrakech,Allal El Fassi,98.0,3,2,13265.31,2026-05-07 14:31:06.434238
2057,Appartement 91 m² – 7e étage – Malabata Tanger,1700000.0,Tanger,Malabata,91.0,2,2,18681.32,2026-05-07 14:31:06.434369
2058,"Appartement 250 m² dont 50 de terrasse, Massira",4450000.0,Casablanca,Racine,250.0,3,3,17800.0,2026-05-07 14:31:06.434484
2059,appartement avec grande terrasse parking titré,1500000.0,Marrakech,Guéliz,86.0,1,1,17441.86,2026-05-07 14:31:06.434629
2060,Appartement à vendre,450000.0,Fès,Hay Ouifak,93.0,3,1,4838.71,2026-05-07 14:31:06.508237
2061,Appartement 90m 2 façades Massira 2,850000.0,Temara,Massira 2,90.0,2,2,9444.44,2026-05-07 14:31:06.434747
2062,"Appartement à vendre pour les intéressés, bienvenue",700000.0,Agadir,El Houda,70.0,2,1,10000.0,2026-05-07 14:31:06.434881
2063,Appartements à vendre près de la clinique Yasmine,460000.0,Béni Mellal,Toute La Ville,75.0,2,1,6133.33,2026-05-07 14:31:06.434989
2064,Vente Appartement 4 pièces de 116 m2 à Zenata,1380000.0,Zenata,Toute La Ville,116.0,3,2,11896.55,2026-05-07 14:31:06.435096
2065,Vente Appartement 2 pièces de 65 m2 à Casablanca,1075000.0,Casablanca,Quartier Des Hôpitaux,65.0,1,1,16538.46,2026-05-07 14:31:06.435205
2066,Appartement bien placé à vendre à Marrakech,430000.0,Marrakech,Hay Izdihar,46.0,1,1,9347.83,2026-05-07 14:31:06.435319
2067,Vente Appartement 2 pièces de 44 m2 à Zenata,850000.0,Zenata,Toute La Ville,44.0,1,1,19318.18,2026-05-07 14:31:06.435429
2068,Appartement à vendre 102 m² à Kénitra,1030000.0,Kénitra,La Ville Haute,114.0,2,1,9035.09,2026-05-07 14:31:06.435539
2069,Appartement à vendre 70 m² à Kénitra,340000.0,Kénitra,Bir Rami,70.0,2,1,4857.14,2026-05-07 14:31:06.435647
2070,Studio 59m² quartier Bachkou - GARDEN TADDART,1000000.0,Casablanca,Bachkou,59.0,1,2,16949.15,2026-05-07 14:31:06.435770
2071,Appartement 100 m² 2 façades 5 pièces,840000.0,Marrakech,Autre Secteur,100.0,3,1,8400.0,2026-05-07 14:31:06.435882
2072,Appartement à vendre 90 m² à Kénitra,570000.0,Kénitra,Seyad,90.0,2,2,6333.33,2026-05-07 14:31:06.436001
2073,Appartement à vendre 84 m² à Kénitra,670000.0,Kénitra,Seyad,84.0,3,2,7976.19,2026-05-07 14:31:06.436112
2074,Appartement 97m Maarif Ex Socrate,1180000.0,Casablanca,Maârif Extension,97.0,2,2,12164.95,2026-05-07 14:31:06.436222
2075,Vente Appartement vue sur mer,5400000.0,Rabat,Yacoub El Mansour,154.0,3,3,35064.94,2026-05-07 14:31:06.436333
2076,"Appt 177 m² avec terrasse, 1er étage Moulay Ismail",2000000.0,Tanger,Centre Ville,177.0,3,2,11299.44,2026-05-07 14:31:06.436435
2077,Appartement à vendre 69 m² à Kénitra,580000.0,Kénitra,Al Maghrib Al Arabi,70.0,2,1,8285.71,2026-05-07 14:31:06.436543
2078,Appartement à vendre 77 m² à Casablanca,1550000.0,Casablanca,Abdelmoumen,77.0,2,2,20129.87,2026-05-07 14:31:06.436652
2079,Appartement à vendre 78 m² à Kénitra,550000.0,Kénitra,Seyad,78.0,2,1,7051.28,2026-05-07 14:31:06.436764
2080,Appartement meublé à vendre 58 m² à Tanger Moulay Ismail,1000000.0,Tanger,Centre Ville,58.0,2,1,17241.38,2026-05-07 14:31:06.436880
2081,Studio témoin 57 m2 vendables - Palmier-1er étage,1250000.0,Casablanca,Palmier,59.0,1,1,21186.44,2026-05-07 14:31:06.436995
2082,Superbe Appartement Moderne à Vendre,580000.0,Marrakech,Allal El Fassi,50.0,2,2,11600.0,2026-05-07 14:31:06.437102
2083,Appartement à vendre - 2CH - 86 m² - PALMIER,1760000.0,Casablanca,Palmier,98.0,2,2,17959.18,2026-05-07 14:31:06.437210
2084,Appartement à vendre,450000.0,Casablanca,Bournazil,64.0,2,1,7031.25,2026-05-07 14:31:06.437316
2085,Exclusivité bel appartement vue mer,3230000.0,Casablanca,Aïn Diab,140.0,3,3,23071.43,2026-05-07 14:31:06.437424
2086,Vente d’un très bel appartement,2800000.0,Salé,Toute La Ville,211.0,3,3,13270.14,2026-05-07 14:31:06.437557
2087,Appartement Chouka au quartier Lovallon Kénitra,670000.0,Kénitra,Seyad,83.0,3,2,8072.29,2026-05-07 14:31:06.437669
2088,Appartement à vendre 97 m² à Casablanca,1260000.0,Casablanca,Aïn Borja,97.0,2,2,12989.69,2026-05-07 14:31:06.437778
2089,Appartement à vendre 57 m² à Bouskoura,270000.0,Bouskoura,Bouskoura Centre,57.0,2,1,4736.84,2026-05-07 14:31:06.437894
2090,Appartement à vendre à Le Vallon Kénitra,420000.0,Kénitra,Bir Rami,78.0,2,2,5384.62,2026-05-07 14:31:06.438002
2091,Studio à vendre 36 m² à Marrakech,612000.0,Marrakech,Hay Izdihar,36.0,1,1,17000.0,2026-05-07 14:31:06.438138
2092,Appartement à vendre Kasbah Amin,380000.0,Casablanca,Lissasfa,53.0,2,1,7169.81,2026-05-07 14:31:06.438248
2094,Appartement à vendre 158 m² à Nador,1350000.0,Nador,Al Boustane,158.0,3,2,8544.3,2026-05-07 14:31:06.438469
2095,CMN-AN-1474 - Appartement à vendre à Bourgogne,1420000.0,Casablanca,Bourgogne,89.0,2,1,15955.06,2026-05-07 14:31:06.438577
2096,Appartement à vendre 110 m² à Mehdia,2800000.0,Mehdia,Toute La Ville,121.0,3,2,23140.5,2026-05-07 14:31:06.438685
2097,Appartement à vendre 80 m² à Kénitra,550000.0,Kénitra,Seyad,90.0,2,2,6111.11,2026-05-07 14:31:06.438798
2098,MEK-ME-1078 - Appartement à vendre à Avenue des ...,920000.0,Meknès,Autre Secteur,110.0,3,2,8363.64,2026-05-07 14:31:06.438915
2099,MHD-MHD-1079 - Appartement à vendre à Bd Sebta,980000.0,Mohammedia,Hay Al Amal,140.0,3,1,7000.0,2026-05-07 14:31:06.439027
2100,FES-AG-1029 - Appartement à vendre à Champ de co...,1800000.0,Fès,Autre Secteur,275.0,3,2,6545.45,2026-05-07 14:31:06.439137
2101,FES-AG-1026 - Appartement à vendre à L'habitat,760000.0,Fès,Autre Secteur,144.0,3,2,5277.78,2026-05-07 14:31:06.439250
2102,RAK-GU-1111 - Appartement à vendre à Issil,840000.0,Marrakech,Issil,74.0,2,1,11351.35,2026-05-07 14:31:06.439361
2103,CMN-MA-1854 - Appartement à vendre à Bir Anzarane,7000000.0,Casablanca,Maarif,416.0,4,3,16826.92,2026-05-07 14:31:06.439468
2104,RAK-GU-1071 - Appartement à vendre à Issil,900000.0,Marrakech,Issil,103.0,2,1,8737.86,2026-05-07 14:31:06.439575
2105,Appartement en face zone villa,850000.0,Kénitra,Seyad,102.0,3,2,8333.33,2026-05-07 14:31:06.439682
2106,Appartement 2 façades le vallon,870000.0,Kénitra,Seyad,100.0,3,2,8700.0,2026-05-07 14:31:06.439798
2107,Bel appartement sans vis-à-vis le vallon,800000.0,Kénitra,Seyad,104.0,3,2,7692.31,2026-05-07 14:31:06.439910
2108,Duplex à vendre 121 m² à Marrakech,1631250.0,Marrakech,Hay Izdihar,121.0,3,3,13481.4,2026-05-07 14:31:06.440017
2109,CMN-AS-1817 - Appartement à vendre à La Gironde,1600000.0,Casablanca,La Gironde,144.0,2,1,11111.11,2026-05-07 14:31:06.440127
2110,Appartement à vendre 140 m² à Kénitra,710000.0,Kénitra,Seyad,140.0,2,2,5071.43,2026-05-07 14:31:06.440234
2111,Appartement à vendre 76 m² à Kénitra,490000.0,Kénitra,Seyad,76.0,2,2,6447.37,2026-05-07 14:31:06.440347
2112,Vente Appartement sans vis à vis,3000000.0,Rabat,Hay Riad,133.0,3,2,22556.39,2026-05-07 14:31:06.440459
2113,TNG-TA-1072 - Appartement à vendre à Administratif,1710000.0,Tanger,Administratif,123.0,2,1,13902.44,2026-05-07 14:31:06.440566
2114,CMN-MA-1801 - Appartement à vendre à Bachkou,2850000.0,Casablanca,Bachkou,156.0,3,2,18269.23,2026-05-07 14:31:06.440678
2115,MEK-ME-1016 - Appartement à vendre à El Menzeh,1500000.0,Meknès,Autre Secteur,215.0,3,2,6976.74,2026-05-07 14:31:06.440789
2116,TNG-TA-1071 - Appartement à vendre à Moujahidine,1000000.0,Tanger,Moujahidine,86.0,2,1,11627.91,2026-05-07 14:31:06.440906
2117,FES-AG-1037 - Appartement à vendre à Nouvelle Ville,1900000.0,Fès,Autre Secteur,244.0,4,2,7786.89,2026-05-07 14:31:06.441014
2118,Appartement neuf très peu utilisé,550000.0,El Jadida,Najmat Al Janoub,66.0,2,1,8333.33,2026-05-07 14:31:06.441128
2119,"Superbe appartement à vendre à Qouassime, quartier Golf",610000.0,Tanger,Du Golf,56.0,2,1,10892.86,2026-05-07 14:31:06.441234
2120,Appartement à vendre 70 m² à Kénitra,410000.0,Kénitra,Ouled Oujih,70.0,2,1,5857.14,2026-05-07 14:31:06.441389
2121,CMN-HA-1657 - Appartement à vendre à Beauséjour,1300000.0,Casablanca,Beauséjour,134.0,2,1,9701.49,2026-05-07 14:31:06.441501
2122,CMN-AC-1780 - Appartement à vendre à Californie,2250000.0,Casablanca,Californie,123.0,3,2,18292.68,2026-05-07 14:31:06.441609
2123,TNG-BN-1039 - Appartement à vendre à Ahlane,1100000.0,Tanger,Autre Secteur,89.0,2,1,12359.55,2026-05-07 14:31:06.441718
2124,TNG-TA-1068 - Appartement à vendre à Iberie,1600000.0,Tanger,Iberie,97.0,2,1,16494.85,2026-05-07 14:31:06.441833
2125,TNG-TA-1066 - Appartement à vendre à Quartier de...,1950000.0,Tanger,De La Plage,133.0,4,2,14661.65,2026-05-07 14:31:06.441940
2126,CMN-HA-1634 - Appartement à vendre à Ferme Bretonne,2200000.0,Casablanca,Ferme Bretone,99.0,2,2,22222.22,2026-05-07 14:31:06.442046
2127,CMN-MA-1461 - Appartement à vendre à Maârif,1950000.0,Casablanca,Maarif,118.0,2,1,16525.42,2026-05-07 14:31:06.442158
2128,TNG-TA-1026 - Appartement à vendre à Rmilat,3000000.0,Tanger,Autre Secteur,140.0,2,2,21428.57,2026-05-07 14:31:06.442267
2129,CMN-MA-1831 - Appartement à vendre à Les princesses,2200000.0,Casablanca,Les Princesses,146.0,2,2,15068.49,2026-05-07 14:31:06.442378
2130,FES-AG-1007 - Appartement à vendre à Saada,1100000.0,Fès,Hay Saada,140.0,3,2,7857.14,2026-05-07 14:31:06.442485
2131,RAK-TA-1063 - Appartement à vendre à Essaada,1200000.0,Marrakech,Autre Secteur,89.0,2,1,13483.15,2026-05-07 14:31:06.442592
2132,CMN-MA-1467 - Appartement à vendre à Val Fleurie,2250000.0,Casablanca,Val Fleuri,132.0,3,2,17045.45,2026-05-07 14:31:06.442704
2133,TNG-HJ-1043 - Appartement à vendre à Tanger,1200000.0,Tanger,Autre Secteur,110.0,3,1,10909.09,2026-05-07 14:31:06.442817
2134,TNG-BN-1038 - Appartement à vendre à Hanaa 3 - S...,1200000.0,Tanger,Zouitina,129.0,3,2,9302.33,2026-05-07 14:31:06.442934
2135,CMN-HA-1666 - Appartement à vendre à Beauséjour,2000000.0,Casablanca,Beauséjour,200.0,4,2,10000.0,2026-05-07 14:31:06.443036
2136,CMN-SI-1634 - Appartement à vendre à Gauthier,3250000.0,Casablanca,Gauthier,188.0,3,2,17287.23,2026-05-07 14:31:06.443146
2137,CMN-MA-1567 - Appartement à vendre à Palmier,2200000.0,Casablanca,Palmier,147.0,3,2,14965.99,2026-05-07 14:31:06.443252
2138,Appartement à vendre 151 m² à Kénitra,1500000.0,Kénitra,Maamora,156.0,3,2,9615.38,2026-05-07 14:31:06.443359
2139,Duplex Oued Fès,640000.0,Fès,Oued Fès,200.0,3,3,3200.0,2026-05-11 20:49:52.498674
2140,Appartement à vendre 78 m² à Kénitra,600000.0,Kénitra,Seyad,78.0,2,2,7692.31,2026-05-07 14:31:06.443465
2141,Duplex de luxe à vendre à Tamesna,1550000.0,Tamesna,Toute La Ville,178.0,3,2,8707.87,2026-05-07 14:31:06.443580
2142,Appartement à vendre 80 m² à Kénitra,580000.0,Kénitra,Ouled Oujih,80.0,2,2,7250.0,2026-05-07 14:31:06.443685
2143,DES STUDIOS NEUFS À VENDRE AU CENTRE VILLE,754000.0,Marrakech,Assif,51.0,1,1,14784.31,2026-05-07 14:31:06.443798
2144,Vente d’un appartement de 145m²,2550000.0,Sidi Bouknadel,Toute La Ville,145.0,3,2,17586.21,2026-05-07 14:31:06.443905
2145,CMN-MA-1741 - Appartement à vendre à Palmier,2950000.0,Casablanca,Palmier,173.0,3,2,17052.02,2026-05-07 14:31:06.444026
2146,CMN-MA-1392 - Appartement à vendre à Maârif,3100000.0,Casablanca,Maarif,178.0,3,2,17415.73,2026-05-07 14:31:06.444130
2147,MHD-MHD-1103 - Appartement à vendre à Nassim,790000.0,Mohammedia,Nassim,70.0,2,1,11285.71,2026-05-07 14:31:06.444235
2148,MHD-MHD-1095 - Appartement à vendre à Bab Mansour,1450000.0,Mohammedia,Autre Secteur,143.0,2,1,10139.86,2026-05-07 14:31:06.444345
2149,Appartement à vendre 80 m² à Kénitra,490000.0,Kénitra,Seyad,80.0,2,2,6125.0,2026-05-07 14:31:06.444473
2150,Appartement 110 m² à Kénitra,1199999.0,Kénitra,La Ville Haute,113.0,3,2,10619.46,2026-05-07 14:31:06.444582
2151,GARDEN TADDART L'INVESTISSEMENT GAGNANT,885000.0,Casablanca,Bachkou,36.0,1,2,24583.33,2026-05-07 14:31:06.444690
2152,Appartement à vendre 82 m² à Tanger gare routière,750000.0,Tanger,Aharrarine,82.0,3,2,9146.34,2026-05-07 14:31:06.444800
2214,Appartement à vendre 170 m² à Kénitra,1500000.0,Kénitra,Mimosas,178.0,3,2,8426.97,2026-05-07 14:31:06.452001
2153,APPARTEMENT À VENDRE À DIOUR JAMAA CENTRE RABAT,1700000.0,Rabat,Diour Jamaa,115.0,4,1,14782.61,2026-05-07 14:31:06.444910
2154,Appartement à vendre de 70m² Marrakech,1085000.0,Marrakech,Hay Izdihar,70.0,2,2,15500.0,2026-05-07 14:31:06.445013
2155,Appartement à vendre 78 m² à Kénitra,600000.0,Kénitra,Seyad,78.0,2,2,7692.31,2026-05-07 14:31:06.445155
2156,Appartement à vendre 74 m² à Kénitra,530000.0,Kénitra,Seyad,74.0,2,2,7162.16,2026-05-07 14:31:06.445270
2157,Appartement à vendre 70 m² à Kénitra,480000.0,Kénitra,Seyad,70.0,2,1,6857.14,2026-05-07 14:31:06.445381
2158,Appartement à vendre 80 m² à le vallon Kénitra,420000.0,Kénitra,Seyad,80.0,2,2,5250.0,2026-05-07 14:31:06.445490
2159,CMN-AN-1652 - Appartement à vendre à Ain Diab,7000000.0,Casablanca,Aïn Diab,186.0,3,3,37634.41,2026-05-07 14:31:06.445603
2160,Appartement Élégant 117m² au Cœur de Maarif,1860000.0,Casablanca,Maarif,117.0,3,2,15897.44,2026-05-07 14:31:06.445707
2161,Appartement à vendre 103 m² à Kénitra,750000.0,Kénitra,Seyad,103.0,3,2,7281.55,2026-05-07 14:31:06.445825
2162,Appartement 150 m² à Kénitra,1350000.0,Kénitra,Maamora,178.0,3,2,7584.27,2026-05-07 14:31:06.445977
2163,BOU-NO-1007 - Appartement à vendre à Aéroport M...,3000000.0,Bouskoura,,306.0,4,4,9803.92,2026-05-07 14:31:06.446086
2164,BEN-MA-1129 - Appartement à vendre à El Mansouria,1100000.0,Benslimane,Autre Secteur,93.0,2,1,11827.96,2026-05-07 14:31:06.446245
2165,Appartement à vendre 96 m² à Kénitra,670000.0,Kénitra,Seyad,96.0,3,2,6979.17,2026-05-07 14:31:06.446358
2166,Appartement à vendre 80 m² à Kénitra,410000.0,Kénitra,Bir Rami,80.0,2,2,5125.0,2026-05-07 14:31:06.446471
2167,Appartement à vendre au quartier 2 Mars,1800000.0,Casablanca,2 Mars,179.0,2,1,10055.87,2026-05-07 14:31:06.446587
2168,Très bel appartement à vendre à Temara,1600000.0,Temara,Abbadi,129.0,3,2,12403.1,2026-05-07 14:31:06.446697
2169,Appartement à vendre 140 m² à PRESTIGIA,2800000.0,Bouskoura,Ville Verte,160.0,3,3,17500.0,2026-05-07 14:31:06.446807
2170,Bel Appartement au cœur de Mohammedia,680000.0,Mohammedia,Wafa,74.0,3,2,9189.19,2026-05-07 14:31:06.446910
2171,Appart à vendre centre-ville,1180000.0,Kénitra,Centre,127.0,3,2,9291.34,2026-05-07 14:31:06.447010
2172,Appartement à vendre 60 m² à Mehdia,860000.0,Mehdia,Toute La Ville,65.0,2,1,13230.77,2026-05-07 14:31:06.447116
2173,Sarout pour Appartement Moderne à Rabat,450000.0,Rabat,Hassan,50.0,1,1,9000.0,2026-05-07 14:31:06.447221
2174,Appartement à vendre,320000.0,Meknès,Wislane,75.0,3,1,4266.67,2026-05-07 14:31:06.447326
2175,Appartement 80 m² deux faces lotissement alliance,590000.0,Kénitra,Alliance,80.0,2,2,7375.0,2026-05-07 14:31:06.447433
2176,Appartement à vendre 184 m² à Kénitra,650000.0,Kénitra,Ouled Oujih,85.0,2,1,7647.06,2026-05-07 14:31:06.447540
2177,Appartement à vendre 188 m² à Casablanca,2600000.0,Casablanca,Val Fleuri,188.0,3,2,13829.79,2026-05-07 14:31:06.447647
2178,Appartement 54 m2 à vendre à 3awama avec parking,360000.0,Tanger,Autre Secteur,60.0,1,1,6000.0,2026-05-07 14:31:06.447757
2179,Appartement à vendre 105 m² à Casablanca,890000.0,Casablanca,Autre Secteur,105.0,2,1,8476.19,2026-05-07 14:31:06.447892
2180,Appartement sans vis à vis avec vue sur le jardin,820000.0,Mohammedia,Wafa,88.0,4,1,9318.18,2026-05-07 14:31:06.448010
2181,Appartements à vendre 60 m² à Tétouan,450000.0,Tétouan,Taboula,60.0,2,1,7500.0,2026-05-07 14:31:06.448110
2182,Appartement à vendre 90 m² à Kénitra bir rami,560000.0,Kénitra,Bir Rami,90.0,3,1,6222.22,2026-05-07 14:31:06.448217
2183,Appartement à vendre 65 m² à Kénitra,500000.0,Kénitra,Bir Rami,80.0,2,1,6250.0,2026-05-07 14:31:06.448329
2184,🔥 Neuf • Jamais Habité • Clés en Main — Oulfa,650000.0,Casablanca,Oulfa,51.0,1,1,12745.1,2026-05-07 14:31:06.448438
2185,Bel appartement de 90 m² lotissement alliance,620000.0,Kénitra,Alliance,90.0,2,2,6888.89,2026-05-07 14:31:06.448544
2186,Studio avec terrasse 83 m² – Maarif – 1er étage,1098000.0,Casablanca,Maarif,83.0,1,1,13228.92,2026-05-07 14:31:06.448649
2187,Appartement à vendre 153 m² à Bouznika,1750000.0,Bouznika,Plage Oued Cherrat,157.0,2,2,11146.5,2026-05-07 14:31:06.448754
2188,Bonne opportunité en plein centre-ville,1320000.0,Kénitra,Maamora,174.0,2,2,7586.21,2026-05-07 14:31:06.448867
2189,Nouvel appartement à vendre 65 m² à Tanger,560000.0,Tanger,Aharrarine,65.0,2,1,8615.38,2026-05-07 14:31:06.448975
2190,A vendre un joli appartement de 3 chambres,2440000.0,Casablanca,Racine,132.0,3,3,18484.85,2026-05-07 14:31:06.449123
2191,Appartement de 132m2 dans le quartier Mers Sultan,1580000.0,Casablanca,2 Mars,132.0,3,2,11969.7,2026-05-07 14:31:06.449231
2192,Vente d’un très bel appartement Plage des Nations,1950000.0,Sidi Bouknadel,Toute La Ville,118.0,2,2,16525.42,2026-05-07 14:31:06.449339
2193,Appartement à vendre 149 m² à Rabat,3000000.0,Rabat,Agdal,149.0,3,2,20134.23,2026-05-07 14:31:06.449443
2194,Vente d’un appartement de 110m² au quartier Maamora,1250000.0,Kénitra,Maamora,110.0,3,1,11363.64,2026-05-07 14:31:06.449554
2195,Appartement à vendre 160 m² à Kénitra,1300000.0,Kénitra,Centre,199.0,3,2,6532.66,2026-05-07 14:31:06.449661
2196,"Appartement à vendre, 1er étage",800000.0,Casablanca,Aïn Chock,78.0,2,1,10256.41,2026-05-07 14:31:06.449770
2197,Appartement à vendre 45 m² à Casablanca,790000.0,Casablanca,Belvédère,50.0,1,1,15800.0,2026-05-07 14:31:06.449883
2198,Appartement à vendre 123 m² à Kénitra,1350000.0,Kénitra,La Ville Haute,135.0,3,2,10000.0,2026-05-07 14:31:06.449994
2199,appartement a vendre temara wifak,1850000.0,Temara,Wifak,135.0,2,1,13703.7,2026-05-07 14:31:06.450209
2200,Appartement meublé à vendre à Mssanana Golf route Rmilat,1200000.0,Tanger,Du Golf,94.0,2,1,12765.96,2026-05-07 14:31:06.450315
2201,Excellents appartements à vendre,900000.0,Temara,Autre Secteur,120.0,4,2,7500.0,2026-05-07 14:31:06.450423
2202,Appartements de qualité à vendre,750000.0,Temara,Autre Secteur,75.0,2,1,10000.0,2026-05-07 14:31:06.450533
2203,Appartement 120 m² à Kénitra lotissement hallala,850000.0,Kénitra,Autre Secteur,120.0,3,2,7083.33,2026-05-07 14:31:06.450754
2204,Vente d’appartements et studios à Casablanca,1100000.0,Casablanca,Maârif Extension,52.0,2,2,21153.85,2026-05-07 14:31:06.450875
2205,Appartement meublé Boulevard Tah prix 68M,680000.0,Casablanca,Aïn Chock,82.0,2,1,8292.68,2026-05-07 14:31:06.450982
2206,Appartement de 157m2 au quartier des Hopitaux,2000000.0,Casablanca,Quartier Des Hôpitaux,157.0,3,2,12738.85,2026-05-07 14:31:06.451108
2207,Appartement à vendre 95 m² à Kénitra,1250000.0,Kénitra,Maamora,102.0,3,2,12254.9,2026-05-07 14:31:06.451221
2208,Appartement à vendre dans le quartier Al Hamidiya Al Quds,680000.0,Casablanca,Sidi Bernoussi,55.0,2,1,12363.64,2026-05-07 14:31:06.451333
2209,Appartement à vendre 80 m² à Kénitra,1100000.0,Kénitra,Centre,80.0,2,1,13750.0,2026-05-07 14:31:06.451437
2210,Appartement à vendre 90 m² à Kénitra le vallon,660000.0,Kénitra,Autre Secteur,90.0,3,1,7333.33,2026-05-07 14:31:06.451547
2211,VENTE – APPARTEMENT AVEC TERRASSE À MAAMORA,750000.0,Kénitra,Maamora,117.0,2,1,6410.26,2026-05-07 14:31:06.451668
2212,Appartement à vendre à Laymoun,1490000.0,Casablanca,Oulfa,212.0,4,3,7028.3,2026-05-07 14:31:06.451776
2213,Appartement de 134m² à vendre en Centre-Ville,1110000.0,Kénitra,Centre,134.0,3,1,8283.58,2026-05-07 14:31:06.451890
2215,Appartement Spacieux 158m² à Mers Sultan,2054000.0,Casablanca,Mers Sultan,158.0,3,2,13000.0,2026-05-07 14:31:06.452109
2216,Appartement à vendre 65 m² à Kénitra,500000.0,Kénitra,Bir Rami,80.0,2,1,6250.0,2026-05-07 14:31:06.452215
2217,Appartement à vendre 117 m² à Kénitra,1300000.0,Kénitra,Maamora,119.0,3,1,10924.37,2026-05-07 14:31:06.452326
2218,Appartement à vendre 110 m² à Kénitra,1300000.0,Kénitra,Centre,112.0,3,1,11607.14,2026-05-07 14:31:06.452435
2219,Appartement à vendre (R plus 2),800000.0,El Jadida,Saada,131.0,3,2,6106.87,2026-05-07 14:31:06.452542
2220,Appartement à vendre à Laymoun,1490000.0,Casablanca,Oulfa,212.0,4,3,7028.3,2026-05-07 14:31:06.452644
2221,Vente d’un appartement Cosy de 60m²- BIR RAMI SUD,480000.0,Kénitra,Bir Rami,60.0,2,1,8000.0,2026-05-07 14:31:06.452757
2222,Appartement 115 m² à Kénitra,3200000.0,Salé,Toute La Ville,111.0,2,2,28828.83,2026-05-07 14:31:06.452869
2223,Appartement à vendre 1er étage 57 m oulfa casa,450000.0,Casablanca,Oulfa,56.0,2,1,8035.71,2026-05-07 14:31:06.452998
2224,Élégant Appartement À Vendre À Semlalia,1300000.0,Marrakech,Semlalia,82.0,2,1,15853.66,2026-05-07 14:31:06.453110
2225,Projet Bassatine FOUARATE Kénitra,560000.0,Kénitra,Fouarate,84.0,3,1,6666.67,2026-05-07 14:31:06.453214
2226,ATHENA 25 – Investissement Haut Standing,870000.0,Marrakech,Route De Casablanca,72.0,1,1,12083.33,2026-05-07 14:31:06.453319
2227,"Appartement neuf, meublé à vendre 78 m² à Jirari",890000.0,Tanger,Jirrari,78.0,2,1,11410.26,2026-05-07 14:31:06.453432
2228,Appartement à vendre à Maarif,1330000.0,Casablanca,Maarif,55.0,1,1,24181.82,2026-05-07 14:31:06.453540
2229,Appartement Haut standing Perle Oulfa 83m,830000.0,Casablanca,Oulfa,83.0,2,2,10000.0,2026-05-07 14:31:06.453650
2230,"Appartement à vendre à Riad El Oulfa, Casablanca",280000.0,Casablanca,Oulfa,45.0,1,1,6222.22,2026-05-07 14:31:06.453757
2231,Appartement à vendre sur Hay Riad,2200000.0,Rabat,Hay Riad,94.0,2,2,23404.26,2026-05-07 14:31:06.453871
2232,Appartement à vendre 54 m² à Casablanca,480000.0,Casablanca,Autre Secteur,55.0,2,1,8727.27,2026-05-07 14:31:06.453984
2233,À VENDRE Superbe appartement meublé,1650000.0,Kénitra,El Haddada,150.0,3,3,11000.0,2026-05-07 14:31:06.454101
2234,Excellent Appartements à vendre,950000.0,Temara,Autre Secteur,115.0,3,2,8260.87,2026-05-07 14:31:06.454205
2235,Appartement 126m² 3 chambres 2SDB lumineux,590000.0,Fès,Route Ain Chkaf,140.0,3,2,4214.29,2026-05-07 14:31:06.454324
2236,Appartement 113 m² en vente près clinique Razi,880000.0,Fès,Autre Secteur,113.0,3,1,7787.61,2026-05-07 14:31:06.454451
2237,Charmant Studio À La Vente À La Route De Casa,800000.0,Marrakech,Route De Casablanca,54.0,1,1,14814.81,2026-05-07 14:31:06.454569
2238,"Appartement 78 m² – 2 chambres – Irfane 2, Tanger",870000.0,Tanger,Al Irfane 2,78.0,2,2,11153.85,2026-05-07 14:31:06.454679
2239,Appartement meublé à vendre quartier Salam,800000.0,Agadir,Hay Salam,64.0,2,1,12500.0,2026-05-07 14:31:06.454791
2240,Nouveau Projet Haut Standing À Semlalia,740000.0,Marrakech,Semlalia,37.0,1,1,20000.0,2026-05-07 14:31:06.454903
2241,Appartement à vendre 60 m² 1balcon,470000.0,Marrakech,Autre Secteur,60.0,2,1,7833.33,2026-05-07 14:31:06.455008
2242,Appartement face nouvelle routière sans intermédiaire,550000.0,Tanger,Autre Secteur,67.0,2,1,8208.96,2026-05-07 14:31:06.455130
2243,Vente Appartement de 185m² à Mimosas,1800000.0,Kénitra,Mimosas,190.0,4,2,9473.68,2026-05-07 14:31:06.455249
2244,Appartement à vendre 134 m² à Casablanca,2400000.0,Casablanca,,134.0,3,1,17910.45,2026-05-07 14:31:06.455354
2245,"Appartements à vendre à Oujda, route L'Aouniya",290000.0,Oujda,Autre Secteur,70.0,2,1,4142.86,2026-05-07 14:31:06.455460
2246,Très bel appartement a Eden island,3650000.0,Bouznika,Plage Oued Cherrat,251.0,2,1,14541.83,2026-05-07 14:31:06.455576
2247,appartement à vendre,1700000.0,Tanger,Branes 1,113.0,3,3,15044.25,2026-05-07 14:31:06.455681
2248,Appartement à vendre 120 m² à l'angle,1460000.0,Salé,Sala El Jadida,120.0,3,2,12166.67,2026-05-07 14:31:06.455794
2249,Nouveau projet sur plan à route de casa,640000.0,Marrakech,Route De Casablanca,45.0,1,1,14222.22,2026-05-07 14:31:06.455903
2250,Appartement Haut Standing A Vendre Daris - 126m2,1320000.0,Nouaceur,Toute La Ville,136.0,3,2,9705.88,2026-05-07 14:31:06.456012
2251,Appartement à vendre,1500000.0,Tanger,Casabarata,100.0,2,1,15000.0,2026-05-07 14:31:06.456114
2252,Appartement 83 m²Al Baraka à Dcheïra El Jihadia,832030.0,Dcheïra El Jihadia,Toute La Ville,83.0,4,2,10024.46,2026-05-07 14:31:06.456219
2253,Studio 50m Meublé Centre Maarif,1150000.0,Casablanca,Maarif,50.0,1,1,23000.0,2026-05-07 14:31:06.456366
2254,Appartement à vendre 126 m² à Kénitra,880000.0,Kénitra,Bir Rami Industriel,126.0,3,2,6984.13,2026-05-07 14:31:06.456475
2255,Appartements titrés declaration total,650000.0,Tétouan,Kouilma,62.0,2,1,10483.87,2026-05-07 14:31:06.456583
2256,Appartement en vent 51m² à Gueliz-Piscine Rooftop,1267000.0,Marrakech,Guéliz,51.0,1,1,24843.14,2026-05-07 14:31:06.456688
2257,Appartement en vente à l'orangeraie du souissi,4700000.0,Rabat,Souissi,135.0,3,2,34814.81,2026-05-07 14:31:06.456805
2258,Appartements à vendre à Saidia avec un soutien de 33 millions,330000.0,Saidia,Toute La Ville,57.0,2,1,5789.47,2026-05-07 14:31:06.456972
2259,Appartement neuf ascenseur parking,440000.0,Casablanca,Sidi Othmane,81.0,2,1,5432.1,2026-05-07 14:31:06.457078
2260,Appartement à vendre m² à sidi rahal,620000.0,Sidi Rahal,Toute La Ville,92.0,3,2,6739.13,2026-05-07 14:31:06.457185
2261,Appartement à vendre,850000.0,Temara,Skikina,87.0,3,2,9770.11,2026-05-07 14:31:06.457292
2262,Appartement avenue almajd,1450000.0,Rabat,Massira,101.0,3,2,14356.44,2026-05-07 14:31:06.457397
2263,Appartement 2ch 2ème 75m²,800000.0,Temara,Abbadi,75.0,2,1,10666.67,2026-05-07 14:31:06.457499
2264,Appartement à vendre 50 m² à Salé,310000.0,Salé,Abouab Sala,50.0,2,1,6200.0,2026-05-07 14:31:06.457603
2265,Appartement Costa Beach,1700000.0,Bouznika,Plage Oued Cherrat,100.0,2,2,17000.0,2026-05-07 14:31:06.457707
2266,Appartement à vendre à Ain Sebaa El Fadl,420000.0,Casablanca,Ain Sebaa,74.0,2,1,5675.68,2026-05-07 14:31:06.457838
2267,Appartement à vendre 37 m² à Islaan Hay Mohamadi,700000.0,Agadir,Hay Mohammadi,38.0,1,1,18421.05,2026-05-07 14:31:06.457952
2268,Appartement enregistré à Souk El Had 1 Martil,420000.0,Martil,Toute La Ville,51.0,2,1,8235.29,2026-05-07 14:31:06.458062
2269,Appartement à vendre 96 m² à Guéliz,1400000.0,Marrakech,Guéliz,96.0,2,2,14583.33,2026-05-07 14:31:06.458173
2270,Appartement à vendre 100 m² à Casablanca,365000.0,Casablanca,Centre Ville,100.0,3,1,3650.0,2026-05-07 14:31:06.458286
2271,"Appartement à vendre à Martil, quartier Ahriq",580000.0,Martil,Toute La Ville,62.0,2,1,9354.84,2026-05-07 14:31:06.458395
2272,Appartement à vendre 107 m² à 100m de la plage,820000.0,El Jadida,Corniche,107.0,3,2,7663.55,2026-05-07 14:31:06.458506
2273,Appartement 236m² à Gauthier Consulat d'Italie,3200000.0,Casablanca,Gauthier,272.0,4,3,11764.71,2026-05-07 14:31:06.458614
2274,Appartement à Hay Izdehar,1170000.0,Marrakech,Hay Izdihar,86.0,2,2,13604.65,2026-05-07 14:31:06.458722
2275,Studio 49m Wifak,635000.0,Temara,Wifak,49.0,1,1,12959.18,2026-05-07 14:31:06.458835
2276,Vente d'appartement dans le quartier Al Mansour,330000.0,Meknès,Autre Secteur,67.0,3,1,4925.37,2026-05-07 14:31:06.458937
2277,شقة منزلية محفضة للبيع بطنجة,650000.0,Tanger,La Nouvelle Ville Ibn Battouta,60.0,2,1,10833.33,2026-05-07 14:31:06.459048
2278,Bel appartement à vendre,650000.0,Meknès,El Bassatine,127.0,4,1,5118.11,2026-05-07 14:31:06.459157
2279,Appartement à vendre à Tanger | Appartement à vendre Tanger,460000.0,Tanger,Autre Secteur,63.0,2,1,7301.59,2026-05-07 14:31:06.459261
2280,SUR PLAN TAGHAZOUT – RÉSIDENCE LA COLLINE,2288000.0,Taghazout,Toute La Ville,130.0,1,2,17600.0,2026-05-07 14:31:06.459382
2281,Studio à vendre,1083000.0,Agadir,Haut-Founty,57.0,1,1,19000.0,2026-05-07 14:31:06.459485
2282,Appartements à vendre,2432000.0,Agadir,Haut-Founty,128.0,3,3,19000.0,2026-05-07 14:31:06.459590
2283,Très jolie appartement 88 mètres à Sala al Jadida,1250000.0,Salé,Sala El Jadida,88.0,3,2,14204.55,2026-05-07 14:31:06.459706
2284,Appartement à vendre 116 m² à Tanger,1392000.0,Tanger,Moulay Youssef,126.0,3,2,11047.62,2026-05-07 14:31:06.459820
2285,Appartement d’architecte neuf sans vis-à-vis,1750000.0,Casablanca,Franceville,83.0,2,2,21084.34,2026-05-07 14:31:06.459959
2286,Appartement de 100 m² à Kénitra le vallon,850000.0,Kénitra,Autre Secteur,100.0,3,2,8500.0,2026-05-07 14:31:06.460065
2287,Appartement à vendre superficie 130 m² quartier Wifaq Temara,1500000.0,Temara,Wifak,128.0,3,2,11718.75,2026-05-07 14:31:06.460179
2288,Appartements neufs à vendre,770500.0,Dcheira,Toute La Ville,67.0,2,1,11500.0,2026-05-07 14:31:06.460283
2289,appartement à vendre,700000.0,Béni Mellal,Toute La Ville,87.0,3,1,8045.98,2026-05-07 14:31:06.460385
2290,Appartement à vendre 90 m² à Kénitra alliance,640000.0,Kénitra,Alliance,90.0,2,2,7111.11,2026-05-07 14:31:06.460502
2291,appartement à vendre bernoussi al qods,700000.0,Casablanca,Sidi Bernoussi,75.0,2,1,9333.33,2026-05-07 14:31:06.460615
2292,Très beau studio moderne à vendre,950000.0,Casablanca,Maarif,47.0,2,1,20212.77,2026-05-07 14:31:06.460722
2293,Appartement à vendre Anassia Alliance Darnha,230000.0,Casablanca,Sidi Moumen,46.0,2,1,5000.0,2026-05-07 14:31:06.460837
2294,Appartement ascenseur balcon vue sur la rue,450000.0,Tanger,Marjane,57.0,2,1,7894.74,2026-05-07 14:31:06.460967
2295,Appartement haut de gamme,750000.0,Marrakech,Socoma,100.0,2,2,7500.0,2026-05-07 14:31:06.461092
2296,"Appartement 56 m, ascenseur, syndic, 5 minutes de la Batata",550000.0,Tanger,Tanja Balia,56.0,2,1,9821.43,2026-05-07 14:31:06.461195
2297,Appartement à vendre,620000.0,Casablanca,Sidi Maarouf,80.0,2,1,7750.0,2026-05-07 14:31:06.461306
2298,"Appartement 3 pièces 80 m², ascenseur, syndic, 5 minutes de la Batata",750000.0,Tanger,Tanja Balia,80.0,3,1,9375.0,2026-05-07 14:31:06.461447
2299,Appartement 74 m2 ascenseur syndic balcon déclaration totale,555000.0,Tanger,Tanja Balia,74.0,2,1,7500.0,2026-05-07 14:31:06.461555
2300,"Appartement 76 m², meublé, ascenseur, syndic, sur la rue",798000.0,Tanger,Tanja Balia,76.0,2,1,10500.0,2026-05-07 14:31:06.461663
2301,Appartement à vendre 105 m² à Tanger,1050000.0,Tanger,Ahlane,105.0,2,2,10000.0,2026-05-07 14:31:06.461772
2302,Beb Chir El Moujahidine,460000.0,Tanger,Moujahidine,60.0,2,1,7666.67,2026-05-07 14:31:06.461919
2303,Appartement 4 pièces 102 m² ascenseur syndic sur rue,1070000.0,Tanger,Tanja Balia,102.0,4,1,10490.2,2026-05-07 14:31:06.462028
2304,appartement,580000.0,Fès,Route De Sefrou,90.0,2,1,6444.44,2026-05-11 20:49:52.561602
2305,Appartement avec terrasse 118 m ascenseur syndic 5 minutes de la gare,800000.0,Tanger,Tanja Balia,118.0,2,1,6779.66,2026-05-07 14:31:06.462137
2306,Appartement Duplexe au centre ville Nejma,2800000.0,Tanger,Centre Ville,260.0,4,3,10769.23,2026-05-07 14:31:06.462247
2307,"Appartement terrasse 196 m, ascenseur, syndic, déclaration totale",1020000.0,Tanger,Tanja Balia,196.0,2,1,5204.08,2026-05-07 14:31:06.462356
2308,Appartement à vendre 125 m² à Casablanca,2000000.0,Casablanca,Abdelmoumen,131.0,2,2,15267.18,2026-05-07 14:31:06.462464
2309,Appartement à vendre,600000.0,Casablanca,Sidi Moumen,93.0,2,1,6451.61,2026-05-07 14:31:06.462572
2310,Appartement neuf 70m,560000.0,Marrakech,Autre Secteur,70.0,3,1,8000.0,2026-05-07 14:31:06.462678
2311,Appartement à vendre 118 m² à Casablanca,1750000.0,Casablanca,Val Fleuri,118.0,2,1,14830.51,2026-05-07 14:31:06.462801
2312,Appartement à vendre 112 m²,400000.0,Sidi Allal El Bahraoui,Toute La Ville,112.0,3,2,3571.43,2026-05-07 14:31:06.462926
2313,Bel appartement bien positionné,980000.0,Salé,Tabriquet,96.0,3,1,10208.33,2026-05-07 14:31:06.463028
2314,Appartement à vendre 97 m² à Casablanca - Gauthier,1550000.0,Casablanca,Gauthier,97.0,2,2,15979.38,2026-05-07 14:31:06.463134
2315,"Superbe appartement à vendre dans le quartier Golf, route des Rmilat",960000.0,Tanger,Du Golf,79.0,2,1,12151.9,2026-05-07 14:31:06.463242
2316,A vendre un appart de 4 chambres sans voisins,3400000.0,Casablanca,Quartier Des Hôpitaux,274.0,4,3,12408.76,2026-05-07 14:31:06.463348
2317,Duplex meublé à vendre près du stade Ibn Batouta,1300000.0,Tanger,Ziatene,140.0,2,1,9285.71,2026-05-07 14:31:06.463460
2318,A vendre un bel appartement avec terrasse,2450000.0,Casablanca,Palmier,140.0,3,2,17500.0,2026-05-07 14:31:06.463562
2319,vente jolie appartement 3 chambre,1950000.0,Marrakech,Guéliz,85.0,3,1,22941.18,2026-05-07 14:31:06.463666
2320,Habit immobilier met en vente un joli studio,1180000.0,Casablanca,Bourgogne,60.0,1,1,19666.67,2026-05-07 14:31:06.463771
2321,Appartement à vendre 75 m² à Casablanca,650000.0,Casablanca,Ain Sebaa,75.0,2,1,8666.67,2026-05-07 14:31:06.463884
2322,Appartement à vendre à Bouznika Oued cherrat costa,1400000.0,Bouznika,Plage Oued Cherrat,93.0,2,2,15053.76,2026-05-07 14:31:06.463998
2323,Appartement à vendre 106 m² à Tit Mellil,1000000.0,Tit Mellil,Toute La Ville,106.0,3,2,9433.96,2026-05-07 14:31:06.464106
2324,Bel appartement avec 2 façades,700000.0,Casablanca,Al Madina Aljadida,74.0,2,2,9459.46,2026-05-07 14:31:06.464320
2325,Appartement 3 pièces 94 m² à Marrakech GUELIZ,1700000.0,Marrakech,Guéliz,94.0,2,2,18085.11,2026-05-07 14:31:06.464444
2326,Vente beau studio centre ville,1200000.0,Marrakech,Guéliz,54.0,1,1,22222.22,2026-05-07 14:31:06.464551
2327,Appartement à vendre 104m² Amanar à Agadir,1456000.0,Agadir,Centre Ville,104.0,3,1,14000.0,2026-05-07 14:31:06.464657
2328,Appartement à vendre 95 m² à Temara,1150000.0,Temara,Abbadi,105.0,3,1,10952.38,2026-05-07 14:31:06.464767
2329,Appartement à vendre 73m² La Perle Bleue à Dakhla,581625.0,Dakhla,Toute La Ville,73.0,3,1,7967.47,2026-05-07 14:31:06.464947
2330,Appartement vue mer Anza Miftah Sahil meublé,1200000.0,Agadir,Anza,60.0,1,1,20000.0,2026-05-07 14:31:06.465059
2331,Appartement à vendre105m²Les Jardins de la Coupole,1369592.0,Agadir,Av Mokawama,105.0,4,1,13043.73,2026-05-07 14:31:06.465165
2332,appartement haute standing,1000000.0,El Mansouria,Toute La Ville,100.0,2,2,10000.0,2026-05-07 14:31:06.465269
2333,appartement 240 centre de Marrakech,1400000.0,Marrakech,Amerchich,240.0,3,2,5833.33,2026-05-07 14:31:06.465374
2334,Appartement à vendre 59 m² à Martil,390000.0,Martil,Toute La Ville,83.0,2,1,4698.8,2026-05-07 14:31:06.465479
2335,Appartement à vendre à Temara Bon emplacement,1250000.0,Temara,Autre Secteur,112.0,2,2,11160.71,2026-05-07 14:31:06.465588
2336,Duplex à vendre,1330000.0,Casablanca,Les Princesses,68.0,1,2,19558.82,2026-05-07 14:31:06.465703
2337,Appartement magnifique et neuf à vendre,600000.0,Marrakech,M'Hamid,56.0,2,1,10714.29,2026-05-07 14:31:06.465821
2338,"À vendre, magnifique appartement",135000.0,Casablanca,Oulfa,1001.0,2,2,134.87,2026-05-07 14:31:06.465932
2339,Appartement meublé à vendre à Martil,1100000.0,Martil,Toute La Ville,130.0,2,1,8461.54,2026-05-07 14:31:06.466039
2340,Appartement à vendre 1er étage,740000.0,Fès,Route Ain Chkaf,118.0,2,2,6271.19,2026-05-07 14:31:06.466150
2341,Appartement à vendre à 42 millions,420000.0,Martil,Toute La Ville,65.0,2,1,6461.54,2026-05-07 14:31:06.466259
2342,Duplex à vendre,850000.0,Meknès,Ville Nouvelle,162.0,3,3,5246.91,2026-05-07 14:31:06.466370
2343,Appartement à Florida à vendre,640000.0,El Jadida,Autre Secteur,100.0,3,1,6400.0,2026-05-07 14:31:06.466472
2344,Appartement à vendre Salé Laayayda,920000.0,Salé,Toute La Ville,92.0,2,1,10000.0,2026-05-07 14:31:06.466585
2345,Appartement à vendre 140 m² à Bouznika,760000.0,Bouznika,Autre Secteur,146.0,3,2,5205.48,2026-05-07 14:31:06.466697
2346,Azhar Panorama U*,550000.0,Casablanca,Sidi Bernoussi,90.0,3,2,6111.11,2026-05-07 14:31:06.466824
2347,Appartement à vendre 83 m² à Casablanca,880000.0,Casablanca,Aïn Borja,83.0,2,1,10602.41,2026-05-07 14:31:06.466932
2348,"Appartement haut standing à vendre – Emplacement privilégié, route Ain Chkef,",600000.0,Fès,Route Ain Chkaf,95.0,3,2,6315.79,2026-05-07 14:31:06.467042
2349,Appartement d’exception front mer- Tamaris Premium,2000000.0,Tamaris,Toute La Ville,117.0,2,1,17094.02,2026-05-07 14:31:06.467151
2350,Appartement à vendre 83 m² à Ain sebaa,1080000.0,Casablanca,Ain Sebaa,83.0,3,2,13012.05,2026-05-07 14:31:06.467256
2351,Appartement à vendre 79m² à Ain Sebaa,948000.0,Casablanca,Ain Sebaa,79.0,3,2,12000.0,2026-05-07 14:31:06.467368
2352,Appartement à vendre 140 m² la marina Casablanca,3900000.0,Casablanca,Marina,155.0,2,3,25161.29,2026-05-07 14:31:06.467483
2353,Appartement à vendre 56 m² à Hay Mohammadi Agadir,630000.0,Agadir,Hay Mohammadi,56.0,2,1,11250.0,2026-05-07 14:31:06.467588
2354,Appartement à vendre 3 chambres,3600000.0,Temara,Harhoura,220.0,3,2,16363.64,2026-05-07 14:31:06.467703
2355,Vente appartement 50m Haut Agdal,1550000.0,Rabat,Agdal,50.0,1,1,31000.0,2026-05-07 14:31:06.467835
2356,Appart à vendre avec garage à Bouznika,760000.0,Bouznika,Autre Secteur,146.0,4,1,5205.48,2026-05-07 14:31:06.467940
2357,Appartement à vendre 326 m² à hay riad,5400000.0,Rabat,Hay Riad,326.0,3,2,16564.42,2026-05-07 14:31:06.468053
2358,"Appartement à vendre, quartier Errabia, propre et calme, sans intermédiaire",300000.0,Berrechid,Toute La Ville,51.0,2,1,5882.35,2026-05-07 14:31:06.468163
2359,Appartement à vendre 45 m² à Martil,620000.0,Martil,Toute La Ville,45.0,2,1,13777.78,2026-05-07 14:31:06.468276
2360,Appartement 87m² à vendre à Sla El Karia,600000.0,Salé,El Qaria,87.0,2,1,6896.55,2026-05-07 14:31:06.468385
2361,Saroute Studio rénové 45m2 Mers Sultan à vendre,180000.0,Casablanca,Anfa,45.0,1,1,4000.0,2026-05-07 14:31:06.468490
2362,Appartement à vendre,650000.0,Saidia,Toute La Ville,110.0,3,2,5909.09,2026-05-07 14:31:06.468594
2363,Almostakbal Casanearchour,540000.0,Casablanca,Sidi Maarouf,52.0,2,1,10384.62,2026-05-07 14:31:06.468698
2364,Hay El Majd El Awama,580000.0,Tanger,El Majd,85.0,3,1,6823.53,2026-05-07 14:31:06.468812
2365,"🏢 Appartement 53 m² à vendre – Oulfa, Casablanca",750000.0,Casablanca,Oulfa,53.0,1,1,14150.94,2026-05-07 14:31:06.468939
2366,Appartement à vendre 90 m² à Mohammedia,1500000.0,Mohammedia,Autre Secteur,103.0,2,1,14563.11,2026-05-07 14:31:06.469056
2367,Appartement à vendre 140 m² à la marina casablanca,3900000.0,Marrakech,Autre Secteur,155.0,2,3,25161.29,2026-05-07 14:31:06.469174
2368,Appartement,380000.0,Casablanca,Hay Mohammadi,65.0,2,2,5846.15,2026-05-07 14:31:06.469291
2369,Appartement 112 m² – 8e étage – Riad Tétouan,1400000.0,Tanger,Centre Ville,112.0,2,1,12500.0,2026-05-07 14:31:06.469510
2370,Appartement à vendre 74 m² à Marrakech,990000.0,Marrakech,Route De Safi,80.0,2,2,12375.0,2026-05-07 14:31:06.469618
2371,Appartement à vendre quartier hassania ben msick,455000.0,Casablanca,Ben M'Sick,60.0,1,1,7583.33,2026-05-07 14:31:06.469724
2372,Appartement neuf en vente Hay Fath,1700000.0,Rabat,Hay El Fath,97.0,2,1,17525.77,2026-05-07 14:31:06.469838
2373,Appartement à vendre 72 m² à Essaouira,550000.0,Essaouira,Centre Ville,72.0,2,1,7638.89,2026-05-07 14:31:06.469944
2374,"Excellent appartement à vendre, Avenue Hassan II",510000.0,Berrechid,Toute La Ville,100.0,2,1,5100.0,2026-05-07 14:31:06.470055
2375,Appartement 1ère ligne plage Playa Del Pacha,2550000.0,Mdiq,Toute La Ville,64.0,1,1,39843.75,2026-05-07 14:31:06.470160
2376,Appartement à vendre centre-ville de Berkane,480000.0,Berkane,Toute La Ville,115.0,4,2,4173.91,2026-05-07 14:31:06.470266
2377,Appartement à vendre 83 m² à Casablanca,1079000.0,Casablanca,Ain Sebaa,83.0,2,2,13000.0,2026-05-07 14:31:06.470369
2378,Appartement à vendre situé au centre ville,1070000.0,Kénitra,Centre,117.0,3,2,9145.3,2026-05-07 14:31:06.470484
2379,F3 avec GRANDE COUR de 35m² au Centre Bouskoura,850000.0,Bouskoura,Bouskoura Centre,114.0,2,1,7456.14,2026-05-07 14:31:06.470592
2380,Appartement à vendre 140 m² à Bouznika,740000.0,Bouznika,Autre Secteur,140.0,3,2,5285.71,2026-05-07 14:31:06.470698
2381,"Superbe appartement ensoleillé à vendre à Bouznika, quartier Aïda 2",570000.0,Bouznika,Autre Secteur,84.0,2,1,6785.71,2026-05-07 14:31:06.470826
2382,"Appartement 67 m² Résidence Fatima Zahra, Mediouna",320000.0,Mediouna,Toute La Ville,67.0,2,1,4776.12,2026-05-07 14:31:06.470936
2383,Appartement 80m²/parking titré 16m² Al Khaizourane,840000.0,Temara,Autre Secteur,96.0,2,2,8750.0,2026-05-07 14:31:06.471059
2384,Appartement à vendre centre ville Casablanca,1900000.0,Casablanca,Centre Ville,100.0,3,2,19000.0,2026-05-07 14:31:06.471176
2385,Appartement 145 m² en Vente près Hay Amal Narjiss,870000.0,Fès,Narjis,145.0,3,1,6000.0,2026-05-07 14:31:06.471292
2386,Appartement 112 m² près café Mégad’Or à Fès,650000.0,Fès,Route Ain Chkaf,112.0,3,2,5803.57,2026-05-07 14:31:06.471400
2387,Appartement à vendre 135 m² à Kénitra,1500000.0,Kénitra,Maamora,137.0,3,2,10948.91,2026-05-07 14:31:06.471508
2388,Appartement neuf 138 m² dont 40 de terrasse,2596000.0,Casablanca,Gauthier,138.0,2,2,18811.59,2026-05-07 14:31:06.471618
2389,"Appartement 88 m² – Tingis Tower, Malabata",2250000.0,Tanger,Malabata,88.0,2,2,25568.18,2026-05-07 14:31:06.471727
2390,Appartement rez-de-chaussée en résidence,540000.0,El Mansouria,Toute La Ville,75.0,2,2,7200.0,2026-05-07 14:31:06.471860
2391,Appartement à vendre 124 m² à Casablanca,1750000.0,Casablanca,Abdelmoumen,136.0,3,2,12867.65,2026-05-07 14:31:06.471969
2392,Appartement haut de gamme à vendre au cœur de Tanger,2500000.0,Tanger,Centre Ville,122.0,2,2,20491.8,2026-05-07 14:31:06.472080
2393,Bon appartement à vendre à Témara près de l'avenue Hassan 2,1250000.0,Temara,Autre Secteur,112.0,2,2,11160.71,2026-05-07 14:31:06.472190
2394,Appartement neuf à vendre à Kish Al-Awdiya,1170000.0,Temara,Riad Oulad Mtaa,65.0,2,2,18000.0,2026-05-07 14:31:06.472303
2395,Appartement meublé à vendre à Harhora,2200000.0,Temara,Harhoura,117.0,2,2,18803.42,2026-05-07 14:31:06.472406
2396,Appartement à vendre 70 m² à Kénitra,360000.0,Kénitra,Bir Rami,70.0,2,1,5142.86,2026-05-07 14:31:06.472512
2397,Appartement à rénover Gueliz,2600000.0,Marrakech,Guéliz,145.0,3,2,17931.03,2026-05-07 14:31:06.472657
2398,Superbe appartement avec ascenseur,370000.0,Ait Melloul,Toute La Ville,56.0,2,1,6607.14,2026-05-07 14:31:06.472779
2399,Appartement à vendre à Tanger,850000.0,Tanger,El Majd,86.0,3,2,9883.72,2026-05-07 14:31:06.472891
2400,Appartement à vendre 80 m² à Marrakech,2400000.0,Marrakech,Agdal,85.0,2,2,28235.29,2026-05-07 14:31:06.472995
2401,Appartement avec terrasse Centre-ville,1270000.0,Casablanca,Centre Ville,141.0,2,1,9007.09,2026-05-07 14:31:06.473103
2402,À vendre un joli appartement meublé avec piscine,1250000.0,El Mansouria,Toute La Ville,92.0,2,2,13586.96,2026-05-07 14:31:06.473213
2403,Appartement à vendre 52 m² à Mohammedia,380000.0,Mohammedia,Autre Secteur,52.0,2,1,7307.69,2026-05-07 14:31:06.473321
2404,CMN-SI-1877 - Appartement à vendre à Bourgogne Est,1050000.0,Casablanca,Bourgogne,76.0,2,1,13815.79,2026-05-07 14:31:06.473441
2405,Résidence Soufale Bonheur,390000.0,El Jadida,Saada,75.0,2,1,5200.0,2026-05-07 14:31:06.473551
2406,Bel appartement... orientation sud,2150000.0,Casablanca,Les Princesses,165.0,3,2,13030.3,2026-05-07 14:31:06.473665
2407,Opportunité à saisir,2500000.0,Temara,Wifak,211.0,4,2,11848.34,2026-05-07 14:31:06.473773
2408,Appartement 4 pièces 102 m² ascenseur syndic sur rue,1070000.0,Tanger,Tanja Balia,102.0,4,2,10490.2,2026-05-07 14:31:06.473884
2409,Appartement 74 m ascenseur balcon syndic déclaration totale,555000.0,Tanger,Tanja Balia,74.0,2,1,7500.0,2026-05-07 14:31:06.473998
2410,Appartement à vendre 73 m² à Rabat,1332000.0,Rabat,Hassan,120.0,2,1,11100.0,2026-05-07 14:31:06.474110
2411,Appartement moderne meublé à vendre ensoleillé ou rénové,290000.0,Bouznika,Autre Secteur,55.0,2,1,5272.73,2026-05-07 14:31:06.474214
2412,Appartements Neufs Semi finis à vendre,620000.0,Casablanca,Al Madina Aljadida,131.0,3,2,4732.82,2026-05-07 14:31:06.474356
2413,Appartement à vendre 62 m² à Ksar el-Kebir,350000.0,Ksar El-Kebir,Toute La Ville,62.0,2,2,5645.16,2026-05-07 14:31:06.474463
2414,appartement quartier oulfa,1300000.0,Casablanca,Oulfa,144.0,2,1,9027.78,2026-05-07 14:31:06.474607
2415,Appartement 81 m2 a Daoudiate,810000.0,Marrakech,Daoudiate,81.0,3,1,10000.0,2026-05-07 14:31:06.474719
2416,appartement al alia bernoussi,360000.0,Casablanca,Sidi Bernoussi,54.0,2,1,6666.67,2026-05-07 14:31:06.474829
2417,Appartement agréable piscine et jardins résidence gardée,850000.0,Benslimane,Autre Secteur,84.0,2,1,10119.05,2026-05-07 14:31:06.474939
2418,CMN-MA-2404 - Appartement à vendre à Les princesses,2400000.0,Casablanca,Les Princesses,121.0,3,2,19834.71,2026-05-07 14:31:06.475057
2419,Appartement duplex 85 m² avec balcon a gueliz,1155000.0,Marrakech,Guéliz,85.0,2,2,13588.24,2026-05-07 14:31:06.475168
2420,"Excellent appartement sur l'avenue de l'Armée Royale, Hamria, Meknès",695000.0,Meknès,Hamria,102.0,2,1,6813.73,2026-05-07 14:31:06.475279
2421,Appartement à vendre 84/92/94m² à Salé Al Jadida,1176000.0,Salé,Sala El Jadida,84.0,3,2,14000.0,2026-05-07 14:31:06.475389
2422,Appartement 60 m2 à vendre à Allal El Fassi,1560000.0,Marrakech,Route De Casablanca,99.0,2,1,15757.58,2026-05-07 14:31:06.475500
2423,CMN-MA-1139 - Appartement à vendre à Val Fleurie,1800000.0,Casablanca,Val Fleuri,129.0,2,2,13953.49,2026-05-07 14:31:06.475609
2424,À vendre 1er chrifia 58m prix 50 million,500000.0,Marrakech,M'Hamid,58.0,2,1,8620.69,2026-05-07 14:31:06.475717
2425,Beau STUDIO à vendre à MARINA Casablanca,2500000.0,Casablanca,Marina,67.0,1,2,37313.43,2026-05-07 14:31:06.475829
2426,Appartement RDC à vendre 120m² Agdal,2000000.0,Rabat,Agdal,120.0,2,2,16666.67,2026-05-07 14:31:06.475937
2427,Appart 131m2 a vendre,2300000.0,Rabat,Agdal,131.0,3,2,17557.25,2026-05-07 14:31:06.476043
2428,Appartement à vendre 70 m² à Kénitra,380000.0,Kénitra,Ouled Oujih,70.0,2,1,5428.57,2026-05-07 14:31:06.476148
2429,"Appartement 4 pièces 120 m², garage, ascenseur, balcon sur rue",1200000.0,Tanger,Marjane,120.0,4,2,10000.0,2026-05-07 14:31:06.476258
2430,Appartement à vendre sur Marrakech,1650000.0,Marrakech,Guéliz,79.0,2,1,20886.08,2026-05-07 14:31:06.476365
2431,Duplex à vendre 70 m prix 70 millions en plusieurs fois,700000.0,Marrakech,M'Hamid,70.0,3,1,10000.0,2026-05-07 14:31:06.476479
2432,Appartement à vendre 2ch Bourgogne,1400000.0,Casablanca,Bourgogne,87.0,2,1,16091.95,2026-05-07 14:31:06.476609
2433,CMN-HA-1859 - Appartement à vendre à Beauséjour,1270000.0,Casablanca,Beauséjour,95.0,2,2,13368.42,2026-05-07 14:31:06.476721
2434,Appartement vue sur mer,850000.0,Fnideq,Toute La Ville,57.0,1,1,14912.28,2026-05-07 14:31:06.476834
2435,appartement à vendre,1100000.0,Salé,Hay Chmaou,120.0,3,2,9166.67,2026-05-11 20:49:52.575435
2436,Appartement à vendre 98 m² à Temara,920000.0,Temara,Abbadi,98.0,2,2,9387.76,2026-05-07 14:31:06.476940
2437,Appartement neuf avec cour,800000.0,Fès,Oued Fès,143.0,3,2,5594.41,2026-05-07 14:31:06.477045
2438,Joli appartement de standing,1300000.0,Casablanca,Autre Secteur,74.0,2,2,17567.57,2026-05-07 14:31:06.477149
2439,"Appartement 74 m², garage, ascenseur, balcon, aide de l'État",740000.0,Tanger,Marjane,74.0,2,1,10000.0,2026-05-07 14:31:06.477261
2440,Appartement 3 chambres garage ascenseur balcon aide de l'état sur la rue,876000.0,Tanger,Marjane,73.0,3,2,12000.0,2026-05-07 14:31:06.477372
2441,A vendre studio de luxe Almassira,1700000.0,Casablanca,Maarif,74.0,1,1,22972.97,2026-05-07 14:31:06.477482
2442,Appartement à vendre 96 m² à Salé,590000.0,Salé,Bab Sebta,96.0,2,1,6145.83,2026-05-07 14:31:06.477608
2443,Bel appartement.,530000.0,El Hajeb,Toute La Ville,80.0,2,1,6625.0,2026-05-07 14:31:06.477717
2444,Bel appartement,450000.0,El Hajeb,Toute La Ville,80.0,2,1,5625.0,2026-05-07 14:31:06.477839
2445,Appartement terrasse indépendante,700000.0,El Jadida,Saada,97.0,1,1,7216.49,2026-05-07 14:31:06.477951
2446,Appartement à vendre 60 m² à Tanger,360000.0,Tanger,Autre Secteur,60.0,2,1,6000.0,2026-05-07 14:31:06.478059
2447,Appartement à vendre 50 m² à Salé,460000.0,Salé,Tabriquet,50.0,2,1,9200.0,2026-05-07 14:31:06.478177
2448,Appartement à vendre 52 m² à Casablanca,330000.0,Casablanca,Oulfa,52.0,2,1,6346.15,2026-05-07 14:31:06.478289
2449,Apparemment titré,165000.0,Fès,Zouagha,56.0,2,1,2946.43,2026-05-07 14:31:06.478404
2450,Appartement à vendre 138m² Tanger centre ville,2200000.0,Tanger,Centre Ville,138.0,3,2,15942.03,2026-05-07 14:31:06.478518
2451,Rêve Vue sur mer,1800000.0,Zenata,Toute La Ville,87.0,2,2,20689.66,2026-05-07 14:31:06.478636
2452,"Appartement à vendre à Hay Moulay Abdellah, 100m",980000.0,Casablanca,Aïn Chock,100.0,2,1,9800.0,2026-05-07 14:31:06.478740
2453,Appartement 111m² à rénover – Sans frais d’agence,950000.0,Marrakech,Issil,111.0,2,2,8558.56,2026-05-07 14:31:06.478889
2454,Appartement à vendre,1450000.0,Tanger,Hay Hassani,106.0,3,2,13679.25,2026-05-07 14:31:06.478995
2455,Appartement au 4ème étage avec ascenseur à la résidence Jawharat Al Atlas,400000.0,Béni Mellal,Toute La Ville,84.0,3,2,4761.9,2026-05-07 14:31:06.479108
2456,Appartement à vendre 146 m² au centre avec garage,1990000.0,Tanger,Centre,146.0,3,3,13630.14,2026-05-07 14:31:06.479217
2457,Appartement à vendre 88 m² à Tanger Tanja Balia,750000.0,Tanger,Tanja Balia,88.0,2,1,8522.73,2026-05-07 14:31:06.479332
2458,Appartement à vendre Lovallon,470000.0,Kénitra,Autre Secteur,68.0,2,1,6911.76,2026-05-07 14:31:06.479441
2459,Annonce sérieuse,530000.0,Casablanca,Sidi Bernoussi,71.0,2,1,7464.79,2026-05-07 14:31:06.479561
2460,Appartement Hamria,1150000.0,Meknès,Hamria,143.0,3,3,8041.96,2026-05-07 14:31:06.479668
2461,Appartement Zineb,3200000.0,Casablanca,Racine,204.0,3,3,15686.27,2026-05-07 14:31:06.479774
2462,Appartements enregistrés éligibles au soutien de 7 millions,480000.0,Martil,Toute La Ville,50.0,2,1,9600.0,2026-05-07 14:31:06.479895
2463,Appartement à vendre titré,1150000.0,Agadir,Hay Mohammadi,86.0,3,2,13372.09,2026-05-07 14:31:06.480004
2464,Appartement bien ensoleillé à vendre,660000.0,El Jadida,Hay Essalam,100.0,2,2,6600.0,2026-05-07 14:31:06.480118
2465,appartement deux salons à sidi bernoussi,600000.0,Casablanca,Sidi Bernoussi,86.0,2,2,6976.74,2026-05-07 14:31:06.480227
2466,"Appartement 124 m² – Centre Ville, Tanger",1800000.0,Tanger,Centre Ville,124.0,3,2,14516.13,2026-05-07 14:31:06.480337
2467,Appartement titré à vendre. Tétouan Nouvelle Station,550000.0,Tétouan,Centre Ville,70.0,2,1,7857.14,2026-05-07 14:31:06.480449
2468,Appartement à vendre 57 m² à Sidi Rahal,430000.0,Sidi Rahal,Toute La Ville,57.0,2,1,7543.86,2026-05-07 14:31:06.480562
2469,Appartements magnifiques et subventionnés à vendre Meknès,520000.0,Meknès,Autre Secteur,110.0,3,2,4727.27,2026-05-07 14:31:06.480674
2470,CMN-SI-1879 - Appartement à vendre à Ziraoui,3480000.0,Casablanca,Bourgogne,260.0,3,2,13384.62,2026-05-07 14:31:06.480820
2471,appartement,850000.0,Casablanca,Hay Mohammadi,102.0,2,2,8333.33,2026-05-07 14:31:06.480930
2472,Très bel appartement Oulfa - idéal famille,749000.0,Casablanca,Oulfa,112.0,2,2,6687.5,2026-05-07 14:31:06.481039
2473,Appartement enregistré et entièrement équipé à vendre,64000000.0,Safi,Autre Secteur,120.0,3,2,533333.33,2026-05-07 14:31:06.481167
2474,Près de Ibrahim Khalil Al Jadida,180000.0,El Jadida,Ezzohor,50.0,1,1,3600.0,2026-05-07 14:31:06.481285
2475,Magnifique appartement à vendre,460000.0,Saidia,Toute La Ville,54.0,2,1,8518.52,2026-05-07 14:31:06.481390
2476,Appartement à vendre à Bachkou très bien situé,1400000.0,Casablanca,Bachkou,106.0,3,2,13207.55,2026-05-07 14:31:06.481501
2477,Appartement à vendre,550000.0,Marrakech,M'Hamid,72.0,3,2,7638.89,2026-05-07 14:31:06.481609
2478,BEN-MA-1118 - Appartement à vendre à Mansouria-B...,1200000.0,Benslimane,Autre Secteur,98.0,2,1,12244.9,2026-05-07 14:31:06.481718
2479,Appartement à vendre quartier Bachkou bien situé,1400000.0,Casablanca,Bachkou,106.0,3,2,13207.55,2026-05-07 14:31:06.481837
2480,Appartement Oued Fès,540000.0,Fès,Oued Fès,98.0,3,2,5510.2,2026-05-07 14:31:06.481947
2481,CMN-HA-1920 - Appartement à vendre à Oulfa,1092000.0,Casablanca,Oulfa,78.0,2,2,14000.0,2026-05-07 14:31:06.482053
2482,Appartement à Vendre Avec Vue Dégagée sur MER,3300000.0,Sidi Bouknadel,Toute La Ville,180.0,3,2,18333.33,2026-05-07 14:31:06.482162
2483,Vente Appartement vue dégagée sur Mer,3500000.0,Sidi Bouknadel,Toute La Ville,185.0,3,2,18918.92,2026-05-07 14:31:06.482275
2484,Appartement privé à vendre berradi mhamid 7,470000.0,Marrakech,M'Hamid,70.0,2,2,6714.29,2026-05-07 14:31:06.482384
2485,Appartement à vendre 70 m² à Tanger,1250000.0,Tanger,Castilla,131.0,3,2,9541.98,2026-05-07 14:31:06.482493
2486,Bel appartement à vendre au lotissement ikhlas,275000.0,Tanger,Autre Secteur,47.0,2,2,5851.06,2026-05-07 14:31:06.482599
2487,CMN-ME-1691 - Appartement à vendre à 2 Mars,2100000.0,Casablanca,2 Mars,156.0,3,2,13461.54,2026-05-07 14:31:06.482712
2488,BEN-MA-1119 - Appartement à vendre à Mansouria-B...,1640000.0,Benslimane,Autre Secteur,109.0,2,2,15045.87,2026-05-07 14:31:06.482842
2489,Appartement à vendre 60 m² à Saidia,340000.0,Saidia,Toute La Ville,60.0,2,1,5666.67,2026-05-07 14:31:06.482957
2490,Appartement à Martil,320000.0,Martil,Toute La Ville,58.0,2,1,5517.24,2026-05-07 14:31:06.483069
2491,Grand appartement neuf Mhamid 8,750000.0,Marrakech,M'Hamid,76.0,2,1,9868.42,2026-05-07 14:31:06.483179
2492,Appartement 200m² haut standing – Moulay Abdelaziz,2500000.0,Tanger,Centre,200.0,5,2,12500.0,2026-05-07 14:31:06.483287
2493,CMN-AC-2063 - Appartement à vendre à Sidi Maarouf,900000.0,Casablanca,Sidi Maarouf,85.0,2,2,10588.24,2026-05-07 14:31:06.483399
2494,Appartement à vendre 188 m² à Victoria,1780000.0,Bouskoura,Victoria,188.0,3,3,9468.09,2026-05-07 14:31:06.483506
2495,CMN-AN-1875 - Appartement à vendre à Bourgogne,1500000.0,Casablanca,Bourgogne,113.0,3,1,13274.34,2026-05-07 14:31:06.483616
2496,Appartement 3 chambres 150 m² ascenseur syndic sur le Boulevard,1950000.0,Tanger,Centre Ville,150.0,3,2,13000.0,2026-05-07 14:31:06.483726
2497,Appartement à vendre 79 m² à Mohammedia,890000.0,Mohammedia,La Colline,79.0,2,2,11265.82,2026-05-07 14:31:06.483845
2498,Appartement Rez de jardin à vendre palmeraie,2500000.0,Marrakech,Palmeraie,188.0,2,2,13297.87,2026-05-07 14:31:06.483951
2499,Appartement ascenseur Syndic vue sur la rue,450000.0,Tanger,Marjane,57.0,2,1,7894.74,2026-05-07 14:31:06.484059
2500,"Appartement 3 pièces 80 m², ascenseur, syndic, 5 min Malabata",750000.0,Tanger,Tanja Balia,80.0,3,1,9375.0,2026-05-07 14:31:06.484167
2501,"Appartement 56 m², ascenseur, syndic, 5 minutes Malabata",550000.0,Tanger,Tanja Balia,56.0,2,1,9821.43,2026-05-07 14:31:06.484279
2502,Appartement 93 m² 3 chambres ascenseur syndic,750000.0,Tanger,Tanja Balia,93.0,3,2,8064.52,2026-05-07 14:31:06.484409
2503,Appartement 74 m² ascenseur syndic déclaration totale,555000.0,Tanger,Tanja Balia,74.0,2,1,7500.0,2026-05-07 14:31:06.484522
2504,Appartement meublé 76 m2 ascenseur syndic sur rue,798000.0,Tanger,Tanja Balia,76.0,2,1,10500.0,2026-05-07 14:31:06.484637
2505,Appartement 4 pièces 102 m ascenseur syndic sur rue,1070000.0,Tanger,Tanja Balia,102.0,4,1,10490.2,2026-05-07 14:31:06.484773
2506,Appartement terrasse 118 m ascenseur syndic caméras de surveillance,800000.0,Tanger,Tanja Balia,118.0,2,1,6779.66,2026-05-07 14:31:06.484894
2507,Appartement Terrasse 196 m Ascenseur Syndic Déclaration Totale,1020000.0,Tanger,Tanja Balia,196.0,2,1,5204.08,2026-05-07 14:31:06.485010
2508,Studio 70m A Lhjajma En Face Des Villas,1600000.0,Casablanca,Anfa,70.0,1,1,22857.14,2026-05-07 14:31:06.485125
2509,Vente Appartement 3 pièces de 80 m2 à Tamaris,1100000.0,Tamaris,Toute La Ville,80.0,2,1,13750.0,2026-05-07 14:31:06.485267
2510,Duplex 127m² à vendre,850000.0,El Jadida,Quartier Aérodrome,130.0,3,3,6538.46,2026-05-07 14:31:06.485380
2511,Appartement à vendre à Challaalat Ain Harrouda,360000.0,Ain Harrouda,Toute La Ville,82.0,2,1,4390.24,2026-05-07 14:31:06.485490
2512,Vente appartement façade à lotissement Doha,180000.0,Kénitra,Alliance,51.0,2,1,3529.41,2026-05-07 14:31:06.485596
2513,Appartement à vendre à Ferdaws Oulfa,520000.0,Casablanca,Oulfa,56.0,2,2,9285.71,2026-05-07 14:31:06.485702
2514,Appartement Dahomey bord de mer,760000.0,Bouznika,Autre Secteur,89.0,2,2,8539.33,2026-05-07 14:31:06.485820
2515,Appartement à vendre 81m2 habitable 55m2 balcon 26m2,1150000.0,Casablanca,Quartier Des Hôpitaux,81.0,2,1,14197.53,2026-05-07 14:31:06.485977
2633,Appartement à vendre 85 m² à Tanger,1140000.0,Tanger,Autre Secteur,85.0,2,1,13411.76,2026-05-07 14:31:06.499541
2516,CMN-MA-2470 - Appartement à vendre à Les Hôpitaux,1450000.0,Casablanca,Quartier Des Hôpitaux,117.0,3,1,12393.16,2026-05-07 14:31:06.486096
2517,Appartement à vendre 58 m² à Casablanca,800000.0,Casablanca,Quartier Des Hôpitaux,63.0,1,1,12698.41,2026-05-07 14:31:06.486209
2518,Appartement 116 m au premier étage,1270000.0,Casablanca,Belvédère,116.0,2,2,10948.28,2026-05-07 14:31:06.486322
2519,Appartement à vendre 87 m² à Kénitra,920000.0,Kénitra,Mimosas,87.0,2,2,10574.71,2026-05-07 14:31:06.486462
2520,Apparemment 5 min au centre ville,770000.0,Kénitra,Centre,117.0,3,2,6581.2,2026-05-07 14:31:06.486573
2521,Vente appartement façade lotissement Doha Kénitra,250000.0,Mehdia,Toute La Ville,54.0,2,1,4629.63,2026-05-07 14:31:06.486681
2522,Appartements haut standing à vendre,1250000.0,Kénitra,Val Fleury,115.0,3,2,10869.57,2026-05-07 14:31:06.486796
2523,Vends appartement titré,450000.0,Laâyoune,Toute La Ville,78.0,2,1,5769.23,2026-05-07 14:31:06.486910
2524,Appartement à vendre 198 m² à Marrakech,9500000.0,Marrakech,Guéliz,242.0,3,3,39256.2,2026-05-07 14:31:06.487017
2525,xxxxxxxxxxxxxx,750000.0,Saidia,Toute La Ville,80.0,2,1,9375.0,2026-05-07 14:31:06.487132
2526,appartement,11000000.0,Kénitra,Centre,103.0,3,2,106796.12,2026-05-07 14:31:06.487238
2527,Appartement à vendre à Cabo Negro – Emplacement privilégié et proche de la mer,590000.0,Martil,Toute La Ville,55.0,2,1,10727.27,2026-05-07 14:31:06.487348
2528,Studio de Luxe Meublé à vendre,1100000.0,Marrakech,Guéliz,45.0,1,1,24444.44,2026-05-07 14:31:06.487520
2529,Appartement à vendre 66m² à Kénitra,690000.0,Kénitra,Val Fleury,66.0,1,1,10454.55,2026-05-07 14:31:06.487645
2530,180997-Vente Appt à Casablanca Gauthier de 224 m²,4000000.0,Casablanca,Autre Secteur,224.0,4,3,17857.14,2026-05-07 14:31:06.487758
2531,184381-Vente Appt à Casablanca Hopitaux de 141 m²,1800000.0,Casablanca,Maarif,141.0,3,1,12765.96,2026-05-07 14:31:06.487894
2532,177685-Vente Appt à Casablanca Beauséjour de 129 m,1592889.0,Casablanca,Hay Hassani,129.0,2,3,12347.98,2026-05-07 14:31:06.488005
2533,184314-Vente Appt à Casablanca Bachkou de 106 m²,1720000.0,Casablanca,Maarif,106.0,2,2,16226.42,2026-05-07 14:31:06.488116
2534,173988-Vente Appt à Kénitra La Ville Haute de 103,975000.0,Kénitra,Maamora,103.0,3,2,9466.02,2026-05-07 14:31:06.488223
2535,Appartement à vendre 105 m² à Tanger,9500000.0,Tanger,Mesnana,105.0,3,1,90476.19,2026-05-07 14:31:06.488329
2536,Appartement à vendre 67 m² à Sidi Rahal,540000.0,Sidi Rahal,Toute La Ville,67.0,2,2,8059.7,2026-05-07 14:31:06.488439
2537,Appartement à vendre 57 m² à Sidi Rahal,460000.0,Sidi Rahal,Toute La Ville,57.0,2,1,8070.18,2026-05-07 14:31:06.488564
2538,CMN-MA-1866 - Appartement à vendre à Les princesses,1330000.0,Casablanca,Les Princesses,106.0,2,1,12547.17,2026-05-07 14:31:06.488674
2539,185628-Vente Appt à Casablanca Oulfa de 60 m²,1050000.0,Casablanca,Hay Hassani,60.0,2,2,17500.0,2026-05-07 14:31:06.488822
2540,184977-Vente Appt à Bouskoura Lahouami de 56 m²,420000.0,Bouskoura,,56.0,2,1,7500.0,2026-05-07 14:31:06.488937
2541,185374-Vente Appt à Marrakech Jnan Aourad de 53 m²,680000.0,Marrakech,Autre Secteur,53.0,2,1,12830.19,2026-05-07 14:31:06.489044
2542,185947-Vente Appt à Marrakech Izdihar de 44 m²,520000.0,Marrakech,Autre Secteur,44.0,2,1,11818.18,2026-05-07 14:31:06.489162
2543,185565-Vente Appt à Casablanca Sidi Moumen de 62 m,520000.0,Casablanca,Sidi Moumen,62.0,2,1,8387.1,2026-05-07 14:31:06.489274
2544,182691-Vente Appt à Bouskoura Parc Industriel Cfci,695000.0,Bouskoura,,70.0,2,1,9928.57,2026-05-07 14:31:06.489381
2545,184491-Vente Appt à Marrakech Rouidate - Majorelle,1200000.0,Marrakech,Autre Secteur,72.0,2,2,16666.67,2026-05-07 14:31:06.489489
2546,181353-Vente Appt à Salé Said Hajji de 67 m²,520000.0,Salé,Said Hajji,67.0,2,1,7761.19,2026-05-07 14:31:06.489601
2547,183213-Vente Appt à Bouznika Al Wouroud de 70 m²,650000.0,Bouznika,Autre Secteur,70.0,2,1,9285.71,2026-05-07 14:31:06.489707
2548,182901-Vente Appt à Casablanca Beausejour de 86 m²,1400000.0,Casablanca,Hay Hassani,86.0,2,2,16279.07,2026-05-07 14:31:06.489825
2549,184752-Vente Appt à Marrakech Semlalia de 93 m²,1540000.0,Marrakech,Semlalia,93.0,2,2,16559.14,2026-05-07 14:31:06.489938
2550,175778-Vente Appt à Marrakech M'Hamid de 81 m²,850000.0,Marrakech,M'Hamid,81.0,3,2,10493.83,2026-05-07 14:31:06.490046
2551,Magnifique appartement à vendre,980000.0,El Jadida,Quartier Aérodrome,130.0,3,2,7538.46,2026-05-07 14:31:06.490152
2552,182360-Vente Appt à Casablanca Moulay Rachid de 64,475000.0,Casablanca,Autre Secteur,64.0,2,1,7421.88,2026-05-07 14:31:06.490350
2553,185413-Vente Appt à Marrakech Gueliz de 63 m²,1220000.0,Marrakech,Autre Secteur,63.0,2,1,19365.08,2026-05-07 14:31:06.490464
2554,179880-Vente Appt à Salé Hay Chmaou de 69 m²,750000.0,Salé,Hay Chmaou,69.0,2,1,10869.57,2026-05-07 14:31:06.490577
2555,180636-Vente Appt à Casablanca Belvedere (Roches N),1550000.0,Casablanca,Roches Noires,123.0,3,2,12601.63,2026-05-07 14:31:06.490686
2556,185234-Vente Appt à Casablanca Bourgogne (Anfa),2350000.0,Casablanca,Anfa,122.0,3,1,19262.3,2026-05-07 14:31:06.490797
2557,185799-Vente Appt à Rabat El Youssoufia de 122 m²,2600000.0,Rabat,El Youssoufia,122.0,4,1,21311.48,2026-05-07 14:31:06.490904
2558,185707-Vente Appt à Rabat Menzah Rabat de 120 m²,2380000.0,Rabat,Souissi,120.0,3,2,19833.33,2026-05-07 14:31:06.491009
2559,186084-Vente Appt à Témara Nahda I de 120 m²,1000000.0,Temara,Autre Secteur,120.0,3,1,8333.33,2026-05-07 14:31:06.491134
2560,185882-Vente Appt à Nouaceur Nouaceur de 116 m²,1270000.0,Nouaceur,Toute La Ville,116.0,3,2,10948.28,2026-05-07 14:31:06.491250
2561,185903-Vente Appt à Casablanca Hopitaux de 116 m²,1850000.0,Casablanca,Maarif,116.0,3,2,15948.28,2026-05-07 14:31:06.491355
2562,181833-Vente Appt à Casablanca Roches Noires de 10,1010000.0,Casablanca,Roches Noires,103.0,2,1,9805.83,2026-05-07 14:31:06.491468
2563,184816-Vente Appt à Casablanca Roches Noires de 94,1270000.0,Casablanca,Roches Noires,94.0,2,2,13510.64,2026-05-07 14:31:06.491575
2564,183542-Vente Appt à Casablanca Val Fleuri de 102 m²,1484800.0,Casablanca,Maarif,102.0,2,1,14556.86,2026-05-07 14:31:06.491684
2565,171766-Vente Appt à Casablanca Palmier (Maarif),2250000.0,Casablanca,Maarif,114.0,2,2,19736.84,2026-05-07 14:31:06.491793
2566,185417-Vente Appt à Casablanca Oasis de 110 m²,2100000.0,Casablanca,Maarif,110.0,2,2,19090.91,2026-05-07 14:31:06.491901
2567,185813-Vente Appt à Dar Bouazza Tamaris2 de 144 m²,2390000.0,Dar Bouazza,Toute La Ville,144.0,3,2,16597.22,2026-05-07 14:31:06.492011
2568,186072-Vente Appt à Casablanca Ferme Bretonne de 1,2450000.0,Casablanca,Hay Hassani,136.0,3,2,18014.71,2026-05-07 14:31:06.492118
2569,184639-Vente Appt à Casablanca Oulfa de 131 m²,1300000.0,Casablanca,Hay Hassani,131.0,3,1,9923.66,2026-05-07 14:31:06.492229
2570,185391-Vente Appt à Casablanca Lusitania de 130 m²,1980000.0,Casablanca,Sidi Belyout,130.0,3,2,15230.77,2026-05-07 14:31:06.492340
2571,182437-Vente Appt à Casablanca Hopitaux de 167 m²,2595000.0,Casablanca,Maarif,167.0,3,2,15538.92,2026-05-07 14:31:06.492449
2572,"Appartement spacieux à vendre 95m² dans la résidence Najma, rue Moulay Rachid",720000.0,Tanger,Centre,95.0,3,1,7578.95,2026-05-07 14:31:06.492581
2634,Appartement neuf haut standing,650000.0,Dar Bouazza,Toute La Ville,66.0,2,2,9848.48,2026-05-07 14:31:06.499662
2573,183544-Vente Appt à Casablanca Ain Diab de 223 m²,3200000.0,Casablanca,Anfa,223.0,3,2,14349.78,2026-05-07 14:31:06.492693
2574,CMN-AC-2017 - Appartement à vendre à Californie,1690000.0,Casablanca,Californie,144.0,2,2,11736.11,2026-05-07 14:31:06.492803
2575,184727-Vente Appt à Casablanca Hopitaux de 245 m²,3650000.0,Casablanca,Maarif,245.0,4,3,14897.96,2026-05-07 14:31:06.492916
2576,184882-Vente Appt à Casablanca Maarif Extension,2600000.0,Casablanca,Maarif,206.0,3,3,12621.36,2026-05-07 14:31:06.493027
2577,172307-Vente Appt à Rabat Riyad de 202 m²,4750000.0,Rabat,Riyad,202.0,3,1,23514.85,2026-05-07 14:31:06.493137
2578,185814-Vente Appt à Casablanca La Gironde de 198 m,2500000.0,Casablanca,Mers Sultan,198.0,4,3,12626.26,2026-05-07 14:31:06.493241
2579,180763-Vente Appt à Casablanca Sindibad de 185 m²,4900000.0,Casablanca,Anfa,185.0,3,2,26486.49,2026-05-07 14:31:06.493351
2580,184806-Vente Appt à Casablanca Maarif de 283 m²,5200000.0,Casablanca,Maarif,283.0,3,3,18374.56,2026-05-07 14:31:06.493457
2581,Aprt a vendre oulfa EL youssra,1040000.0,Casablanca,Oulfa,100.0,3,2,10400.0,2026-05-07 14:31:06.493565
2582,appartement à sidi maarof,1000000.0,Casablanca,Sidi Maarouf,112.0,2,2,8928.57,2026-05-07 14:31:06.493676
2583,Appartement titré à vendre Résidence Halima Un 55 mètres,400000.0,Salé,Toute La Ville,55.0,2,1,7272.73,2026-05-07 14:31:06.493807
2584,Appartement à vendre à Bachir Complex,620000.0,Tanger,Moujahidine,62.0,2,2,10000.0,2026-05-07 14:31:06.493922
2585,Appartement 74 m² ascenseur syndic déclaration totale,555000.0,Tanger,Tanja Balia,74.0,2,1,7500.0,2026-05-07 14:31:06.494030
2586,Appartement titré à vendre 46 m²,280000.0,Salé,Sidi Moussa,46.0,1,1,6086.96,2026-05-07 14:31:06.494145
2587,شقة مميزة ذات واجهتين للبيع,650000.0,Tanger,Autre Secteur,80.0,3,1,8125.0,2026-05-07 14:31:06.494268
2588,Appartement à vendre 95 m² à El Mansouria,1100000.0,El Mansouria,Toute La Ville,95.0,2,2,11578.95,2026-05-07 14:31:06.494383
2589,Appartement à vendre 55 m² à Tanger avec piscine,350000.0,Tanger,La Nouvelle Ville Ibn Battouta,55.0,2,1,6363.64,2026-05-07 14:31:06.494496
2590,Appartement bien situé,430000.0,El Jadida,Autre Secteur,76.0,2,1,5657.89,2026-05-07 14:31:06.494604
2591,CMN-AC-1971 - Appartement à vendre à Sidi Maarouf,770000.0,Casablanca,Sidi Maarouf,72.0,2,1,10694.44,2026-05-07 14:31:06.494724
2592,Appartement à vendre 50 m² à Salé,260000.0,Salé,Bab Sebta,50.0,2,1,5200.0,2026-05-07 14:31:06.494865
2593,Appart - AL BASMA A.S,425000.0,Casablanca,Ain Sebaa,55.0,2,2,7727.27,2026-05-07 14:31:06.494973
2594,appartement a vendre meuble,600000.0,Marrakech,Route De Casablanca,52.0,2,1,11538.46,2026-05-07 14:31:06.495080
2595,Appartement à vendre 110 m² à Agadir Marina,2950000.0,Agadir,Marina,110.0,2,2,26818.18,2026-05-07 14:31:06.495195
2596,CMN-MA-2450 - Appartement à vendre à Bd Anoual,1800000.0,Casablanca,Autre Secteur,114.0,3,2,15789.47,2026-05-07 14:31:06.495306
2597,CMN-MA-2188 - Appartement à vendre à Racine,1680000.0,Casablanca,Racine,144.0,3,1,11666.67,2026-05-07 14:31:06.495419
2598,CMN-ME-1690 - Appartement à vendre à 2 Mars,1700000.0,Casablanca,2 Mars,85.0,2,2,20000.0,2026-05-07 14:31:06.495528
2599,Appartement à vendre 78 m² à Temara,849000.0,Temara,Centre Ville,78.0,2,2,10884.62,2026-05-07 14:31:06.495637
2600,Appartement à vendre à la Palmeraie à Marrakech,2300000.0,Marrakech,Palmeraie,134.0,2,2,17164.18,2026-05-07 14:31:06.495753
2601,Appartement à vendre Touhid Rahma,250000.0,Casablanca,Errahma,51.0,2,1,4901.96,2026-05-07 14:31:06.495866
2602,Appartement de propriété adliya,390000.0,Tétouan,Autre Secteur,100.0,3,2,3900.0,2026-05-07 14:31:06.495974
2603,Appartement à vendre à Jnan Awrad Marrakech,1350000.0,Marrakech,Route De Casablanca,75.0,2,2,18000.0,2026-05-07 14:31:06.496096
2604,Appartement à vendre 84 m² à Tanger,2500000.0,Tanger,Tanger City Center,84.0,2,1,29761.9,2026-05-07 14:31:06.496209
2605,appartement à vendre,550000.0,Casablanca,Autre Secteur,56.0,2,1,9821.43,2026-05-07 14:31:06.496314
2606,"Appartement à vendre à Bouznika à un prix raisonnable, adresse Riad El Mountassir",290000.0,Bouznika,Autre Secteur,60.0,2,1,4833.33,2026-05-07 14:31:06.496505
2607,Appartement balnéaire 96 m² à El Mansouria,920000.0,El Mansouria,Toute La Ville,96.0,1,1,9583.33,2026-05-07 14:31:06.496628
2608,Appartement à vendre 86 m² au cœur de Bourgogne,800000.0,Casablanca,Bourgogne,86.0,2,1,9302.33,2026-05-07 14:31:06.496738
2609,Spacieux appartement à vendre meublé,1350000.0,Marrakech,Victor Hugo,54.0,1,1,25000.0,2026-05-07 14:31:06.496855
2610,Nouvel appartement équipé à vendre quartier Mansour,500000.0,Meknès,Autre Secteur,82.0,2,2,6097.56,2026-05-07 14:31:06.496964
2611,"🌊 appartement vue mer en face, sans vis-à-vis",1600000.0,Agadir,Anza,80.0,2,2,20000.0,2026-05-07 14:31:06.497077
2612,Appartement à vendre 89 m² à Benslimane,700000.0,Benslimane,Autre Secteur,100.0,2,1,7000.0,2026-05-07 14:31:06.497185
2613,"Appartement à Hay Saada 1, Fès",390000.0,Fès,Hay Saada,62.0,1,1,6290.32,2026-05-07 14:31:06.497302
2614,Joli Appartement à vendre,1150000.0,Casablanca,Maarif,90.0,3,2,12777.78,2026-05-07 14:31:06.497408
2615,Appartement à vendre 60m² - Salé (Route de Kénitra),420000.0,Salé,Toute La Ville,60.0,2,1,7000.0,2026-05-07 14:31:06.497516
2616,Appartement à vendre 76 m² à Salé,630000.0,Salé,Said Hajji,76.0,2,1,8289.47,2026-05-07 14:31:06.497647
2617,Maison à vendre à Mohammedia Al Andalous,430000.0,Mohammedia,Autre Secteur,64.0,3,2,6718.75,2026-05-07 14:31:06.497754
2618,Appartement à vendre à Hay Riad,5400000.0,Rabat,Hay Riad,326.0,4,4,16564.42,2026-05-07 14:31:06.497874
2619,appartement à vendre,2450000.0,Tanger,Malabata,93.0,1,2,26344.09,2026-05-07 14:31:06.497988
2620,Appartement meublé Martil,850000.0,Martil,Toute La Ville,76.0,2,2,11184.21,2026-05-07 14:31:06.498099
2621,Super Appart à Marina Golf Asilah,780000.0,Asilah,Toute La Ville,69.0,1,1,11304.35,2026-05-07 14:31:06.498211
2622,Appartement à vendre 58 m² à Casablanca,400000.0,Casablanca,Sidi Moumen,58.0,2,1,6896.55,2026-05-07 14:31:06.498326
2623,Bel appartement 2 chambres sur résidence piscine,2100000.0,Marrakech,Guéliz,95.0,2,2,22105.26,2026-05-07 14:31:06.498440
2624,Superbe duplex à vendre centre ville,2800000.0,Tanger,Centre Ville,170.0,3,3,16470.59,2026-05-07 14:31:06.498552
2625,Appartement avec locaux commerciaux à vendre,2000000.0,Marrakech,Route D'Ourika,100.0,3,1,20000.0,2026-05-07 14:31:06.498661
2626,Studios Neuf 36m à 38m Quartiers Des Hôpitaux,820000.0,Casablanca,2 Mars,36.0,1,1,22777.78,2026-05-07 14:31:06.498770
2627,appartement,480000.0,Meknès,El Bassatine,95.0,3,1,5052.63,2026-05-07 14:31:06.498880
2628,Studio 43m Haut de Gamme Proche Tram,1000000.0,Casablanca,2 Mars,43.0,1,1,23255.81,2026-05-07 14:31:06.498986
2629,Appartement à vendre 105 m² à Agadir,1380000.0,Agadir,Hay Salam,105.0,3,2,13142.86,2026-05-07 14:31:06.499092
2630,Appartement à vendre 70 m² - Hay Chrifa,900000.0,Casablanca,Hay Chrifa,70.0,2,1,12857.14,2026-05-07 14:31:06.499203
2631,Appartement 80 m² 3 chambres ascenseur syndic 3 minutes Malabata,750000.0,Tanger,Tanja Balia,80.0,3,1,9375.0,2026-05-07 14:31:06.499314
2632,"Appartement meublé 76m², ascenseur, syndic, sur la rue",760000.0,Tanger,Tanja Balia,76.0,2,1,10000.0,2026-05-07 14:31:06.499428
2635,Appartement à vendre 57 m² HAY HAMZA SIDI MAAROUF,560000.0,Casablanca,Sidi Maarouf,57.0,2,1,9824.56,2026-05-07 14:31:06.499771
2636,Appartement à vendre à Ain Sebaa El Fadl ensoleillé toute la journée,420000.0,Casablanca,Ain Sebaa,74.0,2,1,5675.68,2026-05-07 14:31:06.499888
2637,Appartement à vendre 62 m² à SIDI RHHALE,450000.0,Casablanca,Route D'Azemmour,62.0,2,1,7258.06,2026-05-07 14:31:06.500005
2638,"Appartement 56 m², ascenseur, syndic, 5 minutes de Malabata",550000.0,Tanger,Tanja Balia,56.0,2,1,9821.43,2026-05-07 14:31:06.500113
2639,Appartement 74 m ascenseur syndic balcon,592000.0,Tanger,Tanja Balia,74.0,2,1,8000.0,2026-05-07 14:31:06.500263
2640,Appartement 4 pièces 102 m² ascenseur syndic sur rue,1070000.0,Tanger,Tanja Balia,102.0,4,2,10490.2,2026-05-07 14:31:06.500402
2641,ATIK SIGNATURE,931000.0,Marrakech,M'Hamid,106.0,3,3,8783.02,2026-05-07 14:31:06.500521
2642,"Appartement terrasse 118 m², ascenseur, syndic, caméras de surveillance",800000.0,Tanger,Tanja Balia,118.0,2,1,6779.66,2026-05-07 14:31:06.500630
2643,Appartement à vendre 64 m² à Bouznika,1250000.0,Bouznika,Plage Oued Cherrat,83.0,2,2,15060.24,2026-05-07 14:31:06.500746
2644,"Appartement terrasse 196 m², ascenseur, syndic, déclaration totale",1020000.0,Tanger,Tanja Balia,118.0,2,1,8644.07,2026-05-07 14:31:06.500863
2645,Appartement Hôpitaux,2250000.0,Casablanca,Quartier Des Hôpitaux,144.0,3,2,15625.0,2026-05-07 14:31:06.500999
2646,Appartement 600000 dh à Mdiq,600000.0,Mdiq,Toute La Ville,48.0,2,1,12500.0,2026-05-07 14:31:06.501111
2647,Appartement sarout bas de porte à vendre 127 m²,450000.0,Casablanca,Autre Secteur,110.0,3,1,4090.91,2026-05-07 14:31:06.501219
2648,Appartement 114m2 avenue 9 avril Tétouan,1350000.0,Tétouan,Autre Secteur,114.0,3,2,11842.11,2026-05-07 14:31:06.501336
2649,Appartement à vendre 80 m² à Tanger,1150000.0,Tanger,Hay Hassani,80.0,2,1,14375.0,2026-05-07 14:31:06.501485
2650,appartement hay hassani,1600000.0,Casablanca,Hay Hassani,145.0,3,1,11034.48,2026-05-07 14:31:06.501598
2651,"Appartement à vendre au quatrième étage, excellent emplacement",380000.0,Bouznika,Autre Secteur,56.0,2,1,6785.71,2026-05-07 14:31:06.501709
2652,Studio de 59m² à vendre à Ain Sebaa,620000.0,Casablanca,Ain Sebaa,59.0,1,1,10508.47,2026-05-07 14:31:06.501834
2653,Appartement à vendre 52 m² à Casablanca,420000.0,Casablanca,Ain Sebaa,52.0,2,1,8076.92,2026-05-07 14:31:06.501944
2654,Appartement à vendre 64 m² à Tanger,720000.0,Tanger,Autre Secteur,64.0,2,1,11250.0,2026-05-07 14:31:06.502057
2655,Bel appartement à vendre,560000.0,Kénitra,Alliance,70.0,3,2,8000.0,2026-05-07 14:31:06.502177
2656,Appartement 90 m² - Résidence Sophia,1450000.0,Marrakech,Centre Ville,90.0,2,1,16111.11,2026-05-07 14:31:06.502286
2657,Appartement avec deux façades près de la sûreté et de la formation professionnelle,300000.0,Meknès,Autre Secteur,67.0,2,1,4477.61,2026-05-07 14:31:06.502402
2658,appartement,330000.0,Saidia,Toute La Ville,54.0,2,1,6111.11,2026-05-07 14:31:06.502523
2659,Appartement À vendre à Témara Wifak 87m²,1450000.0,Temara,Wifak,87.0,2,2,16666.67,2026-05-07 14:31:06.502632
2660,Appartement de luxe à vendre vue mer,2340000.0,Tanger,Tanger City Center,72.0,2,2,32500.0,2026-05-07 14:31:06.502738
2661,Superbe appartement à vendre,1100000.0,Kénitra,Val Fleury,145.0,2,2,7586.21,2026-05-07 14:31:06.502885
2662,Hay Salam Tranche 1 N° 16 Settat,350000.0,Settat,Hay Salam,45.0,2,1,7777.78,2026-05-07 14:31:06.503115
2663,Appartement à vendre 93 m² à Sidi Rahal,1200000.0,Sidi Rahal,Toute La Ville,93.0,2,2,12903.23,2026-05-07 14:31:06.503225
2664,Appartement à vendre 85 m²,1350000.0,Casablanca,2 Mars,80.0,2,2,16875.0,2026-05-07 14:31:06.503333
2665,Appartement lumineux proche de la nouvelle gare Tanger,440000.0,Tanger,Hay Hassani,56.0,2,1,7857.14,2026-05-07 14:31:06.503448
2666,Appartement à vendre 68 m² à Bayti 3,680000.0,Salé,Sala El Jadida,68.0,2,2,10000.0,2026-05-07 14:31:06.503560
2667,"Appartement titré à vendre 132m² - Rue du Caire, Tétouan",1100000.0,Tétouan,Safir,132.0,3,2,8333.33,2026-05-07 14:31:06.503670
2668,Appartement à Vendre Neuf 95m²,950000.0,Casablanca,Roches Noires,100.0,2,2,9500.0,2026-05-07 14:31:06.503776
2669,Appartement à vendre 88 m² à Marrakech,680000.0,Marrakech,Azzouzia,88.0,2,1,7727.27,2026-05-07 14:31:06.503914
2670,Appartement moderne avec vue ensoleillée à vendre à Jnane Znata,840000.0,Ain Harrouda,Toute La Ville,283.0,2,2,2968.2,2026-05-07 14:31:06.504064
2671,Appartement à vendre 75 m² à Salé,4700000.0,Salé,Abouab Sala,75.0,1,1,62666.67,2026-05-07 14:31:06.504194
2672,Appartement de Luxe 2 Pièces à Prestigia Jade,2400000.0,Marrakech,Bouaakkaz,75.0,2,2,32000.0,2026-05-07 14:31:06.504323
2673,Appartement avec piscine à vendre,480000.0,Oued Laou,Toute La Ville,68.0,2,1,7058.82,2026-05-07 14:31:06.504470
2674,"Appartement à vendre, Douar Lahna, Bab Marrakech, 64 m², double façade",420000.0,Marrakech,Les Portes De Marrakech,68.0,2,1,6176.47,2026-05-07 14:31:06.504631
2675,Studio 57m Meublé A Palmier,1150000.0,Casablanca,Palmier,57.0,1,1,20175.44,2026-05-07 14:31:06.504763
2676,Vente Appartement 4 pièces de 126 m2 à Casablanca,1800000.0,Casablanca,Gauthier,126.0,3,1,14285.71,2026-05-07 14:31:06.504902
2677,Appartement à vendre 60 m² à Mohammedia,350000.0,Mohammedia,Nassim,60.0,2,1,5833.33,2026-05-07 14:31:06.505036
2678,APPART 3CH – 118 m² plus 12 m² de parking à Palmier,2260000.0,Casablanca,Maarif,118.0,3,1,19152.54,2026-05-07 14:31:06.505199
2679,Appartement à vendre 57 m² à Sidi Rahal,460000.0,Sidi Rahal,Toute La Ville,57.0,2,1,8070.18,2026-05-07 14:31:06.505330
2680,bienvenue tout le monde,650000.0,Casablanca,Sidi Moumen,48.0,2,1,13541.67,2026-05-07 14:31:06.505463
2681,Appartement à vendre 67 m² à Sidi Rahal,540000.0,Sidi Rahal,Toute La Ville,67.0,2,2,8059.7,2026-05-07 14:31:06.505589
2682,"Al Oulfa, Farah Salam",340000.0,Casablanca,Oulfa,50.0,2,1,6800.0,2026-05-07 14:31:06.505721
2683,Appartement à vendre 70 m² à Mohammedia,490000.0,Mohammedia,Autre Secteur,70.0,2,1,7000.0,2026-05-07 14:31:06.505854
2684,"Appartement à vendre à très bon prix à Moujahidine, résidence Bel Bachir, rue principale",480000.0,Tanger,Moujahidine,55.0,2,1,8727.27,2026-05-07 14:31:06.506015
2685,Appartement à vendre 56 m² à El Jadida,320000.0,El Jadida,Autre Secteur,52.0,2,1,6153.85,2026-05-07 14:31:06.506158
2686,Appartement à ne pas rater,450000.0,Chefchaouen,Toute La Ville,82.0,3,1,5487.8,2026-05-07 14:31:06.506299
2687,Appartement 75m2 sur la corniche Airbnb,1100000.0,Tanger,Malabata,75.0,2,1,14666.67,2026-05-07 14:31:06.506427
2688,Excellent appartement,670000.0,Meknès,Autre Secteur,96.0,3,2,6979.17,2026-05-07 14:31:06.506560
2689,Appartement neuf meublé Agadir,640000.0,Agadir,Tassila,46.0,2,1,13913.04,2026-05-07 14:31:06.506695
2690,Duplex à vendre à Guynemer,2500000.0,Casablanca,Route D'El Jadida,126.0,3,2,19841.27,2026-05-07 14:31:06.506830
2691,Appartement terrasse 3 chambres balcon ascenseur syndic sur la rue,1156000.0,Tanger,Tanja Balia,136.0,3,2,8500.0,2026-05-07 14:31:06.506984
2692,"Appartement meublé de 76 m², ascenseur, syndic, sur la rue",798000.0,Tanger,Tanja Balia,76.0,2,1,10500.0,2026-05-07 14:31:06.507123
2693,Appartement à vendre 56 m² à Sidi Rehal,370000.0,Casablanca,Sidi Belyout,56.0,2,2,6607.14,2026-05-07 14:31:06.507260
2694,Appartement 4 pièces 102 m² ascenseur syndic sur rue,1070000.0,Tanger,Tanja Balia,102.0,4,2,10490.2,2026-05-07 14:31:06.507391
2695,Appartement à vendre 160 m² à Tanger Moulay Ismail,2500000.0,Tanger,Centre Ville,160.0,3,2,15625.0,2026-05-07 14:31:06.507532
2696,"Appartement 93 m², ascenseur, syndic, 3 chambres",750000.0,Tanger,Tanja Balia,93.0,3,2,8064.52,2026-05-07 14:31:06.507669
2697,"Appartement terrasse 118 m², ascenseur, syndic, à 3 minutes de la gare",800000.0,Tanger,Tanja Balia,118.0,2,1,6779.66,2026-05-07 14:31:06.507828
2698,"Appartement avec terrasse 196 m², ascenseur, syndic, déclaration totale",1020000.0,Tanger,Tanja Balia,196.0,2,1,5204.08,2026-05-07 14:31:06.507972
2699,Appartement à vendre à Tajzi'at Al Fadl,400000.0,Casablanca,Hay Moulay Rachid,57.0,2,1,7017.54,2026-05-07 14:31:06.508110
2700,Appartement à vendre 55 m² à Casablanca,520000.0,Casablanca,Aïn Chock,55.0,2,1,9454.55,2026-05-07 14:31:06.508366
2701,Bel appartement à Wifaq,1750000.0,Temara,Wifak,103.0,3,2,16990.29,2026-05-07 14:31:06.508529
2702,Appartement à vendre 105 m² à El Mansouria,1300000.0,El Mansouria,Toute La Ville,109.0,2,2,11926.61,2026-05-07 14:31:06.508673
2703,Appartement rénové neuf à la Gironde,940000.0,Casablanca,La Gironde,80.0,2,2,11750.0,2026-05-07 14:31:06.508830
2704,Appartement à vendre 84 m² à Tanger,2350000.0,Tanger,Centre Ville,84.0,2,2,27976.19,2026-05-07 14:31:06.508960
2705,Appartement meublé à vendre 79 m² à Tanger,1890000.0,Tanger,Centre Ville,79.0,2,2,23924.05,2026-05-07 14:31:06.509098
2706,Appartement à vendre,300000.0,Béni Yakhlef,Toute La Ville,56.0,2,1,5357.14,2026-05-07 14:31:06.509231
2707,Joli appartement à vendre,590000.0,Had Soualem,Toute La Ville,100.0,3,2,5900.0,2026-05-07 14:31:06.509357
2708,Appartements à vendre bas Agdal,1500000.0,Rabat,Agdal,117.0,3,1,12820.51,2026-05-07 14:31:06.509517
2709,Appartement à vendre 57 m² à Tanger,1500000.0,Tanger,Malabata,57.0,2,1,26315.79,2026-05-07 14:31:06.509659
2710,"Kénitra : Beau appartement meublé à vendre, propre et prêt",570000.0,Kénitra,Seyad,90.0,2,1,6333.33,2026-05-07 14:31:06.509855
2711,Appartement 62 m2 résidence Mekka sécurisée,560000.0,Mohammedia,Hay Saada,62.0,2,1,9032.26,2026-05-07 14:31:06.509989
2712,STUDIO MAGNIFIQUE À SAISIR,1350000.0,Casablanca,Riviera,48.0,1,1,28125.0,2026-05-07 14:31:06.510118
2713,Appartement à vendre 91 m² à Marrakech,1400000.0,Marrakech,Route De Casablanca,91.0,2,2,15384.62,2026-05-07 14:31:06.510246
2714,"Appartement à vendre, résidence Firdaous, premier étage",530000.0,Casablanca,Oulfa,53.0,2,2,10000.0,2026-05-07 14:31:06.510382
2715,Appartement à vendre 99 m² à Bouznika,940000.0,Bouznika,Autre Secteur,99.0,2,2,9494.95,2026-05-07 14:31:06.510519
2716,Appartement à vendre 80 m² à Ksar el-Kebir,330000.0,Ksar El-Kebir,Toute La Ville,80.0,2,2,4125.0,2026-05-07 14:31:06.510661
2717,Appartement 2ème étage Azzouzziya Bab Asfi,340000.0,Marrakech,Azzouzia,54.0,2,1,6296.3,2026-05-07 14:31:06.510798
2718,Appartement Bachkou à vendre,600000.0,Casablanca,Bachkou,58.0,2,1,10344.83,2026-05-07 14:31:06.510928
2719,Appartement à vendre Casablanca belvédère,970000.0,Casablanca,Belvédère,67.0,2,2,14477.61,2026-05-07 14:31:06.511057
2720,Appartement à vendre 89 m² à Casablanca,1800000.0,Casablanca,Maarif,89.0,3,2,20224.72,2026-05-07 14:31:06.511190
2721,Appartement à vendre 89 m² à Casablanca,820000.0,Casablanca,Hay Al Amal,89.0,3,1,9213.48,2026-05-07 14:31:06.511324
2722,Appartement à vendre 167 m² à Fès,890000.0,Fès,Agdal,167.0,3,2,5329.34,2026-05-07 14:31:06.511452
2723,"Appartement 106 m², 3 chambres, garage, ascenseur, piscine, Tanger Baliya",1378000.0,Tanger,Centre Ville,106.0,3,2,13000.0,2026-05-07 14:31:06.511588
2724,Appartement à vendre 60 m² à Kénitra,5600000.0,Kénitra,Alliance,70.0,2,1,80000.0,2026-05-07 14:31:06.511724
2725,Appartement à vendre 75 m² à Kénitra 51 million,580000.0,Kénitra,Alliance,85.0,2,2,6823.53,2026-05-07 14:31:06.511864
2726,"Appartement 3 chambres, 3 salles de bain, ascenseur, syndic, garage, déclaration totale",2325000.0,Tanger,Centre Ville,150.0,3,2,15500.0,2026-05-07 14:31:06.512001
2727,Appartement à vendre à Msannat Golf,620000.0,Tanger,Mesnana,56.0,2,1,11071.43,2026-05-07 14:31:06.512135
2728,Appartement 3 chambres 150 m² ascenseur syndic sur le boulevard,1950000.0,Tanger,Centre Ville,150.0,3,2,13000.0,2026-05-07 14:31:06.512264
2729,"Excellent emplacement, R'bana Aya",72000000.0,Martil,Toute La Ville,70.0,2,2,1028571.43,2026-05-07 14:31:06.512440
2730,Appartements de luxe à vendre avec soutien,800000.0,Berkane,Toute La Ville,130.0,2,1,6153.85,2026-05-07 14:31:06.512592
2731,"Appartement 56 m², ascenseur, syndic, 5 minutes de Malabata",550000.0,Tanger,Tanja Balia,56.0,2,1,9821.43,2026-05-07 14:31:06.512722
2732,Appartement meublé à vendre 70 m² à Mohammedia,490000.0,Mohammedia,Autre Secteur,70.0,3,2,7000.0,2026-05-07 14:31:06.512871
2733,CABINET MÉDICAL OU COMMERCE À VENDRE,650000.0,Tamesna,Toute La Ville,85.0,3,1,7647.06,2026-05-07 14:31:06.513013
2734,appartement 3 chambres ascenseur l'aide l'état,876000.0,Tanger,Marjane,73.0,3,2,12000.0,2026-05-07 14:31:06.513143
2735,Appartement à vendre 40 m² à Wifaq,480000.0,Temara,Wifak,40.0,1,1,12000.0,2026-05-07 14:31:06.513273
2736,"Appartement 74 m², garage, ascenseur, balcon, aide de l'État",740000.0,Tanger,Marjane,74.0,2,2,10000.0,2026-05-07 14:31:06.513406
2737,"Appartement 120 m², garage, ascenseur, balcon sur la rue principale",1020000.0,Tanger,Marjane,120.0,4,2,8500.0,2026-05-07 14:31:06.513540
2738,Appartement ascenseur balcon vue sur la rue,450000.0,Tanger,Marjane,57.0,2,1,7894.74,2026-05-07 14:31:06.513672
2739,Appartement 3 chambres 80 mètres ascenseur syndic 5 minutes Malabata,750000.0,Tanger,Tanja Balia,80.0,3,1,9375.0,2026-05-07 14:31:06.513812
2740,"Appartement meublé de 76m², ascenseur syndic, sur rue",760000.0,Tanger,Tanja Balia,76.0,2,1,10000.0,2026-05-07 14:31:06.513953
2741,Appartement 3 chambres 93 m ascenseur syndic balcon,750000.0,Tanger,Tanja Balia,93.0,2,2,8064.52,2026-05-07 14:31:06.514119
2742,Appartement 4 pièces 102 m ascenseur syndic sur la rue,1070000.0,Tanger,Tanja Balia,102.0,4,2,10490.2,2026-05-07 14:31:06.514256
2743,"Appartement terrasse 196 m², ascenseur, syndic, déclaration totale",1020000.0,Tanger,Tanja Balia,196.0,2,1,5204.08,2026-05-07 14:31:06.514398
2744,Appartement excellent 64 mètres avec soutien financier,520000.0,Marrakech,Autre Secteur,64.0,2,1,8125.0,2026-05-07 14:31:06.514539
2745,Appartement à vendre à Roche Noire,740000.0,Casablanca,Roches Noires,76.0,2,2,9736.84,2026-05-07 14:31:06.514677
2746,Appartement meublé à vendre à côté de l'hôtel Hilton,1650000.0,Tanger,Tanger City Center,110.0,2,2,15000.0,2026-05-07 14:31:06.514817
2747,Appartement à vendre 54 m² à Mohammedia,370000.0,Mohammedia,Autre Secteur,54.0,2,1,6851.85,2026-05-07 14:31:06.514949
2748,Appartement à vendre à Haye Izdehar,1180000.0,Marrakech,Hay Izdihar,86.0,2,2,13720.93,2026-05-07 14:31:06.515103
2749,Appartement à vendre El Mansouria,1000000.0,El Mansouria,Toute La Ville,100.0,2,2,10000.0,2026-05-07 14:31:06.515240
2750,"Quartier Al Qods, Bernoussi",640000.0,Casablanca,Al Qods,71.0,2,1,9014.08,2026-05-07 14:31:06.515371
2751,Appartement titré à vendre 80m² Avenue Hassan II - Tétouan,720000.0,Tétouan,El Ensanche,80.0,2,1,9000.0,2026-05-07 14:31:06.515495
2752,Appartement titré à vendre à Khandak Zerbouh,440000.0,Tétouan,Al Azhar,75.0,2,1,5866.67,2026-05-07 14:31:06.515619
2753,"Appt bien rénové, meublée à vendre 50 m² à Agadir",620000.0,Agadir,Autre Secteur,50.0,2,1,12400.0,2026-05-07 14:31:06.515742
2754,Appartement à vendre,370000.0,Fès,Route Ain Chkaf,88.0,3,1,4204.55,2026-05-07 14:31:06.515881
2755,Appartement meublé à vendre 70 m² à Ain Sebaa Casa,850000.0,Casablanca,Ain Sebaa,70.0,2,1,12142.86,2026-05-07 14:31:06.516012
2756,Appartement à vendre,380000.0,Mohammedia,Nassim,58.0,2,1,6551.72,2026-05-07 14:31:06.516150
2757,Appartement avec escalier séparé à vendre,940000.0,El Jadida,Autre Secteur,140.0,3,3,6714.29,2026-05-07 14:31:06.516275
2758,appartement à vendre,400000.0,Casablanca,Oulfa,50.0,2,1,8000.0,2026-05-07 14:31:06.516431
2759,Résidence Saada2 Agadir Hay Mohamdi,520000.0,Agadir,Hay Mohammadi,47.0,2,1,11063.83,2026-05-07 14:31:06.516561
2760,Appartement à vendre 51 m² à Tanger,450000.0,Tanger,Mesnana,51.0,2,1,8823.53,2026-05-07 14:31:06.516687
2761,Appartement à vendre ou à louer meublé,550000.0,Meknès,El Bassatine,90.0,3,1,6111.11,2026-05-07 14:31:06.516819
2762,Appartement à vendre 72 m² à Berrechid,420000.0,Berrechid,Toute La Ville,72.0,2,2,5833.33,2026-05-07 14:31:06.516946
2763,Appartement à vendre 72 m² à Berrechid,420000.0,Berrechid,Toute La Ville,72.0,2,2,5833.33,2026-05-07 14:31:06.517078
2764,Appartement 2 chambres à vendre à Oulfa,900000.0,Casablanca,Oulfa,80.0,2,2,11250.0,2026-05-07 14:31:06.517210
2765,Appartement à vendre Iqamat Nakhil Mohammedia,330000.0,Mohammedia,El Alia,54.0,2,1,6111.11,2026-05-07 14:31:06.517338
2766,3 appartements,480000.0,Agadir,Autre Secteur,150.0,2,1,3200.0,2026-05-07 14:31:06.517461
2767,Appartement à vendre à Had Soualem,310000.0,Had Soualem,Toute La Ville,54.0,2,2,5740.74,2026-05-07 14:31:06.517592
2768,Studio de luxe,480000.0,Tanger,Aviation,38.0,1,1,12631.58,2026-05-07 14:31:06.517720
2769,Appartement à vendre 3ème étage près hay najd,250000.0,El Jadida,Autre Secteur,60.0,2,1,4166.67,2026-05-07 14:31:06.517851
2770,Appartement à vendre,790000.0,Kénitra,Ouled Oujih,110.0,3,2,7181.82,2026-05-07 14:31:06.517992
2771,Appartement Ain Sebaa El Amene 2 . 64 m,420000.0,Casablanca,Ain Sebaa,64.0,2,1,6562.5,2026-05-07 14:31:06.518123
2772,Appartement à vendre 59 m² à Temara,499999.0,Temara,Autre Secteur,62.0,2,2,8064.5,2026-05-07 14:31:06.518387
2773,Vente Appartement meublé,1530000.0,Tanger,Centre Ville,82.0,2,1,18658.54,2026-05-07 14:31:06.518523
2774,appartement à vendre,460000.0,Casablanca,Hay Moulay Rachid,59.0,2,1,7796.61,2026-05-07 14:31:06.518646
2775,Bel Appartement à vendre à MARINA Casablanca,3810000.0,Casablanca,Marina,172.0,2,2,22151.16,2026-05-07 14:31:06.518770
2776,Appartement à vendre à Temara,430000.0,Temara,Fath El Kheir,50.0,2,1,8600.0,2026-05-07 14:31:06.518926
2777,Appartements à vendre 71 m² à Bouskoura,420000.0,Bouskoura,Bouskoura Centre,71.0,2,1,5915.49,2026-05-07 14:31:06.519054
2778,APPARTEMENT MEUBLÉ HAUT STANDING -VERT MARINE GH1-,2370000.0,Dar Bouazza,Toute La Ville,145.0,2,2,16344.83,2026-05-11 20:49:52.416518
2779,Appartement à vendre 66 m² à Kénitra,300000.0,Kénitra,Bir Rami,66.0,2,1,4545.45,2026-05-11 20:49:52.452203
2780,Appartement à vendre 50 m² à Dar Bouazza,360000.0,Dar Bouazza,Toute La Ville,50.0,2,1,7200.0,2026-05-11 20:49:52.453319
2781,Appartement à vendre 59 m² à Mohammedia,650000.0,Mohammedia,Autre Secteur,59.0,2,1,11016.95,2026-05-11 20:49:52.456225
2782,À VENDRE Magnifique Rez-de-Jardin Orangeraie de Souissi,5500000.0,Rabat,Souissi,225.0,3,3,24444.44,2026-05-11 20:49:52.457225
2783,Appartements de luxe à vendre Camélia,620000.0,Meknès,Autre Secteur,120.0,3,3,5166.67,2026-05-11 20:49:52.457394
2784,Appartement à vendre 60 m² à Tanger,38000000.0,Tanger,Ziatene,60.0,2,1,633333.33,2026-05-11 20:49:52.458424
2785,Appartement à vendre 52 m² à Bouznika,350000.0,Bouznika,Autre Secteur,52.0,2,1,6730.77,2026-05-11 20:49:52.458526
2786,"Appartement neuf, climatisation centralisé",1290000.0,Marrakech,Guéliz,87.0,2,2,14827.59,2026-05-11 20:49:52.458968
2787,"Super emplacement, neuf, Livraison dans 2 mois",1190000.0,Marrakech,Guéliz,69.0,2,2,17246.38,2026-05-11 20:49:52.459055
2788,"Appartement 93 m², 3 chambres, ascenseur, syndic, 4 minutes de la gare",744000.0,Tanger,Tanja Balia,93.0,3,1,8000.0,2026-05-11 20:49:52.459547
2789,Appartement à vendre 60 m² à Mohammedia,280000.0,Mohammedia,Autre Secteur,60.0,2,1,4666.67,2026-05-11 20:49:52.459857
2790,Studio à Vendre,1350000.0,Marrakech,Av Mohammed Vi,77.0,1,1,17532.47,2026-05-11 20:49:52.460214
2791,Appartement meublé résidence kettani,350000.0,Bouznika,Autre Secteur,52.0,2,1,6730.77,2026-05-11 20:49:52.460578
2792,Appartement à vendre à Salé Al Jadida,550000.0,Salé,Sala El Jadida,70.0,2,2,7857.14,2026-05-11 20:49:52.460761
2793,Appartement à vendre,420000.0,Casablanca,Sidi Moumen,55.0,2,2,7636.36,2026-05-11 20:49:52.461027
2794,Appartement à vendre 57 m² à Bouskoura,350000.0,Bouskoura,Bouskoura Centre,57.0,2,1,6140.35,2026-05-11 20:49:52.461113
2795,Appt meublé à Oasis à vendre 105m²,1850000.0,Casablanca,Oasis,105.0,2,2,17619.05,2026-05-11 20:49:52.461199
2796,Appartement à vendre 132 m² à Kénitra,1250000.0,Kénitra,La Ville Haute,147.0,3,3,8503.4,2026-05-11 20:49:52.461650
2797,Appartement à vendre 86 m² à Hay inara 1 Casa,880000.0,Casablanca,Hay Inara,86.0,2,1,10232.56,2026-05-11 20:49:52.461736
2798,JOLI APPART EN FACE LA GARE AIN SEBAA 58/M RDC,600000.0,Casablanca,Ain Sebaa,58.0,2,1,10344.83,2026-05-11 20:49:52.462785
2799,Appartement calme avec terrasse,1150000.0,Casablanca,Aïn Chock,96.0,3,1,11979.17,2026-05-11 20:49:52.462874
2800,Appartement à vendre 95 m² à Casablanca,1350000.0,Casablanca,Quartier Des Hôpitaux,95.0,2,2,14210.53,2026-05-11 20:49:52.462986
2801,Studio à vendre 38 m² à Casablanca,950000.0,Casablanca,Franceville,38.0,1,1,25000.0,2026-05-11 20:49:52.463739
2802,Vente Appartement de 106 m2 à Casablanca,1690000.0,Casablanca,Californie,106.0,3,2,15943.4,2026-05-11 20:49:52.464012
2803,Vente Appartement 3 pièces de 86 m2 à Tamaris,1300000.0,Tamaris,Toute La Ville,86.0,2,2,15116.28,2026-05-11 20:49:52.464102
2804,appartement a vendre,700000.0,Agadir,El Houda,59.0,2,1,11864.41,2026-05-11 20:49:52.464564
2805,vente appartement vide,880000.0,Agadir,Hay Dakhla,108.0,2,2,8148.15,2026-05-11 20:49:52.465027
2806,Appartement à vendre 97 m² à Californie,1650000.0,Casablanca,Californie,97.0,2,2,17010.31,2026-05-11 20:49:52.465115
2807,Vente Appartement 3 pièces de 94 m2 à Tamaris,1400000.0,Tamaris,Toute La Ville,94.0,2,2,14893.62,2026-05-11 20:49:52.465301
2808,Appartement à vendre 82 m² à Casablanca,1300000.0,Casablanca,Maarif,82.0,2,2,15853.66,2026-05-11 20:49:52.465399
2809,appartement à vendre,370000.0,Mohammedia,Nassim,54.0,2,1,6851.85,2026-05-11 20:49:52.465585
2810,Appartement à vendre quartier Mohamadi,870000.0,Agadir,Hay Mohammadi,72.0,2,2,12083.33,2026-05-11 20:49:52.466042
2811,appartement à vendre,430000.0,El Jadida,Amal,64.0,2,1,6718.75,2026-05-11 20:49:52.466158
2812,Apparts 70m à 80m Neuf Aharrarine 3min La Gare,610000.0,Tanger,Aharrarine,80.0,3,2,7625.0,2026-05-11 20:49:52.466341
2813,Vente Appartement 3 pièces de 107 m2 à Casablanca,1500000.0,Casablanca,Riviera,107.0,2,2,14018.69,2026-05-11 20:49:52.466614
2814,Appartement à vendre 80 m² à Kénitra,750000.0,Kénitra,Autre Secteur,105.0,3,2,7142.86,2026-05-11 20:49:52.466795
2815,Vente Appartement 4 pièces de 54 m2 à Marrakech,440000.0,Marrakech,M'Hamid,54.0,3,1,8148.15,2026-05-11 20:49:52.466987
2816,"Appartement à vendre 83 m² à semlalia, guéliz",1550000.0,Marrakech,Guéliz,84.0,2,2,18452.38,2026-05-11 20:49:52.467165
2817,Vente Appartement de 148 m2 à Casablanca,1998000.0,Casablanca,Quartier Des Hôpitaux,148.0,3,2,13500.0,2026-05-11 20:49:52.467915
2818,Vente Appartement 3 pièces de 81 m2 à Zenata,927000.0,Zenata,Toute La Ville,81.0,2,2,11444.44,2026-05-11 20:49:52.468005
2819,Vente Appartement 3 pièces de 73 m2 à Casablanca,590000.0,Casablanca,Errahma,73.0,2,2,8082.19,2026-05-11 20:49:52.468093
2820,Vente Appartement 4 pièces de 118 m2 à Casablanca,1450000.0,Casablanca,Val Fleuri,118.0,3,1,12288.14,2026-05-11 20:49:52.468181
2821,Vente Appartement 5 pièces de 186 m2 à Casablanca,2980000.0,Casablanca,Gauthier,186.0,3,2,16021.51,2026-05-11 20:49:52.468271
2822,Appart 123m Haut Standing Socrate Maarif Ex,1600000.0,Casablanca,Maârif Extension,123.0,3,2,13008.13,2026-05-11 20:49:52.468548
2823,Vente Appartement 3 pièces de 67 m2 à Ain Harrouda,533000.0,Ain Harrouda,Toute La Ville,67.0,2,1,7955.22,2026-05-11 20:49:52.468818
2824,Vente Appartement 2 pièces de 137 m2 à Casablanca,1280000.0,Casablanca,Californie,137.0,1,2,9343.07,2026-05-11 20:49:52.469127
2825,appartement à vendre près de la gare tgv,1850000.0,Tanger,Tanger City Center,85.0,2,2,21764.71,2026-05-11 20:49:52.469334
2826,Appartement Neuf 84 m² à Guéliz Avec Piscine,1550000.0,Marrakech,Guéliz,84.0,2,2,18452.38,2026-05-11 20:49:52.469834
2827,appartement à vendre,370000.0,Mohammedia,Monica,58.0,2,1,6379.31,2026-05-11 20:49:52.469956
2828,Appart 121m Haut standing A Les Princesses,1950000.0,Casablanca,Les Princesses,121.0,3,2,16115.7,2026-05-11 20:49:52.470183
2829,Appartement dans immobilier zeryouh 2 façades,1200000.0,Tanger,El Majd,87.0,3,2,13793.1,2026-05-11 20:49:52.470559
2830,Appartement à vendre Tanger Castilla,2400000.0,Tanger,Castilla,133.0,3,1,18045.11,2026-05-11 20:49:52.471006
2831,Appartement en rez-de-chaussée à vendre à Marjane 1 Meknes,480000.0,Meknès,Autre Secteur,100.0,2,2,4800.0,2026-05-11 20:49:52.471186
2832,Vente Appartement 5 pièces de 156 m2 à Casablanca,2180000.0,Casablanca,2 Mars,156.0,3,3,13974.36,2026-05-11 20:49:52.471570
2833,Vente Appartement 4 pièces de 169 m2 à Marrakech,2800000.0,Marrakech,Guéliz,169.0,3,2,16568.05,2026-05-11 20:49:52.471660
2834,Vente Appartement 4 pièces de 117 m2 à Casablanca,1480000.0,Casablanca,Quartier Des Hôpitaux,117.0,3,1,12649.57,2026-05-11 20:49:52.471929
2835,Appartement à vendre près de Marjane route de Rabat --Tanger,1170000.0,Tanger,Marjane,78.0,2,2,15000.0,2026-05-11 20:49:52.472301
2836,"Appartement à la plage, Dahomi",740000.0,Bouznika,Plage Oued Cherrat,74.0,2,2,10000.0,2026-05-11 20:49:52.472397
2837,Appart 140m A Résidence Fermée Maarif,1960000.0,Casablanca,Maarif,140.0,2,2,14000.0,2026-05-11 20:49:52.473150
2838,Vente Appartement 4 pièces de 98 m2 à Casablanca,1620000.0,Casablanca,Californie,98.0,2,1,16530.61,2026-05-11 20:49:52.473433
2839,Vente Appartement de 125 m2 à Casablanca,2150000.0,Casablanca,Palmier,125.0,3,2,17200.0,2026-05-11 20:49:52.473614
2840,Appartement près d'Anatole France,800000.0,Casablanca,Belvédère,80.0,2,2,10000.0,2026-05-11 20:49:52.473884
2841,Appartements à vendre 58 m² à Agadir,480000.0,Agadir,Hay Salam,58.0,2,1,8275.86,2026-05-11 20:49:52.474161
2842,Appartement à vendre 54 m² à Casablanca DAR BOUAAZA,280000.0,Casablanca,Autre Secteur,54.0,2,1,5185.19,2026-05-11 20:49:52.474252
2843,CMN-SI-1967 - Appartement à vendre à Ziraoui,1530000.0,Casablanca,Bourgogne,91.0,2,1,16813.19,2026-05-11 20:49:52.475093
2844,Appartement à vendre 83 m² à guéliz Marrakech,1650000.0,Marrakech,Guéliz,80.0,2,1,20625.0,2026-05-11 20:49:52.475274
2845,Vente Appartement 3 pièces de 150 m2 à Marrakech,1900000.0,Marrakech,Av Mohammed Vi,150.0,2,2,12666.67,2026-05-11 20:49:52.475686
2846,Vente Appartement 3 pièces de 81 m2 à Marrakech,720000.0,Marrakech,Mabrouka,81.0,2,1,8888.89,2026-05-11 20:49:52.475958
2847,Vente appartement façade au centre ville Kénitra,780000.0,Tanger,Centre Ville,95.0,3,2,8210.53,2026-05-11 20:49:52.476698
2848,Casabay Superbe Appartement à vendre,1300000.0,Berrechid,Toute La Ville,89.0,4,2,14606.74,2026-05-11 20:49:52.476788
2849,Appartement à Vendre,1300000.0,Marrakech,Victor Hugo,75.0,2,2,17333.33,2026-05-11 20:49:52.477244
2850,Appartement derrière Mr Bricolage à vendre,480000.0,Marrakech,Route De Casablanca,51.0,2,1,9411.76,2026-05-11 20:49:52.477698
2851,appartement à vendre,740000.0,Kénitra,Alliance,92.0,3,1,8043.48,2026-05-11 20:49:52.537486
2852,Appartement à vendre 70 m² à Casablanca,270000.0,Casablanca,Autre Secteur,70.0,2,1,3857.14,2026-05-11 20:49:52.478634
2853,Appartement à vendre 120 m² à Casablanca,1520000.0,Casablanca,Mers Sultan,132.0,3,2,11515.15,2026-05-11 20:49:52.479355
2854,Appartement à vendre 55 m² à Mohammedia,950000.0,Mohammedia,Quartier Du Parc,55.0,2,1,17272.73,2026-05-11 20:49:52.482452
2855,🏠 APPARTEMENT STANDING 87 m² - HIVERNAGE MARRAKECH,1300000.0,Marrakech,Hivernage,87.0,2,1,14942.53,2026-05-11 20:49:52.482633
2856,Appartement neuf de très haut standing,1365000.0,Fès,Autre Secteur,150.0,3,3,9100.0,2026-05-11 20:49:52.482995
2857,Appt à vendre,270000.0,Safi,Lamiaa,60.0,2,1,4500.0,2026-05-11 20:49:52.546465
2858,Appartement usage Bureau ou Habitation Hivernage CTM,1100000.0,Marrakech,Hivernage,74.0,2,1,14864.86,2026-05-11 20:49:52.483453
2859,8RES EL HADI 1 R ABI DARDA.,3000000.0,Tanger,Administratif,234.0,3,2,12820.51,2026-05-11 20:49:52.483746
2860,Appartement à vendre 80 m² à Kénitra,660000.0,Kénitra,Al Maghrib Al Arabi,80.0,2,1,8250.0,2026-05-11 20:49:52.484023
2861,Appartement à vendre 189 m² à AIN DIAB EXTENSION,4000000.0,Casablanca,Aïn Diab,189.0,3,2,21164.02,2026-05-11 20:49:52.484397
2862,Appartement à vendre enregistré à Martil,580000.0,Martil,Toute La Ville,92.0,3,1,6304.35,2026-05-11 20:49:52.484761
2863,Appartement chouka à vendre 110 m² à Kénitra,930000.0,Kénitra,Seyad,110.0,3,2,8454.55,2026-05-11 20:49:52.485037
2864,Studio à vendre 78 m² à Casablanca,2300000.0,Casablanca,Casablanca Finance City,78.0,1,1,29487.18,2026-05-11 20:49:52.485524
2865,139010-Vente Appt à Casablanca Bourgogne (Sidi Belyout),2500000.0,Casablanca,Sidi Belyout,153.0,3,3,16339.87,2026-05-11 20:49:52.485709
2866,Appartement à vendre 110 m² à Kénitra,930000.0,Kénitra,Seyad,110.0,3,2,8454.55,2026-05-11 20:49:52.485800
2867,Appartement à vendre 84 m² à massira 1 Temara,920000.0,Temara,Massira 1,84.0,2,1,10952.38,2026-05-11 20:49:52.485897
2868,Magnifique appartement à vendre jardin majorelle,1600000.0,Marrakech,Majorelle,100.0,2,2,16000.0,2026-05-11 20:49:52.485986
2869,Appartement 260 m² Double Façade Cœur de Tétouan,1900000.0,Tétouan,Centre Ville,260.0,9,2,7307.69,2026-05-11 20:49:52.486183
2870,Studio à vendre / 44 m² à Casablanca / La Girande,520000.0,Casablanca,La Gironde,44.0,1,1,11818.18,2026-05-11 20:49:52.486274
2871,182181-Vente Appt à Casablanca Triangle D'Or de 15,3500000.0,Casablanca,Maarif,155.0,3,2,22580.65,2026-05-11 20:49:52.486395
2872,Joli Appartement Situé à 2 Mars Négociable.,1020000.0,Casablanca,2 Mars,116.0,3,1,8793.1,2026-05-11 20:49:52.486859
2873,30013-Vente Appt à Casablanca Californie de 269 m²,4000000.0,Casablanca,Californie,269.0,3,3,14869.89,2026-05-11 20:49:52.487136
2874,"Appartement neufs à vendre, Guéliz",1600000.0,Marrakech,Guéliz,84.0,2,2,19047.62,2026-05-11 20:49:52.487225
2875,Appartements de soutien excellents à partir de 90 m²,420000.0,Azemmour,Toute La Ville,110.0,3,2,3818.18,2026-05-11 20:49:52.487318
2876,"Appartement à vendre à Jnan Zaitoun, premier étage",300000.0,Mohammedia,Autre Secteur,54.0,2,1,5555.56,2026-05-11 20:49:52.487787
2877,Bel appartement à Wifak,1350000.0,Temara,Wifak,86.0,2,1,15697.67,2026-05-11 20:49:52.488168
2878,175318-Vente Appt à Casablanca Hopitaux de 161 m²,1763555.0,Casablanca,Maarif,161.0,3,1,10953.76,2026-05-11 20:49:52.488256
2879,appartement 2 chambres Résidence Piscine,1100000.0,Marrakech,Route De Casablanca,83.0,2,1,13253.01,2026-05-11 20:49:52.488346
2880,Bel appartement à Wifak,1400000.0,Temara,Wifak,81.0,2,1,17283.95,2026-05-11 20:49:52.488657
2881,Studio à vendre 64 m² à Casablanca,2200000.0,Casablanca,Casablanca Finance City,64.0,1,1,34375.0,2026-05-11 20:49:52.488753
2882,Appartements à vendre 65 m² à Tanger,860000.0,Tanger,Ain El Hayani,65.0,2,1,13230.77,2026-05-11 20:49:52.489073
2883,3 chambres sans vis a vis Shems Bouznika Premium,980000.0,Bouznika,Quartier Industriel,87.0,3,1,11264.37,2026-05-11 20:49:52.489252
2884,Appartement à vendre 126 m² à Casablanca,1350000.0,Casablanca,Belvédère,126.0,2,2,10714.29,2026-05-11 20:49:52.489894
2885,Appartement Art Déco à vendre - 263 m²,3600000.0,Casablanca,Quartier Des Hôpitaux,263.0,4,4,13688.21,2026-05-11 20:49:52.490165
2886,Appartement à vendre 120 m² à Casablanca,1200000.0,Casablanca,La Gironde,104.0,3,1,11538.46,2026-05-11 20:49:52.490261
2887,"Appartement de luxe à vendre près de Marjane, route de Rabat",1520000.0,Tanger,Marjane,98.0,3,2,15510.2,2026-05-11 20:49:52.490592
2888,176270-Vente Appt à Casablanca Les Princesses de 1,1340000.0,Casablanca,Maarif,106.0,2,1,12641.51,2026-05-11 20:49:52.490869
2889,Duplex extraordinaire,730000.0,Marrakech,M'Hamid,104.0,3,2,7019.23,2026-05-11 20:49:52.567574
2890,Appartement de luxe dans la résidence Oscar à M'Diq,1190000.0,Mdiq,Toute La Ville,68.0,2,2,17500.0,2026-05-11 20:49:52.491484
2891,Excellent appartement à vendre complexe Nour,450000.0,Tanger,Aharrarine,56.0,2,1,8035.71,2026-05-11 20:49:52.491780
2892,Appartement à vendre 97 m² à Agadir,1500000.0,Agadir,Autre Secteur,97.0,2,2,15463.92,2026-05-11 20:49:52.491871
2893,Appartement entièrement rénové Opportunité rare,750000.0,Agadir,Tilila,60.0,2,1,12500.0,2026-05-11 20:49:52.492270
2894,Appartement à vendre 77 m² à Tanger,3000000.0,Tanger,Centre Ville,84.0,2,2,35714.29,2026-05-11 20:49:52.492358
2895,117M² entièrement rénové et idéalement situé,1295000.0,Casablanca,Abdelmoumen,117.0,2,2,11068.38,2026-05-11 20:49:52.493003
2896,VENTE RÉSIDENCE BAGDAD AL QODS BERNOUSSI 99M²,870000.0,Casablanca,Sidi Bernoussi,99.0,2,2,8787.88,2026-05-11 20:49:52.493193
2897,✨ À VENDRE – Appartement NEUF au RDC à Kénitra,820000.0,Kénitra,Bir Rami,82.0,2,2,10000.0,2026-05-11 20:49:52.493312
2898,Excellent appartement à vendre complexe Nour,450000.0,Tanger,Aharrarine,56.0,2,1,8035.71,2026-05-11 20:49:52.493412
2899,"Appartement deux façades, centre de Bouznika",430000.0,Bouznika,Autre Secteur,140.0,2,1,3071.43,2026-05-11 20:49:52.493507
2900,Appartement 146m avec garage,800000.0,Bouznika,Autre Secteur,170.0,3,2,4705.88,2026-05-11 20:49:52.493695
2901,Appartement très calme,370000.0,Berrechid,Toute La Ville,62.0,3,1,5967.74,2026-05-11 20:49:52.493885
2902,Appartement à vendre à Beit Al Mostakbal 1 à Salé,400000.0,Salé,Sidi Abdellah,50.0,2,1,8000.0,2026-05-11 20:49:52.493975
2903,Appartements à vendre 106 m² à Casablanca,1150000.0,Casablanca,Sidi Maarouf,106.0,3,2,10849.06,2026-05-11 20:49:52.494065
2904,Appartement à vendre 80 m² à Kénitra,900000.0,Kénitra,Val Fleury,85.0,2,2,10588.24,2026-05-11 20:49:52.494157
2905,Bel appartement sans vis à vis à vendre,1250000.0,Temara,Riad Oulad Mtaa,109.0,2,2,11467.89,2026-05-11 20:49:52.494247
2906,Appartement à vendre Dior Jamaa,2200000.0,Rabat,Diour Jamaa,113.0,3,2,19469.03,2026-05-11 20:49:52.494350
2907,Prix variés 68 millions 66 54 50 millions,680000.0,Martil,Toute La Ville,70.0,2,1,9714.29,2026-05-11 20:49:52.494445
2908,appartement wifak,1490000.0,Temara,Wifak,95.0,3,2,15684.21,2026-05-11 20:49:52.494721
2909,CMN-MA-2641 - Appartement à vendre à Burger,1300000.0,Casablanca,Maarif,119.0,2,1,10924.37,2026-05-11 20:49:52.495634
2910,Appartement 4ème Guéliz la résistance,550000.0,Marrakech,Guéliz,60.0,2,1,9166.67,2026-05-11 20:49:52.496196
2911,Nouvel appartement Tanger Balia,620000.0,Tanger,Tanja Balia,55.0,2,1,11272.73,2026-05-11 20:49:52.496392
2912,Appartement à vendre 49 m² à Asilah,370000.0,Asilah,Toute La Ville,49.0,1,1,7551.02,2026-05-11 20:49:52.496671
2913,3 Chambres à vendre 105 m² à Californie,1975000.0,Casablanca,Californie,115.0,3,2,17173.91,2026-05-11 20:49:52.497038
2914,"Appartement à vendre – BD Tan-Tan, Bourgogne",1800000.0,Casablanca,Bourgogne,68.0,2,1,26470.59,2026-05-11 20:49:52.497230
2915,Appart 3ch salon 87m2 près Sup de co,920000.0,Marrakech,Bd Moulay Abdellah,87.0,3,1,10574.71,2026-05-11 20:49:52.497434
2916,Appartement à vendre 134 m² à Casablanca,2250000.0,Casablanca,Gauthier,145.0,3,2,15517.24,2026-05-11 20:49:52.497929
2917,Appartement Montazah Aljadid proche Marjan,540000.0,Marrakech,Hay Charaf,50.0,2,1,10800.0,2026-05-11 20:49:52.498112
2918,Appartement lumineux à vendre,630000.0,Skhirat,Autre Secteur,64.0,2,1,9843.75,2026-05-11 20:49:52.498204
2919,Appartement à vendre 106 m² à NAKHIL TARGA,1200000.0,Marrakech,Targa,106.0,3,2,11320.75,2026-05-11 20:49:52.498401
2920,Appartement Art Déco Centre Casa,1500000.0,Casablanca,Centre Ville,94.0,2,2,15957.45,2026-05-11 20:49:52.498493
2921,Studio à vendre sur belvédère,700000.0,Casablanca,Belvédère,45.0,1,1,15555.56,2026-05-11 20:49:52.498784
2922,Appartement a vendre à Ain Sebaa 75M2,750000.0,Casablanca,Ain Sebaa,75.0,2,1,10000.0,2026-05-11 20:49:52.498966
2923,Appt haut standing Arcadia loft,1650000.0,Casablanca,Californie,97.0,2,2,17010.31,2026-05-11 20:49:52.500493
2924,appartement à vendre,360000.0,Casablanca,Sidi Bernoussi,50.0,2,1,7200.0,2026-05-11 20:49:52.500907
2925,"Appartement à vendre 65 m² à Azhar, Casablanca",470000.0,Casablanca,Sidi Bernoussi,78.0,2,1,6025.64,2026-05-11 20:49:52.501272
2926,Appartement à vendre 89 m² à Fès,450000.0,Fès,Al Hadiqa,89.0,1,2,5056.18,2026-05-11 20:49:52.501466
2927,Appartement à vendre 81 m² à Mdiq,900000.0,Mdiq,Toute La Ville,81.0,3,2,11111.11,2026-05-11 20:49:52.502147
2928,Bel appartement à vendre en centre-ville,1250000.0,Tanger,Castilla,73.0,3,1,17123.29,2026-05-11 20:49:52.502622
2929,Appartement quartier la Gironde,1135000.0,Casablanca,La Gironde,91.0,2,1,12472.53,2026-05-11 20:49:52.502811
2930,RAK-GU-1347 - Appartement à vendre à Camp Al Ghoul,1790000.0,Marrakech,El Ghoul,96.0,2,1,18645.83,2026-05-11 20:49:52.503106
2931,Hamza Appartement à vendre 63 m² à Had Soualem,200000.0,Had Soualem,Toute La Ville,63.0,2,2,3174.6,2026-05-11 20:49:52.503387
2932,Appart 88m Haut Standing Maarif Ex,1260000.0,Casablanca,Maârif Extension,88.0,2,2,14318.18,2026-05-11 20:49:52.503485
2933,appartement à vendre sans vis à vis,1300000.0,Mohammedia,La Siesta,115.0,2,1,11304.35,2026-05-11 20:49:52.503885
2934,Appartement au 2ème étage à vendre près de la mosquée Salam Anassi,460000.0,Casablanca,Sidi Moumen,58.0,2,2,7931.03,2026-05-11 20:49:52.503976
2935,Appartement de luxe à vendre à Tanger El Moujahidine,850000.0,Tanger,Moujahidine,708.0,2,1,1200.56,2026-05-11 20:49:52.504072
2936,"Deux appartements à vendre à Martil, titrés",630000.0,Martil,Toute La Ville,67.0,2,2,9402.99,2026-05-11 20:49:52.504349
2937,JOLI APPARTEMENT A VENDRE TRIANGLE D OR,2200000.0,Casablanca,Racine,108.0,2,2,20370.37,2026-05-11 20:49:52.504443
2938,Appartement à vendre 77 m² à Salé,846999.0,Salé,Mkinssia,77.0,2,1,10999.99,2026-05-11 20:49:52.504713
2939,Appartement à vendre WIFAQ,570000.0,Temara,Wifak,63.0,2,1,9047.62,2026-05-11 20:49:52.504896
2940,Grand Appartement Mhamid Avenue Nakhil,820000.0,Marrakech,M'Hamid,126.0,2,2,6507.94,2026-05-11 20:49:52.505173
2941,"Appartement 56 m², ascenseur, syndic, 5 minutes de Malabata",550000.0,Tanger,Tanja Balia,56.0,2,1,9821.43,2026-05-11 20:49:52.505355
2942,"Appartement 3 chambres 80m², ascenseur, syndic, 5 min de Malabata",750000.0,Tanger,Tanja Balia,80.0,3,1,9375.0,2026-05-11 20:49:52.505787
2943,Appartement à vendre 154 m² à Kénitra,1100000.0,Kénitra,La Ville Haute,154.0,3,3,7142.86,2026-05-11 20:49:52.505971
2944,"Appartement 74 m², ascenseur, syndic, balcon, 4 minutes de la gare",592000.0,Tanger,Tanja Balia,74.0,2,1,8000.0,2026-05-11 20:49:52.506663
2945,🏠 Appartement meublé à vendre – Haye Essalam Marrakech,400000.0,Marrakech,Hay Izdihar,48.0,1,1,8333.33,2026-05-11 20:49:52.506759
2946,Appartement à vendre 180 m² à Rabat,2400000.0,Rabat,Kébibat,180.0,3,2,13333.33,2026-05-11 20:49:52.507136
2947,Appartement à vendre 140 m² à Mohammedia,2500000.0,Mohammedia,Autre Secteur,140.0,2,2,17857.14,2026-05-11 20:49:52.507316
2948,Appartement à vendre 60 et 65m² à Temara,830000.0,Temara,Centre Ville,60.0,2,1,13833.33,2026-05-11 20:49:52.507514
2949,"Appartement meublé de 76 m², ascenseur, syndic, sur la rue",798000.0,Tanger,Tanja Balia,76.0,2,1,10500.0,2026-05-11 20:49:52.507705
2950,Appartement avec vue sur mer à Sable d'Or,910000.0,Tanger,Autre Secteur,86.0,3,2,10581.4,2026-05-11 20:49:52.507894
2951,Appartements à vendre 96 m² à Sidi Moumen près de Diar El Khalil,730000.0,Casablanca,Sidi Moumen,96.0,2,2,7604.17,2026-05-11 20:49:52.507996
2952,Appartement neuf vue Mer,3200000.0,Dar Bouazza,Toute La Ville,158.0,3,2,20253.16,2026-05-11 20:49:52.508090
2953,Appartement à vendre 110 m² à Kénitra,1200000.0,Kénitra,Saknia,112.0,3,2,10714.29,2026-05-11 20:49:52.508183
2954,"Appartement terrasse 118 m², ascenseur, syndic, 4 minutes de la gare",800000.0,Tanger,Tanja Balia,118.0,2,1,6779.66,2026-05-11 20:49:52.508387
2955,"Appartement terrasse 196 m², ascenseur, syndic, déclaration totale",1020000.0,Tanger,Tanja Balia,196.0,2,1,5204.08,2026-05-11 20:49:52.508485
2956,Appartement à vendre,550000.0,Tanger,Aouama Gharbia,100.0,2,1,5500.0,2026-05-11 20:49:52.509463
2957,Appartement ascenseur balcon vue sur la rue,450000.0,Tanger,Marjane,57.0,2,1,7894.74,2026-05-11 20:49:52.509927
2958,Appartement de 52 m² à vendre à Diyar Tanger,410000.0,Tanger,Moujahidine,52.0,2,1,7884.62,2026-05-11 20:49:52.510018
2959,Appartement à vendre 138 m² à Rabat,3750000.0,Rabat,Hay Riad,143.0,3,2,26223.78,2026-05-11 20:49:52.510214
2960,Appartement à vendre,550000.0,Tanger,Aouama Gharbia,80.0,2,1,6875.0,2026-05-11 20:49:52.510450
2961,Appartement à vendre 85 m² à Ait Melloul Agadir,550000.0,Agadir Melloul,Toute La Ville,85.0,2,1,6470.59,2026-05-11 20:49:52.510544
2962,Appartement à vendre 113 m² à Meknès,570000.0,Meknès,Hamria,113.0,3,2,5044.25,2026-05-11 20:49:52.510632
2963,Appartement à vendre à Beni Mellal,750000.0,Béni Mellal,Toute La Ville,70.0,3,1,10714.29,2026-05-11 20:49:52.510723
2964,Excellent appartement à vendre,360000.0,Casablanca,Errahma,62.0,2,1,5806.45,2026-05-11 20:49:52.511549
2965,Appartement titre à vendre 116 m² à Martil,750000.0,Martil,Toute La Ville,116.0,2,2,6465.52,2026-05-11 20:49:52.511641
2966,Appartement neuf Daam Sakane // Hay Salam,560000.0,El Jadida,Autre Secteur,70.0,3,2,8000.0,2026-05-11 20:49:52.513449
2967,Appartement neuf à vendre à SAÏDIA avec balcon,390000.0,Saidia,Toute La Ville,68.0,2,1,5735.29,2026-05-11 20:49:52.513548
2968,Appartement à vendre à Agdal,3300000.0,Rabat,Agdal,165.0,3,3,20000.0,2026-05-11 20:49:52.513737
2969,Appartement à vendre 104 m² à Belvédère,1000000.0,Casablanca,Belvédère,104.0,2,1,9615.38,2026-05-11 20:49:52.514314
2970,2 Appartement Duplex à vendre 135 m² à Temara,1540000.0,Temara,Centre Ville,135.0,3,3,11407.41,2026-05-11 20:49:52.514609
2971,BEN-BE-1083 - Appartement à vendre à Benslimane,850000.0,Benslimane,Autre Secteur,107.0,3,2,7943.93,2026-05-11 20:49:52.514702
2972,Appart 95 m2 Mandarona à côté Bd Al qods,950000.0,Casablanca,Aïn Chock,95.0,2,1,10000.0,2026-05-11 20:49:52.515466
2973,"Appartement à vendre Résidence Mimma, Avenue Safi, 3ème étage avec ascenseur",520000.0,Marrakech,Route De Safi,56.0,2,1,9285.71,2026-05-11 20:49:52.515669
2974,Appartement Alazhar Hay Hassani,560000.0,Casablanca,Hay Hassani,55.0,2,1,10181.82,2026-05-11 20:49:52.517293
2975,Appartement à vendre 80 m² à Rabat,1400000.0,Rabat,Diour Jamaa,80.0,2,1,17500.0,2026-05-11 20:49:52.517854
2976,CMN-AI-1103 - Appartement à vendre à Aïn Sebaâ,1100000.0,Casablanca,Ain Sebaa,105.0,3,3,10476.19,2026-05-11 20:49:52.518162
2977,appartement à vendre,1200000.0,Marrakech,Route De Casablanca,89.0,2,2,13483.15,2026-05-11 20:49:52.518258
2978,Appartement à vendre 100 m² à Temara,889000.0,Temara,Centre Ville,108.0,3,2,8231.48,2026-05-11 20:49:52.519514
2979,A vendre bel appartement bien ensoleillé,2480000.0,Casablanca,Racine,186.0,3,3,13333.33,2026-05-11 20:49:52.519608
2980,3 Chambres à vendre 112 m² à Californie,2010000.0,Casablanca,Californie,117.0,3,2,17179.49,2026-05-11 20:49:52.519798
2981,Appartement neuf à vendre Hay Nasr,820000.0,Temara,Autre Secteur,79.0,2,2,10379.75,2026-05-11 20:49:52.520005
2982,Appartement Meublé 66m² Boulevard Mohammed VI,580000.0,Casablanca,Al Fida,66.0,2,1,8787.88,2026-05-11 20:49:52.520106
2983,CMN-AS-1819 - Appartement à vendre à Ain Borja,1450000.0,Casablanca,Aïn Borja,131.0,3,2,11068.7,2026-05-11 20:49:52.521086
2984,CMN-MA-2648 - Appartement à vendre à Maârif,1600000.0,Casablanca,Maarif,109.0,2,2,14678.9,2026-05-11 20:49:52.521178
2985,Appartement Standing à Vendre – Lotissement Rachad,1520000.0,Casablanca,Laimoune,132.0,3,2,11515.15,2026-05-11 20:49:52.521667
2986,Bel appartement moderne deux façades 93m² à Oulfa,1150000.0,Casablanca,Oulfa,93.0,2,2,12365.59,2026-05-11 20:49:52.521759
2987,Appartement à vendre 78 m² à Marrakech,2500000.0,Marrakech,Agdal,78.0,2,2,32051.28,2026-05-11 20:49:52.521945
2988,Bel appartement en rez de jardin sur résidence,3300000.0,Marrakech,Agdal,100.0,3,2,33000.0,2026-05-11 20:49:52.522523
2989,Appartement neuf 160 m² à vendre à Wifak,2500000.0,Temara,Wifak,160.0,3,3,15625.0,2026-05-11 20:49:52.522910
2990,Appartement à vendre 70 m² à Kénitra,320000.0,Kénitra,Bir Rami,70.0,2,1,4571.43,2026-05-11 20:49:52.523514
2991,MAGNIFIQUES STUDIOS & APPARTEMENTS HAUT STANDING,1295900.0,Casablanca,Maarif,54.0,1,1,23998.15,2026-05-11 20:49:52.524188
2992,Appart à vendre 61 m² Hay Hassani,450000.0,Casablanca,Hay Hassani,61.0,2,1,7377.05,2026-05-11 20:49:52.524284
2993,Appartement à vendre Sidi Maarouf Hay Nassim Qazabri,1100000.0,Casablanca,Sidi Maarouf,106.0,3,2,10377.36,2026-05-11 20:49:52.524605
2994,Appartement à vendre 149 m² à Agdal Rabat,3500000.0,Rabat,Agdal,149.0,3,3,23489.93,2026-05-11 20:49:52.524792
2995,Appartement à vendre à Rahma,260000.0,Casablanca,Errahma,48.0,1,1,5416.67,2026-05-11 20:49:52.525258
2996,Duplex de standing 136 m2 Palmeraie Gates,2390000.0,Marrakech,Route De Casablanca,136.0,3,2,17573.53,2026-05-11 20:49:52.525780
2997,Appartements de luxe à vendre,1250000.0,Berkane,Toute La Ville,147.0,4,2,8503.4,2026-05-11 20:49:52.526535
2998,"Appartement titré à vendre, superficie 82 m²",450000.0,Larache,Toute La Ville,82.0,3,1,5487.8,2026-05-11 20:49:52.527195
2999,Appartement à vendre 91 m² à Meknès,390000.0,Meknès,Wislane,91.0,3,1,4285.71,2026-05-11 20:49:52.527287
3000,Appartement à vendre 84 m² à Berkane,600000.0,Berkane,Toute La Ville,84.0,2,1,7142.86,2026-05-11 20:49:52.527479
3001,Appartement de luxe Saidia Pieds dans l'eau,2100000.0,Saidia,Toute La Ville,180.0,2,2,11666.67,2026-05-11 20:49:52.528413
3002,LE LUXE ACCESSIBLE AU CŒUR DE BERKANE,800000.0,Berkane,Toute La Ville,120.0,3,2,6666.67,2026-05-11 20:49:52.528804
3003,"Grand Appartement meublé, quartier Burger, Maarif",2300000.0,Casablanca,Maarif,160.0,4,3,14375.0,2026-05-11 20:49:52.528895
3004,Appartement à vendre,640000.0,Tanger,Autre Secteur,64.0,2,1,10000.0,2026-05-11 20:49:52.529289
3005,Appartement à vendre quartier Salam,680000.0,Agadir,Hay Salam,53.0,2,1,12830.19,2026-05-11 20:49:52.529497
3006,Appartement à vendre 80 m² à Casablanca,860000.0,Casablanca,Oulfa,80.0,2,1,10750.0,2026-05-11 20:49:52.530525
3007,Bel appartement à Hay Chmaou Salé,750000.0,Salé,Hay Chmaou,73.0,2,1,10273.97,2026-05-11 20:49:52.531249
3008,Appartement à vendre 80 m² à Kénitra,800000.0,Kénitra,Bir Rami,80.0,3,1,10000.0,2026-05-11 20:49:52.531340
3009,Duplex excellent à vendre à Andalus Mohammedia,108000.0,Mohammedia,Autre Secteur,210.0,3,2,514.29,2026-05-11 20:49:52.531445
3010,Ahmed immo Marrakech,760000.0,Marrakech,Azzouzia,80.0,2,1,9500.0,2026-05-11 20:49:52.531744
3011,Appartement à vendre 97 m² à Fès,520000.0,Fès,Narjis,97.0,2,2,5360.82,2026-05-11 20:49:52.531845
3012,appartement à vendre,670000.0,Marrakech,Route D'Amezmiz,65.0,2,1,10307.69,2026-05-11 20:49:52.531937
3013,Appartement titré à vendre Superficie 82 m² Dispose d'un ascenseur,450000.0,Larache,Toute La Ville,82.0,3,1,5487.8,2026-05-11 20:49:52.532029
3014,Appartements neufs//Hay matar,510000.0,El Jadida,Autre Secteur,70.0,2,2,7285.71,2026-05-11 20:49:52.532125
3015,Appartement à vendre 92 m² à Tanger,800000.0,Tanger,Val Fleuri,92.0,2,1,8695.65,2026-05-11 20:49:52.532343
3016,Appartement à vendre quartier Amsernat Houta,400000.0,Agadir,Amsernate,56.0,2,1,7142.86,2026-05-11 20:49:52.532473
3017,"Appartement à vendre 80 m² à 26 millions, négociable",260000.0,Meknès,Autre Secteur,88.0,2,2,2954.55,2026-05-11 20:49:52.532754
3018,Appartement à vendre 72 m² à Tanger,560000.0,Tanger,Mghogha,72.0,3,1,7777.78,2026-05-11 20:49:52.532995
3019,Appartement à vendre à Panassé,280000.0,Casablanca,Sidi Moumen,50.0,2,1,5600.0,2026-05-11 20:49:52.533405
3020,Appartement 100m² à vendre à Hay Izdihar Marrakech,1000000.0,Marrakech,Sanaoubar,110.0,3,1,9090.91,2026-05-11 20:49:52.534072
3021,appartement massira ahbas,650000.0,Marrakech,Massira 1,74.0,2,1,8783.78,2026-05-11 20:49:52.534262
3022,Appartement à vendre,850000.0,El Jadida,Najd,145.0,3,2,5862.07,2026-05-11 20:49:52.534452
3023,"À VENDRE, APPARTEMENT, BELVÉDÈRE 🏢",1250000.0,Casablanca,Belvédère,101.0,2,2,12376.24,2026-05-11 20:49:52.534545
3024,Appartement à vendre complexe EL Nour,420000.0,Tanger,Hay Hassani,56.0,2,1,7500.0,2026-05-11 20:49:52.534658
3025,Appartement à vendre 114 m² à Casablanca,1550000.0,Casablanca,Franceville,114.0,3,2,13596.49,2026-05-11 20:49:52.535840
3026,Appartement à vendre 172 m² à Casablanca,2290000.0,Casablanca,2 Mars,172.0,3,2,13313.95,2026-05-11 20:49:52.536028
3027,Appt 115m2 à la Gironde à vendre,1300000.0,Casablanca,La Gironde,115.0,2,2,11304.35,2026-05-11 20:49:52.536544
3028,Appartement RDC Premium – Oasis,3400000.0,Casablanca,Oasis,163.0,3,2,20858.9,2026-05-11 20:49:52.537003
3029,appartement à côté Macdonald,670000.0,Marrakech,Route De Safi,54.0,2,1,12407.41,2026-05-11 20:49:52.537096
3030,Appartement à vendre à Shems Elmadina,360000.0,Benslimane,Autre Secteur,54.0,2,1,6666.67,2026-05-11 20:49:52.537189
3031,Appartement à vendre 96 m² à Casablanca,750000.0,Casablanca,Sidi Bernoussi,96.0,3,2,7812.5,2026-05-11 20:49:52.537293
3032,Projet Nasr Ouled Saleh Victoria,2800000.0,Bouskoura,Victoria,90.0,2,1,31111.11,2026-05-11 20:49:52.537394
3033,Appartement à vendre 1er étage de 100 m² à Bettana,1080000.0,Salé,Bettana,100.0,2,2,10800.0,2026-05-11 20:49:52.537709
3034,Il y a 1 appartement au 2ème étage et 2 appartements au 3ème étage,540000.0,Benslimane,Autre Secteur,70.0,3,1,7714.29,2026-05-11 20:49:52.537818
3035,Appartement à vendre 77 m² à Marrakech,800000.0,Marrakech,M'Hamid,77.0,2,2,10389.61,2026-05-11 20:49:52.537916
3036,Appartement au centre ville de Casablanca,110000.0,Casablanca,Bourgogne,92.0,3,1,1195.65,2026-05-11 20:49:52.538011
3037,Appartement meublé à vendre,380000.0,Marrakech,Les Portes De Marrakech,48.0,2,1,7916.67,2026-05-11 20:49:52.538106
3038,Appartement à vendre Av Mohammed V En Face Marina,2200000.0,Agadir,Secteur Touristique,95.0,2,2,23157.89,2026-05-11 20:49:52.538197
3039,Appartement chouiter,175000.0,Marrakech,Autre Secteur,47.0,1,1,3723.4,2026-05-11 20:49:52.538287
3040,Appartement de luxe à Ain Sbaa,1000000.0,Casablanca,Ain Sebaa,110.0,3,2,9090.91,2026-05-11 20:49:52.538389
3041,Appartement à vendre Asilah résidence Bayti Sakane,720000.0,Asilah,Toute La Ville,92.0,2,1,7826.09,2026-05-11 20:49:52.538489
3042,Appartement à vendre 116 m² à Had Soualem,480000.0,Had Soualem,Toute La Ville,136.0,3,1,3529.41,2026-05-11 20:49:52.538583
3043,Appartement à vendre 75 m² Gueliz à Marrakech,1150000.0,Marrakech,,75.0,2,2,15333.33,2026-05-11 20:49:52.538677
3044,Bel appartement à vendre avec piscine,1850000.0,Tanger,Nouinouich,101.0,3,2,18316.83,2026-05-11 20:49:52.538770
3045,appartement à vendre,770000.0,Salé,Sidi Moussa,94.0,3,2,8191.49,2026-05-11 20:49:52.538860
3046,Appartement à vendre près du café Blanco Fès,450000.0,Fès,Route Ain Chkaf,75.0,2,2,6000.0,2026-05-11 20:49:52.538951
3047,Appartement à vendre à Sidi Rahal,380000.0,Sidi Rahal,Toute La Ville,67.0,2,1,5671.64,2026-05-11 20:49:52.539042
3048,Appartement neuf à vendre à Errahma – Casablanca,380000.0,Casablanca,Errahma,51.0,2,1,7450.98,2026-05-11 20:49:52.539138
3049,Appartement meublé équipé,450000.0,Casablanca,Sidi Bernoussi,56.0,3,1,8035.71,2026-05-11 20:49:52.539229
3050,Saada 2 appartement à l'état neuf,390000.0,Martil,Toute La Ville,48.0,2,1,8125.0,2026-05-11 20:49:52.539324
3051,Appartement à vendre 125 m² en plein centre Hamria,650000.0,Meknès,Hamria,125.0,4,1,5200.0,2026-05-11 20:49:52.539422
3052,Magnifique appartement à Guéliz,2400000.0,Marrakech,Guéliz,217.0,3,2,11059.91,2026-05-11 20:49:52.539516
3053,Duplex extraordinaire,2390000.0,Marrakech,Hay Izdihar,240.0,3,3,9958.33,2026-05-11 20:49:52.539608
3054,Appartement à vendre,500000.0,Mers El Kheir,Toute La Ville,70.0,2,2,7142.86,2026-05-11 20:49:52.539703
3055,Appartement à vendre 68m² quartier aéroport,510000.0,El Jadida,Quartier Aérodrome,68.0,2,1,7500.0,2026-05-11 20:49:52.539797
3056,Appartement à vendre 76 m² à Kénitra,460000.0,Kénitra,Ouled Oujih,70.0,2,1,6571.43,2026-05-11 20:49:52.539889
3057,Appartement meublé,560000.0,Fès,Autre Secteur,95.0,3,1,5894.74,2026-05-11 20:49:52.540004
3058,3 chambres vue mer et piscine,1800000.0,Mohammedia,Centre Ville,117.0,3,2,15384.62,2026-05-11 20:49:52.540106
3059,Appartement niveau 1,460000.0,Bouskoura,Bouskoura Centre,60.0,2,1,7666.67,2026-05-11 20:49:52.540201
3060,CHAMP DE LYS LOUIZIA avec piscine,860000.0,Mohammedia,Autre Secteur,86.0,2,1,10000.0,2026-05-11 20:49:52.540293
3061,Studio avec piscine en centre-ville,850000.0,Mohammedia,Centre Ville,46.0,1,1,18478.26,2026-05-11 20:49:52.540397
3062,Appartement haut standing à vendre,2100000.0,Agadir,Founty,90.0,2,2,23333.33,2026-05-11 20:49:52.540494
3063,Appartement 3ch à Vendre | Stade Ibn Batouta,1120000.0,Tanger,Hay Hassani,85.0,3,2,13176.47,2026-05-11 20:49:52.540585
3064,Dar Bouazaa appartement vue piscine à vendre,1300000.0,Casablanca,Route D'Azemmour,90.0,2,2,14444.44,2026-05-11 20:49:52.540697
3065,Appartement à vendre 137 m² à Casablanca,1350000.0,Casablanca,Derb Omar,137.0,4,2,9854.01,2026-05-11 20:49:52.540884
3066,Appartement à vendre 98 m² à Tanger,2490000.0,Tanger,De La Plage,98.0,2,2,25408.16,2026-05-11 20:49:52.541062
3067,appartement Oued Laou,380000.0,Oued Laou,Toute La Ville,75.0,2,1,5066.67,2026-05-11 20:49:52.541155
3068,Appartement PKH 17 de 60 m2,1181300.0,Marrakech,Guéliz,60.0,2,2,19688.33,2026-05-11 20:49:52.541247
3069,Appartement à vendre 98 m² à Tanger,2490000.0,Tanger,Tanger City Center,98.0,2,2,25408.16,2026-05-11 20:49:52.541342
3070,Appartement RDC calme 64m 2ch,670000.0,Temara,Al Moustakbal,64.0,2,1,10468.75,2026-05-11 20:49:52.541443
3071,Selouane appartement 60m2 à vendre,1080000.0,Casablanca,Oulfa,60.0,2,2,18000.0,2026-05-11 20:49:52.541535
3072,Appartement meublé à Marina Golf Asilah,680000.0,Asilah,Toute La Ville,49.0,1,1,13877.55,2026-05-11 20:49:52.541628
3073,Bel appartement à vendre,690000.0,Casablanca,Hay Inara,67.0,2,1,10298.51,2026-05-11 20:49:52.541720
3074,appartement à vendre karia secteur 5,340000.0,Salé,Sala El Jadida,60.0,1,1,5666.67,2026-05-11 20:49:52.541811
3075,Appartement à vendre 58 m² à Bouznika,960000.0,Bouznika,Plage Oued Cherrat,68.0,1,2,14117.65,2026-05-11 20:49:52.541909
3076,"Appartement à vendre, Ville Nouvelle",365000.0,El Jadida,Saada,52.0,2,1,7019.23,2026-05-11 20:49:52.542002
3077,Appartement à vendre 124 m² à Nador,1300000.0,Nador,Hay Al Matar,124.0,3,2,10483.87,2026-05-11 20:49:52.542092
3078,Appartement à vendre près de la plage de M'diq,850000.0,Mdiq,Toute La Ville,82.0,2,1,10365.85,2026-05-11 20:49:52.542183
3079,Appartement à vendre 62 m² à Salé,600000.0,Salé,Hay Chmaou,74.0,2,1,8108.11,2026-05-11 20:49:52.542277
3080,Appartement excellent,350000.0,Tamesna,Toute La Ville,50.0,2,2,7000.0,2026-05-11 20:49:52.542468
3081,Agadir Bay,3750000.0,Agadir,Sonaba,210.0,3,3,17857.14,2026-05-11 20:49:52.542560
3082,APPARTEMENT À VENDRE À SAIDIA,850000.0,Saidia,Toute La Ville,110.0,2,2,7727.27,2026-05-11 20:49:52.542740
3083,Appartement RDC Le Vallon 66m,500000.0,Kénitra,Val Fleury,66.0,2,1,7575.76,2026-05-11 20:49:52.542832
3084,Appartement à vendre à Wifak Temara,650000.0,Temara,Wifak,65.0,2,1,10000.0,2026-05-11 20:49:52.542925
3085,Appartement à vendre 63 m² à Meknès,320000.0,Meknès,Hamria,63.0,3,1,5079.37,2026-05-11 20:49:52.543017
3086,JOLI APPARTEMENT 3ÈME ÉTAGE BOUSKOURRA,340000.0,Bouskoura,Bouskoura Centre,52.0,2,1,6538.46,2026-05-11 20:49:52.543112
3087,Appartement résidence sécurisée,910000.0,Casablanca,Oulfa,70.0,2,2,13000.0,2026-05-11 20:49:52.543206
3088,Appartement 3 chambres 150 m² ascenseur syndic sur le boulevard,1950000.0,Tanger,Centre Ville,150.0,3,2,13000.0,2026-05-11 20:49:52.543690
3089,"Appartement 56 m², ascenseur, syndic, 5 minutes de Malabata",550000.0,Tanger,Tanja Balia,56.0,2,1,9821.43,2026-05-11 20:49:52.543789
3090,"Appartement 3 pièces 80m, ascenseur, syndic, 5 min Malabata",750000.0,Tanger,Tanja Balia,80.0,3,1,9375.0,2026-05-11 20:49:52.543888
3091,"Appartement 74 m², ascenseur, syndic, balcon, 4 min gare",592000.0,Tanger,Tanja Balia,74.0,2,1,8000.0,2026-05-11 20:49:52.543988
3092,"Appartement meublé de 76 m², ascenseur, syndic, sur la rue",760000.0,Tanger,Tanja Balia,76.0,2,1,10000.0,2026-05-11 20:49:52.544087
3093,Appartement 4 pièces 102 m² ascenseur syndic sur rue,1070000.0,Tanger,Tanja Balia,102.0,4,1,10490.2,2026-05-11 20:49:52.544187
3094,Appartement meublé,850000.0,Martil,Toute La Ville,76.0,2,2,11184.21,2026-05-11 20:49:52.544282
3095,Appartement Haut Standing Sun Square ALMAZ,2300000.0,Casablanca,Almaz,146.0,3,2,15753.42,2026-05-11 20:49:52.544377
3096,"Appartement terrasse 118 m, ascenseur, syndic, 4 minutes de la gare",800000.0,Tanger,Tanja Balia,118.0,2,1,6779.66,2026-05-11 20:49:52.544515
3097,"Appartement terrasse 196 m², ascenseur, syndic, déclaration totale",1020000.0,Tanger,Tanja Balia,196.0,2,1,5204.08,2026-05-11 20:49:52.544614
3098,Appartement ascenseur balcon vue sur la rue,450000.0,Tanger,Marjane,57.0,2,1,7894.74,2026-05-11 20:49:52.544714
3099,Appartement avec double façade ensoleillée,890000.0,Kénitra,Al Maghrib Al Arabi,127.0,3,2,7007.87,2026-05-11 20:49:52.544900
3100,Appartement à vendre 74 m² à Kénitra,5900000.0,Kénitra,Alliance,84.0,2,2,70238.1,2026-05-11 20:49:52.545087
3101,appartement ensoleillé,560000.0,Meknès,Riad Toulal,100.0,3,2,5600.0,2026-05-11 20:49:52.545384
3102,Agdal apt hab ou bur 137 m² au RDC,2200000.0,Rabat,Agdal,137.0,2,1,16058.39,2026-05-11 20:49:52.545486
3103,Magnifique appartement avec terrasse,2600000.0,Marrakech,Agdal,110.0,2,2,23636.36,2026-05-11 20:49:52.545708
3104,Appartement à vendre à Rabat,660000.0,Rabat,Hay Nahda,86.0,2,1,7674.42,2026-05-11 20:49:52.545802
3105,"Kénitra, lotissement Mokhalif, Ain Sebaa",270000.0,Kénitra,Autre Secteur,80.0,3,1,3375.0,2026-05-11 20:49:52.545893
3106,Appartement 🏡 à vendre 📍 Tanger El Balia,1200000.0,Tanger,Tanja Balia,80.0,2,1,15000.0,2026-05-11 20:49:52.545991
3107,"Maisons Ismailia, route Akourai, près de Marjane Meknes",320000.0,Meknès,Autre Secteur,70.0,2,1,4571.43,2026-05-11 20:49:52.546091
3108,Très bel appartement à vendre à Asilah Centre,900000.0,Asilah,Toute La Ville,80.0,2,1,11250.0,2026-05-11 20:49:52.546187
3109,Bel appartement à Saïd Hajji,860000.0,Salé,Said Hajji,76.0,2,2,11315.79,2026-05-11 20:49:52.546279
3110,Superbe appartement à vendre,1020000.0,Kénitra,Val Fleury,145.0,2,2,7034.48,2026-05-11 20:49:52.546370
3111,Appartement à vendre 60 m² Doha (Marjane),380000.0,Tétouan,Autre Secteur,60.0,1,1,6333.33,2026-05-11 20:49:52.546559
3112,À VENDRE – Appartement moderne,1800000.0,Tanger,Centre Ville,80.0,2,2,22500.0,2026-05-11 20:49:52.546681
3113,Appartement Maarif à vendre,1440000.0,Casablanca,Maarif,115.0,2,2,12521.74,2026-05-11 20:49:52.546876
3114,Appartement à vendre 60 m² à dakhla oulfa,460000.0,Casablanca,Oulfa,60.0,2,1,7666.67,2026-05-11 20:49:52.547233
3115,Appartement Quartier Administratif 108,700000.0,Béni Mellal,Toute La Ville,108.0,2,2,6481.48,2026-05-11 20:49:52.547333
3116,"Appartement à vendre à Sbata, Casablanca",420000.0,Casablanca,Sbata,64.0,2,1,6562.5,2026-05-11 20:49:52.547432
3117,appartement avec piscine,990000.0,Marrakech,Route De Safi,77.0,2,2,12857.14,2026-05-11 20:49:52.547526
3118,Appartement à vendre 57 m² à Bouskoura Andalouss,550000.0,Bouskoura,Bouskoura Centre,57.0,2,1,9649.12,2026-05-11 20:49:52.547624
3119,Appartement à vendre 181 m² à Marrakech,3800000.0,Marrakech,Guéliz,181.0,3,3,20994.48,2026-05-11 20:49:52.547722
3120,Appartement à vendre 120 m² à Kénitra,1200000.0,Kénitra,La Ville Haute,118.0,3,2,10169.49,2026-05-11 20:49:52.547824
3121,Superbe appartement à vendre,870000.0,Marrakech,Hay Charaf,67.0,2,2,12985.07,2026-05-11 20:49:52.547920
3122,Vente Appartement,1650000.0,Marrakech,Route De Casablanca,104.0,2,2,15865.38,2026-05-11 20:49:52.548014
3123,Appartements titrés à vendre Martil avec ascenseur,680000.0,Martil,Toute La Ville,70.0,2,1,9714.29,2026-05-11 20:49:52.548110
3124,Appartement 2 chambres à vendre,320000.0,El Jadida,Saada,56.0,2,1,5714.29,2026-05-11 20:49:52.548207
3125,Appartement à vendre 73 m² à Martil,510000.0,Martil,Toute La Ville,73.0,2,1,6986.3,2026-05-11 20:49:52.548299
3126,Appartement à vendre 84 m² à Marrakech,1700000.0,Marrakech,Guéliz,107.0,1,1,15887.85,2026-05-11 20:49:52.548497
3127,Appartement à vendre 64 m² à Marrakech,680000.0,Marrakech,M'Hamid,71.0,2,1,9577.46,2026-05-11 20:49:52.548598
3128,Izdihar Bouskoura - 97m² – 3 chambres,950000.0,Bouskoura,Bouskoura Centre,97.0,3,2,9793.81,2026-05-11 20:49:52.548694
3129,Appartement à vendre 61 m² à Tanger,1029000.0,Tanger,Tanja Balia,86.0,2,2,11965.12,2026-05-11 20:49:52.548788
3130,Appartement à vendre 73 m² à Casablanca,670000.0,Casablanca,Oulfa,73.0,2,1,9178.08,2026-05-11 20:49:52.548889
3131,Appartement à vendre,680000.0,Salé,Said Hajji,77.0,2,1,8831.17,2026-05-11 20:49:52.548986
3132,Appartement avec jardin et piscine privés,1900000.0,Casablanca,Centre Ville,175.0,2,2,10857.14,2026-05-11 20:49:52.549077
3133,Appartement Panoramique,1200000.0,Mdiq,Toute La Ville,105.0,2,1,11428.57,2026-05-11 20:49:52.549175
3134,Appartement à vendre,850000.0,Casablanca,Aïn Borja,90.0,2,1,9444.44,2026-05-11 20:49:52.549269
3135,Appartement à vendre double façade,810000.0,Salé,Said Hajji,80.0,2,1,10125.0,2026-05-11 20:49:52.549483
3136,Appartement à vendre 74 m² à Ain Attig (Temara),435000.0,Temara,Ain Atig,74.0,2,1,5878.38,2026-05-11 20:49:52.549581
3137,Bel Appartement 101 m² à Temara,950000.0,Temara,Al Moustakbal,124.0,3,1,7661.29,2026-05-11 20:49:52.549877
3138,Yannès Mahdia Kénitra,8500000.0,Kénitra,Alliance,150.0,3,2,56666.67,2026-05-11 20:49:52.549969
3139,A vendre appartement neuf quartier Drarga,460000.0,Drargua,Toute La Ville,54.0,2,2,8518.52,2026-05-11 20:49:52.550063
3140,Excellent appartement à vendre,510000.0,Fès,Route Ain Chkaf,77.0,3,2,6623.38,2026-05-11 20:49:52.550347
3141,Appartement neuf à vendre complexe piscine,62700000.0,Tanger,Autre Secteur,57.0,2,1,1100000.0,2026-05-11 20:49:52.550445
3142,Appartement à vendre à El Majd,820000.0,Tanger,El Majd,84.0,3,2,9761.9,2026-05-11 20:49:52.550549
3143,Vente appartement Maarif RDC élevé,920000.0,Casablanca,Maârif Extension,67.0,2,1,13731.34,2026-05-11 20:49:52.550641
3144,Appartement à vendre Ain Malloul,585000.0,Tétouan,Wilaya,60.0,2,1,9750.0,2026-05-11 20:49:52.550763
3145,"Tanger Msanana, Bel Bachir",490000.0,Tanger,Mesnana,55.0,2,1,8909.09,2026-05-11 20:49:52.550857
3146,Appartement à vendre à Route De Casa MARRAKECH,760000.0,Marrakech,Route De Casablanca,55.0,2,1,13818.18,2026-05-11 20:49:52.550980
3147,Appartement à vendre 89 m² à Oujda,640000.0,Oujda,Centre Ville,89.0,2,1,7191.01,2026-05-11 20:49:52.551080
3148,À VENDRE STUDIO AVEC TERRASSE À PALMIER,1300000.0,Casablanca,Palmier,88.0,1,1,14772.73,2026-05-11 20:49:52.551180
3149,Appartement à vendre Dar Bouazza,330000.0,Dar Bouazza,Toute La Ville,56.0,2,1,5892.86,2026-05-11 20:49:52.551273
3150,Appartement à vendre 72 m² à Settat,360000.0,Settat,Toute La Ville,72.0,2,1,5000.0,2026-05-11 20:49:52.551565
3151,Appartement meublé à louer,450000.0,Kénitra,El Haddada,68.0,1,1,6617.65,2026-05-11 20:49:52.551657
3152,Exceptionnel appartement à Dar Bouazza,1900000.0,Dar Bouazza,Toute La Ville,175.0,2,2,10857.14,2026-05-11 20:49:52.551749
3153,Appartement à vendre 53 m² à Marrakech Guéliz,1335000.0,Marrakech,Guéliz,53.0,1,1,25188.68,2026-05-11 20:49:52.551842
3154,Appartement 74 m ascenseur syndic balcon 4 minutes gare,592000.0,Tanger,Tanja Balia,74.0,2,1,8000.0,2026-05-11 20:49:52.552230
3155,Appartement 106 m² à Salé à vendre,860000.0,Salé,Said Hajji,118.0,3,2,7288.14,2026-05-11 20:49:52.552328
3156,Appartement 112m EST en vente à Témara Wifak,1550000.0,Temara,Wifak,112.0,3,2,13839.29,2026-05-11 20:49:52.552427
3157,😍 Appartement élégant meublé à vendre sur le boulevard Allal El Fassi,1500000.0,Marrakech,Allal El Fassi,120.0,2,2,12500.0,2026-05-11 20:49:52.552524
3158,Appartements de luxe à vendre,630000.0,Martil,Toute La Ville,65.0,2,1,9692.31,2026-05-11 20:49:52.552820
3159,Appartement meublé à Oued Laâlou 😍,650000.0,Martil,Toute La Ville,65.0,2,1,10000.0,2026-05-11 20:49:52.553012
3160,Appartement à vendre 90 m² à Fès,430000.0,Fès,Dar Mehrez,100.0,3,2,4300.0,2026-05-11 20:49:52.553107
3161,Appartements près du quartier Mansour,370000.0,Meknès,Autre Secteur,70.0,3,1,5285.71,2026-05-11 20:49:52.553198
3162,Appartement bord de mer,815000.0,Oued Laou,Toute La Ville,87.0,2,2,9367.82,2026-05-11 20:49:52.553530
3163,Appartement à vendre 57 m² à Sidi Rahal,430000.0,Sidi Rahal,Toute La Ville,57.0,2,1,7543.86,2026-05-11 20:49:52.553644
3164,Studio à vendre 45 m² à Bourgogne,1200000.0,Casablanca,Bourgogne,45.0,1,1,26666.67,2026-05-11 20:49:52.554140
3165,Exceptionnel appartement avec piscine privée,1900000.0,Casablanca,Autre Secteur,175.0,2,2,10857.14,2026-05-11 20:49:52.554280
3166,"Appartement avec terrasse 196 m, ascenseur, syndic, déclaration totale",1020000.0,Tanger,Tanja Balia,196.0,2,1,5204.08,2026-05-11 20:49:52.554383
3167,Appartement à vendre 67 m² à Casablanca,1200000.0,Casablanca,,75.0,2,2,16000.0,2026-05-11 20:49:52.554507
3168,Vente appartement ensoleillé,580000.0,Salé,Sala El Jadida,65.0,2,1,8923.08,2026-05-11 20:49:52.554809
3169,Appartement à vendre 74 m² à Casablanca,660000.0,Casablanca,Autre Secteur,74.0,2,2,8918.92,2026-05-11 20:49:52.554904
3170,Offre du jour : appartement de luxe à prix attractif,410000.0,Mohammedia,Nassim,63.0,2,1,6507.94,2026-05-11 20:49:52.555208
3171,Oulad Tayeb Fès,4800000.0,Fès,Ouled Tayeb,120.0,4,2,40000.0,2026-05-11 20:49:52.555419
3172,Appartement à vendre 78 m² à Casablanca,920000.0,Casablanca,Al Fida,78.0,3,2,11794.87,2026-05-11 20:49:52.555733
3173,Appartement à vendre 70 m² à Casablanca,639000.0,Casablanca,Aïn Borja,70.0,2,1,9128.57,2026-05-11 20:49:52.555927
3174,"Appartement avec terrasse 118 m, ascenseur, syndic, 4 minutes de la gare",800000.0,Tanger,Tanja Balia,118.0,2,1,6779.66,2026-05-11 20:49:52.556023
3175,2ème étage à Karam à côté de Carrefour,530000.0,Berrechid,Toute La Ville,88.0,2,1,6022.73,2026-05-11 20:49:52.556220
3176,Appartement Socoma 3 chambres sans ascenseur,1000000.0,Marrakech,Socoma,106.0,3,2,9433.96,2026-05-11 20:49:52.556315
3177,Appartement à vendre 83 m² à Casablanca,830000.0,Casablanca,Sidi Moumen,83.0,3,1,10000.0,2026-05-11 20:49:52.556413
3178,Appartement à vendre 107 m² à Tanger,1400000.0,Tanger,Autre Secteur,107.0,3,2,13084.11,2026-05-11 20:49:52.556512
3179,Studio à Maârif,1300000.0,Casablanca,Maarif,88.0,1,1,14772.73,2026-05-11 20:49:52.556617
3180,"😍 Appartement à vendre, avec vue sur jardin et piscine",2200000.0,Marrakech,Av Mohammed Vi,104.0,2,2,21153.85,2026-05-11 20:49:52.556714
3181,Appartement à vendre,1050000.0,Rabat,Autre Secteur,68.0,2,2,15441.18,2026-05-11 20:49:52.556903
3182,"Appartement 57 m², ascenseur, balcon, vue sur rue",450000.0,Tanger,Marjane,57.0,2,1,7894.74,2026-05-11 20:49:52.557104
3183,Appartement meublé 76 m ascenseur syndic sur la rue,760000.0,Tanger,Tanja Balia,76.0,2,1,10000.0,2026-05-11 20:49:52.557198
3184,Appartement 117 m2 à vendre perle 3 nouaceur,1300000.0,Nouaceur,Toute La Ville,117.0,3,2,11111.11,2026-05-11 20:49:52.557300
3185,Appartement à Bayti Sakani Lwizia,340000.0,Mohammedia,Autre Secteur,54.0,2,1,6296.3,2026-05-11 20:49:52.557398
3186,Appartement à vendre 161 m² à Guéliz,2500000.0,Marrakech,Guéliz,161.0,3,2,15527.95,2026-05-11 20:49:52.557594
3187,Appartement 3 chambres 150 m² ascenseur syndic sur le Boulevard,1950000.0,Tanger,Centre Ville,150.0,3,2,13000.0,2026-05-11 20:49:52.557790
3188,Meknes Parc,200000.0,Meknès,Marjane 2,50.0,2,2,4000.0,2026-05-11 20:49:52.557909
3189,Appartement à vendre Tamanart 2,750000.0,Agadir,Ben Serguaou,60.0,2,1,12500.0,2026-05-11 20:49:52.558004
3190,Appartements neufs avec Daam Sakane 10 millions,550000.0,Larache,Toute La Ville,70.0,2,1,7857.14,2026-05-11 20:49:52.558127
3191,Appartement à vendre 72 m² à Oualidia,720000.0,Oualidia,Toute La Ville,81.0,2,2,8888.89,2026-05-11 20:49:52.558221
3192,"Appartement 56 m², ascenseur, syndic, 5 minutes de Malabata",550000.0,Tanger,Tanja Balia,56.0,2,1,9821.43,2026-05-11 20:49:52.558312
3193,MEK-ME-1082 - Appartement à vendre à Lotissemen...,490000.0,Meknès,Autre Secteur,128.0,3,2,3828.12,2026-05-11 20:49:52.558420
3194,appartement 4 chambres ascenseur Syndic 107 millions,1070000.0,Tanger,Tanja Balia,102.0,4,2,10490.2,2026-05-11 20:49:52.558627
3195,Appartement 3 chambres 80 mètres ascenseur syndic 5 minutes de Labata,750000.0,Tanger,Tanja Balia,80.0,3,1,9375.0,2026-05-11 20:49:52.558728
3196,Appart 90 m² 2 chambres salon proche Sela Park,970000.0,Temara,Skikina,90.0,2,2,10777.78,2026-05-11 20:49:52.558826
3197,Appartement indépendant à vendre,350000.0,Tétouan,Autre Secteur,112.0,2,1,3125.0,2026-05-11 20:49:52.558919
3198,Bel appartement à Bouznika proche de mer Eddoha,440000.0,Bouznika,Autre Secteur,58.0,1,1,7586.21,2026-05-11 20:49:52.559050
3199,Appartement Neuf 2Ch 2SdB 63m2 2ème étg Balcon Maarif,1512000.0,Casablanca,Maarif,63.0,2,2,24000.0,2026-05-11 20:49:52.559148
3200,APPARTEMENT À VENDRE,860000.0,Kénitra,La Ville Haute,112.0,2,2,7678.57,2026-05-11 20:49:52.559243
3201,Studio Neuf 57m2 4è étg Balcon et Terrasse Maarif,1296000.0,Casablanca,Maarif,57.0,1,1,22736.84,2026-05-11 20:49:52.559342
3202,Studio Neuf 66m2 3è étg Grande Terrasse Maarif,1200000.0,Casablanca,Maarif,66.0,1,1,18181.82,2026-05-11 20:49:52.559537
3203,Appartement à vendre,860000.0,Kénitra,La Ville Haute,112.0,2,2,7678.57,2026-05-11 20:49:52.559629
3204,Excellent appartement à vendre,11000000.0,Kénitra,Centre,140.0,3,2,78571.43,2026-05-11 20:49:52.559724
3205,Vente Appartement sans vis à vis à oulad mtaa,2700000.0,Temara,Riad Oulad Mtaa,126.0,3,2,21428.57,2026-05-11 20:49:52.559822
3206,Appartement Résidence Vizir avec piscine pour investir,1250000.0,Marrakech,Route De Casablanca,70.0,1,2,17857.14,2026-05-11 20:49:52.559915
3207,Appartement Massira avec ascenseur 81 M2,750000.0,Marrakech,Massira 1,81.0,2,2,9259.26,2026-05-11 20:49:52.560016
3208,Appartement à vendre à Massira Ait Melloul,620000.0,Ait Melloul,Toute La Ville,75.0,2,2,8266.67,2026-05-11 20:49:52.560209
3209,Petit appartement à vendre Mahdia Kénitra,170000.0,Mehdia,Toute La Ville,40.0,1,1,4250.0,2026-05-11 20:49:52.560300
3210,Appartement Horizon Parc à vendre 3 chambres salon,1200000.0,Salé,Sala El Jadida,86.0,3,2,13953.49,2026-05-11 20:49:52.560588
3211,appartement Costa mar,1800000.0,Martil,Toute La Ville,84.0,2,1,21428.57,2026-05-11 20:49:52.560686
3212,Bel Appartement à Vendre Allal Fassi,1100000.0,Marrakech,Allal El Fassi,93.0,2,2,11827.96,2026-05-11 20:49:52.560781
3213,Appartement d’exception entièrement rénové,4200000.0,Rabat,Riyad,156.0,4,2,26923.08,2026-05-11 20:49:52.560875
3214,Vente appartement,510000.0,Fès,Narjis,71.0,2,2,7183.1,2026-05-11 20:49:52.561067
3215,El Qods Maison Bernoussi,480000.0,Casablanca,Sidi Bernoussi,75.0,2,2,6400.0,2026-05-11 20:49:52.561261
3216,Appartement Mhamid Rez de chaussée,520000.0,Marrakech,M'Hamid,61.0,2,2,8524.59,2026-05-11 20:49:52.561383
3217,Appart 80 m2 pour habitation ou investissement,430000.0,Meknès,Autre Secteur,80.0,3,2,5375.0,2026-05-11 20:49:52.561487
3218,Appartement à vendre 87m ain sebaa casa,920000.0,Casablanca,Ain Sebaa,87.0,2,2,10574.71,2026-05-11 20:49:52.561696
3219,Appartement à vendre de 107m2 à 100m de la plage,820000.0,El Jadida,Corniche,107.0,3,2,7663.55,2026-05-11 20:49:52.561792
3220,OPPORTUNITÉ RARE 3 ch lumineux à Oulfa Casablanca,1200000.0,Casablanca,Oulfa,97.0,3,2,12371.13,2026-05-11 20:49:52.561913
3221,Appartement à vendre Superficie 90 m² Quartier Al Ouifaq Temara,900000.0,Temara,Wifak,90.0,2,1,10000.0,2026-05-11 20:49:52.562006
3222,Appartement à vendre,360000.0,Dar Bouazza,Toute La Ville,58.0,2,1,6206.9,2026-05-11 20:49:52.562104
3223,Appartement à vendre 120 m² à Casablanca,1680000.0,Casablanca,2 Mars,120.0,3,2,14000.0,2026-05-11 20:49:52.562294
3224,Appartement Centre Berrechid,550000.0,Berrechid,Toute La Ville,100.0,3,1,5500.0,2026-05-11 20:49:52.562393
3225,Appartement à vendre 60 m² à Bouskoura,380000.0,Bouskoura,Bouskoura Centre,60.0,2,2,6333.33,2026-05-11 20:49:52.562492
3226,Appartement Babek Rasdak et proche de la mer,530000.0,Sidi Rahal,Toute La Ville,71.0,2,1,7464.79,2026-05-11 20:49:52.562591
3227,Appartement à vendre 100 mètres,1120000.0,Casablanca,Mandarona,100.0,3,2,11200.0,2026-05-11 20:49:52.562686
3228,Appartement à vendre 99 m² à Casablanca,1150000.0,Casablanca,Mandarona,99.0,3,2,11616.16,2026-05-11 20:49:52.562781
3229,Appartement à vendre à Hay Nassim,950000.0,Casablanca,Nassim,120.0,2,2,7916.67,2026-05-11 20:49:52.562872
3230,Appartement 116 m² à Belvédère,1270000.0,Casablanca,Belvédère,116.0,2,2,10948.28,2026-05-11 20:49:52.562967
3231,T3 NEUF 77m² Vue dégagée 5e étage Route de Rabat,924000.0,Tanger,Autre Secteur,77.0,2,1,12000.0,2026-05-11 20:49:52.563062
3232,Appartement à vendre 76 m² à Casablanca,460000.0,Casablanca,Ben M'Sick,76.0,2,2,6052.63,2026-05-11 20:49:52.563346
3233,"Excellent appartement à vendre à Agadir, quartier Tlilil",570000.0,Agadir,Tilila,58.0,2,1,9827.59,2026-05-11 20:49:52.563444
3234,Appartement RDC bien aménagé,990000.0,Casablanca,Sidi Maarouf,101.0,3,2,9801.98,2026-05-11 20:49:52.563538
3235,Apparemment à vendre Massira 1..,460000.0,Marrakech,Massira 1,68.0,2,1,6764.71,2026-05-11 20:49:52.563633
3236,Appartement à vendre Martil,480000.0,Martil,Toute La Ville,70.0,1,1,6857.14,2026-05-11 20:49:52.564428
3237,"Trois appartements et un garage à vendre à Tamuda, Tétouan",1050000.0,Tétouan,Autre Secteur,70.0,7,3,15000.0,2026-05-11 20:49:52.564640
3238,Appartement à vendre 90 m² à Guercif,42000000.0,Guercif,Toute La Ville,71.0,2,1,591549.3,2026-05-11 20:49:52.564736
3239,"Appartement résidentiel à vendre, titré à Tétouan",800000.0,Tétouan,Autre Secteur,95.0,2,1,8421.05,2026-05-11 20:49:52.564878
3240,Appartement meublé 🏠 à vendre à hay Mohammadi,550000.0,Agadir,Hay Mohammadi,96.0,2,1,5729.17,2026-05-11 20:49:52.565147
3241,Appartement à vendre à Tétouan Skhna et Taamir,930000.0,Tétouan,Autre Secteur,100.0,2,1,9300.0,2026-05-11 20:49:52.565245
3242,Appartement titré à vendre avec meubles Martil,830000.0,Martil,Toute La Ville,68.0,2,1,12205.88,2026-05-11 20:49:52.565351
3243,Studio neuf haut standing à vendre,1100000.0,Tanger,Moujahidine,81.0,1,1,13580.25,2026-05-11 20:49:52.565488
3244,Appartement à vendre ou à hypothéquer,720000.0,Kénitra,Alliance,135.0,3,2,5333.33,2026-05-11 20:49:52.565587
3245,Appartement à vendre 93 m² à Casablanca Bd Taddart,1440000.0,Casablanca,Maarif,106.0,2,2,13584.91,2026-05-11 20:49:52.565778
3246,appartement moyen standing à meknes,754000.0,Meknès,Autre Secteur,111.0,2,2,6792.79,2026-05-11 20:49:52.565877
3247,JOLI APPARTEMENT A VENDRE,800000.0,Marrakech,Mabrouka,70.0,2,1,11428.57,2026-05-11 20:49:52.565977
3248,Appartement à vendre 64 m² à Wifak Temara,720000.0,Temara,Wifak,64.0,2,1,11250.0,2026-05-11 20:49:52.566070
3249,Studio Sidi Rahal 46m,390000.0,Sidi Rahal,Toute La Ville,46.0,1,1,8478.26,2026-05-11 20:49:52.566164
3250,Appartements et locaux commerciaux à vendre,410000.0,Kénitra,Bir Rami,75.0,2,1,5466.67,2026-05-11 20:49:52.566457
3251,Appartement à Mimosa au dessus de la CIH BANK,1400000.0,Kénitra,Centre,150.0,4,1,9333.33,2026-05-11 20:49:52.566554
3252,Appartement bien ensoleillé à vendre Salmia2,440000.0,Casablanca,Salmia,70.0,2,2,6285.71,2026-05-11 20:49:52.566649
3253,Vente Appartement,1700000.0,Agadir,Haut-Founty,102.0,2,2,16666.67,2026-05-11 20:49:52.566741
3254,Appartement à vendre 86 m² à Temara,1350000.0,Temara,Wifak,86.0,2,1,15697.67,2026-05-11 20:49:52.566833
3255,Appartement à louer 61 m² à Casablanca,450000.0,Casablanca,Hay Hassani,61.0,2,1,7377.05,2026-05-11 20:49:52.566932
3256,FES-AG-1113 - Appartement à vendre à Nouvelle V...,980000.0,Fès,Autre Secteur,147.0,3,1,6666.67,2026-05-11 20:49:52.567027
3257,Appartement à vendre Martil,640000.0,Martil,Toute La Ville,105.0,2,1,6095.24,2026-05-11 20:49:52.567366
3258,Appartement à Jnane Awarad à côté de Mcdo Route Casa,700000.0,Marrakech,Hay Izdihar,57.0,2,2,12280.7,2026-05-11 20:49:52.567471
3259,APPART FACE POSTE GUELIZ MACDO GUELIZ ZARA,1600000.0,Marrakech,Guéliz,86.0,2,1,18604.65,2026-05-11 20:49:52.567669
3260,Bel appartement meublé Islane,1240000.0,Agadir,Hay Mohammadi,89.0,2,1,13932.58,2026-05-11 20:49:52.567780
3261,Appartement S+2 Souterrain Vendu Titré à Al Massira 1 - 47 m²,240000.0,Béni Mellal,Toute La Ville,47.0,2,1,5106.38,2026-05-11 20:49:52.567875
3262,Appartement à vendre 114 m² à Temara,1100000.0,Temara,Abbadi,114.0,3,2,9649.12,2026-05-11 20:49:52.567970
3263,appartement,360000.0,Tiznit,Toute La Ville,47.0,2,1,7659.57,2026-05-11 20:49:52.568062
3264,Appartement à vendre à Hay Farouki,660000.0,Salé,Frougui,76.0,3,2,8684.21,2026-05-11 20:49:52.568153
3265,Appartement à vendre,520000.0,Fès,Mont Fleuri,110.0,2,1,4727.27,2026-05-11 20:49:52.568247
3266,Appartement à vendre à Martil Chebar,580000.0,Martil,Toute La Ville,80.0,2,1,7250.0,2026-05-11 20:49:52.568339
3267,Appartement à vendre à Oued Laou,860000.0,Oued Laou,Toute La Ville,85.0,2,1,10117.65,2026-05-11 20:49:52.568444
3268,Appartement Titré à vendre à Tanger Aouma,800000.0,Tanger,Aouama Gharbia,90.0,3,1,8888.89,2026-05-11 20:49:52.568674
3269,Appartement 107 m² 2 chambres avec terrasse/cour,1290000.0,Casablanca,Bourgogne,107.0,2,2,12056.07,2026-05-11 20:49:52.568771
3270,Appartement à vendre 65 m² à Casablanca,1400000.0,Casablanca,Oasis,65.0,1,1,21538.46,2026-05-11 20:49:52.569150
3271,Appartement titré à vendre à Martil,830000.0,Martil,Toute La Ville,68.0,2,1,12205.88,2026-05-11 20:49:52.569436
3272,Appartement à vendre à Martil Ahrik,580000.0,Martil,Toute La Ville,62.0,2,1,9354.84,2026-05-11 20:49:52.569534
3273,Appartement de 76m2 Habitable bien fini,480000.0,Kénitra,El Assam,84.0,2,2,5714.29,2026-05-11 20:49:52.569736
3274,Appartement à vendre à Firdaws Oulfa,52000000.0,Casablanca,Oulfa,51.0,2,1,1019607.84,2026-05-11 20:49:52.569828
3275,La Nouvelle Ville Ibn Battouta Kaznaya Tanger,300000.0,Tanger,Autre Secteur,50.0,2,1,6000.0,2026-05-11 20:49:52.569924
3276,CMN-AN-1936 - Appartement à vendre à Racine,3850000.0,Casablanca,Racine,247.0,3,2,15587.04,2026-05-11 20:49:52.570023
3277,appartement sidi rahal 71m,540000.0,Sidi Rahal,Toute La Ville,71.0,3,2,7605.63,2026-05-11 20:49:52.570212
3278,Appart à vendre 72m² à ANASSI CASA Moyen stand,579000.0,Casablanca,Sidi Moumen,72.0,2,1,8041.67,2026-05-11 20:49:52.570311
3279,Appartement à vendre à Tétouan Twilae,550000.0,Tétouan,Centre Ville,120.0,2,1,4583.33,2026-05-11 20:49:52.570412
3280,Appartement meublé Saïdia à vendre,350000.0,Saidia,Toute La Ville,57.0,2,1,6140.35,2026-05-11 20:49:52.570513
3281,Appartement Titré à vendre à Tétouan Al Hamama,800000.0,Tétouan,Centre Ville,95.0,2,1,8421.05,2026-05-11 20:49:52.570608
3282,Appartement à ne pas rater,620000.0,Meknès,Marjane 2,130.0,3,3,4769.23,2026-05-11 20:49:52.570724
3283,Appartement titré à vendre à Tétouan kuilma,580000.0,Tétouan,Autre Secteur,63.0,2,1,9206.35,2026-05-11 20:49:52.570818
3284,Joli Appartement dans résidence privée,1250000.0,Casablanca,Bourgogne,76.0,2,1,16447.37,2026-05-11 20:49:52.570917
3285,Appartement titré à vendre à Martil,390000.0,Martil,Toute La Ville,50.0,1,1,7800.0,2026-05-11 20:49:52.571015
3286,Appartement à vendre 86 m² Temara avec 3 façades,1020000.0,Temara,Centre Ville,110.0,3,2,9272.73,2026-05-11 20:49:52.571113
3287,Studio 10/20,740000.0,Casablanca,Maarif,50.0,1,1,14800.0,2026-05-11 20:49:52.571213
3288,😍 Duplex meublé haut standing avec terrasse à vendre,1900000.0,Marrakech,Allal El Fassi,136.0,2,2,13970.59,2026-05-11 20:49:52.571310
3289,CMN-HA-2059 - Appartement à vendre à CIL,2590000.0,Casablanca,C.I.L,170.0,3,2,15235.29,2026-05-11 20:49:52.571412
3290,Appartement meublé (Logement économique),490000.0,Mohammedia,Autre Secteur,70.0,3,2,7000.0,2026-05-11 20:49:52.571504
3291,CMN-AN-1933 - Appartement à vendre à Racine,1600000.0,Casablanca,Racine,112.0,3,2,14285.71,2026-05-11 20:49:52.571799
3292,RAK-ME-1041 - Appartement à vendre à Mhamid,729000.0,Marrakech,M'Hamid,104.0,3,3,7009.62,2026-05-11 20:49:52.571894
3293,Appartement à vendre 64 m² à Tanger,950000.0,Tanger,Autre Secteur,64.0,2,1,14843.75,2026-05-11 20:49:52.571987
3294,🏡 Appartement à vendre 📍 TANGER EL BALIA,1800000.0,Tanger,Tanja Balia,111.0,3,2,16216.22,2026-05-11 20:49:52.572133
3295,Appartement à vendre 111 m² à Tanger,1800000.0,Tanger,Tanja Balia,111.0,3,2,16216.22,2026-05-11 20:49:52.572235
3296,Appartement 🏡 à vendre 📍 Tanger El Balia,1800000.0,Tanger,Tanja Balia,111.0,3,2,16216.22,2026-05-11 20:49:52.572334
3297,Appartement à vendre 115 m² à Salé,1200000.0,Salé,Tabriquet,115.0,3,2,10434.78,2026-05-11 20:49:52.572542
3298,APPARTEMENT À VENDRE AV HASSAN 2,980000.0,Tétouan,Autre Secteur,148.0,4,2,6621.62,2026-05-11 20:49:52.572635
3299,Appartement très bien situé,650000.0,Dar Bouazza,Toute La Ville,72.0,2,2,9027.78,2026-05-11 20:49:52.572737
3300,Appartement à vendre nouveau,540000.0,Asilah,Toute La Ville,62.0,2,1,8709.68,2026-05-11 20:49:52.572832
3301,Appartement presque neuf,439000.0,Tanger,Boukhalef,58.0,2,1,7568.97,2026-05-11 20:49:52.572928
3302,Appartement économique à prix abordable à Bouznika,450000.0,Bouznika,Autre Secteur,70.0,2,2,6428.57,2026-05-11 20:49:52.573121
3303,Appartement économique à prix abordable à Bournazil,520000.0,Casablanca,Bournazil,60.0,2,1,8666.67,2026-05-11 20:49:52.573222
3304,Appartements. Avec soutien,470000.0,Benslimane,Autre Secteur,180.0,2,2,2611.11,2026-05-11 20:49:52.573517
3305,"Appartement avec ascenseur, rue principale, excellent emplacement",380000.0,Bouznika,Autre Secteur,60.0,2,1,6333.33,2026-05-11 20:49:52.573636
3306,Appartement à vendre à Na3im Oulfa Casa,450000.0,Casablanca,Oulfa,52.0,2,1,8653.85,2026-05-11 20:49:52.573737
3307,Appartement à vendre 72 m² à Salé,580000.0,Salé,Sala El Jadida,80.0,2,1,7250.0,2026-05-11 20:49:52.573838
3308,Très joli appartement,1650000.0,Casablanca,Almaz,143.0,3,3,11538.46,2026-05-11 20:49:52.573935
3309,Appartement,570000.0,Berkane,Toute La Ville,98.0,2,1,5816.33,2026-05-11 20:49:52.574028
3310,Appt Titré de 84 m2 à 2 façades,350000.0,Fès,Zouagha,128.0,2,1,2734.38,2026-05-11 20:49:52.574120
3311,appartement a vendre 0695995803,850000.0,Berrechid,Toute La Ville,95.0,3,2,8947.37,2026-05-11 20:49:52.574208
3312,Appartement à vendre 78 m² à Larache,650000.0,Larache,Toute La Ville,78.0,2,1,8333.33,2026-05-11 20:49:52.574304
3313,Appt au 1er étage de 85 M2,350000.0,Fès,Zouagha,128.0,2,1,2734.38,2026-05-11 20:49:52.574401
3314,Appartement 75 m2,720000.0,Casablanca,Roches Noires,75.0,2,1,9600.0,2026-05-11 20:49:52.574493
3315,Appartement près de l'usine Dolidol,270000.0,Dar Bouazza,Toute La Ville,60.0,2,1,4500.0,2026-05-11 20:49:52.574586
3316,Appartement à vendre à Dar Bouazza près de la mer,330000.0,Dar Bouazza,Toute La Ville,58.0,2,1,5689.66,2026-05-11 20:49:52.574683
3317,Garçonnière à vendre,180000.0,Kénitra,Autre Secteur,40.0,1,1,4500.0,2026-05-11 20:49:52.574781
3318,Appartement 3 chambres Kénitra,810000.0,Kénitra,Al Maghrib Al Arabi,110.0,3,2,7363.64,2026-05-11 20:49:52.575220
3319,Très bon appartement à vendre,470000.0,Asilah,Toute La Ville,61.0,2,1,7704.92,2026-05-11 20:49:52.575639
3320,appartement a vendre,500000.0,Bouznika,Autre Secteur,76.0,2,1,6578.95,2026-05-11 20:49:52.575731
3321,Appartement Majorelle à vendre,2100000.0,Marrakech,Guéliz,120.0,2,2,17500.0,2026-05-11 20:49:52.575851
3322,Superbe appartement à vendre dans le quartier de Guenzana,450000.0,Tanger,Autre Secteur,52.0,2,1,8653.85,2026-05-11 20:49:52.576052
3323,Appartement à vendre 71 m² à Casablanca,530000.0,Casablanca,Sidi Moumen,71.0,2,1,7464.79,2026-05-11 20:49:52.576150
3324,Appartement à vendre à Asilah,290000.0,Asilah,Toute La Ville,50.0,1,1,5800.0,2026-05-11 20:49:52.576249
3325,Appartement à vendre 76 m² à Salé,970000.0,Salé,Sala El Jadida,76.0,2,3,12763.16,2026-05-11 20:49:52.576346
3326,Appartement AlWifak Temara à vendre,1400000.0,Temara,Wifak,144.0,2,2,9722.22,2026-05-11 20:49:52.576482
3327,Appartement neuf à vendre,1250000.0,Temara,Wifak,89.0,2,2,14044.94,2026-05-11 20:49:52.576581
3328,3 chambres salon terrasse haut standing Socrate,2100000.0,Casablanca,Maârif Extension,228.0,3,2,9210.53,2026-05-11 20:49:52.576677
3329,Appartement El Jadida avec terrasse privée,700000.0,El Jadida,Saada,97.0,1,1,7216.49,2026-05-11 20:49:52.576823
3330,Appartement à vendre Tanger Balia,750000.0,Tanger,Tanja Balia,56.0,2,1,13392.86,2026-05-11 20:49:52.576916
3331,Appartement à vendre 100 m² à Tanger,3500000.0,Tanger,Manar,100.0,2,2,35000.0,2026-05-11 20:49:52.577114
3332,Appartement de 77 m² à Sidi Maarouf Lot Dandoune,660000.0,Casablanca,Sidi Maarouf,96.0,3,1,6875.0,2026-05-11 20:49:52.577302
3333,"Appartement terrasse 118 m², ascenseur, syndic, caméras de surveillance",800000.0,Tanger,Tanja Balia,118.0,2,1,6779.66,2026-05-11 20:49:52.577548
3334,Appartement balcon ascenseur vue sur la rue,450000.0,Tanger,Marjane,57.0,2,1,7894.74,2026-05-11 20:49:52.577742
3335,Appartement 74 m ascenseur syndic balcon 4 minutes gare,592000.0,Tanger,Tanja Balia,74.0,2,1,8000.0,2026-05-11 20:49:52.578072
3336,"Appartement à vendre 84 m² à Hay Adil, Hay Massira",680000.0,Casablanca,Hay Mohammadi,84.0,4,2,8095.24,2026-05-11 20:49:52.578173
3337,Appartement 4 pièces 102 m² ascenseur syndic sur rue,1070000.0,Tanger,Tanja Balia,102.0,4,2,10490.2,2026-05-11 20:49:52.578285
3338,Appartement de luxe R2 dans un endroit calme,590000.0,El Jadida,Hay Essalam,80.0,2,2,7375.0,2026-05-11 20:49:52.578387
3339,"Appartement Terrasse 196 m, Ascenseur, Syndic, Déclaration Totale",1020000.0,Tanger,Tanja Balia,196.0,2,1,5204.08,2026-05-11 20:49:52.578483
3340,Des appartements à vendre,800000.0,Meknès,Hamria,120.0,2,2,6666.67,2026-05-11 20:49:52.578582
3341,Appartement à vendre 69 m² à Ksar el-Kebir,850000.0,Ksar El-Kebir,Toute La Ville,69.0,2,2,12318.84,2026-05-11 20:49:52.578769
3342,"Appartement à vendre à Jnane Zitoun, au 1er étage",300000.0,Mohammedia,Autre Secteur,54.0,2,1,5555.56,2026-05-11 20:49:52.578862
3343,CMN-AI-1102 - Appartement à vendre à Aïn Sebaâ,945000.0,Casablanca,Ain Sebaa,74.0,2,1,12770.27,2026-05-11 20:49:52.578968
3344,Appartement à vendre à Marrakech Socoma,1000000.0,Marrakech,Socoma,106.0,3,2,9433.96,2026-05-11 20:49:52.579061
3345,Appartement à vendre 90 m² à Agadir,1400000.0,Agadir,Av Des Far,90.0,3,2,15555.56,2026-05-11 20:49:52.579155
3346,RAK-GU-1346 - Appartement à vendre à Semlalia,850000.0,Marrakech,Semlalia,91.0,2,1,9340.66,2026-05-11 20:49:52.579245
3347,RAK-AN-1075 - Appartement à vendre à Amelkis,2499000.0,Marrakech,Amelkis,125.0,2,2,19992.0,2026-05-11 20:49:52.579339
3348,Appartement à vendre 98 m² à Marrakech,1800000.0,Marrakech,Victor Hugo,98.0,2,1,18367.35,2026-05-11 20:49:52.579557
3349,Appartement meublé 76m à vendre,660000.0,Bouskoura,Bouskoura Centre,76.0,2,2,8684.21,2026-05-11 20:49:52.579653
3350,Appartement neuf 3 chambres Salon Hay Mohammadi,960000.0,Agadir,Hay Mohammadi,76.0,3,2,12631.58,2026-05-11 20:49:52.579765
3351,Appartement à vendre 79 m² à Sidi Rahal,560000.0,Sidi Rahal,Toute La Ville,79.0,2,2,7088.61,2026-05-11 20:49:52.579863
3352,Appartement à vendre 64 m² à Agadir,750000.0,Agadir,Cité Adrar,64.0,2,2,11718.75,2026-05-11 20:49:52.579961
3353,appartement à vendre Val Fleuri,1000000.0,Tanger,Val Fleuri,90.0,3,1,11111.11,2026-05-11 20:49:52.580053
3354,Appartement deux chambres deux salles de bains,880000.0,Kénitra,Centre,120.0,2,2,7333.33,2026-05-11 20:49:52.580149
3355,Appartement à vendre 82 m² à Selouane,640000.0,Selouane,Toute La Ville,82.0,2,1,7804.88,2026-05-11 20:49:52.580249
3356,Appartement neuf à Hay Mohammadi,840000.0,Agadir,Hay Mohammadi,63.0,2,2,13333.33,2026-05-11 20:49:52.580340
3357,Appartement Neuf Haut Standing sans vis à vis,1900000.0,Casablanca,Oasis,80.0,2,2,23750.0,2026-05-11 20:49:52.580443
3358,Appartement à vendre à AGDAL RABAT,2300000.0,Rabat,Agdal,120.0,3,2,19166.67,2026-05-11 20:49:52.580539
3359,Appartement avec soutien d'ita,670000.0,Bouznika,Autre Secteur,75.0,2,2,8933.33,2026-05-11 20:49:52.580636
3360,Appartement à vendre,420000.0,Rabat,El Youssoufia,50.0,1,1,8400.0,2026-05-11 20:49:52.580932
3361,"Appartement à vendre 181 m² avec terrasse, Racine",3100000.0,Casablanca,Racine,181.0,3,3,17127.07,2026-05-11 20:49:52.581536
3362,Appartement à vendre à Tanger Jnan Bouregreg,650000.0,Tanger,Autre Secteur,60.0,2,1,10833.33,2026-05-11 20:49:52.583390
3363,Appartement familial à vendre 65 m²,420000.0,Salé,Frougui,65.0,2,1,6461.54,2026-05-11 20:49:52.584957
3364,Jade - Vue Golf et piscine,1600000.0,Marrakech,Agdal,47.0,1,1,34042.55,2026-05-11 20:49:52.588202
3365,Appartement à vendre,490000.0,Salé,Hay Chmaou,66.0,2,1,7424.24,2026-05-11 20:49:52.590602
3366,Appartement à vendre 78 m² à El Mansouria,940000.0,El Mansouria,Toute La Ville,78.0,2,2,12051.28,2026-05-07 14:31:06.348122
3367,Appartement à vendre 61 m² à Marrakech,1530000.0,Marrakech,Guéliz,61.0,1,1,25081.97,2026-05-07 14:31:06.349272
3368,Appartement à vendre 90 m² à Casablanca,1100000.0,Casablanca,Maarif,90.0,2,1,12222.22,2026-05-07 14:31:06.349516
3369,rdc élevé France ville,1190000.0,Casablanca,Abdelmoumen,117.0,2,2,10170.94,2026-05-07 14:31:06.349718
3370,Vaste Appartement de 197m² à 2 Mars,2700000.0,Casablanca,Mers Sultan,197.0,4,2,13705.58,2026-05-07 14:31:06.349900
3371,Appartement Neuf Haut de Gamme en vente,780000.0,Kénitra,Val Fleury,90.0,1,1,8666.67,2026-05-07 14:31:06.350119
3372,Appartement moderne à vendre,430000.0,Marrakech,Es Saada,60.0,2,1,7166.67,2026-05-07 14:31:06.350318
3373,Appartement à vendre 92 m² à Marrakech,1820000.0,Marrakech,Victor Hugo,92.0,2,1,19782.61,2026-05-07 14:31:06.350490
3374,Appartement à vendre 2 Mars,2120000.0,Casablanca,2 Mars,188.0,3,3,11276.6,2026-05-07 14:31:06.350655
3375,Appartement à vendre 70 m² à Oujda,260000.0,Oujda,Route Jerada,70.0,2,1,3714.29,2026-05-07 14:31:06.350787
3376,Appartement neuf à vendre 71 m² à Marrakech,460000.0,Marrakech,M'Hamid,71.0,3,2,6478.87,2026-05-07 14:31:06.350906
3377,Appartement à vendre 154 m² à Marrakech,2475000.0,Marrakech,Route De Casablanca,154.0,3,3,16071.43,2026-05-07 14:31:06.351020
3378,Appartement à vendre 80 m² à Oujda,260000.0,Oujda,Autre Secteur,80.0,2,1,3250.0,2026-05-07 14:31:06.351187
3379,Magnifique appartement à vendre près du rond-point de l'aéroport Ibn Battouta,640000.0,Tanger,Autre Secteur,67.0,2,1,9552.24,2026-05-07 14:31:06.351304
3380,Appartement à vendre à Harhoura,1900000.0,Temara,Harhoura,95.0,2,2,20000.0,2026-05-07 14:31:06.351416
3381,Studio meublé à vendre à Asilah,350000.0,Tanger,Autre Secteur,47.0,1,1,7446.81,2026-05-07 14:31:06.351523
3382,Appartement Neuf de 138 m² à Harhoura,2200000.0,Temara,Harhoura,138.0,2,2,15942.03,2026-05-07 14:31:06.351629
3383,Appartement 120 millions,1200000.0,Rabat,Riyad Extension,76.0,2,2,15789.47,2026-05-07 14:31:06.351743
3384,Appart HS 3ch sal terse 127m2 à vendre Mers sultan,1400000.0,Casablanca,Mers Sultan,127.0,3,2,11023.62,2026-05-07 14:31:06.351852
3385,Appartement moyen standing Abwab-Guillez,450000.0,Marrakech,Mabrouka,60.0,2,1,7500.0,2026-05-07 14:31:06.351959
3386,Appartement RDC 91 m2 à Hay Mohammadi,780000.0,Casablanca,Hay Mohammadi,91.0,4,2,8571.43,2026-05-07 14:31:06.352061
3387,Appartement à vendre 105 m² hay el andalos,370000.0,Oujda,Andalous,105.0,3,2,3523.81,2026-05-07 14:31:06.352162
3388,Appartement à vendre à Temara,1200000.0,Rabat,Autre Secteur,107.0,3,2,11214.95,2026-05-07 14:31:06.352264
3389,Appartement 94 m² lotissement alliance mehdia,700000.0,Kénitra,Alliance,94.0,3,1,7446.81,2026-05-07 14:31:06.352372
3390,Appart meublé 2ch salon balcon 91m2 à vendre La Gironde,950000.0,Casablanca,La Gironde,91.0,2,2,10439.56,2026-05-07 14:31:06.352478
3391,Appartement à vendre 90 m² à Kénitra alliance,630000.0,Kénitra,Alliance,90.0,2,2,7000.0,2026-05-07 14:31:06.352582
3392,Appartement 3 chambres à Mimosas Prix imbattable,820000.0,Kénitra,Mimosas,106.0,3,2,7735.85,2026-05-07 14:31:06.352685
3393,Studio moderne avec piscine à vendre,830000.0,Marrakech,Guéliz,45.0,1,1,18444.44,2026-05-07 14:31:06.352795
3394,Appartement à vendre 65 m Mdiq 4 min à pied plage,480000.0,Mdiq,Toute La Ville,60.0,2,1,8000.0,2026-05-07 14:31:06.352906
3395,Appt à ne pas rater,590000.0,Fès,Route Ain Chkaf,100.0,2,1,5900.0,2026-05-07 14:31:06.353008
3396,Appartement à vendre sur Brahim Roudani Casablanca,1350000.0,Casablanca,Maârif Extension,126.0,2,2,10714.29,2026-05-07 14:31:06.353114
3397,Appartement à vendre 105 m² El Andalous,370000.0,Oujda,Andalous,105.0,2,2,3523.81,2026-05-07 14:31:06.353307
3398,Appartement à vendre 130 m² à plage des nations,1850000.0,Sidi Bouknadel,Toute La Ville,130.0,2,2,14230.77,2026-05-07 14:31:06.353419
3399,Appartement à vendre pas de semsar,600000.0,Mohammedia,Nassim,70.0,2,1,8571.43,2026-05-07 14:31:06.353523
3400,Appartement à vendre 98 m² à Marrakech M6,1950000.0,Marrakech,Av Mohammed Vi,98.0,3,2,19897.96,2026-05-07 14:31:06.353665
3401,Appartement à vendre route de Casablanca,440000.0,Marrakech,Route De Casablanca,60.0,2,1,7333.33,2026-05-07 14:31:06.353774
3402,Appartement Asdaa proche Marjane,430000.0,Marrakech,Es Saada,56.0,2,1,7678.57,2026-05-07 14:31:06.353888
3403,Appart 3ch 2sa blc 150m2 à vendre 2Mars,2200000.0,Casablanca,2 Mars,150.0,3,2,14666.67,2026-05-07 14:31:06.353995
3404,Appartement à vendre 71 m² à ALMAZ,830000.0,Casablanca,Almaz,71.0,2,1,11690.14,2026-05-07 14:31:06.354104
3405,Appartement à vendre 115 m² à Temara,1690000.0,Temara,Oued Eddahab,115.0,3,1,14695.65,2026-05-07 14:31:06.354209
3406,Magnifique Appartement à vendre 77 m² à Marrakech,1078000.0,Marrakech,Hay Izdihar,77.0,2,2,14000.0,2026-05-07 14:31:06.354327
3407,Appartements à vendre lotissement Al Dha.,390000.0,Laâyoune,Toute La Ville,86.0,2,1,4534.88,2026-05-07 14:31:06.354482
3408,Appartement PKH 17 de 60 m²,1209700.0,Marrakech,Guéliz,60.0,2,2,20161.67,2026-05-07 14:31:06.354618
3409,Appart à vendre 76 m² (Rez Chaussée) à Bouznika,530000.0,Bouznika,Autre Secteur,76.0,2,1,6973.68,2026-05-07 14:31:06.354753
3410,Appartement à vendre 90 m² à Oujda,290000.0,Oujda,Agdal,130.0,3,1,2230.77,2026-05-07 14:31:06.354890
3411,"Haut Founty - Appart à vendre 108m², 3 ch, 5e",1240000.0,Agadir,Haut-Founty,110.0,3,2,11272.73,2026-05-07 14:31:06.355026
3412,Appartement à vendre 58 m Mdiq 4 min à pied plage,490000.0,Mdiq,Toute La Ville,58.0,2,1,8448.28,2026-05-07 14:31:06.355161
3413,Saidia AP2 - Appart de 118m² – proche du Golf,960000.0,Saidia,Toute La Ville,118.0,2,2,8135.59,2026-05-07 14:31:06.355308
3414,Appartements à vendre près de la station routière Hararine,570000.0,Tanger,Aharrarine,60.0,2,1,9500.0,2026-05-07 14:31:06.355435
3415,Appartement 3 chambres façade,1090000.0,Kénitra,Centre,128.0,3,2,8515.62,2026-05-07 14:31:06.355560
3416,Appartement à vendre,950000.0,Tanger,Centre,75.0,2,1,12666.67,2026-05-07 14:31:06.355683
3417,Appartement 3 ch salon 87m2 près Sup de co,920000.0,Marrakech,Bd Moulay Abdellah,87.0,3,1,10574.71,2026-05-07 14:31:06.355813
3418,Appartement à vendre 106 m² à Guéliz,1500000.0,Marrakech,Guéliz,106.0,2,1,14150.94,2026-05-07 14:31:06.355942
3419,Appartement à vendre 134 m² à Tanger,2546000.0,Tanger,De La Plage,134.0,3,2,19000.0,2026-05-07 14:31:06.356071
3420,"appartement wifaq , résidence avec piscine",1750000.0,Temara,Wifak,103.0,3,2,16990.29,2026-05-07 14:31:06.356193
3421,APPART 91m 2FACES vue piscine à MARBELLA BEACH,1030000.0,Mohammedia,Autre Secteur,91.0,2,2,11318.68,2026-05-07 14:31:06.356314
3422,Appartements Adliya à Hay Rachad,190000.0,Rabat,Hay Arrachad,60.0,2,1,3166.67,2026-05-07 14:31:06.356437
3423,Aptmts neuf à hay riyad,3400000.0,Rabat,Hay Riad,120.0,3,1,28333.33,2026-05-07 14:31:06.356561
3424,Appartement à vendre 95 m² à Marrakech palmeraie,1500000.0,Marrakech,Palmeraie,95.0,2,2,15789.47,2026-05-07 14:31:06.356684
3425,Appartement à vendre,550000.0,Tanger,Autre Secteur,60.0,2,1,9166.67,2026-05-07 14:31:06.414477
3426,🏢 À VENDRE – Appartement Spacieux avec Parking,1200000.0,Agadir,Hay Mohammadi,113.0,3,2,10619.47,2026-05-07 14:31:06.356816
3427,Appartement à à Plage des Nations,2500000.0,Sidi Bouknadel,Toute La Ville,98.0,2,2,25510.2,2026-05-07 14:31:06.357028
3428,Appartement meublé à vendre Hay Azdihar,560000.0,Marrakech,Hay Izdihar,60.0,2,1,9333.33,2026-05-07 14:31:06.357157
3429,Appartement 120m² Chouka à vendre à Casablanca.,1080000.0,Casablanca,Hay Mohammadi,120.0,3,2,9000.0,2026-05-07 14:31:06.357285
3430,"Appartement enregistré et meublé, quartier Ahlan",900000.0,Tanger,Ahlane,66.0,2,1,13636.36,2026-05-07 14:31:06.357410
3431,Appartement 57 m² – 6e étage – Triple Tower,1500000.0,Tanger,Malabata,57.0,2,1,26315.79,2026-05-07 14:31:06.357533
3432,Appartement à vendre 47 m Mdiq 4 min à pied plage,380000.0,Mdiq,Toute La Ville,50.0,1,1,7600.0,2026-05-07 14:31:06.357721
3433,Appartement 93 m² 3 chambres ascenseur syndic 4 minutes centre-ville,750000.0,Tanger,Tanja Balia,93.0,3,2,8064.52,2026-05-07 14:31:06.357879
3434,Appartement à vendre Hay Mohammadi,980000.0,Agadir,Hay Mohammadi,77.0,2,1,12727.27,2026-05-07 14:31:06.358005
3435,Meknes Ouislane Rue Tazart,320000.0,Meknès,Wislane,70.0,1,1,4571.43,2026-05-07 14:31:06.358135
3436,Appartement Tanger Balia,620000.0,Tanger,Tanja Balia,78.0,2,1,7948.72,2026-05-07 14:31:06.358256
3437,Appartement à Bousejour liquidation,980000.0,Casablanca,Beauséjour,106.0,2,2,9245.28,2026-05-07 14:31:06.358414
3438,Spacieux appartement deux façades Belvédère,1100000.0,Casablanca,Belvédère,163.0,2,2,6748.47,2026-05-07 14:31:06.358541
3439,Appartement à vendre – Quartier Bachkou,1500000.0,Casablanca,Bachkou,106.0,2,2,14150.94,2026-05-07 14:31:06.358668
3440,Appartement à vendre 63 m² route de Tétouan,540000.0,Tanger,Mghogha,63.0,2,1,8571.43,2026-05-07 14:31:06.358799
3441,appartement bourgogne,2750000.0,Casablanca,Bourgogne,212.0,4,3,12971.7,2026-05-07 14:31:06.358929
3442,Appartement à vendre 39 m² à Marrakech,698500.0,Marrakech,Route D'Amezmiz,44.0,1,1,15875.0,2026-05-07 14:31:06.359092
3443,Studio à vendre 52 m² à Californie,1100000.0,Casablanca,Californie,58.0,1,1,18965.52,2026-05-07 14:31:06.359222
3444,À vendre Superbe appartement 3 ch-Jnane Californie,1850000.0,Casablanca,Californie,119.0,3,2,15546.22,2026-05-07 14:31:06.359352
3445,Appartement à vendre au centre-ville avec ascenseur,530000.0,Bouznika,Autre Secteur,58.0,2,1,9137.93,2026-05-07 14:31:06.359478
3446,Appartement de 3 pièces à vendre près de la station El Jadida Hararien,750000.0,Tanger,Aharrarine,80.0,3,2,9375.0,2026-05-07 14:31:06.359611
3447,Appartement luxueux 2 façades Bourgogne,1540000.0,Casablanca,Bourgogne,112.0,3,2,13750.0,2026-05-07 14:31:06.359739
3448,Lux appartement ou cabinet à Bourgogne,1380000.0,Casablanca,Bourgogne,125.0,3,2,11040.0,2026-05-07 14:31:06.359870
3449,Spacieux appartement au rond-point Émile Zola,1680000.0,Casablanca,Belvédère,155.0,4,2,10838.71,2026-05-07 14:31:06.359996
3450,Appartement à vendre à Mdiq,860000.0,Mdiq,Toute La Ville,155.0,2,2,5548.39,2026-05-07 14:31:06.360122
3451,Appartements de qualité à vendre à Ain Atiq,850000.0,Temara,Ain Atig,88.0,3,1,9659.09,2026-05-07 14:31:06.360255
3452,Appartement à vendre 96 m² à Marrakech,1350000.0,Marrakech,Hay Izdihar,100.0,2,2,13500.0,2026-05-07 14:31:06.360380
3453,Appartement Lux 69m,500000.0,Had Soualem,Toute La Ville,69.0,2,2,7246.38,2026-05-07 14:31:06.360531
3454,Appartement à vendre 78 m² à Mohammedia,770000.0,Mohammedia,Autre Secteur,78.0,2,2,9871.79,2026-05-07 14:31:06.360655
3455,Appartement avec cour à Bouznika,710000.0,Bouznika,Autre Secteur,108.0,2,2,6574.07,2026-05-07 14:31:06.360789
3456,Appartement à vendre,1200000.0,Tanger,Aida,90.0,3,1,13333.33,2026-05-07 14:31:06.360940
3457,Appartement à vendre 133 m² à Casablanca,1540000.0,Casablanca,Franceville,133.0,3,2,11578.95,2026-05-07 14:31:06.361065
3458,Très bel appartement rénové,1500000.0,Marrakech,Palmeraie,90.0,2,2,16666.67,2026-05-07 14:31:06.361192
3459,Appartement 58 m2 avec piscine à gueliz,928000.0,Marrakech,Guéliz,58.0,1,1,16000.0,2026-05-07 14:31:06.361317
3460,Appartement à vendre 130 m² à El Jadida,1070000.0,El Jadida,Hay Essalam,130.0,3,3,8230.77,2026-05-07 14:31:06.361446
3461,Appartement à vendre Massira 1 81m2,750000.0,Marrakech,Massira 1,81.0,2,1,9259.26,2026-05-07 14:31:06.361569
3462,Appartement et studio sur toit à vendre,760000.0,El Jadida,Autre Secteur,106.0,4,2,7169.81,2026-05-07 14:31:06.361693
3463,Appartement à vendre 170 m² à Rabat,3450000.0,Rabat,Hay Riad,170.0,3,2,20294.12,2026-05-07 14:31:06.361830
3464,Appartement à vendre 64 m² à Martil,380000.0,Martil,Toute La Ville,63.0,2,1,6031.75,2026-05-07 14:31:06.361955
3465,appartement à vendre,1200000.0,Tanger,Aida,97.0,3,2,12371.13,2026-05-07 14:31:06.398313
3466,Appartement à vendre 124 m² à Casablanca,3500000.0,Casablanca,Casablanca Finance City,124.0,2,2,28225.81,2026-05-07 14:31:06.362083
3467,appartement la perle de l'atlas 54m2,800000.0,Marrakech,Guéliz,54.0,1,1,14814.81,2026-05-07 14:31:06.362206
3468,VENTE D’UN BEL APPARTEMENT DE 117M2,1900000.0,Casablanca,Les Princesses,117.0,3,2,16239.32,2026-05-07 14:31:06.362336
3469,Appartement à vendre près de Carré Éden Marrakech,1360000.0,Marrakech,Guéliz,81.0,1,1,16790.12,2026-05-07 14:31:06.362460
3470,Élégant Studio à vendre 63 m² à Marrakech,1134000.0,Marrakech,Guéliz,63.0,1,1,18000.0,2026-05-07 14:31:06.362591
3471,Appartement à vendre devant la nouvelle gare routière sans intermédiaire,505000.0,Tanger,Autre Secteur,67.0,2,1,7537.31,2026-05-07 14:31:06.362721
3472,Appartement à vendre 147 m² à Rabat,3400000.0,Rabat,Agdal,150.0,3,2,22666.67,2026-05-07 14:31:06.362865
3473,Appartement à vendre 78 m² à Deroua,460000.0,Deroua,Toute La Ville,78.0,2,1,5897.44,2026-05-07 14:31:06.363020
3474,Appartement 157m² – SANS VIS-À-VIS – CASABLANCA,2200000.0,Casablanca,Quartier Des Hôpitaux,157.0,2,2,14012.74,2026-05-07 14:31:06.363146
3475,"Studio, local commercial, droit à la terrasse et aide au logement",620000.0,Marrakech,Azli,83.0,1,1,7469.88,2026-05-07 14:31:06.363272
3476,"Résidence Prestige 2, Quartier Al-Azhar",860000.0,Casablanca,Sidi Bernoussi,101.0,3,2,8514.85,2026-05-07 14:31:06.363396
3477,Appartement à vendre 134 m² à Casablanca,3000000.0,Casablanca,Racine,154.0,3,3,19480.52,2026-05-07 14:31:06.363518
3478,APPARTEMENT A VENDRE HAUT FOUNTY,1400000.0,Agadir,Haut-Founty,97.0,3,2,14432.99,2026-05-07 14:31:06.363642
3479,Appartement 3 chambres 80 mètres ascenseur syndic 5 minutes Malabata,750000.0,Tanger,Tanja Balia,80.0,3,1,9375.0,2026-05-07 14:31:06.363772
3480,À VENDRE APPARTEMENT LUMINEUX,420000.0,Marrakech,Hay Charaf,60.0,1,1,7000.0,2026-05-07 14:31:06.363906
3481,Studios neufs à vendre,1250000.0,Casablanca,Palmier,53.0,1,1,23584.91,2026-05-07 14:31:06.364032
3482,Appartement à vendre 145 m² à la marina casablanca,3900000.0,Tanger,Autre Secteur,155.0,2,3,25161.29,2026-05-07 14:31:06.364156
3483,Appartement à vendre 176 m² à Tanger,3500000.0,Tanger,Administratif,176.0,4,2,19886.36,2026-05-07 14:31:06.364289
3484,Appartement à vendre TANGER EL BALIA 80m²,1200000.0,Tanger,Autre Secteur,80.0,2,1,15000.0,2026-05-07 14:31:06.364412
3485,Appartement à vendre 172 m² à Casablanca,2100000.0,Casablanca,2 Mars,172.0,3,3,12209.3,2026-05-07 14:31:06.364541
3486,À vendre appartement 3 CH avec terrasse de 44m2,2350000.0,Casablanca,Ferme Bretone,144.0,3,3,16319.44,2026-05-07 14:31:06.364690
3487,Appartement à vendre à Martil près de Ahrik,580000.0,Martil,Toute La Ville,62.0,2,1,9354.84,2026-05-07 14:31:06.364820
3488,Appartement à vendre 100 m² à Casablanca,1300000.0,Casablanca,Quartier Des Hôpitaux,100.0,3,2,13000.0,2026-05-07 14:31:06.364951
3489,Charmant appartement à vendre - Résidence OUBAHA,1150000.0,El Mansouria,Toute La Ville,100.0,3,2,11500.0,2026-05-07 14:31:06.365081
3490,Appartement 80 m2 deux face lotissement alliance,640000.0,Kénitra,Alliance,80.0,2,2,8000.0,2026-05-07 14:31:06.365207
3491,Très belle appartement proximité hay riad,1160000.0,Temara,Riad Oulad Mtaa,85.0,3,2,13647.06,2026-05-07 14:31:06.365334
3492,Appartement à vendre 95 m² à Marrakech,1350000.0,Marrakech,Route De Safi,95.0,2,1,14210.53,2026-05-07 14:31:06.365458
3493,Superbe appartement familial au cœur Racine,4216000.0,Casablanca,Racine,284.0,3,3,14845.07,2026-05-07 14:31:06.365583
3494,Grand Appartement Plein Centre de Kénitra 154 m²,1360000.0,Kénitra,Centre,154.0,3,2,8831.17,2026-05-07 14:31:06.365707
3495,Appartement à vendre sur Hay Riad Prestigia,3200000.0,Rabat,Hay Riad,117.0,3,2,27350.43,2026-05-07 14:31:06.365839
3496,Appartement Haut standing à vendre / piscine,1900000.0,Marrakech,Ain Mezouar,100.0,3,2,19000.0,2026-05-07 14:31:06.365969
3497,Bel appartement,395000.0,Saidia,Toute La Ville,76.0,3,2,5197.37,2026-05-07 14:31:06.366131
3498,Très Très belle Appartement à Bouznika plage,1450000.0,Bouznika,Plage Oued Cherrat,95.0,2,2,15263.16,2026-05-07 14:31:06.366266
3499,Appartement neuf à Sala El Jadida,1099800.0,Salé,Sala El Jadida,94.0,2,2,11700.0,2026-05-07 14:31:06.366396
3500,Appartement à vendre 186 m² à Tanger,7200000.0,Tanger,Malabata,186.0,4,2,38709.68,2026-05-07 14:31:06.366520
3501,"Appartement de propriétaire à vendre Tétouan, quartier Ttfa7iyoun, 3ème étage",170000.0,Tétouan,Autre Secteur,82.0,2,1,2073.17,2026-05-07 14:31:06.366647
3502,"Studio neuf à vendre – Bourgogne, Casablanca",1270000.0,Casablanca,Bourgogne,66.0,1,1,19242.42,2026-05-07 14:31:06.366786
3503,Appartement à vendre 110 m² à Bouznika,1670000.0,Bouznika,Autre Secteur,118.0,3,2,14152.54,2026-05-07 14:31:06.366916
3504,Appartement à vendre Ain Suna,540000.0,Marrakech,M'Hamid,64.0,2,2,8437.5,2026-05-07 14:31:06.367049
3505,Appartement à vendre 150 m² à Casablanca,3400000.0,Casablanca,Oasis,163.0,3,2,20858.9,2026-05-07 14:31:06.367175
3506,Appartement résidentiel titré à vendre à Tanger,800000.0,Tanger,Autre Secteur,95.0,3,1,8421.05,2026-05-07 14:31:06.367302
3507,Des appartements à vendre,420000.0,Agadir,Autre Secteur,58.0,2,2,7241.38,2026-05-07 14:31:06.367468
3508,Studio 42m Neuf Maarif Proche BD Biranzaran,980000.0,Casablanca,Maarif,42.0,1,1,23333.33,2026-05-07 14:31:06.367601
3509,Vente appartement Fal El Hanaa,630000.0,Casablanca,Ain Sebaa,59.0,2,1,10677.97,2026-05-07 14:31:06.367727
3510,appartement résidence fermée,930000.0,Casablanca,Oulfa,70.0,2,2,13285.71,2026-05-07 14:31:06.367860
3511,Appartement à vendre 128 m² à Bouskoura,1300000.0,Bouskoura,Victoria,140.0,3,2,9285.71,2026-05-07 14:31:06.367986
3512,Appartement à vendre à Marina Golf Asilah,950000.0,Asilah,Toute La Ville,150.0,2,1,6333.33,2026-05-07 14:31:06.368109
3513,Spacieux appartement à vendre avec terrasse,1900000.0,Marrakech,Route D'Ourika,99.0,2,1,19191.92,2026-05-07 14:31:06.368237
3514,Appartement neuf à vendre Ain Sebaa,1070000.0,Casablanca,Ain Sebaa,81.0,2,2,13209.88,2026-05-07 14:31:06.368362
3515,Appartement à vendre,650000.0,Agadir,Tilila,67.0,2,2,9701.49,2026-05-07 14:31:06.368507
3516,Appartement à vendre 52 m² à Marrakech,1200000.0,Marrakech,Guéliz,52.0,1,1,23076.92,2026-05-07 14:31:06.368630
3517,Un appartement,1100000.0,Meknès,Hamria,200.0,3,2,5500.0,2026-05-07 14:31:06.368762
3518,Appartement en vente 61m² à Gueliz Piscine Rooftop,1500000.0,Marrakech,Guéliz,61.0,1,1,24590.16,2026-05-07 14:31:06.368897
3519,Appartement 3 chambres à 2min de Casanearshore,780000.0,Casablanca,Sidi Maarouf,70.0,3,1,11142.86,2026-05-07 14:31:06.369028
3520,Appartement à vendre 80 m² à Kénitra,490000.0,Kénitra,Seyad,80.0,2,1,6125.0,2026-05-07 14:31:06.369154
3521,Appartements modernes à vendre à Marrakech,740000.0,Marrakech,Azli,53.0,3,2,13962.26,2026-05-07 14:31:06.369276
3522,Appartements à vendre,1400000.0,Agadir,Haut-Founty,70.0,2,2,20000.0,2026-05-07 14:31:06.369561
3523,Appartement à vendre 133 m² sur 2 mars,1700000.0,Casablanca,2 Mars,133.0,3,2,12781.95,2026-05-07 14:31:06.369691
3524,Appartement à vendre 165 m² La perle D'Agadir,2272500.0,Agadir,Talborjt,165.0,4,1,13772.73,2026-05-07 14:31:06.369831
3525,appartements à vendre,1600000.0,Agadir,Hay Mohammadi,128.0,3,2,12500.0,2026-05-07 14:31:06.369956
3526,Appartement 120 m² en vente à Narjis Fès,560000.0,Fès,Narjis,120.0,3,2,4666.67,2026-05-07 14:31:06.370086
3527,Appartement à vendre 3 chambres,960000.0,Kénitra,Val Fleury,112.0,3,2,8571.43,2026-05-07 14:31:06.370211
3528,Appartements à vendre 64 m² à Ben Guerir,300000.0,Ben Guerir,Toute La Ville,64.0,3,2,4687.5,2026-05-07 14:31:06.370339
3529,App kech 95 m² 1er étage 1 balcon,800000.0,Marrakech,M'Hamid,95.0,3,1,8421.05,2026-05-07 14:31:06.370463
3530,Appartements à vendre,1220000.0,Agadir,Hay Mohammadi,107.0,3,2,11401.87,2026-05-07 14:31:06.370588
3531,Appartement à vendre 120 m² à Tanger,2500000.0,Tanger,Autre Secteur,165.0,2,2,15151.52,2026-05-07 14:31:06.370718
3532,Appartements à vendre,870000.0,Agadir,Hay Mohammadi,66.0,2,2,13181.82,2026-05-07 14:31:06.370856
3533,"Appartement à El Jadida, quartier El Milha, sur la rue",550000.0,El Jadida,Mouilha,88.0,2,1,6250.0,2026-05-07 14:31:06.370986
3534,Appartements à vendre,1157000.0,Agadir,Tilila,89.0,2,1,13000.0,2026-05-07 14:31:06.371153
3535,"Duplex avec garage privé Sidi Maarouf, Essaada",1650000.0,Casablanca,Sidi Maarouf,159.0,2,3,10377.36,2026-05-07 14:31:06.371281
3536,Appartement à vendre 70 m² à Kénitra,360000.0,Kénitra,Bir Rami,70.0,2,2,5142.86,2026-05-07 14:31:06.371407
3537,Appartement à vendre 89 m² à Tanger malabata,2136000.0,Tanger,Malabata,89.0,2,1,24000.0,2026-05-07 14:31:06.371533
3538,Appartement à vendre 170 m² à CFC,4200000.0,Casablanca,Casablanca Finance City,170.0,3,3,24705.88,2026-05-07 14:31:06.371661
3539,"Bel appartement à vendre Bourgogne, My Youssef",1280000.0,Casablanca,Bourgogne,93.0,2,2,13763.44,2026-05-07 14:31:06.371795
3540,Appartement triplex à vendre 128m² à HM Casablanca,850000.0,Casablanca,Hay Mohammadi,128.0,4,2,6640.62,2026-05-07 14:31:06.371953
3541,Des apt neuf a vendre 85 m2 tanger,1147500.0,Tanger,Marjane,96.0,2,2,11953.12,2026-05-07 14:31:06.372089
3542,Appt Dar Bouazza 53 m2 jamais habité - calme,600000.0,Dar Bouazza,Toute La Ville,53.0,2,1,11320.75,2026-05-07 14:31:06.372214
3543,Appartement à vendre à Salé 111m² 4ème étage,1215000.0,Salé,Tabriquet,111.0,2,2,10945.95,2026-05-07 14:31:06.372372
3544,Appartement à vendre 118 m² à Salé,1420000.0,Salé,Sala El Jadida,118.0,3,2,12033.9,2026-05-07 14:31:06.372500
3545,"Appartements à vendre à Meknès, premier étage",500000.0,Meknès,Autre Secteur,100.0,3,2,5000.0,2026-05-07 14:31:06.372654
3546,Appartements à vendre,3000000.0,Agadir,Haut-Founty,187.0,3,3,16042.78,2026-05-07 14:31:06.372799
3547,Appartement 2 chambres corniche investisseurs airbnb,1100000.0,Tanger,Malabata,75.0,2,1,14666.67,2026-05-07 14:31:06.372934
3548,Appartements à vendre,980000.0,Agadir,Hay Mohammadi,75.0,2,2,13066.67,2026-05-07 14:31:06.373067
3549,Appartements à vendre,2800000.0,Agadir,Haut-Founty,150.0,3,3,18666.67,2026-05-07 14:31:06.373197
3550,Appartement vue sur mer à vendre à Asilah,1800000.0,Aquouass Briech,Toute La Ville,133.0,3,2,13533.83,2026-05-07 14:31:06.373326
3551,Bel appart RDC SUR centre ville,650000.0,Mohammedia,Centre Ville,80.0,2,1,8125.0,2026-05-07 14:31:06.373450
3552,Appartement à vendre à Cabo Negro,1400000.0,Cabo Negro,Toute La Ville,75.0,1,1,18666.67,2026-05-07 14:31:06.373574
3553,Appartement Valencia Beach Mansouria,840000.0,Mohammedia,Corniche,89.0,2,1,9438.2,2026-05-07 14:31:06.373715
3554,Appartement à vendre 121 m² à Casablanca,2000000.0,Casablanca,Californie,121.0,3,2,16528.93,2026-05-07 14:31:06.373846
3555,3 Chambres à vendre 143 m² à Californie,2255000.0,Casablanca,Californie,143.0,3,2,15769.23,2026-05-07 14:31:06.373975
3556,Appartement titré à vendre à Tanger Chtouka,750000.0,Tanger,Aouama Gharbia,100.0,2,2,7500.0,2026-05-07 14:31:06.374099
3557,Appartement 87 m2 av Alla El Fassi,680000.0,Marrakech,Allal El Fassi,87.0,2,2,7816.09,2026-05-07 14:31:06.374222
3558,Appartement à vendre 94 m² à Temara Wifak,1250000.0,Temara,Oued Eddahab,94.0,3,1,13297.87,2026-05-07 14:31:06.374345
3559,Studio vue piscine à vendre 51 m² à Marrakech,1150000.0,Marrakech,Hivernage,51.0,1,1,22549.02,2026-05-07 14:31:06.374472
3560,"Appartement à vendre Saada, près de Marjane, route de Casa, en sous-sol",440000.0,Marrakech,Es Saada,60.0,2,1,7333.33,2026-05-07 14:31:06.374601
3561,Appartement à vendre 97 m² à Marrakech,2330000.0,Marrakech,Guéliz,97.0,2,1,24020.62,2026-05-07 14:31:06.374727
3562,Appartement à vendre 82 m² à Kénitra,390000.0,Kénitra,Bir Rami,82.0,2,2,4756.1,2026-05-07 14:31:06.374869
3563,Penthouse avec piscine à vendre 320 m² à Tanger,7680000.0,Tanger,Malabata,320.0,2,1,24000.0,2026-05-07 14:31:06.374995
3564,Appartement 47 m2 av Allal El Fassi,600000.0,Marrakech,Allal El Fassi,47.0,2,1,12765.96,2026-05-07 14:31:06.375120
3565,Appartement 150 m² en vente près Clinique Razi,800000.0,Fès,Autre Secteur,150.0,3,1,5333.33,2026-05-07 14:31:06.375245
3566,Appartement à vendre 43 m² à bourgogne,1300000.0,Casablanca,Bourgogne,43.0,1,1,30232.56,2026-05-07 14:31:06.375378
3567,Appartement chouka à Kénitra,610000.0,Kénitra,Ouled Oujih,80.0,2,2,7625.0,2026-05-07 14:31:06.375506
3568,Appartement 76 m² en vente à Route Ain chkef,450000.0,Fès,Route Ain Chkaf,76.0,1,1,5921.05,2026-05-07 14:31:06.375631
3569,Appartement à vendre 92 m² Espace dubai à Inzegan,1012000.0,Inzegan,Toute La Ville,92.0,3,1,11000.0,2026-05-07 14:31:06.375759
3570,Appartement à vendre 75 m² à Kénitra,390000.0,Kénitra,Bir Rami,75.0,2,2,5200.0,2026-05-07 14:31:06.375890
3571,Appartement à vendre 90 m² à Kénitra,630000.0,Kénitra,Alliance,90.0,2,2,7000.0,2026-05-07 14:31:06.376017
3572,Appartement à vendre 90 m² à lotissement alliance,640000.0,Kénitra,Alliance,90.0,2,1,7111.11,2026-05-07 14:31:06.376145
3573,"Appartement meublé de 76 m², ascenseur, syndic, sur la rue",798000.0,Tanger,Tanja Balia,76.0,2,1,10500.0,2026-05-07 14:31:06.376274
3574,Appartement à vendre 80 m² à Kénitra,550000.0,Kénitra,Seyad,80.0,2,2,6875.0,2026-05-07 14:31:06.376422
3575,2 Appartements moyen standing à vendre – Benguerir,520000.0,Ben Guerir,Toute La Ville,92.0,2,2,5652.17,2026-05-07 14:31:06.376549
3576,Appartement 56 m2 avec piscine à Guéliz,896000.0,Marrakech,Guéliz,56.0,2,1,16000.0,2026-05-07 14:31:06.376677
3577,Appartement 87 m² en vente à Ayn Amir à Fès,560000.0,Fès,Ain Amiyer,87.0,2,1,6436.78,2026-05-07 14:31:06.376817
3578,Appartement de 50m² à Vendre à Tanger,380000.0,Tanger,Aouama Gharbia,50.0,2,1,7600.0,2026-05-07 14:31:06.376976
3579,STUDIO 67 M² RÉNOVÉ À BOURGOGNE OUEST,1100000.0,Casablanca,Bourgogne,67.0,1,1,16417.91,2026-05-07 14:31:06.377107
3580,Appartement à vendre Résidence Miramar \ Corniche,1850000.0,Mohammedia,Corniche,117.0,3,2,15811.97,2026-05-07 14:31:06.377236
3581,Appartement à vendre 116 m² à Martil,750000.0,Martil,Toute La Ville,116.0,2,2,6465.52,2026-05-07 14:31:06.377363
3582,Appartement à vendre 120 m² à Mosquée houda,1170000.0,Temara,Hoda,120.0,3,2,9750.0,2026-05-07 14:31:06.377500
3583,Appartement à vendre 144 m² à 2 Mars Casablanca,1650000.0,Casablanca,2 Mars,144.0,2,2,11458.33,2026-05-07 14:31:06.377628
3584,Appartement à vendre centre ville,890000.0,Kénitra,Centre,111.0,2,2,8018.02,2026-05-07 14:31:06.377758
3585,Duplex à vendre avec piscine proche Guéliz,1050000.0,Marrakech,Mabrouka,95.0,3,2,11052.63,2026-05-07 14:31:06.377893
3586,"Appartement à vendre devant la nouvelle gare routière, sans intermédiaire",495000.0,Tanger,Autre Secteur,60.0,2,1,8250.0,2026-05-07 14:31:06.378035
3587,Appartement socoma 85 m² quartier pièces,750000.0,Marrakech,Autre Secteur,85.0,3,1,8823.53,2026-05-07 14:31:06.378182
3588,Appartements de rêve à vendre avec soutien au logement de 70m à 120m,480000.0,Had Soualem,Toute La Ville,120.0,4,2,4000.0,2026-05-07 14:31:06.378317
3589,Appartement à vendre,1600000.0,Agadir,Hay Mohammadi,115.0,3,2,13913.04,2026-05-07 14:31:06.378449
3590,Appartement 95m2 vendables -Palmier,1750000.0,Casablanca,Palmier,95.0,2,2,18421.05,2026-05-07 14:31:06.378579
3591,Annonce de vente d'appartement,360000.0,Lahraouyine,Toute La Ville,84.0,3,1,4285.71,2026-05-07 14:31:06.378705
3592,Studio 50 m2 avec piscine a gueliz,9200000.0,Marrakech,Guéliz,50.0,1,1,184000.0,2026-05-07 14:31:06.378839
3593,Appartement à vendre 114 m² à Casablanca,1350000.0,Casablanca,2 Mars,114.0,2,2,11842.11,2026-05-07 14:31:06.378974
3594,appartement vue piscine 2 chambres à CASABAY,1250000.0,Sidi Rahal,Toute La Ville,87.0,2,2,14367.82,2026-05-07 14:31:06.379104
3595,"Appartement 140 m² à Sidi Bouzid, bien rénové",480000.0,El Jadida,Autre Secteur,140.0,2,2,3428.57,2026-05-07 14:31:06.379227
3596,Superbe appartement de 90 m² entièrement rénové,1260000.0,Casablanca,Nassim,90.0,2,1,14000.0,2026-05-07 14:31:06.379365
3597,Appartement à vendre 60 m² à Meknès,240000.0,Meknès,Hay Salam,60.0,2,1,4000.0,2026-05-07 14:31:06.379490
3598,185668-Vente Appt à Casablanca Mers Sultan de 176,2950000.0,Casablanca,Mers Sultan,176.0,3,2,16761.36,2026-05-07 14:31:06.379616
3599,175015-Vente Appt à Bouskoura Bouskoura de 80 m²,900000.0,Bouskoura,,80.0,2,2,11250.0,2026-05-07 14:31:06.379743
3718,Tanger Balia,370000.0,Tanger,Tanja Balia,54.0,2,1,6851.85,2026-05-07 14:31:06.397421
3600,Appartement de 1 à 3 chambres à Dar Bouazza,700000.0,Dar Bouazza,Toute La Ville,47.0,1,1,14893.62,2026-05-07 14:31:06.379881
3601,Appartements économiques à vendre à Marrakech,400000.0,Marrakech,M'Hamid,56.0,2,1,7142.86,2026-05-07 14:31:06.380007
3602,Appartement à vendre 61 m² à Marrakech,1550000.0,Marrakech,Route De Tahanaoute,61.0,1,1,25409.84,2026-05-07 14:31:06.380134
3603,Appartement à vendre 81 m² à Hay Hassani Casa,1110000.0,Casablanca,Hay Hassani,81.0,2,2,13703.7,2026-05-07 14:31:06.380280
3604,Appart 78m A Mazola Proche CFC,980000.0,Casablanca,Oulfa,78.0,2,2,12564.1,2026-05-07 14:31:06.380406
3605,Appartement de standing à vendre à Marrakech,1500000.0,Marrakech,Semlalia,89.0,2,2,16853.93,2026-05-07 14:31:06.380532
3606,Appartement luxueux à vendre à dar bouaazza,1300000.0,Dar Bouazza,Toute La Ville,96.0,2,2,13541.67,2026-05-07 14:31:06.380654
3607,👉 Appartement 64m² à vendre à Azouzia 2 chambres et salon,400000.0,Marrakech,Azzouzia,64.0,2,1,6250.0,2026-05-07 14:31:06.380789
3608,Appartement à vendre 50 m² à Tanger,380000.0,Tanger,Mghogha,50.0,2,1,7600.0,2026-05-07 14:31:06.380916
3609,Vente Appartement à proximité de la gare routière,380000.0,Tanger,Autre Secteur,50.0,2,1,7600.0,2026-05-07 14:31:06.381043
3610,Appartement à vendre avec piscine,1500000.0,Marrakech,Route De Casablanca,73.0,2,1,20547.95,2026-05-07 14:31:06.381173
3611,Appartement 2 façades à vendre,1030000.0,Kénitra,Mimosas,115.0,3,2,8956.52,2026-05-07 14:31:06.381307
3612,"Appartement 112 mètres, 3 façades avec soutien",830000.0,Marrakech,M'Hamid,112.0,3,1,7410.71,2026-05-07 14:31:06.381466
3613,Grand appartement 160m2 (proche nouvel aéroport),1490000.0,Tétouan,Autre Secteur,160.0,3,2,9312.5,2026-05-07 14:31:06.381607
3614,Nouveaux appartement à vendre de 50 m² à Tanger,380000.0,Tanger,Aouama Gharbia,50.0,2,1,7600.0,2026-05-07 14:31:06.381740
3615,Appartement 86m² à vendre – Al Azdihar Marrakech,1300000.0,Marrakech,Hay Izdihar,86.0,2,2,15116.28,2026-05-07 14:31:06.381874
3616,Appartement sur plan – bon investissement,1450000.0,Casablanca,Route D'El Jadida,57.0,2,1,25438.6,2026-05-07 14:31:06.382007
3617,Appartement à vendre 126 m² Tafraoute à Marrakech,2583000.0,Marrakech,Hivernage,126.0,3,1,20500.0,2026-05-07 14:31:06.382132
3618,Appartement r plus 2 melk cheikh,650000.0,El Jadida,Autre Secteur,120.0,3,2,5416.67,2026-05-07 14:31:06.382257
3619,Appartement meublé résidence sécurisée,550000.0,El Jadida,Autre Secteur,81.0,2,1,6790.12,2026-05-07 14:31:06.382390
3620,Appartement à vendre,459000.0,Tanger,La Nouvelle Ville Ibn Battouta,65.0,3,2,7061.54,2026-05-07 14:31:06.382520
3621,Superbe studio au Quartier du Parc,830000.0,Mohammedia,Quartier Du Parc,65.0,1,1,12769.23,2026-05-07 14:31:06.382645
3622,Rez-de-Jardin Vue Partielle sur Mer – PRIX RÉVISÉ,2700000.0,Sidi Bouknadel,Toute La Ville,211.0,4,2,12796.21,2026-05-07 14:31:06.382771
3623,Appartement à vendre sur Hay Riad,4300000.0,Rabat,Hay Riad,210.0,3,3,20476.19,2026-05-07 14:31:06.382930
3624,Appartement 117m² à Les Princesses,1430000.0,Casablanca,Les Princesses,117.0,2,2,12222.22,2026-05-07 14:31:06.383061
3625,Appartement 67 m² à BOUSKOURA prix imbattable,690000.0,Casablanca,Autre Secteur,67.0,2,1,10298.51,2026-05-07 14:31:06.383187
3626,Appartement à vendre 99 m² à Victoria,980000.0,Bouskoura,Victoria,99.0,2,2,9898.99,2026-05-07 14:31:06.383321
3627,Rare Opportunité 478 m² en Vente au Cœur de Tanger,7400000.0,Tanger,Mozart,478.0,5,4,15481.17,2026-05-07 14:31:06.383446
3628,Appartements à vendre Al Firdaws,260000.0,Ain Aouda,Toute La Ville,56.0,2,1,4642.86,2026-05-07 14:31:06.383572
3629,Appartement Neuf 3 Chambres avec Grande Terrasse,1800000.0,Marrakech,Route De Casablanca,131.0,3,2,13740.46,2026-05-07 14:31:06.383740
3630,Appart 96 m2 Mandarona à côté Bd Al qods,950000.0,Casablanca,Aïn Chock,95.0,2,1,10000.0,2026-05-07 14:31:06.383881
3631,😍 Appartement rénové avec belle vue,390000.0,Marrakech,Azzouzia,59.0,2,1,6610.17,2026-05-07 14:31:06.384007
3632,Appartements neufs à vendre,950000.0,Mohammedia,Riad 2,91.0,2,1,10439.56,2026-05-07 14:31:06.384191
3633,Appartement à vendre 253 m² à Casablanca,4350000.0,Casablanca,Gauthier,267.0,4,4,16292.13,2026-05-07 14:31:06.384323
3634,Appartement à vendre,750000.0,Mohammedia,Autre Secteur,80.0,2,1,9375.0,2026-05-07 14:31:06.384448
3635,Studios & Appartements à partir de 65 Millions,650000.0,Casablanca,Ain Sebaa,127.0,2,2,5118.11,2026-05-07 14:31:06.384585
3636,À vendre – Appartement haut standing à Bir Rami,790000.0,Kénitra,Bir Rami,85.0,2,2,9294.12,2026-05-07 14:31:06.384714
3637,Appartement de luxe à vendre en centre-ville haute,890000.0,Kénitra,La Ville Haute,104.0,2,2,8557.69,2026-05-07 14:31:06.384848
3638,Appartement à vendre 97 m² à Casablanca,1300000.0,Casablanca,Val Fleuri,97.0,1,1,13402.06,2026-05-07 14:31:06.384976
3639,Appartement à vendre 100 m² à Fès,520000.0,Fès,Tghat,100.0,3,2,5200.0,2026-05-07 14:31:06.385100
3640,Appartements 118m Haut Standing Maarif Ex,1750000.0,Casablanca,Maarif,118.0,3,2,14830.51,2026-05-07 14:31:06.385224
3641,Projet neuf – Studios Haut Standing à 5 min de CFC,770000.0,Casablanca,Casablanca Finance City,50.0,1,1,15400.0,2026-05-07 14:31:06.385352
3642,Superbe Appartement de 90m² - 880000dhs,880000.0,Casablanca,Roches Noires,90.0,2,2,9777.78,2026-05-07 14:31:06.385484
3643,Appartement et garage,730000.0,Fès,Route Ain Chkaf,112.0,3,1,6517.86,2026-05-07 14:31:06.385613
3644,Appartement avec terrasse😍 à vendre à Hay Azdehar,860000.0,Marrakech,Hay Izdihar,69.0,2,1,12463.77,2026-05-07 14:31:06.385743
3645,Élégant Appartement Avec Vaste Espace Extérieur,2100000.0,Marrakech,Route De Fès,140.0,2,2,15000.0,2026-05-07 14:31:06.385885
3646,Appartement vue sur mer à vendre à Asilah,2000000.0,Asilah,Toute La Ville,150.0,3,3,13333.33,2026-05-07 14:31:06.386011
3647,Quartier Hôtel ibis,1750000.0,Tanger,Malabata,100.0,2,2,17500.0,2026-05-07 14:31:06.386166
3648,Studio neuf 41 m2 à vendre à Roche Noires,640000.0,Casablanca,Roches Noires,41.0,1,1,15609.76,2026-05-07 14:31:06.386296
3649,Bel Appartement Moderne Aux Palmeraies À Vendre,1500000.0,Marrakech,Palmeraie,85.0,2,2,17647.06,2026-05-07 14:31:06.386424
3650,Appartement 74 m² à ALMAZ,830000.0,Casablanca,Almaz,74.0,2,1,11216.22,2026-05-07 14:31:06.386555
3651,Appart 68m Maarif Ex Près Carrefour Yacoub,950000.0,Casablanca,Maârif Extension,68.0,2,2,13970.59,2026-05-07 14:31:06.386680
3652,Appartement 3 Chambres Marjane Ahlan Déclaration Totale,1480000.0,Tanger,Marjane,133.0,3,2,11127.82,2026-05-07 14:31:06.386815
3653,Appartement meublé neuf sur corniche Martil,1500000.0,Martil,Toute La Ville,150.0,3,1,10000.0,2026-05-07 14:31:06.386943
3654,DES Appartements de 109 m² à Victoria - BOUSKOURA,855000.0,Bouskoura,Victoria,115.0,3,2,7434.78,2026-05-07 14:31:06.387131
3655,Appartement à Mohammedia au quartier du Parc,1450000.0,Mohammedia,Quartier Du Parc,125.0,3,2,11600.0,2026-05-07 14:31:06.387321
3656,Vente Urgente Appartement Économique AinChock Lamkansa4,430000.0,Lamkansa,Toute La Ville,60.0,2,2,7166.67,2026-05-07 14:31:06.387491
3657,Appartement à vendre 110 m² à Temara,1050000.0,Temara,Ain Atig,124.0,3,2,8467.74,2026-05-07 14:31:06.387662
3658,Appartement à vendre 90 m² Limoune à Ouled Teïma,585000.0,Ouled Teïma,Toute La Ville,90.0,3,1,6500.0,2026-05-07 14:31:06.387833
3659,Appartement Ensoleillé 123m² au Quartier Maarif,1500000.0,Casablanca,Maârif Extension,123.0,3,2,12195.12,2026-05-07 14:31:06.388335
3660,"Appartement à vendre 58 m², Oulfa Hay Hassani",286000.0,Casablanca,Oulfa,59.0,2,1,4847.46,2026-05-07 14:31:06.388601
3661,Appt 3 ch salon à vendre à Val Fleuri,1800000.0,Casablanca,Val Fleuri,126.0,3,2,14285.71,2026-05-07 14:31:06.388733
3662,Appartement idéal avec un bon prix,360000.0,Settat,Hay Al Kamal,102.0,2,1,3529.41,2026-05-07 14:31:06.388861
3663,RACINE Superbe Appartement Rénové à Vendre 265m²,4850000.0,Casablanca,Racine,265.0,4,3,18301.89,2026-05-07 14:31:06.389023
3664,TRIANGLE D’OR BEL APPT A VENDRE AVEC TERRASSE,3750000.0,Casablanca,Triangle D'Or,267.0,3,2,14044.94,2026-05-07 14:31:06.389193
3665,Appartement à vendre 74 m² à Sidi maarouf,760000.0,Casablanca,Sidi Maarouf,74.0,2,2,10270.27,2026-05-07 14:31:06.389371
3666,Appartement meublé piscine Haut standing,1200000.0,Marrakech,Mabrouka,70.0,2,2,17142.86,2026-05-07 14:31:06.389506
3667,Appartement 2ème étage Mhamid 9,400000.0,Marrakech,M'Hamid,65.0,2,2,6153.85,2026-05-07 14:31:06.389687
3668,A vendre un appartement avec terrasse,3750000.0,Casablanca,Racine,190.0,4,3,19736.84,2026-05-07 14:31:06.389914
3669,Studio à vendre avec piscine,580000.0,Marrakech,Palmeraie,48.0,1,1,12083.33,2026-05-07 14:31:06.390054
3670,Appartement à vendre 110 m² à Kénitra,1050000.0,Kénitra,La Ville Haute,120.0,3,2,8750.0,2026-05-07 14:31:06.390241
3671,Appartement à vendre 136 m² à Casablanca,2500000.0,Casablanca,Val Fleuri,136.0,3,2,18382.35,2026-05-07 14:31:06.390465
3672,À VENDRE APPARTEMENT SALON 3 CHAMBRES 70m2,735000.0,Casablanca,Autre Secteur,70.0,3,2,10500.0,2026-05-07 14:31:06.390696
3673,Appartement Excellente finition Très ensoleillé,600000.0,Salé,Toute La Ville,79.0,2,1,7594.94,2026-05-07 14:31:06.390889
3674,Idéal investissement appt 3ch a rénover allal fasi,950000.0,Marrakech,Allal El Fassi,91.0,3,2,10439.56,2026-05-07 14:31:06.391073
3675,Appartement à vendre 118m² La Perle du Sahara Dakhla,885000.0,Dakhla,Toute La Ville,118.0,4,1,7500.0,2026-05-07 14:31:06.391220
3676,Appartement traversant avec vue mer–Dernier étage,2300000.0,Casablanca,Anfa,121.0,2,1,19008.26,2026-05-07 14:31:06.391341
3677,Appartement à prix raisonnable,620000.0,Agadir,Ben Serguaou,60.0,2,2,10333.33,2026-05-07 14:31:06.391527
3678,Appartement titré Trialas Atlas,1600000.0,Tanger,Branes 1,113.0,3,2,14159.29,2026-05-07 14:31:06.391655
3679,Appartement Neuf Badiae Nojjoum,850000.0,Marrakech,Allal El Fassi,62.0,2,1,13709.68,2026-05-07 14:31:06.391779
3680,Apt Neuf 3 Chambres 1Salon roudani Maarif,1400000.0,Casablanca,Maarif,70.0,3,1,20000.0,2026-05-07 14:31:06.391985
3681,A VENDRE APPARTEMENTS NEUFS AVEC TITRES FONCIERS,575000.0,Kénitra,Bir Rami,90.0,3,1,6388.89,2026-05-07 14:31:06.392239
3682,Appartement à vendre à Saïd Hajji à prix symbolique,100000000.0,Salé,Said Hajji,100.0,3,2,1000000.0,2026-05-07 14:31:06.392417
3683,Appartement à vendre 149 m² à Casablanca,850000.0,Casablanca,Belvédère,149.0,3,2,5704.7,2026-05-07 14:31:06.392569
3684,Bel appartement de 103 m² à Bourgogne Ouest,1450000.0,Casablanca,Bourgogne,103.0,2,2,14077.67,2026-05-07 14:31:06.392806
3685,À vendre un bel appartement,950000.0,Casablanca,Belvédère,105.0,2,2,9047.62,2026-05-07 14:31:06.393077
3686,Superbe Rez de Jardin 2 Chambres – CFC Casablanca,2600000.0,Casablanca,Casablanca Finance City,118.0,2,2,22033.9,2026-05-07 14:31:06.393312
3687,A vendre un bel Appartement refait à neuf,2950000.0,Casablanca,Triangle D'Or,200.0,3,3,14750.0,2026-05-07 14:31:06.393491
3688,A vendre un appartement dans une résid balnéaire,1100000.0,Sidi Rahal,Toute La Ville,108.0,2,2,10185.19,2026-05-07 14:31:06.393683
3689,Appartement à vendre sur Hay Riad,3250000.0,Rabat,Hay Riad,144.0,3,2,22569.44,2026-05-07 14:31:06.393938
3690,Magnifique penthouse à vendre ou à louer à Wifac,3150000.0,Temara,Wifak,230.0,4,2,13695.65,2026-05-07 14:31:06.394127
3691,Luxueux appartement à 2 Mars,1990000.0,Casablanca,2 Mars,167.0,3,3,11916.17,2026-05-07 14:31:06.394258
3692,Très Bel Appartement 62m2 Quartier Palmier,1300000.0,Casablanca,Palmier,62.0,2,2,20967.74,2026-05-07 14:31:06.394375
3693,Appartement à ne pas rater,250000.0,Meknès,Hay Salam,60.0,2,1,4166.67,2026-05-07 14:31:06.394489
3694,Appart 118 m² Étage 3 Sidi Maarouf,1200000.0,Casablanca,Sidi Maarouf,118.0,3,2,10169.49,2026-05-07 14:31:06.394602
3695,Appartement 126m² 4ème étg. terrasse à Maârif,1450000.0,Casablanca,Val Fleuri,126.0,2,2,11507.94,2026-05-07 14:31:06.394716
3696,Appartement à vendre 48m² à Gueliz - Piscine Rooftop,1077000.0,Marrakech,Guéliz,49.0,1,1,21979.59,2026-05-07 14:31:06.394833
3697,Appartement à vendre près des universités 47 m2,295000.0,Tanger,Al Irfane 2,47.0,2,1,6276.6,2026-05-07 14:31:06.394954
3698,Appartement neuf avec ascenseur et parking,440000.0,Casablanca,Sidi Othmane,81.0,2,1,5432.1,2026-05-07 14:31:06.395065
3699,PALMIER JOLI STUDIO NEUF AVEC TERRASSE À VENDRE,1235000.0,Casablanca,Palmier,54.0,1,1,22870.37,2026-05-07 14:31:06.395173
3700,Appartement à vendre Résidence noria 2 chambres,2300000.0,Marrakech,Autre Secteur,84.0,2,2,27380.95,2026-05-07 14:31:06.395285
3701,Appartement à vendre vue sur mer à Tanger,3500000.0,Tanger,Malabata,120.0,3,2,29166.67,2026-05-07 14:31:06.395405
3702,Appart à vendre 213m² à Wifak Temara,2650000.0,Temara,Wifak,213.0,3,1,12441.31,2026-05-07 14:31:06.395521
3703,167577-Vente Appt à Casablanca Racine de 203 m²,4200000.0,Casablanca,Anfa,203.0,3,2,20689.66,2026-05-07 14:31:06.395633
3704,Luxueux studio en vente a Gueliz pour AIRBNB,1526500.0,Marrakech,Av Abdelkrim El Khattabi,61.0,1,1,25024.59,2026-05-07 14:31:06.395746
3705,Magnifique Appartement À Vendre À La Palmeraie,1800000.0,Marrakech,Palmeraie,95.0,2,2,18947.37,2026-05-07 14:31:06.395862
3706,Appartement en vente 65m² à Gueliz-Piscine Rooftop,1498000.0,Marrakech,Guéliz,65.0,1,1,23046.15,2026-05-07 14:31:06.395975
3707,appartement meublé à vendre,1100000.0,Kénitra,Mimosas,110.0,3,2,10000.0,2026-05-07 14:31:06.396091
3708,Appartement à vendre à Temara,960000.0,Temara,Autre Secteur,128.0,3,1,7500.0,2026-05-07 14:31:06.396202
3709,LA PERLA BLANCA -E-8 25/56952,1150000.0,Benslimane,Autre Secteur,114.0,3,2,10087.72,2026-05-07 14:31:06.396326
3710,Appartement à vendre 82 m² à Tétouan,8200000.0,Tétouan,Wilaya,82.0,2,2,100000.0,2026-05-07 14:31:06.396440
3711,Appartement à vendre 67 m² à Sidi Rahal,530000.0,Sidi Rahal,Toute La Ville,67.0,2,2,7910.45,2026-05-07 14:31:06.396550
3712,🏠 L’EXCEPTION URBAINE Duplex 66 m² à Guéliz,1518000.0,Marrakech,Guéliz,65.0,1,1,23353.85,2026-05-07 14:31:06.396661
3713,Appartement à vendre 55 m² à Tanger,330000.0,Tanger,Autre Secteur,55.0,2,1,6000.0,2026-05-07 14:31:06.396774
3714,Spacieux appart au cœur gueliz à côté Zara macdo,3500000.0,Marrakech,Guéliz,139.0,3,2,25179.86,2026-05-07 14:31:06.396899
3715,Appartement à vendre 60 m² à Marrakech,1320000.0,Marrakech,Guéliz,60.0,2,1,22000.0,2026-05-07 14:31:06.397046
3716,Appartement à vendre 78 m² à Marrakech,1800000.0,Marrakech,Agdal,118.0,2,2,15254.24,2026-05-07 14:31:06.397163
3717,Duplex RDC 74 m² en vente - piscine Rooftop,1708000.0,Marrakech,Av Abdelkrim El Khattabi,74.0,1,2,23081.08,2026-05-07 14:31:06.397275
3719,Appartement à vendre 60 m² centre ville souk mlilia,330000.0,Oujda,Centre Ville,60.0,2,1,5500.0,2026-05-07 14:31:06.397531
3720,Appart 101m² piscine près Semlalia Majorel Gueliz,2200000.0,Marrakech,Semlalia,101.0,2,2,21782.18,2026-05-07 14:31:06.397642
3721,Appartement à vendre 69 m² à Casablanca,440000.0,Casablanca,Aïn Borja,69.0,3,1,6376.81,2026-05-07 14:31:06.397748
3722,"Appartement rénové proche gare, plage et zoo",600000.0,Casablanca,Ain Sebaa,67.0,2,1,8955.22,2026-05-07 14:31:06.397862
3723,Résidence Galia Boulevard Hassan II Mohammedia,1700000.0,Mohammedia,Centre Ville,125.0,3,2,13600.0,2026-05-07 14:31:06.397975
3724,Appartement à vendre 65 m² à Bouznika Dahomey,650000.0,Bouznika,Autre Secteur,65.0,2,2,10000.0,2026-05-07 14:31:06.398084
3725,VENTE DIRECTE SUPERBES APPARTEMENTS,860000.0,Casablanca,Hay Hassani,78.0,2,2,11025.64,2026-05-07 14:31:06.398205
3726,Appartement à vendre 227 m² à Casablanca palmier,3000000.0,Casablanca,Palmier,227.0,4,3,13215.86,2026-05-07 14:31:06.398422
3727,Studio de 60 m² à vendre à Marrakech,1140000.0,Marrakech,Guéliz,60.0,1,1,19000.0,2026-05-07 14:31:06.398579
3728,Appartement 134 m² à vendre,1050000.0,Temara,Abbadi,134.0,3,1,7835.82,2026-05-07 14:31:06.398696
3729,Appartement à vendre rue Royal Army,1500000.0,Tétouan,Centre Ville,150.0,3,2,10000.0,2026-05-07 14:31:06.398811
3730,Appartement 2 ch à vendre vue sur mer,2900000.0,Tanger,Malabata,82.0,2,1,35365.85,2026-05-07 14:31:06.398922
3731,Appartement à vendre 67m² à Ainsebaa,770500.0,Casablanca,Ain Sebaa,67.0,2,2,11500.0,2026-05-07 14:31:06.399039
3732,Appartement à vendre 2 chambres Salon à Casa,810000.0,Bouznika,Al Kawtar,95.0,2,2,8526.32,2026-05-07 14:31:06.399150
3733,Magnifique studio en rez de jardin sur résidence,1400000.0,Marrakech,Agdal,50.0,1,1,28000.0,2026-05-07 14:31:06.399258
3734,Appartement à vendre 97 m² à Ferme Bretonne,1900000.0,Casablanca,Ferme Bretone,97.0,2,2,19587.63,2026-05-07 14:31:06.399366
3735,Appartement à vendre 123 m² à Casablanca,1780000.0,Casablanca,Abdelmoumen,123.0,3,2,14471.54,2026-05-07 14:31:06.399476
3736,Appartement à vendre Prestegia Argan golf,2000000.0,Marrakech,Route De Tahanaoute,80.0,2,1,25000.0,2026-05-07 14:31:06.399584
3737,Appartement à vendre 94m² à Ferme Bretonne,1900000.0,Casablanca,Ferme Bretone,94.0,2,2,20212.77,2026-05-07 14:31:06.399695
3738,Appartement 97m² à Casablanca ferme bretonne,1940000.0,Casablanca,Ferme Bretone,97.0,2,2,20000.0,2026-05-07 14:31:06.399814
3739,Appartement à vendre 165 m² à Casablanca,3500000.0,Casablanca,Racine,176.0,3,3,19886.36,2026-05-07 14:31:06.399927
3740,Appartement à vendre 80m² Bouznika sans vis à vis,750000.0,Bouznika,Al Kawtar,82.0,2,2,9146.34,2026-05-07 14:31:06.400037
3741,Superbe studio 56 m² à saisir à Marrakech,1064000.0,Marrakech,Guéliz,56.0,1,1,19000.0,2026-05-07 14:31:06.400148
3742,Appartement à vendre 76 m² à Marrakech,1500000.0,Marrakech,Victor Hugo,76.0,2,2,19736.84,2026-05-07 14:31:06.400258
3743,Spacieux Appartement 2 Chambres à la Vente Guéliz,2350000.0,Marrakech,Guéliz,110.0,2,2,21363.64,2026-05-07 14:31:06.400368
3744,Bel appartement en vente bd 2 mars,1930000.0,Casablanca,2 Mars,129.0,3,2,14961.24,2026-05-07 14:31:06.400485
3745,Appartement à vendre 110 m² à Mohammedia,1656000.0,Mohammedia,Centre Ville,120.0,2,2,13800.0,2026-05-07 14:31:06.400593
3746,Appartement à vendre 100 m² à Essaouira,1250000.0,Essaouira,Toute La Ville,100.0,2,1,12500.0,2026-05-07 14:31:06.400725
3747,Appartement en vente ain borja,850000.0,Casablanca,Aïn Borja,81.0,2,2,10493.83,2026-05-07 14:31:06.400849
3748,Résidence Jumeirah,440000.0,Deroua,Toute La Ville,72.0,2,1,6111.11,2026-05-07 14:31:06.400959
3749,Vente très joli studio centre ville,1200000.0,Marrakech,Guéliz,54.0,1,1,22222.22,2026-05-07 14:31:06.401094
3750,Appartement neuf enregistré conservé Médina Errahma,570000.0,Casablanca,Errahma,75.0,3,2,7600.0,2026-05-07 14:31:06.401207
3751,Appartement Mers Sultan 139 m² à Casablanca,1750000.0,Casablanca,Mers Sultan,139.0,2,2,12589.93,2026-05-07 14:31:06.401319
3752,Appartement de luxe à vendre à Marina golf Asilah,1800000.0,Asilah,Toute La Ville,113.0,3,2,15929.2,2026-05-07 14:31:06.401430
3753,beau duplex en vente ain borja,850000.0,Casablanca,Aïn Chock,85.0,2,1,10000.0,2026-05-07 14:31:06.401537
3754,Appartement 74m 3 chambres salon,580000.0,Marrakech,Autre Secteur,74.0,3,1,7837.84,2026-05-07 14:31:06.401648
3755,Bel appartement en vente al fida,660000.0,Casablanca,Al Fida,66.0,2,1,10000.0,2026-05-07 14:31:06.401764
3756,Appartement à vendre 68 m² au maarif,1280000.0,Casablanca,Maarif,68.0,2,1,18823.53,2026-05-07 14:31:06.401879
3757,bel appartement en vente ain borja,693500.0,Casablanca,Aïn Borja,79.0,3,1,8778.48,2026-05-07 14:31:06.401991
3758,Appartement à vendre 59 m² à Ain Sebaa,708000.0,Casablanca,Ain Sebaa,59.0,2,2,12000.0,2026-05-07 14:31:06.402102
3759,Bel appartement vente quartier des hôpitaux,1200000.0,Casablanca,Quartier Des Hôpitaux,92.0,2,2,13043.48,2026-05-07 14:31:06.402217
3760,Appartement 144m2 centre ville à vendre,400000.0,Casablanca,Anfa,144.0,3,1,2777.78,2026-05-07 14:31:06.402326
3761,Bel appartement vente belvedere,970000.0,Casablanca,Belvédère,109.0,3,2,8899.08,2026-05-07 14:31:06.402435
3762,Grand bel appartement en vente Casablanca,1690000.0,Casablanca,Centre Ville,189.0,3,2,8941.8,2026-05-07 14:31:06.402549
3763,Appartement à vendre 58 m² à Marrakech,1600000.0,Marrakech,Route De Tahanaoute,60.0,1,1,26666.67,2026-05-07 14:31:06.402660
3764,Bel appartement de 73m² à Ain Sebaa,817600.0,Casablanca,Oulfa,73.0,3,2,11200.0,2026-05-07 14:31:06.402771
3765,Appartement 110 m² à Casablanca,530000.0,Casablanca,Sidi Bernoussi,110.0,3,2,4818.18,2026-05-07 14:31:06.402885
3766,bel appartement en vente 3 chambres 1 salon,950000.0,Casablanca,Aïn Borja,112.0,3,1,8482.14,2026-05-07 14:31:06.402996
3767,Grand appartement en vente à Ain Borja,1600000.0,Casablanca,Aïn Borja,225.0,4,2,7111.11,2026-05-07 14:31:06.403109
3768,A vendre Appartement 65 m² à Ouislane Meknes,260000.0,Ouislane,Toute La Ville,73.0,2,1,3561.64,2026-05-07 14:31:06.403219
3769,Rez de jardin à vendre 107 m² vue sur piscine,1900000.0,Marrakech,Route De Casablanca,107.0,2,2,17757.01,2026-05-07 14:31:06.403325
3770,Appartement à vendre 208 m² à Racine,3750000.0,Casablanca,Racine,208.0,3,3,18028.85,2026-05-07 14:31:06.403437
3771,Appartement Allal El Fassi Hôtel Redouane disponible uniquement,1400000.0,Marrakech,Allal El Fassi,130.0,3,1,10769.23,2026-05-07 14:31:06.403547
3772,Appartement à vendre 67 m² à Asilah,900000.0,Asilah,Toute La Ville,67.0,2,1,13432.84,2026-05-07 14:31:06.403663
3773,TNG-TA-1129 - Appartement à vendre à Msala,1350000.0,Tanger,Autre Secteur,86.0,2,1,15697.67,2026-05-07 14:31:06.403773
3774,Appartement à vendre à Marina Vue Mer,4900000.0,Agadir,Marina,110.0,2,2,44545.45,2026-05-07 14:31:06.403960
3775,Appartement à vendre 174m2 à Mers Sultan,440000.0,Casablanca,Mers Sultan,174.0,3,2,2528.74,2026-05-07 14:31:06.404073
3776,Appartement meublé à vendre,940000.0,Tanger,Autre Secteur,81.0,2,1,11604.94,2026-05-07 14:31:06.404203
3777,Appartement à vendre 64 m² à Casablanca,640000.0,Casablanca,Hay Hassani,64.0,2,1,10000.0,2026-05-07 14:31:06.404326
3778,Appartements à vendre,1050000.0,Temara,Autre Secteur,100.0,3,2,10500.0,2026-05-07 14:31:06.404447
3779,Appartements à vendre près du café Russie,850000.0,Martil,Toute La Ville,80.0,3,1,10625.0,2026-05-07 14:31:06.404566
3780,Appartement de haut standing,1650000.0,Tétouan,Safir,147.0,2,2,11224.49,2026-05-07 14:31:06.404677
3781,"Nous vous apportons d'excellents appartements à vendre, premier étage 300 000 Dhs.",300000.0,Kénitra,Bir Rami,70.0,2,1,4285.71,2026-05-07 14:31:06.404792
3782,Excellent appartement meublé à vendre dans le quartier Al Saada près de Marjane,570000.0,Marrakech,Es Saada,54.0,2,1,10555.56,2026-05-07 14:31:06.404910
3783,Appartement à vendre 70 m² à Essaouira,720000.0,Essaouira,Centre Ville,75.0,2,1,9600.0,2026-05-07 14:31:06.405022
3784,Appartement sur R plus 2,930000.0,El Jadida,Hay Essalam,80.0,3,2,11625.0,2026-05-07 14:31:06.405206
3785,STUDIO à vendre Jnan Awrad Marrakech,955000.0,Marrakech,Route De Casablanca,49.0,1,1,19489.8,2026-05-07 14:31:06.405325
3786,Bel appartement à vendre à Hay Charaf,740000.0,Marrakech,Hay Charaf,98.0,2,1,7551.02,2026-05-07 14:31:06.405489
3787,Appartement à vendre 99 m² à Casablanca,950000.0,Casablanca,Sidi Maarouf,87.0,3,2,10919.54,2026-05-07 14:31:06.405601
3788,Appartement Meftah Anza,580000.0,Agadir,Anza,40.0,1,1,14500.0,2026-05-07 14:31:06.405712
3789,Bel appartement de 66 m2 à vendre,367000.0,Sidi Hajjaj Oued Hassar,Toute La Ville,66.0,2,1,5560.61,2026-05-07 14:31:06.405831
3790,Appartements de luxe à vendre,890000.0,Kénitra,Val Fleury,124.0,3,2,7177.42,2026-05-07 14:31:06.405943
3791,Bel appartement terrasse à Essaouira,850000.0,Essaouira,Centre Ville,62.0,1,1,13709.68,2026-05-07 14:31:06.406070
3792,Appartement à vendre Sidi Rahal,680000.0,Sidi Rahal,Toute La Ville,84.0,3,2,8095.24,2026-05-07 14:31:06.406189
3793,Studios à vendre à Zenata,740000.0,Zenata,Toute La Ville,50.0,1,1,14800.0,2026-05-07 14:31:06.406301
3794,"Appartement ""Soumi Vini"" dans un quartier chic près de la mosquée et sans intérêt",380000.0,Benslimane,Autre Secteur,126.0,3,1,3015.87,2026-05-07 14:31:06.406406
3795,Appartement à vendre 76 m² à Marrakech,1350000.0,Marrakech,Mabrouka,76.0,2,2,17763.16,2026-05-07 14:31:06.406528
3796,Appartement à vendre 80 m² à Marrakech,1700000.0,Marrakech,Route De Safi,80.0,2,2,21250.0,2026-05-07 14:31:06.406646
3797,Triplex de 200m² à 200m avenue ibn badis,1120000.0,El Jadida,Autre Secteur,203.0,3,1,5517.24,2026-05-07 14:31:06.406757
3798,Appartement à vendre 129 m² à Casablanca,1650000.0,Casablanca,Almaz,146.0,3,3,11301.37,2026-05-07 14:31:06.406882
3799,Appartement à vendre,700000.0,Kénitra,Alliance,85.0,2,1,8235.29,2026-05-07 14:31:06.406998
3800,Appartement à vendre 80 m² à Mohammedia,820000.0,Mohammedia,Autre Secteur,80.0,2,2,10250.0,2026-05-07 14:31:06.407149
3801,Appartement à vendre 74 m² à Marrakech,1450000.0,Marrakech,Palmeraie,74.0,2,2,19594.59,2026-05-07 14:31:06.407269
3802,Appartement à vendre 35 m² à Marrakech,660000.0,Marrakech,Route D'Ourika,37.0,1,1,17837.84,2026-05-07 14:31:06.407380
3803,Appartement à vendre 92 m² à boustane El Jadida,660000.0,El Jadida,Al Boustane,92.0,2,1,7173.91,2026-05-07 14:31:06.407494
3804,Studio à vendre,660000.0,Marrakech,Amerchich,45.0,1,1,14666.67,2026-05-07 14:31:06.464214
3805,Appartement à vendre 75 m² à Fès,420000.0,Fès,Oued Fès,92.0,2,2,4565.22,2026-05-07 14:31:06.407603
3806,Appartement à vendre 65 m² à Mohammedia,510000.0,Mohammedia,Autre Secteur,65.0,2,1,7846.15,2026-05-07 14:31:06.407729
3807,Super appart 78m2 H standing Aswac Salam,750000.0,Mohammedia,Autre Secteur,78.0,2,2,9615.38,2026-05-07 14:31:06.407861
3808,Duplex meublé à vendre centre ville,620000.0,Kénitra,Centre,75.0,2,2,8266.67,2026-05-07 14:31:06.407975
3809,Appartement de 3 chambres à vendre à Maamora,1330000.0,Kénitra,Maamora,130.0,3,2,10230.77,2026-05-07 14:31:06.408086
3810,Appartement à vendre 75 m² à Essaouira,1000000.0,Essaouira,Centre Ville,75.0,3,2,13333.33,2026-05-07 14:31:06.408195
3811,Appartement à vendre 199 m² à Boulevard Zerktouni,3800000.0,Casablanca,Maarif,199.0,3,3,19095.48,2026-05-07 14:31:06.408314
3812,Appartement à vendre 145 m² à Tétouan,2000000.0,Tétouan,Autre Secteur,145.0,3,2,13793.1,2026-05-07 14:31:06.408429
3813,Appartement à vendre Hay Fadl,600000.0,Marrakech,Hay Charaf,68.0,2,1,8823.53,2026-05-07 14:31:06.408553
3814,"Appartement à vendre, 2ème étage, Jnan Louz Loualfa",36000000.0,Casablanca,Oulfa,51.0,2,1,705882.35,2026-05-07 14:31:06.408663
3815,Superbe appartement à vendre à Sidi Kacem - Sans intermédiaire,320000.0,Sidi Kacem,Toute La Ville,105.0,2,1,3047.62,2026-05-07 14:31:06.408779
3816,Excellent appartement à vendre dans le quartier de Cherf près de Marjane,740000.0,Marrakech,Hay Charaf,98.0,2,1,7551.02,2026-05-07 14:31:06.408931
3817,Appartement à vendre dans le quartier Al-Zahour près de l'école Al-Arabi et Marjane,540000.0,Marrakech,Hay Izdihar,50.0,2,1,10800.0,2026-05-07 14:31:06.409048
3818,Appartement à vendre 70 m² au Vizir Center à Marrakech,1250000.0,Marrakech,Route De Casablanca,70.0,1,2,17857.14,2026-05-07 14:31:06.409165
3819,Appartement à vendre 110 m² à Casablanca,2000000.0,Casablanca,Beauséjour,110.0,2,2,18181.82,2026-05-07 14:31:06.409308
3820,Appartement à vendre à Triangle d’Or,1200000.0,Casablanca,Triangle D'Or,80.0,2,1,15000.0,2026-05-07 14:31:06.409423
3821,Appartement à vendre 151 m² à Casablanca,2600000.0,Casablanca,Ferme Bretone,151.0,3,3,17218.54,2026-05-07 14:31:06.409533
3822,Appartement à vendre 125 m² Sidi abbad Marrakech,1450000.0,Marrakech,Sidi Abbad,125.0,3,2,11600.0,2026-05-07 14:31:06.409652
3823,Appartement en face zone villa,520000.0,Kénitra,Seyad,68.0,2,1,7647.06,2026-05-07 14:31:06.409762
3824,APPARTEMENT RÉSIDENCE TAOUIRT TAGHAZOUT BAY,3200000.0,Agadir,Tamraght,99.0,1,2,32323.23,2026-05-07 14:31:06.409881
3825,appartement à Bahia Golf beach,1949000.0,Bouznika,Autre Secteur,121.0,3,2,16107.44,2026-05-07 14:31:06.409989
3826,"Appartement à vendre à Menzah, Rue Mohamed VI",21000000.0,El Menzeh,Toute La Ville,128.0,3,2,164062.5,2026-05-07 14:31:06.410109
3827,Secteur 21 Hay Riad,740000.0,Rabat,Hay Riad,377.0,5,3,1962.86,2026-05-07 14:31:06.410219
3828,Bonne affaire dans le quartier administratif,1580000.0,Tanger,Centre Ville,103.0,2,2,15339.81,2026-05-07 14:31:06.410329
3829,Appt titré 121m² 3ch avec Parking Maamora Kénitra,900000.0,Kénitra,Maamora,121.0,3,1,7438.02,2026-05-07 14:31:06.410477
3830,"Appartement à vendre, 2 Mars Casablanca",2400000.0,Casablanca,2 Mars,159.0,3,3,15094.34,2026-05-07 14:31:06.410594
3831,Bel appartement à Jnane Californie,1690000.0,Casablanca,Mandarona,123.0,2,2,13739.84,2026-05-07 14:31:06.410706
3832,vente appartement moyen standing oulfa,530000.0,Casablanca,Oulfa,58.0,2,1,9137.93,2026-05-07 14:31:06.410820
3833,Appartement à vendre 82 m² à Kénitra,640000.0,Kénitra,Alliance,82.0,2,2,7804.88,2026-05-07 14:31:06.410934
3834,Appartement de Luxe 270 m²–Hay Riad Rabat,8000000.0,Rabat,Hay Riad,270.0,3,4,29629.63,2026-05-07 14:31:06.411049
3835,Appartement à vendre 68 m² à Casablanca,700000.0,Casablanca,Lissasfa,68.0,2,1,10294.12,2026-05-07 14:31:06.411183
3836,Appartement Titré.,2400000.0,Casablanca,2 Mars,168.0,2,3,14285.71,2026-05-07 14:31:06.411291
3837,Magnifique appartement jardin ibn Khafaja,1700000.0,Kénitra,Maamora,120.0,3,2,14166.67,2026-05-07 14:31:06.411401
3838,Appartement Avec Terrasse à vendre à Tamraght,1030000.0,Agadir,Tamraght,80.0,2,2,12875.0,2026-05-07 14:31:06.411513
3839,Appartement à vendre 256 m² à Tanger,2000000.0,Tanger,Achakar,256.0,3,3,7812.5,2026-05-07 14:31:06.411622
3840,hamza had soualem fiha 70000dh da3d,500000.0,Had Soualem,Toute La Ville,74.0,2,2,6756.76,2026-05-07 14:31:06.411729
3841,Appartement à vendre 68 m² à Kénitra,340000.0,Kénitra,Bir Rami,68.0,2,1,5000.0,2026-05-07 14:31:06.411844
3842,À vendre appartement de luxe à malabata hills,8000000.0,Tanger,Sania,366.0,3,2,21857.92,2026-05-07 14:31:06.411962
3843,Magnifique vue Golf et piscine,1750000.0,Marrakech,Agdal,47.0,1,1,37234.04,2026-05-07 14:31:06.412069
3844,"appt 3 chambres, 2 minutes du quartier financier",1150000.0,Casablanca,Oulfa,114.0,3,1,10087.72,2026-05-07 14:31:06.412180
3845,Appartement à vendre 94 m² à Kénitra,680000.0,Kénitra,Seyad,94.0,2,2,7234.04,2026-05-07 14:31:06.412297
3846,Appartement à vendre 62 m² à Berrechid,380000.0,Berrechid,Toute La Ville,62.0,2,2,6129.03,2026-05-07 14:31:06.412410
3847,Appartement à vendre 90 m² à Kénitra,600000.0,Kénitra,Seyad,90.0,3,1,6666.67,2026-05-07 14:31:06.412519
3848,Appartement à vendre 70 m² à Kénitra,340000.0,Kénitra,Bir Rami,70.0,2,1,4857.14,2026-05-07 14:31:06.412631
3849,Appartement à vendre 80 m² à Kénitra,610000.0,Kénitra,Seyad,80.0,2,2,7625.0,2026-05-07 14:31:06.412745
3850,Appartement à vendre 95 m² à Kénitra,490000.0,Kénitra,Bir Rami,95.0,3,2,5157.89,2026-05-07 14:31:06.412867
3851,LES PRINCESSES JOLI APPARTEMENT NEUF À VENDRE,1470000.0,Casablanca,Gauthier,66.0,2,1,22272.73,2026-05-07 14:31:06.412981
3852,Appartement à vendre 90 m² à Kénitra,660000.0,Kénitra,Mimosas,90.0,2,1,7333.33,2026-05-07 14:31:06.413091
3853,Appartement à vendre 329 m² à Fès,2300000.0,Fès,Champ De Course,329.0,3,3,6990.88,2026-05-07 14:31:06.413204
3854,Appartement à vendre à Berrechid El Qabbah,340000.0,Berrechid,Toute La Ville,70.0,2,1,4857.14,2026-05-07 14:31:06.413313
3855,Appartement à vendre 123 m² à Tanger,3500000.0,Tanger,Centre Ville,202.0,3,3,17326.73,2026-05-07 14:31:06.413448
3856,Appartement de Grande Superficie 93 m²,850000.0,Marrakech,Hay Charaf,93.0,2,1,9139.78,2026-05-07 14:31:06.413567
3857,Super Appartement Vue sur Mer à Dar Bouazza,2390000.0,Dar Bouazza,Toute La Ville,132.0,3,2,18106.06,2026-05-07 14:31:06.413679
3858,Appartement 97m² urgent Oulfa route errahma,795000.0,Casablanca,Oulfa,103.0,3,2,7718.45,2026-05-07 14:31:06.413793
3859,Appartement à vendre 58 m² à Agadir,590000.0,Agadir,Tilila,58.0,2,1,10172.41,2026-05-07 14:31:06.413913
3860,Appartement de très haut standing entièrement rénové,5500000.0,Rabat,Riyad,228.0,4,3,24122.81,2026-05-07 14:31:06.414028
3861,Studio meublé à vendre à Mansoria,700000.0,El Mansouria,Toute La Ville,52.0,1,1,13461.54,2026-05-07 14:31:06.414138
3862,Appartement neuf résidence privé à Agadir,830000.0,Agadir,Hay Mohammadi,83.0,2,2,10000.0,2026-05-07 14:31:06.414365
3863,Studio RACINE avec grande terrasse à vendre,1300000.0,Casablanca,Racine,74.0,1,1,17567.57,2026-05-07 14:31:06.414601
3864,Appartement divisé en 2 studios à 2 min de Marina,3200000.0,Tanger,Autre Secteur,84.0,2,2,38095.24,2026-05-07 14:31:06.414731
3865,Appartement neuf à vendre 136 m² à Harhoura Valdor,2500000.0,Temara,Harhoura,136.0,3,3,18382.35,2026-05-07 14:31:06.414860
3866,Joli Duplex à vendre de 82 m² à Marrakech,1476000.0,Marrakech,Guéliz,82.0,1,2,18000.0,2026-05-07 14:31:06.414973
3867,Duplex luxueux à vendre 318 m² à Racine,4000000.0,Casablanca,Racine,318.0,4,3,12578.62,2026-05-07 14:31:06.415088
3868,Superbe Appartement à vendre 75 m² à Marrakech,1050000.0,Marrakech,Hay Izdihar,75.0,2,2,14000.0,2026-05-07 14:31:06.415199
3869,Appartement à vendre 170 m² à Tanger,1200000.0,Tanger,Aharrarine,170.0,3,2,7058.82,2026-05-07 14:31:06.415311
3870,Appartement à vendre 68m² à Bouznika,480000.0,Bouznika,Autre Secteur,72.0,2,2,6666.67,2026-05-07 14:31:06.415423
3871,Lux petit appartement Tamaris,990000.0,Dar Bouazza,Toute La Ville,65.0,1,1,15230.77,2026-05-07 14:31:06.415546
3872,Somptueux appartement à vendre,2850000.0,Dar Bouazza,Toute La Ville,200.0,3,2,14250.0,2026-05-07 14:31:06.415656
3873,Appartement à vendre 121 m² à Casablanca,1350000.0,Casablanca,Florida,124.0,3,1,10887.1,2026-05-07 14:31:06.415767
3874,appartement a vendre,420000.0,Casablanca,Oulfa,59.0,2,2,7118.64,2026-05-07 14:31:06.415883
3875,Bel appartement familial,950000.0,Agadir,Hay Salam,124.0,3,2,7661.29,2026-05-07 14:31:06.415996
3876,Appartement 2ème étage Hay El Matar,300000.0,El Jadida,Quartier Aérodrome,60.0,2,1,5000.0,2026-05-07 14:31:06.416106
3877,Appartement à saisir à Sidi Bouzid El Jadida,750000.0,El Jadida,Autre Secteur,81.0,2,1,9259.26,2026-05-07 14:31:06.416216
3878,Duplex en plein centre Av Med V,1200000.0,Kénitra,Mimosas,160.0,3,3,7500.0,2026-05-07 14:31:06.416342
3879,Appartement à vendre 153 m² à Tétouan,1989000.0,Tétouan,Safir,153.0,2,2,13000.0,2026-05-07 14:31:06.416451
3880,LES PRINCESSES JOLI STUDIO NEUF À VENDRE 57 m²,1280000.0,Casablanca,Les Princesses,57.0,1,1,22456.14,2026-05-07 14:31:06.416562
3881,MAARIF PRES TWIN BEL APPARTEMENT A VENDRE 150 m²,2250000.0,Casablanca,Maarif,150.0,3,2,15000.0,2026-05-07 14:31:06.416673
3882,MAÂRIF JOLI APPARTEMENT 109 m² À VENDRE,1050000.0,Casablanca,Maarif,109.0,2,2,9633.03,2026-05-07 14:31:06.416789
3883,Superbe studio de 52m² à saisir vite,988000.0,Marrakech,Guéliz,52.0,1,1,19000.0,2026-05-07 14:31:06.416904
3884,Appartement 95m² à vendre,1500000.0,Mohammedia,La Siesta,95.0,2,1,15789.47,2026-05-07 14:31:06.417018
3885,Appartement à vendre Californie,2600000.0,Casablanca,Californie,127.0,3,1,20472.44,2026-05-07 14:31:06.417130
3886,Appartement Fascinant,340000.0,Meknès,Hamria,62.0,2,1,5483.87,2026-05-07 14:31:06.417242
3887,PALMIER JOLI APPT NEUF À VENDRE 58 m²,1470000.0,Casablanca,Palmier,58.0,2,1,25344.83,2026-05-07 14:31:06.417350
3888,APPARTEMENT À VENDRE À HARHOURA RDC PISCINE,1100000.0,Temara,Harhoura,70.0,2,1,15714.29,2026-05-07 14:31:06.417468
3889,Appartement à vendre Ahlane Tanger,1550000.0,Tanger,Ahlane,128.0,3,3,12109.38,2026-05-07 14:31:06.417605
3890,Magnifique Studio à vendre,850000.0,Mohammedia,Quartier Du Parc,57.0,1,1,14912.28,2026-05-07 14:31:06.417716
3891,Appartement refait à neuf,300000.0,Casablanca,Lissasfa,56.0,2,1,5357.14,2026-05-07 14:31:06.417835
3892,Luxueux Appartement à vendre à Casablanca,1395000.0,Casablanca,Nassim,153.0,3,2,9117.65,2026-05-07 14:31:06.417951
3893,STUDIO NEUF AVEC TERRASSE À VENDRE AUX PRINCESSES,1269000.0,Casablanca,Les Princesses,57.0,1,1,22263.16,2026-05-07 14:31:06.418062
3894,Vente Appartement 3 pièces de 125 m2 à Sidi Rahal,1650000.0,Sidi Rahal,Toute La Ville,125.0,2,2,13200.0,2026-05-07 14:31:06.418193
3895,Appartement à vendre 77 m² à Casablanca,835000.0,Casablanca,Ain Sebaa,77.0,2,2,10844.16,2026-05-07 14:31:06.418306
3896,Appartement à vendre à Tamensort,420000.0,Marrakech,Route De Tamansourt,94.0,2,1,4468.09,2026-05-07 14:31:06.418419
3897,Appartement à vendre 202 m² à Rabat,4750000.0,Rabat,Hay Riad,202.0,3,1,23514.85,2026-05-07 14:31:06.418531
3898,Appartement à vendre 70 m² à Kénitra bir rami,450000.0,Kénitra,Bir Rami,70.0,2,1,6428.57,2026-05-07 14:31:06.418647
3899,Appartement à vendre 119 m² sur 2mars,1606500.0,Casablanca,2 Mars,119.0,3,1,13500.0,2026-05-07 14:31:06.418768
3900,Appartement à vendre sur l'Agdal,3400000.0,Rabat,Agdal,150.0,3,2,22666.67,2026-05-07 14:31:06.418888
3901,Casablanca Ain Sebaa,340000.0,Mediouna,Toute La Ville,53.0,2,1,6415.09,2026-05-07 14:31:06.418999
3902,Appartement à vendre 125 m² à Casablanca,1030000.0,Casablanca,Ain Sebaa,125.0,2,1,8240.0,2026-05-07 14:31:06.419107
3903,particulier,3100000.0,Casablanca,Autre Secteur,208.0,4,3,14903.85,2026-05-07 14:31:06.419223
3904,Appartements à vendre à Harhoura Valdor,1560000.0,Temara,Harhoura,92.0,2,1,16956.52,2026-05-07 14:31:06.419339
3905,Appartement à vendre avec conditions de soutien,470000.0,Had Soualem,Toute La Ville,63.0,2,2,7460.32,2026-05-07 14:31:06.419451
3906,Appartement à vendre derrière Aquaparc,616000.0,Casablanca,Errahma,56.0,2,1,11000.0,2026-05-07 14:31:06.419567
3907,"Excellent appartement à vendre dans le quartier de Cherf, premier étage, près de Marjane",890000.0,Marrakech,Hay Charaf,84.0,2,1,10595.24,2026-05-07 14:31:06.419679
3908,Appart à vendre a beausejour Casa,1250000.0,Casablanca,Beauséjour,124.0,3,2,10080.65,2026-05-07 14:31:06.419798
3909,Appartement à vendre en indivision,270000.0,Berrechid,Toute La Ville,72.0,2,1,3750.0,2026-05-07 14:31:06.419911
3910,Appartement RDC Jardin 99m² - Les Perles de Californie,1500000.0,Casablanca,Californie,99.0,2,2,15151.52,2026-05-07 14:31:06.420033
3911,Appartement haut standing Islane,1340000.0,Agadir,Hay Mohammadi,98.0,2,2,13673.47,2026-05-07 14:31:06.420142
3912,Appartement molkiya dans la wilaya de Tétouan,1550000.0,Tétouan,Wilaya,204.0,3,2,7598.04,2026-05-07 14:31:06.420251
3913,Appartement Traversant 130m² à Ain Chock Inara,1260000.0,Casablanca,Al Qods,130.0,3,2,9692.31,2026-05-07 14:31:06.420357
3914,Résidence Riyad Sahel,500000.0,Had Soualem,Toute La Ville,74.0,2,2,6756.76,2026-05-07 14:31:06.420462
3915,"Triplex de luxe à vendre, centre ville",3400000.0,Tanger,Centre Ville,238.0,3,2,14285.71,2026-05-07 14:31:06.420568
3916,Appartement 74 m au 4ème étage,500000.0,Had Soualem,Toute La Ville,74.0,2,2,6756.76,2026-05-07 14:31:06.420676
3917,Capo Negro,3996000.0,Martil,Toute La Ville,148.0,3,2,27000.0,2026-05-07 14:31:06.420789
3918,AGRÉABLE APPARTEMENT REZ-DE-CHAUSSÉE HARHOURA,1100000.0,Temara,Harhoura,70.0,2,1,15714.29,2026-05-07 14:31:06.420899
3919,Appartement à vendre 60 m² à Agadir,36000000.0,Agadir,Taddart Anza,60.0,2,1,600000.0,2026-05-07 14:31:06.421010
3920,"Appartement à vendre Shams Al Madina, Tit Mellil, 2ème étage",280000.0,Tit Mellil,Toute La Ville,59.0,2,1,4745.76,2026-05-07 14:31:06.421119
3921,Appartement de 80 m² à Kénitra al maghrib al arabi,640000.0,Kénitra,Al Maghrib Al Arabi,80.0,2,2,8000.0,2026-05-07 14:31:06.421229
3922,Appartement à vendre 45 m² à Cabo Negro,850000.0,Cabo Negro,Toute La Ville,46.0,1,1,18478.26,2026-05-07 14:31:06.421336
3923,Appartement Nejma pour investissement Airbnb,2150000.0,Tanger,Malabata,163.0,3,2,13190.18,2026-05-07 14:31:06.421467
3924,Joli appartement à Sidi Rahal,800000.0,Sidi Rahal,Toute La Ville,75.0,2,2,10666.67,2026-05-07 14:31:06.421580
3925,Appartement à vendre 71 m² à Bouznika,600000.0,Bouznika,Autre Secteur,71.0,2,1,8450.7,2026-05-07 14:31:06.421718
3926,Très beau 3ch au Maarif Extension,2150000.0,Casablanca,Maârif Extension,146.0,3,3,14726.03,2026-05-07 14:31:06.421867
3927,Appartement à vendre 80 m² à Khouribga,580000.0,Khouribga,Toute La Ville,80.0,2,2,7250.0,2026-05-07 14:31:06.421996
3928,Appartement à vendre 131 m² à Meknès,509000.0,Meknès,Zitoune,131.0,3,2,3885.5,2026-05-07 14:31:06.422105
3929,Appartement à vendre 70 m² à Fès,250000.0,Fès,Agdal,70.0,2,1,3571.43,2026-05-07 14:31:06.422209
3930,Appartement 150 m² à Kénitra lotissement alliance,870000.0,Kénitra,Alliance,150.0,3,2,5800.0,2026-05-07 14:31:06.422322
3931,Appartement à vendre 78 m² à Casablanca,897000.0,Casablanca,Ain Sebaa,78.0,2,2,11500.0,2026-05-07 14:31:06.422434
3932,Appartement 137m Haut Standing Maarif Ex,1880000.0,Casablanca,Maârif Extension,142.0,3,2,13239.44,2026-05-07 14:31:06.422549
3933,Appartement à vendre 90 m² à Bir Rami Kénitra,570000.0,Kénitra,Bir Rami,90.0,3,2,6333.33,2026-05-07 14:31:06.422663
3934,Appartement neuf 70 m² 5 pièces,640000.0,Marrakech,Autre Secteur,70.0,3,1,9142.86,2026-05-07 14:31:06.422793
3935,Appartement à vendre 3 chambres à Moulay Youssef 119 m²,3000000.0,Casablanca,Moulay Youssef,119.0,3,2,25210.08,2026-05-07 14:31:06.422915
3936,Appartement 85 m² à Ain sebaa,920000.0,Casablanca,Ain Sebaa,85.0,2,2,10823.53,2026-05-07 14:31:06.423025
3937,Appartement à vendre 91 m² à Casablanca,1046000.0,Casablanca,Ain Sebaa,91.0,2,2,11494.51,2026-05-07 14:31:06.423136
3938,lotissement riyad sahel,490000.0,Had Soualem,Toute La Ville,69.0,2,2,7101.45,2026-05-07 14:31:06.423251
3939,Appartement rénové jamais habité à Farah Salam,375000.0,Casablanca,Oulfa,50.0,2,1,7500.0,2026-05-07 14:31:06.423363
3940,Appartement à vendre 55 m² à Casablanca,1200000.0,Casablanca,Ferme Bretone,55.0,2,2,21818.18,2026-05-07 14:31:06.423480
3941,"Bel appartement à vendre à Dyar Al Andalous, emplacement stratégique",440000.0,Bouskoura,Bouskoura Centre,61.0,2,2,7213.11,2026-05-07 14:31:06.423607
3942,Vente Appartement 2 pièces de 44 m2 à Zenata,880000.0,Zenata,Toute La Ville,44.0,1,1,20000.0,2026-05-07 14:31:06.423723
3943,Opportunité d'investissement près de la gare de Marrakech,1180000.0,Marrakech,Guéliz,45.0,1,1,26222.22,2026-05-07 14:31:06.423837
3944,À VENDRE – Superbe appartement 77 m²,1350000.0,Casablanca,Les Princesses,77.0,2,2,17532.47,2026-05-07 14:31:06.423954
3945,Appartements neufs à vendre Dar bouazza,627000.0,Dar Bouazza,Toute La Ville,78.0,2,2,8038.46,2026-05-07 14:31:06.424067
3946,Vente Appartement 3 pièces de 85 m2 à Casablanca,1350000.0,Casablanca,Roches Noires,85.0,2,2,15882.35,2026-05-07 14:31:06.424179
3947,Appartement haut standing 3 ch Maarif extension,1980000.0,Casablanca,Maârif Extension,132.0,3,2,15000.0,2026-05-07 14:31:06.424294
3948,Appartement titré à vendre,170000.0,Meknès,Wislane,60.0,2,1,2833.33,2026-05-07 14:31:06.424408
3949,Appartement 70m² R2 route de Marrakech,545000.0,El Jadida,Autre Secteur,70.0,2,1,7785.71,2026-05-07 14:31:06.424522
3950,Studio à vendre 47 m² à Casablanca,1010500.0,Casablanca,Ferme Bretone,47.0,1,1,21500.0,2026-05-07 14:31:06.424644
3951,Appartement Duplex 142m Meublé À Maarif Ex,1800000.0,Casablanca,Maarif,179.0,2,2,10055.87,2026-05-07 14:31:06.424755
3952,Vente Appartement 5 pièces de 206 m2 à Casablanca,3300000.0,Casablanca,Maârif Extension,206.0,4,2,16019.42,2026-05-07 14:31:06.424895
3953,Appartement à vendre 64 m² à Casablanca,1380000.0,Casablanca,Ferme Bretone,64.0,2,2,21562.5,2026-05-07 14:31:06.425009
3954,Appartement RDC 64m à vendre Temara,670000.0,Temara,Autre Secteur,64.0,2,2,10468.75,2026-05-07 14:31:06.425125
3955,Appartement 54 m² meublé - Riad Al Oulfa,460000.0,Casablanca,Oulfa,54.0,2,1,8518.52,2026-05-07 14:31:06.425244
3956,"Appartement Chouka sans soutien, excellent emplacement",535000.0,Bouznika,Autre Secteur,55.0,2,1,9727.27,2026-05-07 14:31:06.425360
3957,Appartement 109 m² en vente près clinique Kawtar,890000.0,Fès,Route Ain Chkaf,109.0,3,2,8165.14,2026-05-07 14:31:06.425481
3958,Très bel appartement 3Ch pieds sans l'eau,2390000.0,Dar Bouazza,Toute La Ville,144.0,3,2,16597.22,2026-05-07 14:31:06.425593
3959,Vente Appartement 2 pièces de 47 m2 à Casablanca,1150000.0,Casablanca,Maârif Extension,47.0,1,1,24468.09,2026-05-07 14:31:06.425734
3960,Superbe appartement 1 chambre à Californie,1300000.0,Casablanca,Californie,146.0,1,2,8904.11,2026-05-07 14:31:06.425900
3961,Petit appartement avec terrasse,860000.0,Casablanca,Belvédère,101.0,2,2,8514.85,2026-05-07 14:31:06.426027
3962,Adorable Duplex à vendre Rabat à vendre à agdal,3800000.0,Rabat,Agdal,274.0,3,3,13868.61,2026-05-07 14:31:06.426137
3963,Appartement à vendre 150 m² à Dar Bouazza,1980000.0,Dar Bouazza,Toute La Ville,150.0,3,2,13200.0,2026-05-07 14:31:06.426246
3964,Vente Appartement 4 pièces de 63 m2 à Marrakech,500000.0,Marrakech,Azzouzia,63.0,2,2,7936.51,2026-05-07 14:31:06.426358
3965,Vente Appartement 4 pièces de 113 m2 à Dar Bouazza,980000.0,Dar Bouazza,Toute La Ville,113.0,2,2,8672.57,2026-05-07 14:31:06.426496
3966,Studio 44 m Les Princesses,940000.0,Casablanca,Les Princesses,44.0,1,1,21363.64,2026-05-07 14:31:06.426604
3967,Résidence fermée Saidia à 5min de 🏖️🏝️,740000.0,Saidia,Toute La Ville,74.0,2,1,10000.0,2026-05-07 14:31:06.426716
3968,Appartement 3 Chambres 2 Façades Centre-ville Tanger,2140000.0,Tanger,Castilla,112.0,3,2,19107.14,2026-05-07 14:31:06.426832
3969,Opportunité à saisir - Appartement 3 chambres - Casa,1127000.0,Casablanca,Route D'Azemmour,97.0,3,2,11618.56,2026-05-07 14:31:06.426941
3970,Appartement à vendre 64 m² à Fès,330000.0,Fès,Mont Fleuri,64.0,2,1,5156.25,2026-05-07 14:31:06.427047
3971,Studio très haut standing au centre de Casa,950000.0,Casablanca,Franceville,38.0,1,1,25000.0,2026-05-07 14:31:06.427164
3972,🔥 Appt Racine 3 chambres 170 m²,3500000.0,Casablanca,Racine,170.0,3,2,20588.24,2026-05-07 14:31:06.427269
3973,Appartement à vendre Dar Bouazza,330000.0,Casablanca,Route D'Azemmour,58.0,2,1,5689.66,2026-05-07 14:31:06.427377
3974,Appartement à vendre 187 m² à Kénitra,1500000.0,Kénitra,Mimosas,190.0,3,2,7894.74,2026-05-07 14:31:06.427489
3975,Appartement à vendre meublé,2450000.0,Marrakech,Route De Casablanca,125.0,2,2,19600.0,2026-05-07 14:31:06.427601
3976,Appartement Haut Standing – Val Fleuri,1900000.0,Casablanca,Val Fleuri,132.0,3,2,14393.94,2026-05-07 14:31:06.427717
3977,Appartement à vendre 207 m² à Casablanca,2800000.0,Casablanca,Californie,207.0,5,2,13526.57,2026-05-07 14:31:06.427833
3978,Particulier vend Duplex d'exception plein sud,1450000.0,Tamesna,Toute La Ville,179.0,3,1,8100.56,2026-05-07 14:31:06.427944
3979,Appartement 93 m² à Victoria,880000.0,Bouskoura,Victoria,104.0,2,2,8461.54,2026-05-07 14:31:06.428053
3980,Vente Appartement 3 pièces de 107 m2 à Marrakech,2000000.0,Marrakech,Route De Casablanca,107.0,2,2,18691.59,2026-05-07 14:31:06.428163
3981,Vente Appartement 4 pièces de 135 m2 à Casablanca,2700000.0,Casablanca,Racine,135.0,3,3,20000.0,2026-05-07 14:31:06.428294
3982,Appartement à Vendre Quartier Charaf 93 m²,850000.0,Marrakech,Hay Charaf,93.0,2,1,9139.78,2026-05-07 14:31:06.428402
3983,Élégant Appartement 3 Chambres Avec Terrasse,4100000.0,Marrakech,Harti,117.0,3,2,35042.74,2026-05-07 14:31:06.428513
3984,appartement à vendre,1050000.0,Casablanca,Al Qods,108.0,3,2,9722.22,2026-05-07 14:31:06.428619
3985,Appartement salon 3 chambres 103 m² à Victoria,999000.0,Bouskoura,Victoria,114.0,3,2,8763.16,2026-05-07 14:31:06.428727
3986,Studio à vendre 42 m² à ain sebaa,504000.0,Casablanca,Ain Sebaa,42.0,1,1,12000.0,2026-05-07 14:31:06.428842
3987,🌿 Appartement d’exception à vendre à Achakar,2800000.0,Tanger,Achakar,165.0,2,2,16969.7,2026-05-07 14:31:06.428957
3988,Laurier Rose Tamsna,420000.0,Tamesna,Toute La Ville,61.0,2,1,6885.25,2026-05-07 14:31:06.503007
3989,Appartement 85m² vue piscine – plage à pied,1150000.0,Sidi Rahal,Toute La Ville,85.0,2,2,13529.41,2026-05-07 14:31:06.429066
3990,Appartement 60 m² Mdiq Tétouan à vendre,860000.0,Mdiq,Toute La Ville,60.0,1,1,14333.33,2026-05-07 14:31:06.429177
3991,Appartement ensoleillé dans un endroit magnifique près du golf,600000.0,Benslimane,Autre Secteur,98.0,2,1,6122.45,2026-05-07 14:31:06.429287
3992,Vente Appartement 4 pièces de 101 m2 à Zenata,1380000.0,Zenata,Toute La Ville,101.0,3,2,13663.37,2026-05-07 14:31:06.429405
3993,Appartement équipé à vendre 53 m² à Agadir,700000.0,Agadir,Hay Salam,53.0,2,1,13207.55,2026-05-07 14:31:06.429510
3994,Super Studio à Vendre à Ferme Bretonne,1500000.0,Casablanca,Ferme Bretone,70.0,1,1,21428.57,2026-05-07 14:31:06.429645
3995,Appartement vue sur mer,990000.0,Sidi Rahal,Toute La Ville,127.0,3,2,7795.28,2026-05-07 14:31:06.429755
3996,Appartement sur Boulevard Mohamed 6,490000.0,Meknès,Marjane 2,90.0,2,1,5444.44,2026-05-07 14:31:06.429871
3997,Appartement 76m Haut Standing Maarif Ex,1050000.0,Casablanca,Maârif Extension,76.0,2,2,13815.79,2026-05-07 14:31:06.429978
3998,Vente Appartement 5 pièces de 158 m2 à Casablanca,1400000.0,Casablanca,Sidi Moumen,158.0,3,2,8860.76,2026-05-07 14:31:06.430089
3999,Vente Appartement 3 pièces de 71 m2 à Marrakech,550000.0,Marrakech,Azzouzia,71.0,2,1,7746.48,2026-05-07 14:31:06.430196
4000,Appartement 72m à Socrate Maârif Ex,1250000.0,Casablanca,Maârif Extension,72.0,2,2,17361.11,2026-05-07 14:31:06.430304
4001,Appartement 67 m² à BOUSKOURA prix imbattable,690000.0,Casablanca,Autre Secteur,67.0,2,1,10298.51,2026-05-07 14:31:06.430417
4002,Appartement 100m très chic maison R plus 2,480000.0,Meknès,Autre Secteur,100.0,3,2,4800.0,2026-05-07 14:31:06.430538
4003,Résidence Premium à Kénitra,1180000.0,Kénitra,Autre Secteur,108.0,3,2,10925.93,2026-05-07 14:31:06.430655
4004,Vente Appartement 2 pièces de 80 m2 à Marrakech,670000.0,Marrakech,Azzouzia,80.0,2,2,8375.0,2026-05-07 14:31:06.430814
4005,Appartement Neuf 1er étage Centre Ville 2 chambres Terrasse,2190000.0,Tanger,Centre Ville,115.0,2,2,19043.48,2026-05-07 14:31:06.430927
4006,Appartement à vendre – Beauséjour,1600000.0,Casablanca,Beauséjour,164.0,2,2,9756.1,2026-05-07 14:31:06.431039
4007,Appartement à vendre à Tanger- centre,1860000.0,Tanger,Centre,113.0,3,2,16460.18,2026-05-07 14:31:06.431146
4008,Vente Appartement 3 pièces de 70 m2 à Marrakech,900000.0,Marrakech,Allal El Fassi,70.0,2,1,12857.14,2026-05-07 14:31:06.431257
4009,Appartement à vendre 87 m² à Oued Laou,750000.0,Oued Laou,Toute La Ville,87.0,2,1,8620.69,2026-05-07 14:31:06.431368
4010,Vente Appartement 4 pièces de 84 m2 à Casablanca,1516000.0,Casablanca,Quartier Des Hôpitaux,84.0,3,2,18047.62,2026-05-07 14:31:06.431474
4011,Vente Appartement 4 pièces de 150 m2 à Casablanca,2600000.0,Casablanca,Triangle D'Or,150.0,2,2,17333.33,2026-05-07 14:31:06.431618
4012,Appartement 133m² ensoleillé au RDC à Val fleuri,1490000.0,Casablanca,Val Fleuri,133.0,3,2,11203.01,2026-05-07 14:31:06.431727
4013,Appartement à vendre Meublé,820000.0,Agadir,Hay Mohammadi,56.0,2,1,14642.86,2026-05-07 14:31:06.431845
4014,Vente Appartement 3 pièces de 81 m2 à Tamaris,780000.0,Tamaris,Toute La Ville,81.0,2,1,9629.63,2026-05-07 14:31:06.431961
4015,APPARTEMENT MODERNE À VAL FLEURY,1300000.0,Kénitra,Val Fleury,136.0,3,1,9558.82,2026-05-07 14:31:06.432069
4016,Appartements de 52 m² à 70 m² route de Rabat,450000.0,Tanger,Hay Hassani,52.0,2,2,8653.85,2026-05-07 14:31:06.432180
4017,Dahomey appartement haute qualité,640000.0,Bouznika,Autre Secteur,74.0,2,2,8648.65,2026-05-07 14:31:06.432321
4018,Vente Appartement 3 pièces de 75 m2 à Marrakech,660000.0,Marrakech,Ain Mezouar,75.0,2,1,8800.0,2026-05-07 14:31:06.432436
4019,Vente Appartement 3 pièces de 82 m2 à Marrakech,1300000.0,Marrakech,Route De Safi,82.0,2,2,15853.66,2026-05-07 14:31:06.432543
4020,Appartement 67m À Maarif Extension,950000.0,Casablanca,Maârif Extension,67.0,2,1,14179.1,2026-05-07 14:31:06.432649
4021,Studio à vendre 65 m² Proche CFC / Cheikh Khalifa,1260000.0,Casablanca,Oulfa,77.0,1,1,16363.64,2026-05-07 14:31:06.432760
4022,Vente Appartement 4 pièces de 90 m2 à Marrakech,720000.0,Marrakech,Azzouzia,90.0,2,1,8000.0,2026-05-07 14:31:06.432881
4023,Appartement à vendre 60 m² à Tanger,550000.0,Tanger,Aharrarine,60.0,2,1,9166.67,2026-05-07 14:31:06.432990
4024,Targa apparemment à vendre..,1400000.0,Marrakech,Massira 1,114.0,2,2,12280.7,2026-05-07 14:31:06.433100
4025,Vente Appartement 3 pièces de 70 m2 à Casablanca,1430000.0,Casablanca,Quartier Des Hôpitaux,70.0,2,2,20428.57,2026-05-07 14:31:06.433206
4026,"Appartements éligibles au programme de soutien au logement, premier étage, centre de Bouznika",795000.0,Bouznika,Hamza,96.0,3,2,8281.25,2026-05-07 14:31:06.433318
4027,Appartements de 81m à 144m avec piscine à Tanja Balia,1134000.0,Tanger,Tanja Balia,80.0,2,2,14175.0,2026-05-07 14:31:06.433426
4028,Appartement au deuxième étage,870000.0,Fès,Autre Secteur,124.0,2,2,7016.13,2026-05-07 14:31:06.433559
4029,Appartement Wifak 200m Temara,2500000.0,Temara,Wifak,200.0,3,2,12500.0,2026-05-07 14:31:06.433680
4030,Appart Duplex 250m à Résidence Andalousia,3000000.0,Casablanca,Maarif,250.0,4,3,12000.0,2026-05-07 14:31:06.433789
4031,Vente Appartement 4 pièces de 190 m2 à Casablanca,3800000.0,Casablanca,Racine,190.0,3,2,20000.0,2026-05-07 14:31:06.433900
4032,Vente Appartement 4 pièces de 162 m2 à Casablanca,1741500.0,Casablanca,Sidi Belyout,162.0,3,2,10750.0,2026-05-07 14:31:06.434008
4033,Appartement à vendre 110 m² à Fès,750000.0,Fès,Autre Secteur,110.0,2,1,6818.18,2026-05-07 14:31:06.434119
4034,Vente Appartement de 98 m2 à Marrakech,1300000.0,Marrakech,Allal El Fassi,98.0,3,2,13265.31,2026-05-07 14:31:06.434238
4035,Appartement 91 m² – 7e étage – Malabata Tanger,1700000.0,Tanger,Malabata,91.0,2,2,18681.32,2026-05-07 14:31:06.434369
4036,"Appartement 250 m² dont 50 de terrasse, Massira",4450000.0,Casablanca,Racine,250.0,3,3,17800.0,2026-05-07 14:31:06.434484
4037,appartement avec grande terrasse parking titré,1500000.0,Marrakech,Guéliz,86.0,1,1,17441.86,2026-05-07 14:31:06.434629
4038,Appartement à vendre,450000.0,Fès,Hay Ouifak,93.0,3,1,4838.71,2026-05-07 14:31:06.508237
4039,Appartement 90m 2 façades Massira 2,850000.0,Temara,Massira 2,90.0,2,2,9444.44,2026-05-07 14:31:06.434747
4040,"Appartement à vendre pour les intéressés, bienvenue",700000.0,Agadir,El Houda,70.0,2,1,10000.0,2026-05-07 14:31:06.434881
4041,Appartements à vendre près de la clinique Yasmine,460000.0,Béni Mellal,Toute La Ville,75.0,2,1,6133.33,2026-05-07 14:31:06.434989
4042,Vente Appartement 4 pièces de 116 m2 à Zenata,1380000.0,Zenata,Toute La Ville,116.0,3,2,11896.55,2026-05-07 14:31:06.435096
4043,Vente Appartement 2 pièces de 65 m2 à Casablanca,1075000.0,Casablanca,Quartier Des Hôpitaux,65.0,1,1,16538.46,2026-05-07 14:31:06.435205
4044,Appartement bien placé à vendre à Marrakech,430000.0,Marrakech,Hay Izdihar,46.0,1,1,9347.83,2026-05-07 14:31:06.435319
4045,Vente Appartement 2 pièces de 44 m2 à Zenata,850000.0,Zenata,Toute La Ville,44.0,1,1,19318.18,2026-05-07 14:31:06.435429
4046,Appartement à vendre 102 m² à Kénitra,1030000.0,Kénitra,La Ville Haute,114.0,2,1,9035.09,2026-05-07 14:31:06.435539
4047,Appartement à vendre 70 m² à Kénitra,340000.0,Kénitra,Bir Rami,70.0,2,1,4857.14,2026-05-07 14:31:06.435647
4048,Studio 59m² quartier Bachkou - GARDEN TADDART,1000000.0,Casablanca,Bachkou,59.0,1,2,16949.15,2026-05-07 14:31:06.435770
4049,Appartement 100 m² 2 façades 5 pièces,840000.0,Marrakech,Autre Secteur,100.0,3,1,8400.0,2026-05-07 14:31:06.435882
4050,Appartement à vendre 90 m² à Kénitra,570000.0,Kénitra,Seyad,90.0,2,2,6333.33,2026-05-07 14:31:06.436001
4051,Appartement à vendre 84 m² à Kénitra,670000.0,Kénitra,Seyad,84.0,3,2,7976.19,2026-05-07 14:31:06.436112
4052,Appartement 97m Maarif Ex Socrate,1180000.0,Casablanca,Maârif Extension,97.0,2,2,12164.95,2026-05-07 14:31:06.436222
4053,Vente Appartement vue sur mer,5400000.0,Rabat,Yacoub El Mansour,154.0,3,3,35064.94,2026-05-07 14:31:06.436333
4054,"Appt 177 m² avec terrasse, 1er étage Moulay Ismail",2000000.0,Tanger,Centre Ville,177.0,3,2,11299.44,2026-05-07 14:31:06.436435
4055,Appartement à vendre 69 m² à Kénitra,580000.0,Kénitra,Al Maghrib Al Arabi,70.0,2,1,8285.71,2026-05-07 14:31:06.436543
4056,Appartement à vendre 77 m² à Casablanca,1550000.0,Casablanca,Abdelmoumen,77.0,2,2,20129.87,2026-05-07 14:31:06.436652
4057,Appartement à vendre 78 m² à Kénitra,550000.0,Kénitra,Seyad,78.0,2,1,7051.28,2026-05-07 14:31:06.436764
4058,Appartement meublé à vendre 58 m² à Tanger Moulay Ismail,1000000.0,Tanger,Centre Ville,58.0,2,1,17241.38,2026-05-07 14:31:06.436880
4059,Studio témoin 57 m2 vendables - Palmier-1er étage,1250000.0,Casablanca,Palmier,59.0,1,1,21186.44,2026-05-07 14:31:06.436995
4060,Superbe Appartement Moderne à Vendre,580000.0,Marrakech,Allal El Fassi,50.0,2,2,11600.0,2026-05-07 14:31:06.437102
4061,Appartement à vendre - 2CH - 86 m² - PALMIER,1760000.0,Casablanca,Palmier,98.0,2,2,17959.18,2026-05-07 14:31:06.437210
4062,Appartement à vendre,450000.0,Casablanca,Bournazil,64.0,2,1,7031.25,2026-05-07 14:31:06.437316
4063,Exclusivité bel appartement vue mer,3230000.0,Casablanca,Aïn Diab,140.0,3,3,23071.43,2026-05-07 14:31:06.437424
4064,Vente d’un très bel appartement,2800000.0,Salé,Toute La Ville,211.0,3,3,13270.14,2026-05-07 14:31:06.437557
4065,Appartement Chouka au quartier Lovallon Kénitra,670000.0,Kénitra,Seyad,83.0,3,2,8072.29,2026-05-07 14:31:06.437669
4066,Appartement à vendre 97 m² à Casablanca,1260000.0,Casablanca,Aïn Borja,97.0,2,2,12989.69,2026-05-07 14:31:06.437778
4067,Appartement à vendre 57 m² à Bouskoura,270000.0,Bouskoura,Bouskoura Centre,57.0,2,1,4736.84,2026-05-07 14:31:06.437894
4068,Appartement à vendre à Le Vallon Kénitra,420000.0,Kénitra,Bir Rami,78.0,2,2,5384.62,2026-05-07 14:31:06.438002
4069,Studio à vendre 36 m² à Marrakech,612000.0,Marrakech,Hay Izdihar,36.0,1,1,17000.0,2026-05-07 14:31:06.438138
4070,Appartement à vendre Kasbah Amin,380000.0,Casablanca,Lissasfa,53.0,2,1,7169.81,2026-05-07 14:31:06.438248
4071,Appartement meublé à vendre à Kénitra,1050000.0,Kénitra,El Haddada,90.0,3,2,11666.67,2026-05-07 14:31:06.438361
4072,Appartement à vendre 158 m² à Nador,1350000.0,Nador,Al Boustane,158.0,3,2,8544.3,2026-05-07 14:31:06.438469
4073,CMN-AN-1474 - Appartement à vendre à Bourgogne,1420000.0,Casablanca,Bourgogne,89.0,2,1,15955.06,2026-05-07 14:31:06.438577
4074,Appartement à vendre 110 m² à Mehdia,2800000.0,Mehdia,Toute La Ville,121.0,3,2,23140.5,2026-05-07 14:31:06.438685
4075,Appartement à vendre 80 m² à Kénitra,550000.0,Kénitra,Seyad,90.0,2,2,6111.11,2026-05-07 14:31:06.438798
4076,MEK-ME-1078 - Appartement à vendre à Avenue des ...,920000.0,Meknès,Autre Secteur,110.0,3,2,8363.64,2026-05-07 14:31:06.438915
4077,MHD-MHD-1079 - Appartement à vendre à Bd Sebta,980000.0,Mohammedia,Hay Al Amal,140.0,3,1,7000.0,2026-05-07 14:31:06.439027
4078,FES-AG-1029 - Appartement à vendre à Champ de co...,1800000.0,Fès,Autre Secteur,275.0,3,2,6545.45,2026-05-07 14:31:06.439137
4079,FES-AG-1026 - Appartement à vendre à L'habitat,760000.0,Fès,Autre Secteur,144.0,3,2,5277.78,2026-05-07 14:31:06.439250
4080,RAK-GU-1111 - Appartement à vendre à Issil,840000.0,Marrakech,Issil,74.0,2,1,11351.35,2026-05-07 14:31:06.439361
4081,CMN-MA-1854 - Appartement à vendre à Bir Anzarane,7000000.0,Casablanca,Maarif,416.0,4,3,16826.92,2026-05-07 14:31:06.439468
4082,RAK-GU-1071 - Appartement à vendre à Issil,900000.0,Marrakech,Issil,103.0,2,1,8737.86,2026-05-07 14:31:06.439575
4083,Appartement en face zone villa,850000.0,Kénitra,Seyad,102.0,3,2,8333.33,2026-05-07 14:31:06.439682
4084,Appartement 2 façades le vallon,870000.0,Kénitra,Seyad,100.0,3,2,8700.0,2026-05-07 14:31:06.439798
4085,Bel appartement sans vis-à-vis le vallon,800000.0,Kénitra,Seyad,104.0,3,2,7692.31,2026-05-07 14:31:06.439910
4086,Duplex à vendre 121 m² à Marrakech,1631250.0,Marrakech,Hay Izdihar,121.0,3,3,13481.4,2026-05-07 14:31:06.440017
4087,CMN-AS-1817 - Appartement à vendre à La Gironde,1600000.0,Casablanca,La Gironde,144.0,2,1,11111.11,2026-05-07 14:31:06.440127
4088,Appartement à vendre 140 m² à Kénitra,710000.0,Kénitra,Seyad,140.0,2,2,5071.43,2026-05-07 14:31:06.440234
4089,Appartement à vendre 76 m² à Kénitra,490000.0,Kénitra,Seyad,76.0,2,2,6447.37,2026-05-07 14:31:06.440347
4090,Vente Appartement sans vis à vis,3000000.0,Rabat,Hay Riad,133.0,3,2,22556.39,2026-05-07 14:31:06.440459
4091,TNG-TA-1072 - Appartement à vendre à Administratif,1710000.0,Tanger,Administratif,123.0,2,1,13902.44,2026-05-07 14:31:06.440566
4092,CMN-MA-1801 - Appartement à vendre à Bachkou,2850000.0,Casablanca,Bachkou,156.0,3,2,18269.23,2026-05-07 14:31:06.440678
4093,MEK-ME-1016 - Appartement à vendre à El Menzeh,1500000.0,Meknès,Autre Secteur,215.0,3,2,6976.74,2026-05-07 14:31:06.440789
4094,TNG-TA-1071 - Appartement à vendre à Moujahidine,1000000.0,Tanger,Moujahidine,86.0,2,1,11627.91,2026-05-07 14:31:06.440906
4095,FES-AG-1037 - Appartement à vendre à Nouvelle Ville,1900000.0,Fès,Autre Secteur,244.0,4,2,7786.89,2026-05-07 14:31:06.441014
4096,Appartement neuf très peu utilisé,550000.0,El Jadida,Najmat Al Janoub,66.0,2,1,8333.33,2026-05-07 14:31:06.441128
4097,"Superbe appartement à vendre à Qouassime, quartier Golf",610000.0,Tanger,Du Golf,56.0,2,1,10892.86,2026-05-07 14:31:06.441234
4098,Appartement à vendre 70 m² à Kénitra,410000.0,Kénitra,Ouled Oujih,70.0,2,1,5857.14,2026-05-07 14:31:06.441389
4099,CMN-HA-1657 - Appartement à vendre à Beauséjour,1300000.0,Casablanca,Beauséjour,134.0,2,1,9701.49,2026-05-07 14:31:06.441501
4100,CMN-AC-1780 - Appartement à vendre à Californie,2250000.0,Casablanca,Californie,123.0,3,2,18292.68,2026-05-07 14:31:06.441609
4101,TNG-BN-1039 - Appartement à vendre à Ahlane,1100000.0,Tanger,Autre Secteur,89.0,2,1,12359.55,2026-05-07 14:31:06.441718
4102,TNG-TA-1068 - Appartement à vendre à Iberie,1600000.0,Tanger,Iberie,97.0,2,1,16494.85,2026-05-07 14:31:06.441833
4103,TNG-TA-1066 - Appartement à vendre à Quartier de...,1950000.0,Tanger,De La Plage,133.0,4,2,14661.65,2026-05-07 14:31:06.441940
4104,CMN-HA-1634 - Appartement à vendre à Ferme Bretonne,2200000.0,Casablanca,Ferme Bretone,99.0,2,2,22222.22,2026-05-07 14:31:06.442046
4105,CMN-MA-1461 - Appartement à vendre à Maârif,1950000.0,Casablanca,Maarif,118.0,2,1,16525.42,2026-05-07 14:31:06.442158
4106,TNG-TA-1026 - Appartement à vendre à Rmilat,3000000.0,Tanger,Autre Secteur,140.0,2,2,21428.57,2026-05-07 14:31:06.442267
4107,CMN-MA-1831 - Appartement à vendre à Les princesses,2200000.0,Casablanca,Les Princesses,146.0,2,2,15068.49,2026-05-07 14:31:06.442378
4108,FES-AG-1007 - Appartement à vendre à Saada,1100000.0,Fès,Hay Saada,140.0,3,2,7857.14,2026-05-07 14:31:06.442485
4109,RAK-TA-1063 - Appartement à vendre à Essaada,1200000.0,Marrakech,Autre Secteur,89.0,2,1,13483.15,2026-05-07 14:31:06.442592
4110,CMN-MA-1467 - Appartement à vendre à Val Fleurie,2250000.0,Casablanca,Val Fleuri,132.0,3,2,17045.45,2026-05-07 14:31:06.442704
4111,TNG-HJ-1043 - Appartement à vendre à Tanger,1200000.0,Tanger,Autre Secteur,110.0,3,1,10909.09,2026-05-07 14:31:06.442817
4112,TNG-BN-1038 - Appartement à vendre à Hanaa 3 - S...,1200000.0,Tanger,Zouitina,129.0,3,2,9302.33,2026-05-07 14:31:06.442934
4113,CMN-HA-1666 - Appartement à vendre à Beauséjour,2000000.0,Casablanca,Beauséjour,200.0,4,2,10000.0,2026-05-07 14:31:06.443036
4114,CMN-SI-1634 - Appartement à vendre à Gauthier,3250000.0,Casablanca,Gauthier,188.0,3,2,17287.23,2026-05-07 14:31:06.443146
4115,CMN-MA-1567 - Appartement à vendre à Palmier,2200000.0,Casablanca,Palmier,147.0,3,2,14965.99,2026-05-07 14:31:06.443252
4116,Appartement à vendre 151 m² à Kénitra,1500000.0,Kénitra,Maamora,156.0,3,2,9615.38,2026-05-07 14:31:06.443359
4117,Duplex Oued Fès,640000.0,Fès,Oued Fès,200.0,3,3,3200.0,2026-05-11 20:49:52.498674
4118,Appartement à vendre 78 m² à Kénitra,600000.0,Kénitra,Seyad,78.0,2,2,7692.31,2026-05-07 14:31:06.443465
4119,Duplex de luxe à vendre à Tamesna,1550000.0,Tamesna,Toute La Ville,178.0,3,2,8707.87,2026-05-07 14:31:06.443580
4120,Appartement à vendre 80 m² à Kénitra,580000.0,Kénitra,Ouled Oujih,80.0,2,2,7250.0,2026-05-07 14:31:06.443685
4121,DES STUDIOS NEUFS À VENDRE AU CENTRE VILLE,754000.0,Marrakech,Assif,51.0,1,1,14784.31,2026-05-07 14:31:06.443798
4122,Vente d’un appartement de 145m²,2550000.0,Sidi Bouknadel,Toute La Ville,145.0,3,2,17586.21,2026-05-07 14:31:06.443905
4123,CMN-MA-1741 - Appartement à vendre à Palmier,2950000.0,Casablanca,Palmier,173.0,3,2,17052.02,2026-05-07 14:31:06.444026
4124,CMN-MA-1392 - Appartement à vendre à Maârif,3100000.0,Casablanca,Maarif,178.0,3,2,17415.73,2026-05-07 14:31:06.444130
4125,MHD-MHD-1103 - Appartement à vendre à Nassim,790000.0,Mohammedia,Nassim,70.0,2,1,11285.71,2026-05-07 14:31:06.444235
4126,MHD-MHD-1095 - Appartement à vendre à Bab Mansour,1450000.0,Mohammedia,Autre Secteur,143.0,2,1,10139.86,2026-05-07 14:31:06.444345
4127,Appartement à vendre 80 m² à Kénitra,490000.0,Kénitra,Seyad,80.0,2,2,6125.0,2026-05-07 14:31:06.444473
4128,Appartement 110 m² à Kénitra,1199999.0,Kénitra,La Ville Haute,113.0,3,2,10619.46,2026-05-07 14:31:06.444582
4129,GARDEN TADDART L'INVESTISSEMENT GAGNANT,885000.0,Casablanca,Bachkou,36.0,1,2,24583.33,2026-05-07 14:31:06.444690
4130,Appartement à vendre 82 m² à Tanger gare routière,750000.0,Tanger,Aharrarine,82.0,3,2,9146.34,2026-05-07 14:31:06.444800
4131,APPARTEMENT À VENDRE À DIOUR JAMAA CENTRE RABAT,1700000.0,Rabat,Diour Jamaa,115.0,4,1,14782.61,2026-05-07 14:31:06.444910
4132,Appartement à vendre de 70m² Marrakech,1085000.0,Marrakech,Hay Izdihar,70.0,2,2,15500.0,2026-05-07 14:31:06.445013
4133,Appartement à vendre 78 m² à Kénitra,600000.0,Kénitra,Seyad,78.0,2,2,7692.31,2026-05-07 14:31:06.445155
4134,Appartement à vendre 74 m² à Kénitra,530000.0,Kénitra,Seyad,74.0,2,2,7162.16,2026-05-07 14:31:06.445270
4135,Appartement à vendre 70 m² à Kénitra,480000.0,Kénitra,Seyad,70.0,2,1,6857.14,2026-05-07 14:31:06.445381
4136,Appartement à vendre 80 m² à le vallon Kénitra,420000.0,Kénitra,Seyad,80.0,2,2,5250.0,2026-05-07 14:31:06.445490
4137,CMN-AN-1652 - Appartement à vendre à Ain Diab,7000000.0,Casablanca,Aïn Diab,186.0,3,3,37634.41,2026-05-07 14:31:06.445603
4138,Appartement Élégant 117m² au Cœur de Maarif,1860000.0,Casablanca,Maarif,117.0,3,2,15897.44,2026-05-07 14:31:06.445707
4139,Appartement à vendre 103 m² à Kénitra,750000.0,Kénitra,Seyad,103.0,3,2,7281.55,2026-05-07 14:31:06.445825
4140,Appartement 150 m² à Kénitra,1350000.0,Kénitra,Maamora,178.0,3,2,7584.27,2026-05-07 14:31:06.445977
4141,BOU-NO-1007 - Appartement à vendre à Aéroport M...,3000000.0,Bouskoura,,306.0,4,4,9803.92,2026-05-07 14:31:06.446086
4142,BEN-MA-1129 - Appartement à vendre à El Mansouria,1100000.0,Benslimane,Autre Secteur,93.0,2,1,11827.96,2026-05-07 14:31:06.446245
4143,Appartement à vendre 96 m² à Kénitra,670000.0,Kénitra,Seyad,96.0,3,2,6979.17,2026-05-07 14:31:06.446358
4144,Appartement à vendre 80 m² à Kénitra,410000.0,Kénitra,Bir Rami,80.0,2,2,5125.0,2026-05-07 14:31:06.446471
4145,Appartement à vendre au quartier 2 Mars,1800000.0,Casablanca,2 Mars,179.0,2,1,10055.87,2026-05-07 14:31:06.446587
4146,Très bel appartement à vendre à Temara,1600000.0,Temara,Abbadi,129.0,3,2,12403.1,2026-05-07 14:31:06.446697
4147,Appartement à vendre 140 m² à PRESTIGIA,2800000.0,Bouskoura,Ville Verte,160.0,3,3,17500.0,2026-05-07 14:31:06.446807
4148,Bel Appartement au cœur de Mohammedia,680000.0,Mohammedia,Wafa,74.0,3,2,9189.19,2026-05-07 14:31:06.446910
4149,Appart à vendre centre-ville,1180000.0,Kénitra,Centre,127.0,3,2,9291.34,2026-05-07 14:31:06.447010
4150,Appartement à vendre 60 m² à Mehdia,860000.0,Mehdia,Toute La Ville,65.0,2,1,13230.77,2026-05-07 14:31:06.447116
4151,Sarout pour Appartement Moderne à Rabat,450000.0,Rabat,Hassan,50.0,1,1,9000.0,2026-05-07 14:31:06.447221
4152,Appartement à vendre,320000.0,Meknès,Wislane,75.0,3,1,4266.67,2026-05-07 14:31:06.447326
4153,Appartement 80 m² deux faces lotissement alliance,590000.0,Kénitra,Alliance,80.0,2,2,7375.0,2026-05-07 14:31:06.447433
4154,Appartement à vendre 184 m² à Kénitra,650000.0,Kénitra,Ouled Oujih,85.0,2,1,7647.06,2026-05-07 14:31:06.447540
4155,Appartement à vendre 188 m² à Casablanca,2600000.0,Casablanca,Val Fleuri,188.0,3,2,13829.79,2026-05-07 14:31:06.447647
4156,Appartement 54 m2 à vendre à 3awama avec parking,360000.0,Tanger,Autre Secteur,60.0,1,1,6000.0,2026-05-07 14:31:06.447757
4157,Appartement à vendre 105 m² à Casablanca,890000.0,Casablanca,Autre Secteur,105.0,2,1,8476.19,2026-05-07 14:31:06.447892
4158,Appartement sans vis à vis avec vue sur le jardin,820000.0,Mohammedia,Wafa,88.0,4,1,9318.18,2026-05-07 14:31:06.448010
4159,Appartements à vendre 60 m² à Tétouan,450000.0,Tétouan,Taboula,60.0,2,1,7500.0,2026-05-07 14:31:06.448110
4160,Appartement à vendre 90 m² à Kénitra bir rami,560000.0,Kénitra,Bir Rami,90.0,3,1,6222.22,2026-05-07 14:31:06.448217
4161,Appartement à vendre 65 m² à Kénitra,500000.0,Kénitra,Bir Rami,80.0,2,1,6250.0,2026-05-07 14:31:06.448329
4162,🔥 Neuf • Jamais Habité • Clés en Main — Oulfa,650000.0,Casablanca,Oulfa,51.0,1,1,12745.1,2026-05-07 14:31:06.448438
4163,Bel appartement de 90 m² lotissement alliance,620000.0,Kénitra,Alliance,90.0,2,2,6888.89,2026-05-07 14:31:06.448544
4164,Studio avec terrasse 83 m² – Maarif – 1er étage,1098000.0,Casablanca,Maarif,83.0,1,1,13228.92,2026-05-07 14:31:06.448649
4165,Appartement à vendre 153 m² à Bouznika,1750000.0,Bouznika,Plage Oued Cherrat,157.0,2,2,11146.5,2026-05-07 14:31:06.448754
4166,Bonne opportunité en plein centre-ville,1320000.0,Kénitra,Maamora,174.0,2,2,7586.21,2026-05-07 14:31:06.448867
4167,Nouvel appartement à vendre 65 m² à Tanger,560000.0,Tanger,Aharrarine,65.0,2,1,8615.38,2026-05-07 14:31:06.448975
4168,A vendre un joli appartement de 3 chambres,2440000.0,Casablanca,Racine,132.0,3,3,18484.85,2026-05-07 14:31:06.449123
4169,Appartement de 132m2 dans le quartier Mers Sultan,1580000.0,Casablanca,2 Mars,132.0,3,2,11969.7,2026-05-07 14:31:06.449231
4170,Vente d’un très bel appartement Plage des Nations,1950000.0,Sidi Bouknadel,Toute La Ville,118.0,2,2,16525.42,2026-05-07 14:31:06.449339
4171,Appartement à vendre 149 m² à Rabat,3000000.0,Rabat,Agdal,149.0,3,2,20134.23,2026-05-07 14:31:06.449443
4172,Vente d’un appartement de 110m² au quartier Maamora,1250000.0,Kénitra,Maamora,110.0,3,1,11363.64,2026-05-07 14:31:06.449554
4173,Appartement à vendre 160 m² à Kénitra,1300000.0,Kénitra,Centre,199.0,3,2,6532.66,2026-05-07 14:31:06.449661
4174,"Appartement à vendre, 1er étage",800000.0,Casablanca,Aïn Chock,78.0,2,1,10256.41,2026-05-07 14:31:06.449770
4175,Appartement à vendre 45 m² à Casablanca,790000.0,Casablanca,Belvédère,50.0,1,1,15800.0,2026-05-07 14:31:06.449883
4176,Appartement à vendre 123 m² à Kénitra,1350000.0,Kénitra,La Ville Haute,135.0,3,2,10000.0,2026-05-07 14:31:06.449994
4177,appartement a vendre temara wifak,1850000.0,Temara,Wifak,135.0,2,1,13703.7,2026-05-07 14:31:06.450209
4178,Appartement meublé à vendre à Mssanana Golf route Rmilat,1200000.0,Tanger,Du Golf,94.0,2,1,12765.96,2026-05-07 14:31:06.450315
4179,Excellents appartements à vendre,900000.0,Temara,Autre Secteur,120.0,4,2,7500.0,2026-05-07 14:31:06.450423
4180,Appartements de qualité à vendre,750000.0,Temara,Autre Secteur,75.0,2,1,10000.0,2026-05-07 14:31:06.450533
4181,Appartement 120 m² à Kénitra lotissement hallala,850000.0,Kénitra,Autre Secteur,120.0,3,2,7083.33,2026-05-07 14:31:06.450754
4182,Vente d’appartements et studios à Casablanca,1100000.0,Casablanca,Maârif Extension,52.0,2,2,21153.85,2026-05-07 14:31:06.450875
4183,Appartement meublé Boulevard Tah prix 68M,680000.0,Casablanca,Aïn Chock,82.0,2,1,8292.68,2026-05-07 14:31:06.450982
4184,Appartement de 157m2 au quartier des Hopitaux,2000000.0,Casablanca,Quartier Des Hôpitaux,157.0,3,2,12738.85,2026-05-07 14:31:06.451108
4185,Appartement à vendre 95 m² à Kénitra,1250000.0,Kénitra,Maamora,102.0,3,2,12254.9,2026-05-07 14:31:06.451221
4186,Appartement à vendre dans le quartier Al Hamidiya Al Quds,680000.0,Casablanca,Sidi Bernoussi,55.0,2,1,12363.64,2026-05-07 14:31:06.451333
4187,Appartement à vendre 80 m² à Kénitra,1100000.0,Kénitra,Centre,80.0,2,1,13750.0,2026-05-07 14:31:06.451437
4188,Appartement à vendre 90 m² à Kénitra le vallon,660000.0,Kénitra,Autre Secteur,90.0,3,1,7333.33,2026-05-07 14:31:06.451547
4189,VENTE – APPARTEMENT AVEC TERRASSE À MAAMORA,750000.0,Kénitra,Maamora,117.0,2,1,6410.26,2026-05-07 14:31:06.451668
4190,Appartement à vendre à Laymoun,1490000.0,Casablanca,Oulfa,212.0,4,3,7028.3,2026-05-07 14:31:06.451776
4191,Appartement de 134m² à vendre en Centre-Ville,1110000.0,Kénitra,Centre,134.0,3,1,8283.58,2026-05-07 14:31:06.451890
4192,Appartement à vendre 170 m² à Kénitra,1500000.0,Kénitra,Mimosas,178.0,3,2,8426.97,2026-05-07 14:31:06.452001
4193,Appartement Spacieux 158m² à Mers Sultan,2054000.0,Casablanca,Mers Sultan,158.0,3,2,13000.0,2026-05-07 14:31:06.452109
4194,Appartement à vendre 65 m² à Kénitra,500000.0,Kénitra,Bir Rami,80.0,2,1,6250.0,2026-05-07 14:31:06.452215
4195,Appartement à vendre 117 m² à Kénitra,1300000.0,Kénitra,Maamora,119.0,3,1,10924.37,2026-05-07 14:31:06.452326
4196,Appartement à vendre 110 m² à Kénitra,1300000.0,Kénitra,Centre,112.0,3,1,11607.14,2026-05-07 14:31:06.452435
4197,Appartement à vendre (R plus 2),800000.0,El Jadida,Saada,131.0,3,2,6106.87,2026-05-07 14:31:06.452542
4198,Appartement à vendre à Laymoun,1490000.0,Casablanca,Oulfa,212.0,4,3,7028.3,2026-05-07 14:31:06.452644
4199,Vente d’un appartement Cosy de 60m²- BIR RAMI SUD,480000.0,Kénitra,Bir Rami,60.0,2,1,8000.0,2026-05-07 14:31:06.452757
4200,Appartement 115 m² à Kénitra,3200000.0,Salé,Toute La Ville,111.0,2,2,28828.83,2026-05-07 14:31:06.452869
4201,Appartement à vendre 1er étage 57 m oulfa casa,450000.0,Casablanca,Oulfa,56.0,2,1,8035.71,2026-05-07 14:31:06.452998
4202,Élégant Appartement À Vendre À Semlalia,1300000.0,Marrakech,Semlalia,82.0,2,1,15853.66,2026-05-07 14:31:06.453110
4203,Projet Bassatine FOUARATE Kénitra,560000.0,Kénitra,Fouarate,84.0,3,1,6666.67,2026-05-07 14:31:06.453214
4204,ATHENA 25 – Investissement Haut Standing,870000.0,Marrakech,Route De Casablanca,72.0,1,1,12083.33,2026-05-07 14:31:06.453319
4205,"Appartement neuf, meublé à vendre 78 m² à Jirari",890000.0,Tanger,Jirrari,78.0,2,1,11410.26,2026-05-07 14:31:06.453432
4206,Appartement à vendre à Maarif,1330000.0,Casablanca,Maarif,55.0,1,1,24181.82,2026-05-07 14:31:06.453540
4207,Appartement Haut standing Perle Oulfa 83m,830000.0,Casablanca,Oulfa,83.0,2,2,10000.0,2026-05-07 14:31:06.453650
4208,"Appartement à vendre à Riad El Oulfa, Casablanca",280000.0,Casablanca,Oulfa,45.0,1,1,6222.22,2026-05-07 14:31:06.453757
4209,Appartement à vendre sur Hay Riad,2200000.0,Rabat,Hay Riad,94.0,2,2,23404.26,2026-05-07 14:31:06.453871
4210,Appartement à vendre 54 m² à Casablanca,480000.0,Casablanca,Autre Secteur,55.0,2,1,8727.27,2026-05-07 14:31:06.453984
4211,À VENDRE Superbe appartement meublé,1650000.0,Kénitra,El Haddada,150.0,3,3,11000.0,2026-05-07 14:31:06.454101
4212,Excellent Appartements à vendre,950000.0,Temara,Autre Secteur,115.0,3,2,8260.87,2026-05-07 14:31:06.454205
4213,Appartement 126m² 3 chambres 2SDB lumineux,590000.0,Fès,Route Ain Chkaf,140.0,3,2,4214.29,2026-05-07 14:31:06.454324
4214,Appartement 113 m² en vente près clinique Razi,880000.0,Fès,Autre Secteur,113.0,3,1,7787.61,2026-05-07 14:31:06.454451
4215,Charmant Studio À La Vente À La Route De Casa,800000.0,Marrakech,Route De Casablanca,54.0,1,1,14814.81,2026-05-07 14:31:06.454569
4216,"Appartement 78 m² – 2 chambres – Irfane 2, Tanger",870000.0,Tanger,Al Irfane 2,78.0,2,2,11153.85,2026-05-07 14:31:06.454679
4217,Appartement meublé à vendre quartier Salam,800000.0,Agadir,Hay Salam,64.0,2,1,12500.0,2026-05-07 14:31:06.454791
4218,Nouveau Projet Haut Standing À Semlalia,740000.0,Marrakech,Semlalia,37.0,1,1,20000.0,2026-05-07 14:31:06.454903
4219,Appartement à vendre 60 m² 1balcon,470000.0,Marrakech,Autre Secteur,60.0,2,1,7833.33,2026-05-07 14:31:06.455008
4220,Appartement face nouvelle routière sans intermédiaire,550000.0,Tanger,Autre Secteur,67.0,2,1,8208.96,2026-05-07 14:31:06.455130
4221,Vente Appartement de 185m² à Mimosas,1800000.0,Kénitra,Mimosas,190.0,4,2,9473.68,2026-05-07 14:31:06.455249
4222,Appartement à vendre 134 m² à Casablanca,2400000.0,Casablanca,,134.0,3,1,17910.45,2026-05-07 14:31:06.455354
4223,"Appartements à vendre à Oujda, route L'Aouniya",290000.0,Oujda,Autre Secteur,70.0,2,1,4142.86,2026-05-07 14:31:06.455460
4224,Très bel appartement a Eden island,3650000.0,Bouznika,Plage Oued Cherrat,251.0,2,1,14541.83,2026-05-07 14:31:06.455576
4225,appartement à vendre,1700000.0,Tanger,Branes 1,113.0,3,3,15044.25,2026-05-07 14:31:06.455681
4226,Appartement à vendre 120 m² à l'angle,1460000.0,Salé,Sala El Jadida,120.0,3,2,12166.67,2026-05-07 14:31:06.455794
4227,Nouveau projet sur plan à route de casa,640000.0,Marrakech,Route De Casablanca,45.0,1,1,14222.22,2026-05-07 14:31:06.455903
4228,Appartement Haut Standing A Vendre Daris - 126m2,1320000.0,Nouaceur,Toute La Ville,136.0,3,2,9705.88,2026-05-07 14:31:06.456012
4229,Appartement à vendre,1500000.0,Tanger,Casabarata,100.0,2,1,15000.0,2026-05-07 14:31:06.456114
4230,Appartement 83 m²Al Baraka à Dcheïra El Jihadia,832030.0,Dcheïra El Jihadia,Toute La Ville,83.0,4,2,10024.46,2026-05-07 14:31:06.456219
4231,Studio 50m Meublé Centre Maarif,1150000.0,Casablanca,Maarif,50.0,1,1,23000.0,2026-05-07 14:31:06.456366
4232,Appartement à vendre 126 m² à Kénitra,880000.0,Kénitra,Bir Rami Industriel,126.0,3,2,6984.13,2026-05-07 14:31:06.456475
4233,Appartements titrés declaration total,650000.0,Tétouan,Kouilma,62.0,2,1,10483.87,2026-05-07 14:31:06.456583
4234,Appartement en vent 51m² à Gueliz-Piscine Rooftop,1267000.0,Marrakech,Guéliz,51.0,1,1,24843.14,2026-05-07 14:31:06.456688
4235,Appartement en vente à l'orangeraie du souissi,4700000.0,Rabat,Souissi,135.0,3,2,34814.81,2026-05-07 14:31:06.456805
4236,Appartements à vendre à Saidia avec un soutien de 33 millions,330000.0,Saidia,Toute La Ville,57.0,2,1,5789.47,2026-05-07 14:31:06.456972
4237,Appartement neuf ascenseur parking,440000.0,Casablanca,Sidi Othmane,81.0,2,1,5432.1,2026-05-07 14:31:06.457078
4238,Appartement à vendre m² à sidi rahal,620000.0,Sidi Rahal,Toute La Ville,92.0,3,2,6739.13,2026-05-07 14:31:06.457185
4239,Appartement à vendre,850000.0,Temara,Skikina,87.0,3,2,9770.11,2026-05-07 14:31:06.457292
4240,Appartement avenue almajd,1450000.0,Rabat,Massira,101.0,3,2,14356.44,2026-05-07 14:31:06.457397
4241,Appartement 2ch 2ème 75m²,800000.0,Temara,Abbadi,75.0,2,1,10666.67,2026-05-07 14:31:06.457499
4242,Appartement à vendre 50 m² à Salé,310000.0,Salé,Abouab Sala,50.0,2,1,6200.0,2026-05-07 14:31:06.457603
4243,Appartement Costa Beach,1700000.0,Bouznika,Plage Oued Cherrat,100.0,2,2,17000.0,2026-05-07 14:31:06.457707
4244,Appartement à vendre à Ain Sebaa El Fadl,420000.0,Casablanca,Ain Sebaa,74.0,2,1,5675.68,2026-05-07 14:31:06.457838
4245,Appartement à vendre 37 m² à Islaan Hay Mohamadi,700000.0,Agadir,Hay Mohammadi,38.0,1,1,18421.05,2026-05-07 14:31:06.457952
4246,Appartement enregistré à Souk El Had 1 Martil,420000.0,Martil,Toute La Ville,51.0,2,1,8235.29,2026-05-07 14:31:06.458062
4247,Appartement à vendre 96 m² à Guéliz,1400000.0,Marrakech,Guéliz,96.0,2,2,14583.33,2026-05-07 14:31:06.458173
4248,Appartement à vendre 100 m² à Casablanca,365000.0,Casablanca,Centre Ville,100.0,3,1,3650.0,2026-05-07 14:31:06.458286
4249,"Appartement à vendre à Martil, quartier Ahriq",580000.0,Martil,Toute La Ville,62.0,2,1,9354.84,2026-05-07 14:31:06.458395
4250,Appartement à vendre 107 m² à 100m de la plage,820000.0,El Jadida,Corniche,107.0,3,2,7663.55,2026-05-07 14:31:06.458506
4251,Appartement 236m² à Gauthier Consulat d'Italie,3200000.0,Casablanca,Gauthier,272.0,4,3,11764.71,2026-05-07 14:31:06.458614
4252,Appartement à Hay Izdehar,1170000.0,Marrakech,Hay Izdihar,86.0,2,2,13604.65,2026-05-07 14:31:06.458722
4253,Studio 49m Wifak,635000.0,Temara,Wifak,49.0,1,1,12959.18,2026-05-07 14:31:06.458835
4254,Vente d'appartement dans le quartier Al Mansour,330000.0,Meknès,Autre Secteur,67.0,3,1,4925.37,2026-05-07 14:31:06.458937
4255,شقة منزلية محفضة للبيع بطنجة,650000.0,Tanger,La Nouvelle Ville Ibn Battouta,60.0,2,1,10833.33,2026-05-07 14:31:06.459048
4256,Bel appartement à vendre,650000.0,Meknès,El Bassatine,127.0,4,1,5118.11,2026-05-07 14:31:06.459157
4257,Appartement à vendre à Tanger | Appartement à vendre Tanger,460000.0,Tanger,Autre Secteur,63.0,2,1,7301.59,2026-05-07 14:31:06.459261
4258,SUR PLAN TAGHAZOUT – RÉSIDENCE LA COLLINE,2288000.0,Taghazout,Toute La Ville,130.0,1,2,17600.0,2026-05-07 14:31:06.459382
4259,Studio à vendre,1083000.0,Agadir,Haut-Founty,57.0,1,1,19000.0,2026-05-07 14:31:06.459485
4260,Appartements à vendre,2432000.0,Agadir,Haut-Founty,128.0,3,3,19000.0,2026-05-07 14:31:06.459590
4261,Très jolie appartement 88 mètres à Sala al Jadida,1250000.0,Salé,Sala El Jadida,88.0,3,2,14204.55,2026-05-07 14:31:06.459706
4262,Appartement à vendre 116 m² à Tanger,1392000.0,Tanger,Moulay Youssef,126.0,3,2,11047.62,2026-05-07 14:31:06.459820
4263,Appartement d’architecte neuf sans vis-à-vis,1750000.0,Casablanca,Franceville,83.0,2,2,21084.34,2026-05-07 14:31:06.459959
4264,Appartement de 100 m² à Kénitra le vallon,850000.0,Kénitra,Autre Secteur,100.0,3,2,8500.0,2026-05-07 14:31:06.460065
4265,Appartement à vendre superficie 130 m² quartier Wifaq Temara,1500000.0,Temara,Wifak,128.0,3,2,11718.75,2026-05-07 14:31:06.460179
4266,Appartements neufs à vendre,770500.0,Dcheira,Toute La Ville,67.0,2,1,11500.0,2026-05-07 14:31:06.460283
4267,appartement à vendre,700000.0,Béni Mellal,Toute La Ville,87.0,3,1,8045.98,2026-05-07 14:31:06.460385
4268,Appartement à vendre 90 m² à Kénitra alliance,640000.0,Kénitra,Alliance,90.0,2,2,7111.11,2026-05-07 14:31:06.460502
4269,appartement à vendre bernoussi al qods,700000.0,Casablanca,Sidi Bernoussi,75.0,2,1,9333.33,2026-05-07 14:31:06.460615
4270,Très beau studio moderne à vendre,950000.0,Casablanca,Maarif,47.0,2,1,20212.77,2026-05-07 14:31:06.460722
4271,Appartement à vendre Anassia Alliance Darnha,230000.0,Casablanca,Sidi Moumen,46.0,2,1,5000.0,2026-05-07 14:31:06.460837
4272,Appartement ascenseur balcon vue sur la rue,450000.0,Tanger,Marjane,57.0,2,1,7894.74,2026-05-07 14:31:06.460967
4273,Appartement haut de gamme,750000.0,Marrakech,Socoma,100.0,2,2,7500.0,2026-05-07 14:31:06.461092
4274,"Appartement 56 m, ascenseur, syndic, 5 minutes de la Batata",550000.0,Tanger,Tanja Balia,56.0,2,1,9821.43,2026-05-07 14:31:06.461195
4275,Appartement à vendre,620000.0,Casablanca,Sidi Maarouf,80.0,2,1,7750.0,2026-05-07 14:31:06.461306
4276,"Appartement 3 pièces 80 m², ascenseur, syndic, 5 minutes de la Batata",750000.0,Tanger,Tanja Balia,80.0,3,1,9375.0,2026-05-07 14:31:06.461447
4277,Appartement 74 m2 ascenseur syndic balcon déclaration totale,555000.0,Tanger,Tanja Balia,74.0,2,1,7500.0,2026-05-07 14:31:06.461555
4278,"Appartement 76 m², meublé, ascenseur, syndic, sur la rue",798000.0,Tanger,Tanja Balia,76.0,2,1,10500.0,2026-05-07 14:31:06.461663
4279,Appartement à vendre 105 m² à Tanger,1050000.0,Tanger,Ahlane,105.0,2,2,10000.0,2026-05-07 14:31:06.461772
4280,Beb Chir El Moujahidine,460000.0,Tanger,Moujahidine,60.0,2,1,7666.67,2026-05-07 14:31:06.461919
4281,Appartement 4 pièces 102 m² ascenseur syndic sur rue,1070000.0,Tanger,Tanja Balia,102.0,4,1,10490.2,2026-05-07 14:31:06.462028
4282,appartement,580000.0,Fès,Route De Sefrou,90.0,2,1,6444.44,2026-05-11 20:49:52.561602
4283,Appartement avec terrasse 118 m ascenseur syndic 5 minutes de la gare,800000.0,Tanger,Tanja Balia,118.0,2,1,6779.66,2026-05-07 14:31:06.462137
4284,Appartement Duplexe au centre ville Nejma,2800000.0,Tanger,Centre Ville,260.0,4,3,10769.23,2026-05-07 14:31:06.462247
4285,"Appartement terrasse 196 m, ascenseur, syndic, déclaration totale",1020000.0,Tanger,Tanja Balia,196.0,2,1,5204.08,2026-05-07 14:31:06.462356
4286,Appartement à vendre 125 m² à Casablanca,2000000.0,Casablanca,Abdelmoumen,131.0,2,2,15267.18,2026-05-07 14:31:06.462464
4287,Appartement à vendre,600000.0,Casablanca,Sidi Moumen,93.0,2,1,6451.61,2026-05-07 14:31:06.462572
4288,Appartement neuf 70m,560000.0,Marrakech,Autre Secteur,70.0,3,1,8000.0,2026-05-07 14:31:06.462678
4289,Appartement à vendre 118 m² à Casablanca,1750000.0,Casablanca,Val Fleuri,118.0,2,1,14830.51,2026-05-07 14:31:06.462801
4290,Appartement à vendre 112 m²,400000.0,Sidi Allal El Bahraoui,Toute La Ville,112.0,3,2,3571.43,2026-05-07 14:31:06.462926
4291,Bel appartement bien positionné,980000.0,Salé,Tabriquet,96.0,3,1,10208.33,2026-05-07 14:31:06.463028
4292,Appartement à vendre 97 m² à Casablanca - Gauthier,1550000.0,Casablanca,Gauthier,97.0,2,2,15979.38,2026-05-07 14:31:06.463134
4293,"Superbe appartement à vendre dans le quartier Golf, route des Rmilat",960000.0,Tanger,Du Golf,79.0,2,1,12151.9,2026-05-07 14:31:06.463242
4294,A vendre un appart de 4 chambres sans voisins,3400000.0,Casablanca,Quartier Des Hôpitaux,274.0,4,3,12408.76,2026-05-07 14:31:06.463348
4295,Duplex meublé à vendre près du stade Ibn Batouta,1300000.0,Tanger,Ziatene,140.0,2,1,9285.71,2026-05-07 14:31:06.463460
4296,A vendre un bel appartement avec terrasse,2450000.0,Casablanca,Palmier,140.0,3,2,17500.0,2026-05-07 14:31:06.463562
4297,vente jolie appartement 3 chambre,1950000.0,Marrakech,Guéliz,85.0,3,1,22941.18,2026-05-07 14:31:06.463666
4298,Habit immobilier met en vente un joli studio,1180000.0,Casablanca,Bourgogne,60.0,1,1,19666.67,2026-05-07 14:31:06.463771
4299,Appartement à vendre 75 m² à Casablanca,650000.0,Casablanca,Ain Sebaa,75.0,2,1,8666.67,2026-05-07 14:31:06.463884
4300,Appartement à vendre à Bouznika Oued cherrat costa,1400000.0,Bouznika,Plage Oued Cherrat,93.0,2,2,15053.76,2026-05-07 14:31:06.463998
4301,Appartement à vendre 106 m² à Tit Mellil,1000000.0,Tit Mellil,Toute La Ville,106.0,3,2,9433.96,2026-05-07 14:31:06.464106
4302,Bel appartement avec 2 façades,700000.0,Casablanca,Al Madina Aljadida,74.0,2,2,9459.46,2026-05-07 14:31:06.464320
4303,Appartement 3 pièces 94 m² à Marrakech GUELIZ,1700000.0,Marrakech,Guéliz,94.0,2,2,18085.11,2026-05-07 14:31:06.464444
4304,Vente beau studio centre ville,1200000.0,Marrakech,Guéliz,54.0,1,1,22222.22,2026-05-07 14:31:06.464551
4305,Appartement à vendre 104m² Amanar à Agadir,1456000.0,Agadir,Centre Ville,104.0,3,1,14000.0,2026-05-07 14:31:06.464657
4306,Appartement à vendre 95 m² à Temara,1150000.0,Temara,Abbadi,105.0,3,1,10952.38,2026-05-07 14:31:06.464767
4307,Appartement à vendre 73m² La Perle Bleue à Dakhla,581625.0,Dakhla,Toute La Ville,73.0,3,1,7967.47,2026-05-07 14:31:06.464947
4308,Appartement vue mer Anza Miftah Sahil meublé,1200000.0,Agadir,Anza,60.0,1,1,20000.0,2026-05-07 14:31:06.465059
4309,Appartement à vendre105m²Les Jardins de la Coupole,1369592.0,Agadir,Av Mokawama,105.0,4,1,13043.73,2026-05-07 14:31:06.465165
4310,appartement haute standing,1000000.0,El Mansouria,Toute La Ville,100.0,2,2,10000.0,2026-05-07 14:31:06.465269
4311,appartement 240 centre de Marrakech,1400000.0,Marrakech,Amerchich,240.0,3,2,5833.33,2026-05-07 14:31:06.465374
4312,Appartement à vendre 59 m² à Martil,390000.0,Martil,Toute La Ville,83.0,2,1,4698.8,2026-05-07 14:31:06.465479
4313,Appartement à vendre à Temara Bon emplacement,1250000.0,Temara,Autre Secteur,112.0,2,2,11160.71,2026-05-07 14:31:06.465588
4314,Duplex à vendre,1330000.0,Casablanca,Les Princesses,68.0,1,2,19558.82,2026-05-07 14:31:06.465703
4315,Appartement magnifique et neuf à vendre,600000.0,Marrakech,M'Hamid,56.0,2,1,10714.29,2026-05-07 14:31:06.465821
4316,"À vendre, magnifique appartement",135000.0,Casablanca,Oulfa,1001.0,2,2,134.87,2026-05-07 14:31:06.465932
4317,Appartement meublé à vendre à Martil,1100000.0,Martil,Toute La Ville,130.0,2,1,8461.54,2026-05-07 14:31:06.466039
4318,Appartement à vendre 1er étage,740000.0,Fès,Route Ain Chkaf,118.0,2,2,6271.19,2026-05-07 14:31:06.466150
4319,Appartement à vendre à 42 millions,420000.0,Martil,Toute La Ville,65.0,2,1,6461.54,2026-05-07 14:31:06.466259
4320,Duplex à vendre,850000.0,Meknès,Ville Nouvelle,162.0,3,3,5246.91,2026-05-07 14:31:06.466370
4321,Appartement à Florida à vendre,640000.0,El Jadida,Autre Secteur,100.0,3,1,6400.0,2026-05-07 14:31:06.466472
4322,Appartement à vendre Salé Laayayda,920000.0,Salé,Toute La Ville,92.0,2,1,10000.0,2026-05-07 14:31:06.466585
4323,Appartement à vendre 140 m² à Bouznika,760000.0,Bouznika,Autre Secteur,146.0,3,2,5205.48,2026-05-07 14:31:06.466697
4324,Azhar Panorama U*,550000.0,Casablanca,Sidi Bernoussi,90.0,3,2,6111.11,2026-05-07 14:31:06.466824
4325,Appartement à vendre 83 m² à Casablanca,880000.0,Casablanca,Aïn Borja,83.0,2,1,10602.41,2026-05-07 14:31:06.466932
4326,"Appartement haut standing à vendre – Emplacement privilégié, route Ain Chkef,",600000.0,Fès,Route Ain Chkaf,95.0,3,2,6315.79,2026-05-07 14:31:06.467042
4327,Appartement d’exception front mer- Tamaris Premium,2000000.0,Tamaris,Toute La Ville,117.0,2,1,17094.02,2026-05-07 14:31:06.467151
4328,Appartement à vendre 83 m² à Ain sebaa,1080000.0,Casablanca,Ain Sebaa,83.0,3,2,13012.05,2026-05-07 14:31:06.467256
4329,Appartement à vendre 79m² à Ain Sebaa,948000.0,Casablanca,Ain Sebaa,79.0,3,2,12000.0,2026-05-07 14:31:06.467368
4330,Appartement à vendre 140 m² la marina Casablanca,3900000.0,Casablanca,Marina,155.0,2,3,25161.29,2026-05-07 14:31:06.467483
4331,Appartement à vendre 56 m² à Hay Mohammadi Agadir,630000.0,Agadir,Hay Mohammadi,56.0,2,1,11250.0,2026-05-07 14:31:06.467588
4332,Appartement à vendre 3 chambres,3600000.0,Temara,Harhoura,220.0,3,2,16363.64,2026-05-07 14:31:06.467703
4333,Vente appartement 50m Haut Agdal,1550000.0,Rabat,Agdal,50.0,1,1,31000.0,2026-05-07 14:31:06.467835
4334,Appart à vendre avec garage à Bouznika,760000.0,Bouznika,Autre Secteur,146.0,4,1,5205.48,2026-05-07 14:31:06.467940
4335,Appartement à vendre 326 m² à hay riad,5400000.0,Rabat,Hay Riad,326.0,3,2,16564.42,2026-05-07 14:31:06.468053
4336,"Appartement à vendre, quartier Errabia, propre et calme, sans intermédiaire",300000.0,Berrechid,Toute La Ville,51.0,2,1,5882.35,2026-05-07 14:31:06.468163
4337,Appartement à vendre 45 m² à Martil,620000.0,Martil,Toute La Ville,45.0,2,1,13777.78,2026-05-07 14:31:06.468276
4338,Appartement 87m² à vendre à Sla El Karia,600000.0,Salé,El Qaria,87.0,2,1,6896.55,2026-05-07 14:31:06.468385
4339,Saroute Studio rénové 45m2 Mers Sultan à vendre,180000.0,Casablanca,Anfa,45.0,1,1,4000.0,2026-05-07 14:31:06.468490
4340,Appartement à vendre,650000.0,Saidia,Toute La Ville,110.0,3,2,5909.09,2026-05-07 14:31:06.468594
4341,Almostakbal Casanearchour,540000.0,Casablanca,Sidi Maarouf,52.0,2,1,10384.62,2026-05-07 14:31:06.468698
4342,Hay El Majd El Awama,580000.0,Tanger,El Majd,85.0,3,1,6823.53,2026-05-07 14:31:06.468812
4343,"🏢 Appartement 53 m² à vendre – Oulfa, Casablanca",750000.0,Casablanca,Oulfa,53.0,1,1,14150.94,2026-05-07 14:31:06.468939
4344,Appartement à vendre 90 m² à Mohammedia,1500000.0,Mohammedia,Autre Secteur,103.0,2,1,14563.11,2026-05-07 14:31:06.469056
4345,Appartement à vendre 140 m² à la marina casablanca,3900000.0,Marrakech,Autre Secteur,155.0,2,3,25161.29,2026-05-07 14:31:06.469174
4346,Appartement,380000.0,Casablanca,Hay Mohammadi,65.0,2,2,5846.15,2026-05-07 14:31:06.469291
4347,Appartement 112 m² – 8e étage – Riad Tétouan,1400000.0,Tanger,Centre Ville,112.0,2,1,12500.0,2026-05-07 14:31:06.469510
4348,Appartement à vendre 74 m² à Marrakech,990000.0,Marrakech,Route De Safi,80.0,2,2,12375.0,2026-05-07 14:31:06.469618
4349,Appartement à vendre quartier hassania ben msick,455000.0,Casablanca,Ben M'Sick,60.0,1,1,7583.33,2026-05-07 14:31:06.469724
4350,Appartement neuf en vente Hay Fath,1700000.0,Rabat,Hay El Fath,97.0,2,1,17525.77,2026-05-07 14:31:06.469838
4351,Appartement à vendre 72 m² à Essaouira,550000.0,Essaouira,Centre Ville,72.0,2,1,7638.89,2026-05-07 14:31:06.469944
4352,"Excellent appartement à vendre, Avenue Hassan II",510000.0,Berrechid,Toute La Ville,100.0,2,1,5100.0,2026-05-07 14:31:06.470055
4353,Appartement 1ère ligne plage Playa Del Pacha,2550000.0,Mdiq,Toute La Ville,64.0,1,1,39843.75,2026-05-07 14:31:06.470160
4354,Appartement à vendre centre-ville de Berkane,480000.0,Berkane,Toute La Ville,115.0,4,2,4173.91,2026-05-07 14:31:06.470266
4355,Appartement à vendre 83 m² à Casablanca,1079000.0,Casablanca,Ain Sebaa,83.0,2,2,13000.0,2026-05-07 14:31:06.470369
4356,Appartement à vendre situé au centre ville,1070000.0,Kénitra,Centre,117.0,3,2,9145.3,2026-05-07 14:31:06.470484
4357,F3 avec GRANDE COUR de 35m² au Centre Bouskoura,850000.0,Bouskoura,Bouskoura Centre,114.0,2,1,7456.14,2026-05-07 14:31:06.470592
4358,Appartement à vendre 140 m² à Bouznika,740000.0,Bouznika,Autre Secteur,140.0,3,2,5285.71,2026-05-07 14:31:06.470698
4359,"Superbe appartement ensoleillé à vendre à Bouznika, quartier Aïda 2",570000.0,Bouznika,Autre Secteur,84.0,2,1,6785.71,2026-05-07 14:31:06.470826
4360,"Appartement 67 m² Résidence Fatima Zahra, Mediouna",320000.0,Mediouna,Toute La Ville,67.0,2,1,4776.12,2026-05-07 14:31:06.470936
4361,Appartement 80m²/parking titré 16m² Al Khaizourane,840000.0,Temara,Autre Secteur,96.0,2,2,8750.0,2026-05-07 14:31:06.471059
4362,Appartement à vendre centre ville Casablanca,1900000.0,Casablanca,Centre Ville,100.0,3,2,19000.0,2026-05-07 14:31:06.471176
4363,Appartement 145 m² en Vente près Hay Amal Narjiss,870000.0,Fès,Narjis,145.0,3,1,6000.0,2026-05-07 14:31:06.471292
4364,Appartement 112 m² près café Mégad’Or à Fès,650000.0,Fès,Route Ain Chkaf,112.0,3,2,5803.57,2026-05-07 14:31:06.471400
4365,Appartement à vendre 135 m² à Kénitra,1500000.0,Kénitra,Maamora,137.0,3,2,10948.91,2026-05-07 14:31:06.471508
4366,Appartement neuf 138 m² dont 40 de terrasse,2596000.0,Casablanca,Gauthier,138.0,2,2,18811.59,2026-05-07 14:31:06.471618
4367,"Appartement 88 m² – Tingis Tower, Malabata",2250000.0,Tanger,Malabata,88.0,2,2,25568.18,2026-05-07 14:31:06.471727
4368,Appartement rez-de-chaussée en résidence,540000.0,El Mansouria,Toute La Ville,75.0,2,2,7200.0,2026-05-07 14:31:06.471860
4369,Appartement à vendre 124 m² à Casablanca,1750000.0,Casablanca,Abdelmoumen,136.0,3,2,12867.65,2026-05-07 14:31:06.471969
4370,Appartement haut de gamme à vendre au cœur de Tanger,2500000.0,Tanger,Centre Ville,122.0,2,2,20491.8,2026-05-07 14:31:06.472080
4371,Bon appartement à vendre à Témara près de l'avenue Hassan 2,1250000.0,Temara,Autre Secteur,112.0,2,2,11160.71,2026-05-07 14:31:06.472190
4372,Appartement neuf à vendre à Kish Al-Awdiya,1170000.0,Temara,Riad Oulad Mtaa,65.0,2,2,18000.0,2026-05-07 14:31:06.472303
4373,Appartement meublé à vendre à Harhora,2200000.0,Temara,Harhoura,117.0,2,2,18803.42,2026-05-07 14:31:06.472406
4374,Appartement à vendre 70 m² à Kénitra,360000.0,Kénitra,Bir Rami,70.0,2,1,5142.86,2026-05-07 14:31:06.472512
4375,Appartement à rénover Gueliz,2600000.0,Marrakech,Guéliz,145.0,3,2,17931.03,2026-05-07 14:31:06.472657
4376,Superbe appartement avec ascenseur,370000.0,Ait Melloul,Toute La Ville,56.0,2,1,6607.14,2026-05-07 14:31:06.472779
4377,Appartement à vendre à Tanger,850000.0,Tanger,El Majd,86.0,3,2,9883.72,2026-05-07 14:31:06.472891
4378,Appartement à vendre 80 m² à Marrakech,2400000.0,Marrakech,Agdal,85.0,2,2,28235.29,2026-05-07 14:31:06.472995
4379,Appartement avec terrasse Centre-ville,1270000.0,Casablanca,Centre Ville,141.0,2,1,9007.09,2026-05-07 14:31:06.473103
4380,À vendre un joli appartement meublé avec piscine,1250000.0,El Mansouria,Toute La Ville,92.0,2,2,13586.96,2026-05-07 14:31:06.473213
4381,Appartement à vendre 52 m² à Mohammedia,380000.0,Mohammedia,Autre Secteur,52.0,2,1,7307.69,2026-05-07 14:31:06.473321
4382,CMN-SI-1877 - Appartement à vendre à Bourgogne Est,1050000.0,Casablanca,Bourgogne,76.0,2,1,13815.79,2026-05-07 14:31:06.473441
4383,Résidence Soufale Bonheur,390000.0,El Jadida,Saada,75.0,2,1,5200.0,2026-05-07 14:31:06.473551
4384,Bel appartement... orientation sud,2150000.0,Casablanca,Les Princesses,165.0,3,2,13030.3,2026-05-07 14:31:06.473665
4385,Opportunité à saisir,2500000.0,Temara,Wifak,211.0,4,2,11848.34,2026-05-07 14:31:06.473773
4386,Appartement 4 pièces 102 m² ascenseur syndic sur rue,1070000.0,Tanger,Tanja Balia,102.0,4,2,10490.2,2026-05-07 14:31:06.473884
4387,Appartement 74 m ascenseur balcon syndic déclaration totale,555000.0,Tanger,Tanja Balia,74.0,2,1,7500.0,2026-05-07 14:31:06.473998
4388,Appartement à vendre 73 m² à Rabat,1332000.0,Rabat,Hassan,120.0,2,1,11100.0,2026-05-07 14:31:06.474110
4389,Appartement moderne meublé à vendre ensoleillé ou rénové,290000.0,Bouznika,Autre Secteur,55.0,2,1,5272.73,2026-05-07 14:31:06.474214
4390,Appartements Neufs Semi finis à vendre,620000.0,Casablanca,Al Madina Aljadida,131.0,3,2,4732.82,2026-05-07 14:31:06.474356
4391,Appartement à vendre 62 m² à Ksar el-Kebir,350000.0,Ksar El-Kebir,Toute La Ville,62.0,2,2,5645.16,2026-05-07 14:31:06.474463
4392,appartement quartier oulfa,1300000.0,Casablanca,Oulfa,144.0,2,1,9027.78,2026-05-07 14:31:06.474607
4393,Appartement 81 m2 a Daoudiate,810000.0,Marrakech,Daoudiate,81.0,3,1,10000.0,2026-05-07 14:31:06.474719
4394,appartement al alia bernoussi,360000.0,Casablanca,Sidi Bernoussi,54.0,2,1,6666.67,2026-05-07 14:31:06.474829
4395,Appartement agréable piscine et jardins résidence gardée,850000.0,Benslimane,Autre Secteur,84.0,2,1,10119.05,2026-05-07 14:31:06.474939
4396,CMN-MA-2404 - Appartement à vendre à Les princesses,2400000.0,Casablanca,Les Princesses,121.0,3,2,19834.71,2026-05-07 14:31:06.475057
4397,Appartement duplex 85 m² avec balcon a gueliz,1155000.0,Marrakech,Guéliz,85.0,2,2,13588.24,2026-05-07 14:31:06.475168
4398,"Excellent appartement sur l'avenue de l'Armée Royale, Hamria, Meknès",695000.0,Meknès,Hamria,102.0,2,1,6813.73,2026-05-07 14:31:06.475279
4399,Appartement à vendre 84/92/94m² à Salé Al Jadida,1176000.0,Salé,Sala El Jadida,84.0,3,2,14000.0,2026-05-07 14:31:06.475389
4400,Appartement 60 m2 à vendre à Allal El Fassi,1560000.0,Marrakech,Route De Casablanca,99.0,2,1,15757.58,2026-05-07 14:31:06.475500
4401,CMN-MA-1139 - Appartement à vendre à Val Fleurie,1800000.0,Casablanca,Val Fleuri,129.0,2,2,13953.49,2026-05-07 14:31:06.475609
4402,À vendre 1er chrifia 58m prix 50 million,500000.0,Marrakech,M'Hamid,58.0,2,1,8620.69,2026-05-07 14:31:06.475717
4403,Beau STUDIO à vendre à MARINA Casablanca,2500000.0,Casablanca,Marina,67.0,1,2,37313.43,2026-05-07 14:31:06.475829
4404,Appartement RDC à vendre 120m² Agdal,2000000.0,Rabat,Agdal,120.0,2,2,16666.67,2026-05-07 14:31:06.475937
4405,Appart 131m2 a vendre,2300000.0,Rabat,Agdal,131.0,3,2,17557.25,2026-05-07 14:31:06.476043
4406,Appartement à vendre 70 m² à Kénitra,380000.0,Kénitra,Ouled Oujih,70.0,2,1,5428.57,2026-05-07 14:31:06.476148
4407,"Appartement 4 pièces 120 m², garage, ascenseur, balcon sur rue",1200000.0,Tanger,Marjane,120.0,4,2,10000.0,2026-05-07 14:31:06.476258
4408,Appartement à vendre sur Marrakech,1650000.0,Marrakech,Guéliz,79.0,2,1,20886.08,2026-05-07 14:31:06.476365
4409,Duplex à vendre 70 m prix 70 millions en plusieurs fois,700000.0,Marrakech,M'Hamid,70.0,3,1,10000.0,2026-05-07 14:31:06.476479
4410,Appartement à vendre 2ch Bourgogne,1400000.0,Casablanca,Bourgogne,87.0,2,1,16091.95,2026-05-07 14:31:06.476609
4411,CMN-HA-1859 - Appartement à vendre à Beauséjour,1270000.0,Casablanca,Beauséjour,95.0,2,2,13368.42,2026-05-07 14:31:06.476721
4412,Appartement vue sur mer,850000.0,Fnideq,Toute La Ville,57.0,1,1,14912.28,2026-05-07 14:31:06.476834
4413,appartement à vendre,1100000.0,Salé,Hay Chmaou,120.0,3,2,9166.67,2026-05-11 20:49:52.575435
4414,Appartement à vendre 98 m² à Temara,920000.0,Temara,Abbadi,98.0,2,2,9387.76,2026-05-07 14:31:06.476940
4415,Appartement neuf avec cour,800000.0,Fès,Oued Fès,143.0,3,2,5594.41,2026-05-07 14:31:06.477045
4416,Joli appartement de standing,1300000.0,Casablanca,Autre Secteur,74.0,2,2,17567.57,2026-05-07 14:31:06.477149
4417,"Appartement 74 m², garage, ascenseur, balcon, aide de l'État",740000.0,Tanger,Marjane,74.0,2,1,10000.0,2026-05-07 14:31:06.477261
4418,Appartement 3 chambres garage ascenseur balcon aide de l'état sur la rue,876000.0,Tanger,Marjane,73.0,3,2,12000.0,2026-05-07 14:31:06.477372
4419,A vendre studio de luxe Almassira,1700000.0,Casablanca,Maarif,74.0,1,1,22972.97,2026-05-07 14:31:06.477482
4420,Appartement à vendre 96 m² à Salé,590000.0,Salé,Bab Sebta,96.0,2,1,6145.83,2026-05-07 14:31:06.477608
4421,Bel appartement.,530000.0,El Hajeb,Toute La Ville,80.0,2,1,6625.0,2026-05-07 14:31:06.477717
4422,Bel appartement,450000.0,El Hajeb,Toute La Ville,80.0,2,1,5625.0,2026-05-07 14:31:06.477839
4423,Appartement terrasse indépendante,700000.0,El Jadida,Saada,97.0,1,1,7216.49,2026-05-07 14:31:06.477951
4424,Appartement à vendre 60 m² à Tanger,360000.0,Tanger,Autre Secteur,60.0,2,1,6000.0,2026-05-07 14:31:06.478059
4425,Appartement à vendre 50 m² à Salé,460000.0,Salé,Tabriquet,50.0,2,1,9200.0,2026-05-07 14:31:06.478177
4426,Appartement à vendre 52 m² à Casablanca,330000.0,Casablanca,Oulfa,52.0,2,1,6346.15,2026-05-07 14:31:06.478289
4427,Apparemment titré,165000.0,Fès,Zouagha,56.0,2,1,2946.43,2026-05-07 14:31:06.478404
4428,Appartement à vendre 138m² Tanger centre ville,2200000.0,Tanger,Centre Ville,138.0,3,2,15942.03,2026-05-07 14:31:06.478518
4429,Rêve Vue sur mer,1800000.0,Zenata,Toute La Ville,87.0,2,2,20689.66,2026-05-07 14:31:06.478636
4430,"Appartement à vendre à Hay Moulay Abdellah, 100m",980000.0,Casablanca,Aïn Chock,100.0,2,1,9800.0,2026-05-07 14:31:06.478740
4431,Appartement 111m² à rénover – Sans frais d’agence,950000.0,Marrakech,Issil,111.0,2,2,8558.56,2026-05-07 14:31:06.478889
4432,Appartement à vendre,1450000.0,Tanger,Hay Hassani,106.0,3,2,13679.25,2026-05-07 14:31:06.478995
4433,Appartement au 4ème étage avec ascenseur à la résidence Jawharat Al Atlas,400000.0,Béni Mellal,Toute La Ville,84.0,3,2,4761.9,2026-05-07 14:31:06.479108
4434,Appartement à vendre 146 m² au centre avec garage,1990000.0,Tanger,Centre,146.0,3,3,13630.14,2026-05-07 14:31:06.479217
4435,Appartement à vendre 88 m² à Tanger Tanja Balia,750000.0,Tanger,Tanja Balia,88.0,2,1,8522.73,2026-05-07 14:31:06.479332
4436,Appartement à vendre Lovallon,470000.0,Kénitra,Autre Secteur,68.0,2,1,6911.76,2026-05-07 14:31:06.479441
4437,Annonce sérieuse,530000.0,Casablanca,Sidi Bernoussi,71.0,2,1,7464.79,2026-05-07 14:31:06.479561
4438,Appartement Hamria,1150000.0,Meknès,Hamria,143.0,3,3,8041.96,2026-05-07 14:31:06.479668
4439,Appartement Zineb,3200000.0,Casablanca,Racine,204.0,3,3,15686.27,2026-05-07 14:31:06.479774
4440,Appartements enregistrés éligibles au soutien de 7 millions,480000.0,Martil,Toute La Ville,50.0,2,1,9600.0,2026-05-07 14:31:06.479895
4441,Appartement à vendre titré,1150000.0,Agadir,Hay Mohammadi,86.0,3,2,13372.09,2026-05-07 14:31:06.480004
4442,Appartement bien ensoleillé à vendre,660000.0,El Jadida,Hay Essalam,100.0,2,2,6600.0,2026-05-07 14:31:06.480118
4443,appartement deux salons à sidi bernoussi,600000.0,Casablanca,Sidi Bernoussi,86.0,2,2,6976.74,2026-05-07 14:31:06.480227
4444,"Appartement 124 m² – Centre Ville, Tanger",1800000.0,Tanger,Centre Ville,124.0,3,2,14516.13,2026-05-07 14:31:06.480337
4445,Appartement titré à vendre. Tétouan Nouvelle Station,550000.0,Tétouan,Centre Ville,70.0,2,1,7857.14,2026-05-07 14:31:06.480449
4446,Appartement à vendre 57 m² à Sidi Rahal,430000.0,Sidi Rahal,Toute La Ville,57.0,2,1,7543.86,2026-05-07 14:31:06.480562
4447,Appartements magnifiques et subventionnés à vendre Meknès,520000.0,Meknès,Autre Secteur,110.0,3,2,4727.27,2026-05-07 14:31:06.480674
4448,CMN-SI-1879 - Appartement à vendre à Ziraoui,3480000.0,Casablanca,Bourgogne,260.0,3,2,13384.62,2026-05-07 14:31:06.480820
4449,appartement,850000.0,Casablanca,Hay Mohammadi,102.0,2,2,8333.33,2026-05-07 14:31:06.480930
4450,Très bel appartement Oulfa - idéal famille,749000.0,Casablanca,Oulfa,112.0,2,2,6687.5,2026-05-07 14:31:06.481039
4451,Appartement enregistré et entièrement équipé à vendre,64000000.0,Safi,Autre Secteur,120.0,3,2,533333.33,2026-05-07 14:31:06.481167
4452,Près de Ibrahim Khalil Al Jadida,180000.0,El Jadida,Ezzohor,50.0,1,1,3600.0,2026-05-07 14:31:06.481285
4453,Magnifique appartement à vendre,460000.0,Saidia,Toute La Ville,54.0,2,1,8518.52,2026-05-07 14:31:06.481390
4454,Appartement à vendre à Bachkou très bien situé,1400000.0,Casablanca,Bachkou,106.0,3,2,13207.55,2026-05-07 14:31:06.481501
4455,Appartement à vendre,550000.0,Marrakech,M'Hamid,72.0,3,2,7638.89,2026-05-07 14:31:06.481609
4456,BEN-MA-1118 - Appartement à vendre à Mansouria-B...,1200000.0,Benslimane,Autre Secteur,98.0,2,1,12244.9,2026-05-07 14:31:06.481718
4457,Appartement à vendre quartier Bachkou bien situé,1400000.0,Casablanca,Bachkou,106.0,3,2,13207.55,2026-05-07 14:31:06.481837
4458,Appartement Oued Fès,540000.0,Fès,Oued Fès,98.0,3,2,5510.2,2026-05-07 14:31:06.481947
4459,CMN-HA-1920 - Appartement à vendre à Oulfa,1092000.0,Casablanca,Oulfa,78.0,2,2,14000.0,2026-05-07 14:31:06.482053
4460,Appartement à Vendre Avec Vue Dégagée sur MER,3300000.0,Sidi Bouknadel,Toute La Ville,180.0,3,2,18333.33,2026-05-07 14:31:06.482162
4461,Vente Appartement vue dégagée sur Mer,3500000.0,Sidi Bouknadel,Toute La Ville,185.0,3,2,18918.92,2026-05-07 14:31:06.482275
4462,Appartement privé à vendre berradi mhamid 7,470000.0,Marrakech,M'Hamid,70.0,2,2,6714.29,2026-05-07 14:31:06.482384
4463,Appartement à vendre 70 m² à Tanger,1250000.0,Tanger,Castilla,131.0,3,2,9541.98,2026-05-07 14:31:06.482493
4464,Bel appartement à vendre au lotissement ikhlas,275000.0,Tanger,Autre Secteur,47.0,2,2,5851.06,2026-05-07 14:31:06.482599
4465,CMN-ME-1691 - Appartement à vendre à 2 Mars,2100000.0,Casablanca,2 Mars,156.0,3,2,13461.54,2026-05-07 14:31:06.482712
4466,BEN-MA-1119 - Appartement à vendre à Mansouria-B...,1640000.0,Benslimane,Autre Secteur,109.0,2,2,15045.87,2026-05-07 14:31:06.482842
4467,Appartement à vendre 60 m² à Saidia,340000.0,Saidia,Toute La Ville,60.0,2,1,5666.67,2026-05-07 14:31:06.482957
4468,Appartement à Martil,320000.0,Martil,Toute La Ville,58.0,2,1,5517.24,2026-05-07 14:31:06.483069
4469,Grand appartement neuf Mhamid 8,750000.0,Marrakech,M'Hamid,76.0,2,1,9868.42,2026-05-07 14:31:06.483179
4470,Appartement 200m² haut standing – Moulay Abdelaziz,2500000.0,Tanger,Centre,200.0,5,2,12500.0,2026-05-07 14:31:06.483287
4471,CMN-AC-2063 - Appartement à vendre à Sidi Maarouf,900000.0,Casablanca,Sidi Maarouf,85.0,2,2,10588.24,2026-05-07 14:31:06.483399
4472,Appartement à vendre 188 m² à Victoria,1780000.0,Bouskoura,Victoria,188.0,3,3,9468.09,2026-05-07 14:31:06.483506
4473,CMN-AN-1875 - Appartement à vendre à Bourgogne,1500000.0,Casablanca,Bourgogne,113.0,3,1,13274.34,2026-05-07 14:31:06.483616
4474,Appartement 3 chambres 150 m² ascenseur syndic sur le Boulevard,1950000.0,Tanger,Centre Ville,150.0,3,2,13000.0,2026-05-07 14:31:06.483726
4475,Appartement à vendre 79 m² à Mohammedia,890000.0,Mohammedia,La Colline,79.0,2,2,11265.82,2026-05-07 14:31:06.483845
4476,Appartement Rez de jardin à vendre palmeraie,2500000.0,Marrakech,Palmeraie,188.0,2,2,13297.87,2026-05-07 14:31:06.483951
4477,Appartement ascenseur Syndic vue sur la rue,450000.0,Tanger,Marjane,57.0,2,1,7894.74,2026-05-07 14:31:06.484059
4478,"Appartement 3 pièces 80 m², ascenseur, syndic, 5 min Malabata",750000.0,Tanger,Tanja Balia,80.0,3,1,9375.0,2026-05-07 14:31:06.484167
4479,"Appartement 56 m², ascenseur, syndic, 5 minutes Malabata",550000.0,Tanger,Tanja Balia,56.0,2,1,9821.43,2026-05-07 14:31:06.484279
4480,Appartement 93 m² 3 chambres ascenseur syndic,750000.0,Tanger,Tanja Balia,93.0,3,2,8064.52,2026-05-07 14:31:06.484409
4481,Appartement 74 m² ascenseur syndic déclaration totale,555000.0,Tanger,Tanja Balia,74.0,2,1,7500.0,2026-05-07 14:31:06.484522
4482,Appartement meublé 76 m2 ascenseur syndic sur rue,798000.0,Tanger,Tanja Balia,76.0,2,1,10500.0,2026-05-07 14:31:06.484637
4483,Appartement 4 pièces 102 m ascenseur syndic sur rue,1070000.0,Tanger,Tanja Balia,102.0,4,1,10490.2,2026-05-07 14:31:06.484773
4484,Appartement terrasse 118 m ascenseur syndic caméras de surveillance,800000.0,Tanger,Tanja Balia,118.0,2,1,6779.66,2026-05-07 14:31:06.484894
4485,Appartement Terrasse 196 m Ascenseur Syndic Déclaration Totale,1020000.0,Tanger,Tanja Balia,196.0,2,1,5204.08,2026-05-07 14:31:06.485010
4486,Studio 70m A Lhjajma En Face Des Villas,1600000.0,Casablanca,Anfa,70.0,1,1,22857.14,2026-05-07 14:31:06.485125
4487,Vente Appartement 3 pièces de 80 m2 à Tamaris,1100000.0,Tamaris,Toute La Ville,80.0,2,1,13750.0,2026-05-07 14:31:06.485267
4488,Duplex 127m² à vendre,850000.0,El Jadida,Quartier Aérodrome,130.0,3,3,6538.46,2026-05-07 14:31:06.485380
4489,Appartement à vendre à Challaalat Ain Harrouda,360000.0,Ain Harrouda,Toute La Ville,82.0,2,1,4390.24,2026-05-07 14:31:06.485490
4490,Vente appartement façade à lotissement Doha,180000.0,Kénitra,Alliance,51.0,2,1,3529.41,2026-05-07 14:31:06.485596
4491,Appartement à vendre à Ferdaws Oulfa,520000.0,Casablanca,Oulfa,56.0,2,2,9285.71,2026-05-07 14:31:06.485702
4492,Appartement Dahomey bord de mer,760000.0,Bouznika,Autre Secteur,89.0,2,2,8539.33,2026-05-07 14:31:06.485820
4493,Appartement à vendre 81m2 habitable 55m2 balcon 26m2,1150000.0,Casablanca,Quartier Des Hôpitaux,81.0,2,1,14197.53,2026-05-07 14:31:06.485977
4494,CMN-MA-2470 - Appartement à vendre à Les Hôpitaux,1450000.0,Casablanca,Quartier Des Hôpitaux,117.0,3,1,12393.16,2026-05-07 14:31:06.486096
4495,Appartement à vendre 58 m² à Casablanca,800000.0,Casablanca,Quartier Des Hôpitaux,63.0,1,1,12698.41,2026-05-07 14:31:06.486209
4496,Appartement 116 m au premier étage,1270000.0,Casablanca,Belvédère,116.0,2,2,10948.28,2026-05-07 14:31:06.486322
4497,Appartement à vendre 87 m² à Kénitra,920000.0,Kénitra,Mimosas,87.0,2,2,10574.71,2026-05-07 14:31:06.486462
4498,Apparemment 5 min au centre ville,770000.0,Kénitra,Centre,117.0,3,2,6581.2,2026-05-07 14:31:06.486573
4499,Vente appartement façade lotissement Doha Kénitra,250000.0,Mehdia,Toute La Ville,54.0,2,1,4629.63,2026-05-07 14:31:06.486681
4500,Appartements haut standing à vendre,1250000.0,Kénitra,Val Fleury,115.0,3,2,10869.57,2026-05-07 14:31:06.486796
4501,Vends appartement titré,450000.0,Laâyoune,Toute La Ville,78.0,2,1,5769.23,2026-05-07 14:31:06.486910
4502,Appartement à vendre 198 m² à Marrakech,9500000.0,Marrakech,Guéliz,242.0,3,3,39256.2,2026-05-07 14:31:06.487017
4503,xxxxxxxxxxxxxx,750000.0,Saidia,Toute La Ville,80.0,2,1,9375.0,2026-05-07 14:31:06.487132
4504,appartement,11000000.0,Kénitra,Centre,103.0,3,2,106796.12,2026-05-07 14:31:06.487238
4505,Appartement à vendre à Cabo Negro – Emplacement privilégié et proche de la mer,590000.0,Martil,Toute La Ville,55.0,2,1,10727.27,2026-05-07 14:31:06.487348
4506,Studio de Luxe Meublé à vendre,1100000.0,Marrakech,Guéliz,45.0,1,1,24444.44,2026-05-07 14:31:06.487520
4507,Appartement à vendre 66m² à Kénitra,690000.0,Kénitra,Val Fleury,66.0,1,1,10454.55,2026-05-07 14:31:06.487645
4508,180997-Vente Appt à Casablanca Gauthier de 224 m²,4000000.0,Casablanca,Autre Secteur,224.0,4,3,17857.14,2026-05-07 14:31:06.487758
4509,184381-Vente Appt à Casablanca Hopitaux de 141 m²,1800000.0,Casablanca,Maarif,141.0,3,1,12765.96,2026-05-07 14:31:06.487894
4510,177685-Vente Appt à Casablanca Beauséjour de 129 m,1592889.0,Casablanca,Hay Hassani,129.0,2,3,12347.98,2026-05-07 14:31:06.488005
4511,184314-Vente Appt à Casablanca Bachkou de 106 m²,1720000.0,Casablanca,Maarif,106.0,2,2,16226.42,2026-05-07 14:31:06.488116
4512,173988-Vente Appt à Kénitra La Ville Haute de 103,975000.0,Kénitra,Maamora,103.0,3,2,9466.02,2026-05-07 14:31:06.488223
4513,Appartement à vendre 105 m² à Tanger,9500000.0,Tanger,Mesnana,105.0,3,1,90476.19,2026-05-07 14:31:06.488329
4514,Appartement à vendre 67 m² à Sidi Rahal,540000.0,Sidi Rahal,Toute La Ville,67.0,2,2,8059.7,2026-05-07 14:31:06.488439
4515,Appartement à vendre 57 m² à Sidi Rahal,460000.0,Sidi Rahal,Toute La Ville,57.0,2,1,8070.18,2026-05-07 14:31:06.488564
4516,CMN-MA-1866 - Appartement à vendre à Les princesses,1330000.0,Casablanca,Les Princesses,106.0,2,1,12547.17,2026-05-07 14:31:06.488674
4517,185628-Vente Appt à Casablanca Oulfa de 60 m²,1050000.0,Casablanca,Hay Hassani,60.0,2,2,17500.0,2026-05-07 14:31:06.488822
4518,184977-Vente Appt à Bouskoura Lahouami de 56 m²,420000.0,Bouskoura,,56.0,2,1,7500.0,2026-05-07 14:31:06.488937
4519,185374-Vente Appt à Marrakech Jnan Aourad de 53 m²,680000.0,Marrakech,Autre Secteur,53.0,2,1,12830.19,2026-05-07 14:31:06.489044
4520,185947-Vente Appt à Marrakech Izdihar de 44 m²,520000.0,Marrakech,Autre Secteur,44.0,2,1,11818.18,2026-05-07 14:31:06.489162
4521,185565-Vente Appt à Casablanca Sidi Moumen de 62 m,520000.0,Casablanca,Sidi Moumen,62.0,2,1,8387.1,2026-05-07 14:31:06.489274
4522,182691-Vente Appt à Bouskoura Parc Industriel Cfci,695000.0,Bouskoura,,70.0,2,1,9928.57,2026-05-07 14:31:06.489381
4523,184491-Vente Appt à Marrakech Rouidate - Majorelle,1200000.0,Marrakech,Autre Secteur,72.0,2,2,16666.67,2026-05-07 14:31:06.489489
4524,181353-Vente Appt à Salé Said Hajji de 67 m²,520000.0,Salé,Said Hajji,67.0,2,1,7761.19,2026-05-07 14:31:06.489601
4525,183213-Vente Appt à Bouznika Al Wouroud de 70 m²,650000.0,Bouznika,Autre Secteur,70.0,2,1,9285.71,2026-05-07 14:31:06.489707
4526,182901-Vente Appt à Casablanca Beausejour de 86 m²,1400000.0,Casablanca,Hay Hassani,86.0,2,2,16279.07,2026-05-07 14:31:06.489825
4527,184752-Vente Appt à Marrakech Semlalia de 93 m²,1540000.0,Marrakech,Semlalia,93.0,2,2,16559.14,2026-05-07 14:31:06.489938
4528,175778-Vente Appt à Marrakech M'Hamid de 81 m²,850000.0,Marrakech,M'Hamid,81.0,3,2,10493.83,2026-05-07 14:31:06.490046
4529,Magnifique appartement à vendre,980000.0,El Jadida,Quartier Aérodrome,130.0,3,2,7538.46,2026-05-07 14:31:06.490152
4530,182360-Vente Appt à Casablanca Moulay Rachid de 64,475000.0,Casablanca,Autre Secteur,64.0,2,1,7421.88,2026-05-07 14:31:06.490350
4531,185413-Vente Appt à Marrakech Gueliz de 63 m²,1220000.0,Marrakech,Autre Secteur,63.0,2,1,19365.08,2026-05-07 14:31:06.490464
4532,179880-Vente Appt à Salé Hay Chmaou de 69 m²,750000.0,Salé,Hay Chmaou,69.0,2,1,10869.57,2026-05-07 14:31:06.490577
4533,180636-Vente Appt à Casablanca Belvedere (Roches N),1550000.0,Casablanca,Roches Noires,123.0,3,2,12601.63,2026-05-07 14:31:06.490686
4534,185234-Vente Appt à Casablanca Bourgogne (Anfa),2350000.0,Casablanca,Anfa,122.0,3,1,19262.3,2026-05-07 14:31:06.490797
4535,185799-Vente Appt à Rabat El Youssoufia de 122 m²,2600000.0,Rabat,El Youssoufia,122.0,4,1,21311.48,2026-05-07 14:31:06.490904
4536,185707-Vente Appt à Rabat Menzah Rabat de 120 m²,2380000.0,Rabat,Souissi,120.0,3,2,19833.33,2026-05-07 14:31:06.491009
4537,186084-Vente Appt à Témara Nahda I de 120 m²,1000000.0,Temara,Autre Secteur,120.0,3,1,8333.33,2026-05-07 14:31:06.491134
4538,185882-Vente Appt à Nouaceur Nouaceur de 116 m²,1270000.0,Nouaceur,Toute La Ville,116.0,3,2,10948.28,2026-05-07 14:31:06.491250
4539,185903-Vente Appt à Casablanca Hopitaux de 116 m²,1850000.0,Casablanca,Maarif,116.0,3,2,15948.28,2026-05-07 14:31:06.491355
4540,181833-Vente Appt à Casablanca Roches Noires de 10,1010000.0,Casablanca,Roches Noires,103.0,2,1,9805.83,2026-05-07 14:31:06.491468
4541,184816-Vente Appt à Casablanca Roches Noires de 94,1270000.0,Casablanca,Roches Noires,94.0,2,2,13510.64,2026-05-07 14:31:06.491575
4542,183542-Vente Appt à Casablanca Val Fleuri de 102 m²,1484800.0,Casablanca,Maarif,102.0,2,1,14556.86,2026-05-07 14:31:06.491684
4543,171766-Vente Appt à Casablanca Palmier (Maarif),2250000.0,Casablanca,Maarif,114.0,2,2,19736.84,2026-05-07 14:31:06.491793
4544,185417-Vente Appt à Casablanca Oasis de 110 m²,2100000.0,Casablanca,Maarif,110.0,2,2,19090.91,2026-05-07 14:31:06.491901
4545,185813-Vente Appt à Dar Bouazza Tamaris2 de 144 m²,2390000.0,Dar Bouazza,Toute La Ville,144.0,3,2,16597.22,2026-05-07 14:31:06.492011
4546,186072-Vente Appt à Casablanca Ferme Bretonne de 1,2450000.0,Casablanca,Hay Hassani,136.0,3,2,18014.71,2026-05-07 14:31:06.492118
4547,184639-Vente Appt à Casablanca Oulfa de 131 m²,1300000.0,Casablanca,Hay Hassani,131.0,3,1,9923.66,2026-05-07 14:31:06.492229
4548,185391-Vente Appt à Casablanca Lusitania de 130 m²,1980000.0,Casablanca,Sidi Belyout,130.0,3,2,15230.77,2026-05-07 14:31:06.492340
4549,182437-Vente Appt à Casablanca Hopitaux de 167 m²,2595000.0,Casablanca,Maarif,167.0,3,2,15538.92,2026-05-07 14:31:06.492449
4550,"Appartement spacieux à vendre 95m² dans la résidence Najma, rue Moulay Rachid",720000.0,Tanger,Centre,95.0,3,1,7578.95,2026-05-07 14:31:06.492581
4551,183544-Vente Appt à Casablanca Ain Diab de 223 m²,3200000.0,Casablanca,Anfa,223.0,3,2,14349.78,2026-05-07 14:31:06.492693
4552,CMN-AC-2017 - Appartement à vendre à Californie,1690000.0,Casablanca,Californie,144.0,2,2,11736.11,2026-05-07 14:31:06.492803
4553,184727-Vente Appt à Casablanca Hopitaux de 245 m²,3650000.0,Casablanca,Maarif,245.0,4,3,14897.96,2026-05-07 14:31:06.492916
4554,184882-Vente Appt à Casablanca Maarif Extension,2600000.0,Casablanca,Maarif,206.0,3,3,12621.36,2026-05-07 14:31:06.493027
4555,172307-Vente Appt à Rabat Riyad de 202 m²,4750000.0,Rabat,Riyad,202.0,3,1,23514.85,2026-05-07 14:31:06.493137
4556,185814-Vente Appt à Casablanca La Gironde de 198 m,2500000.0,Casablanca,Mers Sultan,198.0,4,3,12626.26,2026-05-07 14:31:06.493241
4557,180763-Vente Appt à Casablanca Sindibad de 185 m²,4900000.0,Casablanca,Anfa,185.0,3,2,26486.49,2026-05-07 14:31:06.493351
4558,184806-Vente Appt à Casablanca Maarif de 283 m²,5200000.0,Casablanca,Maarif,283.0,3,3,18374.56,2026-05-07 14:31:06.493457
4559,Aprt a vendre oulfa EL youssra,1040000.0,Casablanca,Oulfa,100.0,3,2,10400.0,2026-05-07 14:31:06.493565
4560,appartement à sidi maarof,1000000.0,Casablanca,Sidi Maarouf,112.0,2,2,8928.57,2026-05-07 14:31:06.493676
4561,Appartement titré à vendre Résidence Halima Un 55 mètres,400000.0,Salé,Toute La Ville,55.0,2,1,7272.73,2026-05-07 14:31:06.493807
4562,Appartement à vendre à Bachir Complex,620000.0,Tanger,Moujahidine,62.0,2,2,10000.0,2026-05-07 14:31:06.493922
4563,Appartement 74 m² ascenseur syndic déclaration totale,555000.0,Tanger,Tanja Balia,74.0,2,1,7500.0,2026-05-07 14:31:06.494030
4564,Appartement titré à vendre 46 m²,280000.0,Salé,Sidi Moussa,46.0,1,1,6086.96,2026-05-07 14:31:06.494145
4565,شقة مميزة ذات واجهتين للبيع,650000.0,Tanger,Autre Secteur,80.0,3,1,8125.0,2026-05-07 14:31:06.494268
4566,Appartement à vendre 95 m² à El Mansouria,1100000.0,El Mansouria,Toute La Ville,95.0,2,2,11578.95,2026-05-07 14:31:06.494383
4567,Appartement à vendre 55 m² à Tanger avec piscine,350000.0,Tanger,La Nouvelle Ville Ibn Battouta,55.0,2,1,6363.64,2026-05-07 14:31:06.494496
4568,Appartement bien situé,430000.0,El Jadida,Autre Secteur,76.0,2,1,5657.89,2026-05-07 14:31:06.494604
4569,CMN-AC-1971 - Appartement à vendre à Sidi Maarouf,770000.0,Casablanca,Sidi Maarouf,72.0,2,1,10694.44,2026-05-07 14:31:06.494724
4570,Appartement à vendre 50 m² à Salé,260000.0,Salé,Bab Sebta,50.0,2,1,5200.0,2026-05-07 14:31:06.494865
4571,Appart - AL BASMA A.S,425000.0,Casablanca,Ain Sebaa,55.0,2,2,7727.27,2026-05-07 14:31:06.494973
4572,appartement a vendre meuble,600000.0,Marrakech,Route De Casablanca,52.0,2,1,11538.46,2026-05-07 14:31:06.495080
4573,Appartement à vendre 110 m² à Agadir Marina,2950000.0,Agadir,Marina,110.0,2,2,26818.18,2026-05-07 14:31:06.495195
4574,CMN-MA-2450 - Appartement à vendre à Bd Anoual,1800000.0,Casablanca,Autre Secteur,114.0,3,2,15789.47,2026-05-07 14:31:06.495306
4575,CMN-MA-2188 - Appartement à vendre à Racine,1680000.0,Casablanca,Racine,144.0,3,1,11666.67,2026-05-07 14:31:06.495419
4576,CMN-ME-1690 - Appartement à vendre à 2 Mars,1700000.0,Casablanca,2 Mars,85.0,2,2,20000.0,2026-05-07 14:31:06.495528
4577,Appartement à vendre 78 m² à Temara,849000.0,Temara,Centre Ville,78.0,2,2,10884.62,2026-05-07 14:31:06.495637
4578,Appartement à vendre à la Palmeraie à Marrakech,2300000.0,Marrakech,Palmeraie,134.0,2,2,17164.18,2026-05-07 14:31:06.495753
4579,Appartement à vendre Touhid Rahma,250000.0,Casablanca,Errahma,51.0,2,1,4901.96,2026-05-07 14:31:06.495866
4580,Appartement de propriété adliya,390000.0,Tétouan,Autre Secteur,100.0,3,2,3900.0,2026-05-07 14:31:06.495974
4581,Appartement à vendre à Jnan Awrad Marrakech,1350000.0,Marrakech,Route De Casablanca,75.0,2,2,18000.0,2026-05-07 14:31:06.496096
4582,Appartement à vendre 84 m² à Tanger,2500000.0,Tanger,Tanger City Center,84.0,2,1,29761.9,2026-05-07 14:31:06.496209
4583,appartement à vendre,550000.0,Casablanca,Autre Secteur,56.0,2,1,9821.43,2026-05-07 14:31:06.496314
4584,"Appartement à vendre à Bouznika à un prix raisonnable, adresse Riad El Mountassir",290000.0,Bouznika,Autre Secteur,60.0,2,1,4833.33,2026-05-07 14:31:06.496505
4585,Appartement balnéaire 96 m² à El Mansouria,920000.0,El Mansouria,Toute La Ville,96.0,1,1,9583.33,2026-05-07 14:31:06.496628
4586,Appartement à vendre 86 m² au cœur de Bourgogne,800000.0,Casablanca,Bourgogne,86.0,2,1,9302.33,2026-05-07 14:31:06.496738
4587,Spacieux appartement à vendre meublé,1350000.0,Marrakech,Victor Hugo,54.0,1,1,25000.0,2026-05-07 14:31:06.496855
4588,Nouvel appartement équipé à vendre quartier Mansour,500000.0,Meknès,Autre Secteur,82.0,2,2,6097.56,2026-05-07 14:31:06.496964
4589,"🌊 appartement vue mer en face, sans vis-à-vis",1600000.0,Agadir,Anza,80.0,2,2,20000.0,2026-05-07 14:31:06.497077
4590,Appartement à vendre 89 m² à Benslimane,700000.0,Benslimane,Autre Secteur,100.0,2,1,7000.0,2026-05-07 14:31:06.497185
4591,"Appartement à Hay Saada 1, Fès",390000.0,Fès,Hay Saada,62.0,1,1,6290.32,2026-05-07 14:31:06.497302
4592,Joli Appartement à vendre,1150000.0,Casablanca,Maarif,90.0,3,2,12777.78,2026-05-07 14:31:06.497408
4593,Appartement à vendre 60m² - Salé (Route de Kénitra),420000.0,Salé,Toute La Ville,60.0,2,1,7000.0,2026-05-07 14:31:06.497516
4594,Appartement à vendre 76 m² à Salé,630000.0,Salé,Said Hajji,76.0,2,1,8289.47,2026-05-07 14:31:06.497647
4595,Maison à vendre à Mohammedia Al Andalous,430000.0,Mohammedia,Autre Secteur,64.0,3,2,6718.75,2026-05-07 14:31:06.497754
4596,Appartement à vendre à Hay Riad,5400000.0,Rabat,Hay Riad,326.0,4,4,16564.42,2026-05-07 14:31:06.497874
4597,appartement à vendre,2450000.0,Tanger,Malabata,93.0,1,2,26344.09,2026-05-07 14:31:06.497988
4598,Appartement meublé Martil,850000.0,Martil,Toute La Ville,76.0,2,2,11184.21,2026-05-07 14:31:06.498099
4599,Super Appart à Marina Golf Asilah,780000.0,Asilah,Toute La Ville,69.0,1,1,11304.35,2026-05-07 14:31:06.498211
4600,Appartement à vendre 58 m² à Casablanca,400000.0,Casablanca,Sidi Moumen,58.0,2,1,6896.55,2026-05-07 14:31:06.498326
4601,Bel appartement 2 chambres sur résidence piscine,2100000.0,Marrakech,Guéliz,95.0,2,2,22105.26,2026-05-07 14:31:06.498440
4602,Superbe duplex à vendre centre ville,2800000.0,Tanger,Centre Ville,170.0,3,3,16470.59,2026-05-07 14:31:06.498552
4603,Appartement avec locaux commerciaux à vendre,2000000.0,Marrakech,Route D'Ourika,100.0,3,1,20000.0,2026-05-07 14:31:06.498661
4604,Studios Neuf 36m à 38m Quartiers Des Hôpitaux,820000.0,Casablanca,2 Mars,36.0,1,1,22777.78,2026-05-07 14:31:06.498770
4605,appartement,480000.0,Meknès,El Bassatine,95.0,3,1,5052.63,2026-05-07 14:31:06.498880
4606,Studio 43m Haut de Gamme Proche Tram,1000000.0,Casablanca,2 Mars,43.0,1,1,23255.81,2026-05-07 14:31:06.498986
4607,Appartement à vendre 105 m² à Agadir,1380000.0,Agadir,Hay Salam,105.0,3,2,13142.86,2026-05-07 14:31:06.499092
4608,Appartement à vendre 70 m² - Hay Chrifa,900000.0,Casablanca,Hay Chrifa,70.0,2,1,12857.14,2026-05-07 14:31:06.499203
4609,Appartement 80 m² 3 chambres ascenseur syndic 3 minutes Malabata,750000.0,Tanger,Tanja Balia,80.0,3,1,9375.0,2026-05-07 14:31:06.499314
4610,"Appartement meublé 76m², ascenseur, syndic, sur la rue",760000.0,Tanger,Tanja Balia,76.0,2,1,10000.0,2026-05-07 14:31:06.499428
4611,Appartement à vendre 85 m² à Tanger,1140000.0,Tanger,Autre Secteur,85.0,2,1,13411.76,2026-05-07 14:31:06.499541
4612,Appartement neuf haut standing,650000.0,Dar Bouazza,Toute La Ville,66.0,2,2,9848.48,2026-05-07 14:31:06.499662
4613,Appartement à vendre 57 m² HAY HAMZA SIDI MAAROUF,560000.0,Casablanca,Sidi Maarouf,57.0,2,1,9824.56,2026-05-07 14:31:06.499771
4614,Appartement à vendre à Ain Sebaa El Fadl ensoleillé toute la journée,420000.0,Casablanca,Ain Sebaa,74.0,2,1,5675.68,2026-05-07 14:31:06.499888
4615,Appartement à vendre 62 m² à SIDI RHHALE,450000.0,Casablanca,Route D'Azemmour,62.0,2,1,7258.06,2026-05-07 14:31:06.500005
4616,"Appartement 56 m², ascenseur, syndic, 5 minutes de Malabata",550000.0,Tanger,Tanja Balia,56.0,2,1,9821.43,2026-05-07 14:31:06.500113
4617,Appartement 74 m ascenseur syndic balcon,592000.0,Tanger,Tanja Balia,74.0,2,1,8000.0,2026-05-07 14:31:06.500263
4618,Appartement 4 pièces 102 m² ascenseur syndic sur rue,1070000.0,Tanger,Tanja Balia,102.0,4,2,10490.2,2026-05-07 14:31:06.500402
4619,ATIK SIGNATURE,931000.0,Marrakech,M'Hamid,106.0,3,3,8783.02,2026-05-07 14:31:06.500521
4620,"Appartement terrasse 118 m², ascenseur, syndic, caméras de surveillance",800000.0,Tanger,Tanja Balia,118.0,2,1,6779.66,2026-05-07 14:31:06.500630
4621,Appartement à vendre 64 m² à Bouznika,1250000.0,Bouznika,Plage Oued Cherrat,83.0,2,2,15060.24,2026-05-07 14:31:06.500746
4622,"Appartement terrasse 196 m², ascenseur, syndic, déclaration totale",1020000.0,Tanger,Tanja Balia,118.0,2,1,8644.07,2026-05-07 14:31:06.500863
4623,Appartement Hôpitaux,2250000.0,Casablanca,Quartier Des Hôpitaux,144.0,3,2,15625.0,2026-05-07 14:31:06.500999
4624,Appartement 600000 dh à Mdiq,600000.0,Mdiq,Toute La Ville,48.0,2,1,12500.0,2026-05-07 14:31:06.501111
4625,Appartement sarout bas de porte à vendre 127 m²,450000.0,Casablanca,Autre Secteur,110.0,3,1,4090.91,2026-05-07 14:31:06.501219
4626,Appartement 114m2 avenue 9 avril Tétouan,1350000.0,Tétouan,Autre Secteur,114.0,3,2,11842.11,2026-05-07 14:31:06.501336
4627,Appartement à vendre 80 m² à Tanger,1150000.0,Tanger,Hay Hassani,80.0,2,1,14375.0,2026-05-07 14:31:06.501485
4628,appartement hay hassani,1600000.0,Casablanca,Hay Hassani,145.0,3,1,11034.48,2026-05-07 14:31:06.501598
4629,"Appartement à vendre au quatrième étage, excellent emplacement",380000.0,Bouznika,Autre Secteur,56.0,2,1,6785.71,2026-05-07 14:31:06.501709
4630,Studio de 59m² à vendre à Ain Sebaa,620000.0,Casablanca,Ain Sebaa,59.0,1,1,10508.47,2026-05-07 14:31:06.501834
4631,Appartement à vendre 52 m² à Casablanca,420000.0,Casablanca,Ain Sebaa,52.0,2,1,8076.92,2026-05-07 14:31:06.501944
4632,Appartement à vendre 64 m² à Tanger,720000.0,Tanger,Autre Secteur,64.0,2,1,11250.0,2026-05-07 14:31:06.502057
4633,Bel appartement à vendre,560000.0,Kénitra,Alliance,70.0,3,2,8000.0,2026-05-07 14:31:06.502177
4634,Appartement 90 m² - Résidence Sophia,1450000.0,Marrakech,Centre Ville,90.0,2,1,16111.11,2026-05-07 14:31:06.502286
4635,Appartement avec deux façades près de la sûreté et de la formation professionnelle,300000.0,Meknès,Autre Secteur,67.0,2,1,4477.61,2026-05-07 14:31:06.502402
4636,appartement,330000.0,Saidia,Toute La Ville,54.0,2,1,6111.11,2026-05-07 14:31:06.502523
4637,Appartement À vendre à Témara Wifak 87m²,1450000.0,Temara,Wifak,87.0,2,2,16666.67,2026-05-07 14:31:06.502632
4638,Appartement de luxe à vendre vue mer,2340000.0,Tanger,Tanger City Center,72.0,2,2,32500.0,2026-05-07 14:31:06.502738
4639,Superbe appartement à vendre,1100000.0,Kénitra,Val Fleury,145.0,2,2,7586.21,2026-05-07 14:31:06.502885
4640,Hay Salam Tranche 1 N° 16 Settat,350000.0,Settat,Hay Salam,45.0,2,1,7777.78,2026-05-07 14:31:06.503115
4641,Appartement à vendre 93 m² à Sidi Rahal,1200000.0,Sidi Rahal,Toute La Ville,93.0,2,2,12903.23,2026-05-07 14:31:06.503225
4642,Appartement à vendre 85 m²,1350000.0,Casablanca,2 Mars,80.0,2,2,16875.0,2026-05-07 14:31:06.503333
4643,Appartement lumineux proche de la nouvelle gare Tanger,440000.0,Tanger,Hay Hassani,56.0,2,1,7857.14,2026-05-07 14:31:06.503448
4644,Appartement à vendre 68 m² à Bayti 3,680000.0,Salé,Sala El Jadida,68.0,2,2,10000.0,2026-05-07 14:31:06.503560
4645,"Appartement titré à vendre 132m² - Rue du Caire, Tétouan",1100000.0,Tétouan,Safir,132.0,3,2,8333.33,2026-05-07 14:31:06.503670
4646,Appartement à Vendre Neuf 95m²,950000.0,Casablanca,Roches Noires,100.0,2,2,9500.0,2026-05-07 14:31:06.503776
4647,Appartement à vendre 88 m² à Marrakech,680000.0,Marrakech,Azzouzia,88.0,2,1,7727.27,2026-05-07 14:31:06.503914
4648,Appartement moderne avec vue ensoleillée à vendre à Jnane Znata,840000.0,Ain Harrouda,Toute La Ville,283.0,2,2,2968.2,2026-05-07 14:31:06.504064
4649,Appartement à vendre 75 m² à Salé,4700000.0,Salé,Abouab Sala,75.0,1,1,62666.67,2026-05-07 14:31:06.504194
4650,Appartement de Luxe 2 Pièces à Prestigia Jade,2400000.0,Marrakech,Bouaakkaz,75.0,2,2,32000.0,2026-05-07 14:31:06.504323
4651,Appartement avec piscine à vendre,480000.0,Oued Laou,Toute La Ville,68.0,2,1,7058.82,2026-05-07 14:31:06.504470
4652,"Appartement à vendre, Douar Lahna, Bab Marrakech, 64 m², double façade",420000.0,Marrakech,Les Portes De Marrakech,68.0,2,1,6176.47,2026-05-07 14:31:06.504631
4653,Studio 57m Meublé A Palmier,1150000.0,Casablanca,Palmier,57.0,1,1,20175.44,2026-05-07 14:31:06.504763
4654,Vente Appartement 4 pièces de 126 m2 à Casablanca,1800000.0,Casablanca,Gauthier,126.0,3,1,14285.71,2026-05-07 14:31:06.504902
4655,Appartement à vendre 60 m² à Mohammedia,350000.0,Mohammedia,Nassim,60.0,2,1,5833.33,2026-05-07 14:31:06.505036
4656,APPART 3CH – 118 m² plus 12 m² de parking à Palmier,2260000.0,Casablanca,Maarif,118.0,3,1,19152.54,2026-05-07 14:31:06.505199
4657,Appartement à vendre 57 m² à Sidi Rahal,460000.0,Sidi Rahal,Toute La Ville,57.0,2,1,8070.18,2026-05-07 14:31:06.505330
4658,bienvenue tout le monde,650000.0,Casablanca,Sidi Moumen,48.0,2,1,13541.67,2026-05-07 14:31:06.505463
4659,Appartement à vendre 67 m² à Sidi Rahal,540000.0,Sidi Rahal,Toute La Ville,67.0,2,2,8059.7,2026-05-07 14:31:06.505589
4660,"Al Oulfa, Farah Salam",340000.0,Casablanca,Oulfa,50.0,2,1,6800.0,2026-05-07 14:31:06.505721
4661,Appartement à vendre 70 m² à Mohammedia,490000.0,Mohammedia,Autre Secteur,70.0,2,1,7000.0,2026-05-07 14:31:06.505854
4662,"Appartement à vendre à très bon prix à Moujahidine, résidence Bel Bachir, rue principale",480000.0,Tanger,Moujahidine,55.0,2,1,8727.27,2026-05-07 14:31:06.506015
4663,Appartement à vendre 56 m² à El Jadida,320000.0,El Jadida,Autre Secteur,52.0,2,1,6153.85,2026-05-07 14:31:06.506158
4664,Appartement à ne pas rater,450000.0,Chefchaouen,Toute La Ville,82.0,3,1,5487.8,2026-05-07 14:31:06.506299
4665,Appartement 75m2 sur la corniche Airbnb,1100000.0,Tanger,Malabata,75.0,2,1,14666.67,2026-05-07 14:31:06.506427
4666,Excellent appartement,670000.0,Meknès,Autre Secteur,96.0,3,2,6979.17,2026-05-07 14:31:06.506560
4667,Appartement neuf meublé Agadir,640000.0,Agadir,Tassila,46.0,2,1,13913.04,2026-05-07 14:31:06.506695
4668,Duplex à vendre à Guynemer,2500000.0,Casablanca,Route D'El Jadida,126.0,3,2,19841.27,2026-05-07 14:31:06.506830
4669,Appartement terrasse 3 chambres balcon ascenseur syndic sur la rue,1156000.0,Tanger,Tanja Balia,136.0,3,2,8500.0,2026-05-07 14:31:06.506984
4670,"Appartement meublé de 76 m², ascenseur, syndic, sur la rue",798000.0,Tanger,Tanja Balia,76.0,2,1,10500.0,2026-05-07 14:31:06.507123
4671,Appartement à vendre 56 m² à Sidi Rehal,370000.0,Casablanca,Sidi Belyout,56.0,2,2,6607.14,2026-05-07 14:31:06.507260
4672,Appartement 4 pièces 102 m² ascenseur syndic sur rue,1070000.0,Tanger,Tanja Balia,102.0,4,2,10490.2,2026-05-07 14:31:06.507391
4673,Appartement à vendre 160 m² à Tanger Moulay Ismail,2500000.0,Tanger,Centre Ville,160.0,3,2,15625.0,2026-05-07 14:31:06.507532
4674,"Appartement 93 m², ascenseur, syndic, 3 chambres",750000.0,Tanger,Tanja Balia,93.0,3,2,8064.52,2026-05-07 14:31:06.507669
4675,"Appartement terrasse 118 m², ascenseur, syndic, à 3 minutes de la gare",800000.0,Tanger,Tanja Balia,118.0,2,1,6779.66,2026-05-07 14:31:06.507828
4676,"Appartement avec terrasse 196 m², ascenseur, syndic, déclaration totale",1020000.0,Tanger,Tanja Balia,196.0,2,1,5204.08,2026-05-07 14:31:06.507972
4677,Appartement à vendre à Tajzi'at Al Fadl,400000.0,Casablanca,Hay Moulay Rachid,57.0,2,1,7017.54,2026-05-07 14:31:06.508110
4678,Appartement à vendre 55 m² à Casablanca,520000.0,Casablanca,Aïn Chock,55.0,2,1,9454.55,2026-05-07 14:31:06.508366
4679,Bel appartement à Wifaq,1750000.0,Temara,Wifak,103.0,3,2,16990.29,2026-05-07 14:31:06.508529
4680,Appartement à vendre 105 m² à El Mansouria,1300000.0,El Mansouria,Toute La Ville,109.0,2,2,11926.61,2026-05-07 14:31:06.508673
4681,Appartement rénové neuf à la Gironde,940000.0,Casablanca,La Gironde,80.0,2,2,11750.0,2026-05-07 14:31:06.508830
4682,Appartement à vendre 84 m² à Tanger,2350000.0,Tanger,Centre Ville,84.0,2,2,27976.19,2026-05-07 14:31:06.508960
4683,Appartement meublé à vendre 79 m² à Tanger,1890000.0,Tanger,Centre Ville,79.0,2,2,23924.05,2026-05-07 14:31:06.509098
4684,Appartement à vendre,300000.0,Béni Yakhlef,Toute La Ville,56.0,2,1,5357.14,2026-05-07 14:31:06.509231
4685,Joli appartement à vendre,590000.0,Had Soualem,Toute La Ville,100.0,3,2,5900.0,2026-05-07 14:31:06.509357
4686,Appartements à vendre bas Agdal,1500000.0,Rabat,Agdal,117.0,3,1,12820.51,2026-05-07 14:31:06.509517
4687,Appartement à vendre 57 m² à Tanger,1500000.0,Tanger,Malabata,57.0,2,1,26315.79,2026-05-07 14:31:06.509659
4688,"Kénitra : Beau appartement meublé à vendre, propre et prêt",570000.0,Kénitra,Seyad,90.0,2,1,6333.33,2026-05-07 14:31:06.509855
4689,Appartement 62 m2 résidence Mekka sécurisée,560000.0,Mohammedia,Hay Saada,62.0,2,1,9032.26,2026-05-07 14:31:06.509989
4690,STUDIO MAGNIFIQUE À SAISIR,1350000.0,Casablanca,Riviera,48.0,1,1,28125.0,2026-05-07 14:31:06.510118
4691,Appartement à vendre 91 m² à Marrakech,1400000.0,Marrakech,Route De Casablanca,91.0,2,2,15384.62,2026-05-07 14:31:06.510246
4692,"Appartement à vendre, résidence Firdaous, premier étage",530000.0,Casablanca,Oulfa,53.0,2,2,10000.0,2026-05-07 14:31:06.510382
4693,Appartement à vendre 99 m² à Bouznika,940000.0,Bouznika,Autre Secteur,99.0,2,2,9494.95,2026-05-07 14:31:06.510519
4694,Appartement à vendre 80 m² à Ksar el-Kebir,330000.0,Ksar El-Kebir,Toute La Ville,80.0,2,2,4125.0,2026-05-07 14:31:06.510661
4695,Appartement 2ème étage Azzouzziya Bab Asfi,340000.0,Marrakech,Azzouzia,54.0,2,1,6296.3,2026-05-07 14:31:06.510798
4696,Appartement Bachkou à vendre,600000.0,Casablanca,Bachkou,58.0,2,1,10344.83,2026-05-07 14:31:06.510928
4697,Appartement à vendre Casablanca belvédère,970000.0,Casablanca,Belvédère,67.0,2,2,14477.61,2026-05-07 14:31:06.511057
4698,Appartement à vendre 89 m² à Casablanca,1800000.0,Casablanca,Maarif,89.0,3,2,20224.72,2026-05-07 14:31:06.511190
4699,Appartement à vendre 89 m² à Casablanca,820000.0,Casablanca,Hay Al Amal,89.0,3,1,9213.48,2026-05-07 14:31:06.511324
4700,Appartement à vendre 167 m² à Fès,890000.0,Fès,Agdal,167.0,3,2,5329.34,2026-05-07 14:31:06.511452
4701,"Appartement 106 m², 3 chambres, garage, ascenseur, piscine, Tanger Baliya",1378000.0,Tanger,Centre Ville,106.0,3,2,13000.0,2026-05-07 14:31:06.511588
4702,Appartement à vendre 60 m² à Kénitra,5600000.0,Kénitra,Alliance,70.0,2,1,80000.0,2026-05-07 14:31:06.511724
4703,Appartement à vendre 75 m² à Kénitra 51 million,580000.0,Kénitra,Alliance,85.0,2,2,6823.53,2026-05-07 14:31:06.511864
4704,"Appartement 3 chambres, 3 salles de bain, ascenseur, syndic, garage, déclaration totale",2325000.0,Tanger,Centre Ville,150.0,3,2,15500.0,2026-05-07 14:31:06.512001
4705,Appartement à vendre à Msannat Golf,620000.0,Tanger,Mesnana,56.0,2,1,11071.43,2026-05-07 14:31:06.512135
4706,Appartement 3 chambres 150 m² ascenseur syndic sur le boulevard,1950000.0,Tanger,Centre Ville,150.0,3,2,13000.0,2026-05-07 14:31:06.512264
4707,"Excellent emplacement, R'bana Aya",72000000.0,Martil,Toute La Ville,70.0,2,2,1028571.43,2026-05-07 14:31:06.512440
4708,Appartements de luxe à vendre avec soutien,800000.0,Berkane,Toute La Ville,130.0,2,1,6153.85,2026-05-07 14:31:06.512592
4709,"Appartement 56 m², ascenseur, syndic, 5 minutes de Malabata",550000.0,Tanger,Tanja Balia,56.0,2,1,9821.43,2026-05-07 14:31:06.512722
4710,Appartement meublé à vendre 70 m² à Mohammedia,490000.0,Mohammedia,Autre Secteur,70.0,3,2,7000.0,2026-05-07 14:31:06.512871
4711,CABINET MÉDICAL OU COMMERCE À VENDRE,650000.0,Tamesna,Toute La Ville,85.0,3,1,7647.06,2026-05-07 14:31:06.513013
4712,appartement 3 chambres ascenseur l'aide l'état,876000.0,Tanger,Marjane,73.0,3,2,12000.0,2026-05-07 14:31:06.513143
4713,Appartement à vendre 40 m² à Wifaq,480000.0,Temara,Wifak,40.0,1,1,12000.0,2026-05-07 14:31:06.513273
4714,"Appartement 74 m², garage, ascenseur, balcon, aide de l'État",740000.0,Tanger,Marjane,74.0,2,2,10000.0,2026-05-07 14:31:06.513406
4715,"Appartement 120 m², garage, ascenseur, balcon sur la rue principale",1020000.0,Tanger,Marjane,120.0,4,2,8500.0,2026-05-07 14:31:06.513540
4716,Appartement ascenseur balcon vue sur la rue,450000.0,Tanger,Marjane,57.0,2,1,7894.74,2026-05-07 14:31:06.513672
4717,Appartement 3 chambres 80 mètres ascenseur syndic 5 minutes Malabata,750000.0,Tanger,Tanja Balia,80.0,3,1,9375.0,2026-05-07 14:31:06.513812
4718,"Appartement meublé de 76m², ascenseur syndic, sur rue",760000.0,Tanger,Tanja Balia,76.0,2,1,10000.0,2026-05-07 14:31:06.513953
4719,Appartement 3 chambres 93 m ascenseur syndic balcon,750000.0,Tanger,Tanja Balia,93.0,2,2,8064.52,2026-05-07 14:31:06.514119
4720,Appartement 4 pièces 102 m ascenseur syndic sur la rue,1070000.0,Tanger,Tanja Balia,102.0,4,2,10490.2,2026-05-07 14:31:06.514256
4721,"Appartement terrasse 196 m², ascenseur, syndic, déclaration totale",1020000.0,Tanger,Tanja Balia,196.0,2,1,5204.08,2026-05-07 14:31:06.514398
4722,Appartement excellent 64 mètres avec soutien financier,520000.0,Marrakech,Autre Secteur,64.0,2,1,8125.0,2026-05-07 14:31:06.514539
4723,Appartement à vendre à Roche Noire,740000.0,Casablanca,Roches Noires,76.0,2,2,9736.84,2026-05-07 14:31:06.514677
4724,Appartement meublé à vendre à côté de l'hôtel Hilton,1650000.0,Tanger,Tanger City Center,110.0,2,2,15000.0,2026-05-07 14:31:06.514817
4725,Appartement à vendre 54 m² à Mohammedia,370000.0,Mohammedia,Autre Secteur,54.0,2,1,6851.85,2026-05-07 14:31:06.514949
4726,Appartement à vendre à Haye Izdehar,1180000.0,Marrakech,Hay Izdihar,86.0,2,2,13720.93,2026-05-07 14:31:06.515103
4727,Appartement à vendre El Mansouria,1000000.0,El Mansouria,Toute La Ville,100.0,2,2,10000.0,2026-05-07 14:31:06.515240
4728,"Quartier Al Qods, Bernoussi",640000.0,Casablanca,Al Qods,71.0,2,1,9014.08,2026-05-07 14:31:06.515371
4729,Appartement titré à vendre 80m² Avenue Hassan II - Tétouan,720000.0,Tétouan,El Ensanche,80.0,2,1,9000.0,2026-05-07 14:31:06.515495
4730,Appartement titré à vendre à Khandak Zerbouh,440000.0,Tétouan,Al Azhar,75.0,2,1,5866.67,2026-05-07 14:31:06.515619
4731,"Appt bien rénové, meublée à vendre 50 m² à Agadir",620000.0,Agadir,Autre Secteur,50.0,2,1,12400.0,2026-05-07 14:31:06.515742
4732,Appartement à vendre,370000.0,Fès,Route Ain Chkaf,88.0,3,1,4204.55,2026-05-07 14:31:06.515881
4733,Appartement meublé à vendre 70 m² à Ain Sebaa Casa,850000.0,Casablanca,Ain Sebaa,70.0,2,1,12142.86,2026-05-07 14:31:06.516012
4734,Appartement à vendre,380000.0,Mohammedia,Nassim,58.0,2,1,6551.72,2026-05-07 14:31:06.516150
4735,Appartement avec escalier séparé à vendre,940000.0,El Jadida,Autre Secteur,140.0,3,3,6714.29,2026-05-07 14:31:06.516275
4736,appartement à vendre,400000.0,Casablanca,Oulfa,50.0,2,1,8000.0,2026-05-07 14:31:06.516431
4737,Résidence Saada2 Agadir Hay Mohamdi,520000.0,Agadir,Hay Mohammadi,47.0,2,1,11063.83,2026-05-07 14:31:06.516561
4738,Appartement à vendre 51 m² à Tanger,450000.0,Tanger,Mesnana,51.0,2,1,8823.53,2026-05-07 14:31:06.516687
4739,Appartement à vendre ou à louer meublé,550000.0,Meknès,El Bassatine,90.0,3,1,6111.11,2026-05-07 14:31:06.516819
4740,Appartement à vendre 72 m² à Berrechid,420000.0,Berrechid,Toute La Ville,72.0,2,2,5833.33,2026-05-07 14:31:06.516946
4741,Appartement à vendre 72 m² à Berrechid,420000.0,Berrechid,Toute La Ville,72.0,2,2,5833.33,2026-05-07 14:31:06.517078
4742,Appartement 2 chambres à vendre à Oulfa,900000.0,Casablanca,Oulfa,80.0,2,2,11250.0,2026-05-07 14:31:06.517210
4743,Appartement à vendre Iqamat Nakhil Mohammedia,330000.0,Mohammedia,El Alia,54.0,2,1,6111.11,2026-05-07 14:31:06.517338
4744,3 appartements,480000.0,Agadir,Autre Secteur,150.0,2,1,3200.0,2026-05-07 14:31:06.517461
4745,Appartement à vendre à Had Soualem,310000.0,Had Soualem,Toute La Ville,54.0,2,2,5740.74,2026-05-07 14:31:06.517592
4746,Studio de luxe,480000.0,Tanger,Aviation,38.0,1,1,12631.58,2026-05-07 14:31:06.517720
4747,Appartement à vendre 3ème étage près hay najd,250000.0,El Jadida,Autre Secteur,60.0,2,1,4166.67,2026-05-07 14:31:06.517851
4748,Appartement à vendre,790000.0,Kénitra,Ouled Oujih,110.0,3,2,7181.82,2026-05-07 14:31:06.517992
4749,Appartement Ain Sebaa El Amene 2 . 64 m,420000.0,Casablanca,Ain Sebaa,64.0,2,1,6562.5,2026-05-07 14:31:06.518123
4750,Appartement à vendre 59 m² à Temara,499999.0,Temara,Autre Secteur,62.0,2,2,8064.5,2026-05-07 14:31:06.518387
4751,Vente Appartement meublé,1530000.0,Tanger,Centre Ville,82.0,2,1,18658.54,2026-05-07 14:31:06.518523
4752,appartement à vendre,460000.0,Casablanca,Hay Moulay Rachid,59.0,2,1,7796.61,2026-05-07 14:31:06.518646
4753,Bel Appartement à vendre à MARINA Casablanca,3810000.0,Casablanca,Marina,172.0,2,2,22151.16,2026-05-07 14:31:06.518770
4754,Appartement à vendre à Temara,430000.0,Temara,Fath El Kheir,50.0,2,1,8600.0,2026-05-07 14:31:06.518926
4755,Appartements à vendre 71 m² à Bouskoura,420000.0,Bouskoura,Bouskoura Centre,71.0,2,1,5915.49,2026-05-07 14:31:06.519054
4756,APPARTEMENT MEUBLÉ HAUT STANDING -VERT MARINE GH1-,2370000.0,Dar Bouazza,Toute La Ville,145.0,2,2,16344.83,2026-05-11 20:49:52.416518
4757,Appartement à vendre 66 m² à Kénitra,300000.0,Kénitra,Bir Rami,66.0,2,1,4545.45,2026-05-11 20:49:52.452203
4758,Appartement à vendre 50 m² à Dar Bouazza,360000.0,Dar Bouazza,Toute La Ville,50.0,2,1,7200.0,2026-05-11 20:49:52.453319
4759,Appartement à vendre 59 m² à Mohammedia,650000.0,Mohammedia,Autre Secteur,59.0,2,1,11016.95,2026-05-11 20:49:52.456225
4760,À VENDRE Magnifique Rez-de-Jardin Orangeraie de Souissi,5500000.0,Rabat,Souissi,225.0,3,3,24444.44,2026-05-11 20:49:52.457225
4761,Appartements de luxe à vendre Camélia,620000.0,Meknès,Autre Secteur,120.0,3,3,5166.67,2026-05-11 20:49:52.457394
4762,Appartement à vendre 60 m² à Tanger,38000000.0,Tanger,Ziatene,60.0,2,1,633333.33,2026-05-11 20:49:52.458424
4763,Appartement à vendre 52 m² à Bouznika,350000.0,Bouznika,Autre Secteur,52.0,2,1,6730.77,2026-05-11 20:49:52.458526
4764,"Appartement neuf, climatisation centralisé",1290000.0,Marrakech,Guéliz,87.0,2,2,14827.59,2026-05-11 20:49:52.458968
4765,"Super emplacement, neuf, Livraison dans 2 mois",1190000.0,Marrakech,Guéliz,69.0,2,2,17246.38,2026-05-11 20:49:52.459055
4766,"Appartement 93 m², 3 chambres, ascenseur, syndic, 4 minutes de la gare",744000.0,Tanger,Tanja Balia,93.0,3,1,8000.0,2026-05-11 20:49:52.459547
4767,Appartement à vendre 60 m² à Mohammedia,280000.0,Mohammedia,Autre Secteur,60.0,2,1,4666.67,2026-05-11 20:49:52.459857
4768,Studio à Vendre,1350000.0,Marrakech,Av Mohammed Vi,77.0,1,1,17532.47,2026-05-11 20:49:52.460214
4769,Appartement meublé résidence kettani,350000.0,Bouznika,Autre Secteur,52.0,2,1,6730.77,2026-05-11 20:49:52.460578
4770,Appartement à vendre à Salé Al Jadida,550000.0,Salé,Sala El Jadida,70.0,2,2,7857.14,2026-05-11 20:49:52.460761
4771,Appartement à vendre,420000.0,Casablanca,Sidi Moumen,55.0,2,2,7636.36,2026-05-11 20:49:52.461027
4772,Appartement à vendre 57 m² à Bouskoura,350000.0,Bouskoura,Bouskoura Centre,57.0,2,1,6140.35,2026-05-11 20:49:52.461113
4773,Appt meublé à Oasis à vendre 105m²,1850000.0,Casablanca,Oasis,105.0,2,2,17619.05,2026-05-11 20:49:52.461199
4774,Appartement à vendre 132 m² à Kénitra,1250000.0,Kénitra,La Ville Haute,147.0,3,3,8503.4,2026-05-11 20:49:52.461650
4775,Appartement à vendre 86 m² à Hay inara 1 Casa,880000.0,Casablanca,Hay Inara,86.0,2,1,10232.56,2026-05-11 20:49:52.461736
4776,JOLI APPART EN FACE LA GARE AIN SEBAA 58/M RDC,600000.0,Casablanca,Ain Sebaa,58.0,2,1,10344.83,2026-05-11 20:49:52.462785
4777,Appartement calme avec terrasse,1150000.0,Casablanca,Aïn Chock,96.0,3,1,11979.17,2026-05-11 20:49:52.462874
4778,Appartement à vendre 95 m² à Casablanca,1350000.0,Casablanca,Quartier Des Hôpitaux,95.0,2,2,14210.53,2026-05-11 20:49:52.462986
4779,Studio à vendre 38 m² à Casablanca,950000.0,Casablanca,Franceville,38.0,1,1,25000.0,2026-05-11 20:49:52.463739
4780,Vente Appartement de 106 m2 à Casablanca,1690000.0,Casablanca,Californie,106.0,3,2,15943.4,2026-05-11 20:49:52.464012
4781,Vente Appartement 3 pièces de 86 m2 à Tamaris,1300000.0,Tamaris,Toute La Ville,86.0,2,2,15116.28,2026-05-11 20:49:52.464102
4782,appartement a vendre,700000.0,Agadir,El Houda,59.0,2,1,11864.41,2026-05-11 20:49:52.464564
4783,vente appartement vide,880000.0,Agadir,Hay Dakhla,108.0,2,2,8148.15,2026-05-11 20:49:52.465027
4784,Appartement à vendre 97 m² à Californie,1650000.0,Casablanca,Californie,97.0,2,2,17010.31,2026-05-11 20:49:52.465115
4785,Vente Appartement 3 pièces de 94 m2 à Tamaris,1400000.0,Tamaris,Toute La Ville,94.0,2,2,14893.62,2026-05-11 20:49:52.465301
4786,Appartement à vendre 82 m² à Casablanca,1300000.0,Casablanca,Maarif,82.0,2,2,15853.66,2026-05-11 20:49:52.465399
4787,appartement à vendre,370000.0,Mohammedia,Nassim,54.0,2,1,6851.85,2026-05-11 20:49:52.465585
4788,Appartement à vendre quartier Mohamadi,870000.0,Agadir,Hay Mohammadi,72.0,2,2,12083.33,2026-05-11 20:49:52.466042
4789,appartement à vendre,430000.0,El Jadida,Amal,64.0,2,1,6718.75,2026-05-11 20:49:52.466158
4790,Apparts 70m à 80m Neuf Aharrarine 3min La Gare,610000.0,Tanger,Aharrarine,80.0,3,2,7625.0,2026-05-11 20:49:52.466341
4791,Vente Appartement 3 pièces de 107 m2 à Casablanca,1500000.0,Casablanca,Riviera,107.0,2,2,14018.69,2026-05-11 20:49:52.466614
4792,Appartement à vendre 80 m² à Kénitra,750000.0,Kénitra,Autre Secteur,105.0,3,2,7142.86,2026-05-11 20:49:52.466795
4793,Vente Appartement 4 pièces de 54 m2 à Marrakech,440000.0,Marrakech,M'Hamid,54.0,3,1,8148.15,2026-05-11 20:49:52.466987
4852,"Appartement neufs à vendre, Guéliz",1600000.0,Marrakech,Guéliz,84.0,2,2,19047.62,2026-05-11 20:49:52.487225
4794,"Appartement à vendre 83 m² à semlalia, guéliz",1550000.0,Marrakech,Guéliz,84.0,2,2,18452.38,2026-05-11 20:49:52.467165
4795,Vente Appartement de 148 m2 à Casablanca,1998000.0,Casablanca,Quartier Des Hôpitaux,148.0,3,2,13500.0,2026-05-11 20:49:52.467915
4796,Vente Appartement 3 pièces de 81 m2 à Zenata,927000.0,Zenata,Toute La Ville,81.0,2,2,11444.44,2026-05-11 20:49:52.468005
4797,Vente Appartement 3 pièces de 73 m2 à Casablanca,590000.0,Casablanca,Errahma,73.0,2,2,8082.19,2026-05-11 20:49:52.468093
4798,Vente Appartement 4 pièces de 118 m2 à Casablanca,1450000.0,Casablanca,Val Fleuri,118.0,3,1,12288.14,2026-05-11 20:49:52.468181
4799,Vente Appartement 5 pièces de 186 m2 à Casablanca,2980000.0,Casablanca,Gauthier,186.0,3,2,16021.51,2026-05-11 20:49:52.468271
4800,Appart 123m Haut Standing Socrate Maarif Ex,1600000.0,Casablanca,Maârif Extension,123.0,3,2,13008.13,2026-05-11 20:49:52.468548
4801,Vente Appartement 3 pièces de 67 m2 à Ain Harrouda,533000.0,Ain Harrouda,Toute La Ville,67.0,2,1,7955.22,2026-05-11 20:49:52.468818
4802,Vente Appartement 2 pièces de 137 m2 à Casablanca,1280000.0,Casablanca,Californie,137.0,1,2,9343.07,2026-05-11 20:49:52.469127
4803,appartement à vendre près de la gare tgv,1850000.0,Tanger,Tanger City Center,85.0,2,2,21764.71,2026-05-11 20:49:52.469334
4804,Appartement Neuf 84 m² à Guéliz Avec Piscine,1550000.0,Marrakech,Guéliz,84.0,2,2,18452.38,2026-05-11 20:49:52.469834
4805,appartement à vendre,370000.0,Mohammedia,Monica,58.0,2,1,6379.31,2026-05-11 20:49:52.469956
4806,Appart 121m Haut standing A Les Princesses,1950000.0,Casablanca,Les Princesses,121.0,3,2,16115.7,2026-05-11 20:49:52.470183
4807,Appartement dans immobilier zeryouh 2 façades,1200000.0,Tanger,El Majd,87.0,3,2,13793.1,2026-05-11 20:49:52.470559
4808,Appartement à vendre Tanger Castilla,2400000.0,Tanger,Castilla,133.0,3,1,18045.11,2026-05-11 20:49:52.471006
4809,Appartement en rez-de-chaussée à vendre à Marjane 1 Meknes,480000.0,Meknès,Autre Secteur,100.0,2,2,4800.0,2026-05-11 20:49:52.471186
4810,Vente Appartement 5 pièces de 156 m2 à Casablanca,2180000.0,Casablanca,2 Mars,156.0,3,3,13974.36,2026-05-11 20:49:52.471570
4811,Vente Appartement 4 pièces de 169 m2 à Marrakech,2800000.0,Marrakech,Guéliz,169.0,3,2,16568.05,2026-05-11 20:49:52.471660
4812,Vente Appartement 4 pièces de 117 m2 à Casablanca,1480000.0,Casablanca,Quartier Des Hôpitaux,117.0,3,1,12649.57,2026-05-11 20:49:52.471929
4813,Appartement à vendre près de Marjane route de Rabat --Tanger,1170000.0,Tanger,Marjane,78.0,2,2,15000.0,2026-05-11 20:49:52.472301
4814,"Appartement à la plage, Dahomi",740000.0,Bouznika,Plage Oued Cherrat,74.0,2,2,10000.0,2026-05-11 20:49:52.472397
4815,Appart 140m A Résidence Fermée Maarif,1960000.0,Casablanca,Maarif,140.0,2,2,14000.0,2026-05-11 20:49:52.473150
4816,Vente Appartement 4 pièces de 98 m2 à Casablanca,1620000.0,Casablanca,Californie,98.0,2,1,16530.61,2026-05-11 20:49:52.473433
4817,Vente Appartement de 125 m2 à Casablanca,2150000.0,Casablanca,Palmier,125.0,3,2,17200.0,2026-05-11 20:49:52.473614
4818,Appartement près d'Anatole France,800000.0,Casablanca,Belvédère,80.0,2,2,10000.0,2026-05-11 20:49:52.473884
4819,Appartements à vendre 58 m² à Agadir,480000.0,Agadir,Hay Salam,58.0,2,1,8275.86,2026-05-11 20:49:52.474161
4820,Appartement à vendre 54 m² à Casablanca DAR BOUAAZA,280000.0,Casablanca,Autre Secteur,54.0,2,1,5185.19,2026-05-11 20:49:52.474252
4821,CMN-SI-1967 - Appartement à vendre à Ziraoui,1530000.0,Casablanca,Bourgogne,91.0,2,1,16813.19,2026-05-11 20:49:52.475093
4822,Appartement à vendre 83 m² à guéliz Marrakech,1650000.0,Marrakech,Guéliz,80.0,2,1,20625.0,2026-05-11 20:49:52.475274
4823,Vente Appartement 3 pièces de 150 m2 à Marrakech,1900000.0,Marrakech,Av Mohammed Vi,150.0,2,2,12666.67,2026-05-11 20:49:52.475686
4824,Vente Appartement 3 pièces de 81 m2 à Marrakech,720000.0,Marrakech,Mabrouka,81.0,2,1,8888.89,2026-05-11 20:49:52.475958
4825,Vente appartement façade au centre ville Kénitra,780000.0,Tanger,Centre Ville,95.0,3,2,8210.53,2026-05-11 20:49:52.476698
4826,Casabay Superbe Appartement à vendre,1300000.0,Berrechid,Toute La Ville,89.0,4,2,14606.74,2026-05-11 20:49:52.476788
4827,Appartement à Vendre,1300000.0,Marrakech,Victor Hugo,75.0,2,2,17333.33,2026-05-11 20:49:52.477244
4828,Appartement derrière Mr Bricolage à vendre,480000.0,Marrakech,Route De Casablanca,51.0,2,1,9411.76,2026-05-11 20:49:52.477698
4829,appartement à vendre,740000.0,Kénitra,Alliance,92.0,3,1,8043.48,2026-05-11 20:49:52.537486
4830,Appartement à vendre 70 m² à Casablanca,270000.0,Casablanca,Autre Secteur,70.0,2,1,3857.14,2026-05-11 20:49:52.478634
4831,Appartement à vendre 120 m² à Casablanca,1520000.0,Casablanca,Mers Sultan,132.0,3,2,11515.15,2026-05-11 20:49:52.479355
4832,Appartement à vendre 55 m² à Mohammedia,950000.0,Mohammedia,Quartier Du Parc,55.0,2,1,17272.73,2026-05-11 20:49:52.482452
4833,🏠 APPARTEMENT STANDING 87 m² - HIVERNAGE MARRAKECH,1300000.0,Marrakech,Hivernage,87.0,2,1,14942.53,2026-05-11 20:49:52.482633
4834,Appartement neuf de très haut standing,1365000.0,Fès,Autre Secteur,150.0,3,3,9100.0,2026-05-11 20:49:52.482995
4835,Appt à vendre,270000.0,Safi,Lamiaa,60.0,2,1,4500.0,2026-05-11 20:49:52.546465
4836,Appartement usage Bureau ou Habitation Hivernage CTM,1100000.0,Marrakech,Hivernage,74.0,2,1,14864.86,2026-05-11 20:49:52.483453
4837,8RES EL HADI 1 R ABI DARDA.,3000000.0,Tanger,Administratif,234.0,3,2,12820.51,2026-05-11 20:49:52.483746
4838,Appartement à vendre 80 m² à Kénitra,660000.0,Kénitra,Al Maghrib Al Arabi,80.0,2,1,8250.0,2026-05-11 20:49:52.484023
4839,Appartement à vendre 189 m² à AIN DIAB EXTENSION,4000000.0,Casablanca,Aïn Diab,189.0,3,2,21164.02,2026-05-11 20:49:52.484397
4840,Appartement à vendre enregistré à Martil,580000.0,Martil,Toute La Ville,92.0,3,1,6304.35,2026-05-11 20:49:52.484761
4841,Appartement chouka à vendre 110 m² à Kénitra,930000.0,Kénitra,Seyad,110.0,3,2,8454.55,2026-05-11 20:49:52.485037
4842,Studio à vendre 78 m² à Casablanca,2300000.0,Casablanca,Casablanca Finance City,78.0,1,1,29487.18,2026-05-11 20:49:52.485524
4843,139010-Vente Appt à Casablanca Bourgogne (Sidi Belyout),2500000.0,Casablanca,Sidi Belyout,153.0,3,3,16339.87,2026-05-11 20:49:52.485709
4844,Appartement à vendre 110 m² à Kénitra,930000.0,Kénitra,Seyad,110.0,3,2,8454.55,2026-05-11 20:49:52.485800
4845,Appartement à vendre 84 m² à massira 1 Temara,920000.0,Temara,Massira 1,84.0,2,1,10952.38,2026-05-11 20:49:52.485897
4846,Magnifique appartement à vendre jardin majorelle,1600000.0,Marrakech,Majorelle,100.0,2,2,16000.0,2026-05-11 20:49:52.485986
4847,Appartement 260 m² Double Façade Cœur de Tétouan,1900000.0,Tétouan,Centre Ville,260.0,9,2,7307.69,2026-05-11 20:49:52.486183
4848,Studio à vendre / 44 m² à Casablanca / La Girande,520000.0,Casablanca,La Gironde,44.0,1,1,11818.18,2026-05-11 20:49:52.486274
4849,182181-Vente Appt à Casablanca Triangle D'Or de 15,3500000.0,Casablanca,Maarif,155.0,3,2,22580.65,2026-05-11 20:49:52.486395
4850,Joli Appartement Situé à 2 Mars Négociable.,1020000.0,Casablanca,2 Mars,116.0,3,1,8793.1,2026-05-11 20:49:52.486859
4851,30013-Vente Appt à Casablanca Californie de 269 m²,4000000.0,Casablanca,Californie,269.0,3,3,14869.89,2026-05-11 20:49:52.487136
4853,Appartements de soutien excellents à partir de 90 m²,420000.0,Azemmour,Toute La Ville,110.0,3,2,3818.18,2026-05-11 20:49:52.487318
4854,"Appartement à vendre à Jnan Zaitoun, premier étage",300000.0,Mohammedia,Autre Secteur,54.0,2,1,5555.56,2026-05-11 20:49:52.487787
4855,Bel appartement à Wifak,1350000.0,Temara,Wifak,86.0,2,1,15697.67,2026-05-11 20:49:52.488168
4856,175318-Vente Appt à Casablanca Hopitaux de 161 m²,1763555.0,Casablanca,Maarif,161.0,3,1,10953.76,2026-05-11 20:49:52.488256
4857,appartement 2 chambres Résidence Piscine,1100000.0,Marrakech,Route De Casablanca,83.0,2,1,13253.01,2026-05-11 20:49:52.488346
4858,Bel appartement à Wifak,1400000.0,Temara,Wifak,81.0,2,1,17283.95,2026-05-11 20:49:52.488657
4859,Studio à vendre 64 m² à Casablanca,2200000.0,Casablanca,Casablanca Finance City,64.0,1,1,34375.0,2026-05-11 20:49:52.488753
4860,Appartements à vendre 65 m² à Tanger,860000.0,Tanger,Ain El Hayani,65.0,2,1,13230.77,2026-05-11 20:49:52.489073
4861,3 chambres sans vis a vis Shems Bouznika Premium,980000.0,Bouznika,Quartier Industriel,87.0,3,1,11264.37,2026-05-11 20:49:52.489252
4862,Appartement à vendre 126 m² à Casablanca,1350000.0,Casablanca,Belvédère,126.0,2,2,10714.29,2026-05-11 20:49:52.489894
4863,Appartement Art Déco à vendre - 263 m²,3600000.0,Casablanca,Quartier Des Hôpitaux,263.0,4,4,13688.21,2026-05-11 20:49:52.490165
4864,Appartement à vendre 120 m² à Casablanca,1200000.0,Casablanca,La Gironde,104.0,3,1,11538.46,2026-05-11 20:49:52.490261
4865,"Appartement de luxe à vendre près de Marjane, route de Rabat",1520000.0,Tanger,Marjane,98.0,3,2,15510.2,2026-05-11 20:49:52.490592
4866,176270-Vente Appt à Casablanca Les Princesses de 1,1340000.0,Casablanca,Maarif,106.0,2,1,12641.51,2026-05-11 20:49:52.490869
4867,Duplex extraordinaire,730000.0,Marrakech,M'Hamid,104.0,3,2,7019.23,2026-05-11 20:49:52.567574
4868,Appartement de luxe dans la résidence Oscar à M'Diq,1190000.0,Mdiq,Toute La Ville,68.0,2,2,17500.0,2026-05-11 20:49:52.491484
4869,Excellent appartement à vendre complexe Nour,450000.0,Tanger,Aharrarine,56.0,2,1,8035.71,2026-05-11 20:49:52.491780
4870,Appartement à vendre 97 m² à Agadir,1500000.0,Agadir,Autre Secteur,97.0,2,2,15463.92,2026-05-11 20:49:52.491871
4871,Appartement entièrement rénové Opportunité rare,750000.0,Agadir,Tilila,60.0,2,1,12500.0,2026-05-11 20:49:52.492270
4872,Appartement à vendre 77 m² à Tanger,3000000.0,Tanger,Centre Ville,84.0,2,2,35714.29,2026-05-11 20:49:52.492358
4873,117M² entièrement rénové et idéalement situé,1295000.0,Casablanca,Abdelmoumen,117.0,2,2,11068.38,2026-05-11 20:49:52.493003
4874,VENTE RÉSIDENCE BAGDAD AL QODS BERNOUSSI 99M²,870000.0,Casablanca,Sidi Bernoussi,99.0,2,2,8787.88,2026-05-11 20:49:52.493193
4875,✨ À VENDRE – Appartement NEUF au RDC à Kénitra,820000.0,Kénitra,Bir Rami,82.0,2,2,10000.0,2026-05-11 20:49:52.493312
4876,Excellent appartement à vendre complexe Nour,450000.0,Tanger,Aharrarine,56.0,2,1,8035.71,2026-05-11 20:49:52.493412
4877,"Appartement deux façades, centre de Bouznika",430000.0,Bouznika,Autre Secteur,140.0,2,1,3071.43,2026-05-11 20:49:52.493507
4878,Appartement 146m avec garage,800000.0,Bouznika,Autre Secteur,170.0,3,2,4705.88,2026-05-11 20:49:52.493695
4879,Appartement très calme,370000.0,Berrechid,Toute La Ville,62.0,3,1,5967.74,2026-05-11 20:49:52.493885
4880,Appartement à vendre à Beit Al Mostakbal 1 à Salé,400000.0,Salé,Sidi Abdellah,50.0,2,1,8000.0,2026-05-11 20:49:52.493975
4881,Appartements à vendre 106 m² à Casablanca,1150000.0,Casablanca,Sidi Maarouf,106.0,3,2,10849.06,2026-05-11 20:49:52.494065
4882,Appartement à vendre 80 m² à Kénitra,900000.0,Kénitra,Val Fleury,85.0,2,2,10588.24,2026-05-11 20:49:52.494157
4883,Bel appartement sans vis à vis à vendre,1250000.0,Temara,Riad Oulad Mtaa,109.0,2,2,11467.89,2026-05-11 20:49:52.494247
4884,Appartement à vendre Dior Jamaa,2200000.0,Rabat,Diour Jamaa,113.0,3,2,19469.03,2026-05-11 20:49:52.494350
4885,Prix variés 68 millions 66 54 50 millions,680000.0,Martil,Toute La Ville,70.0,2,1,9714.29,2026-05-11 20:49:52.494445
4886,appartement wifak,1490000.0,Temara,Wifak,95.0,3,2,15684.21,2026-05-11 20:49:52.494721
4887,CMN-MA-2641 - Appartement à vendre à Burger,1300000.0,Casablanca,Maarif,119.0,2,1,10924.37,2026-05-11 20:49:52.495634
4888,Appartement 4ème Guéliz la résistance,550000.0,Marrakech,Guéliz,60.0,2,1,9166.67,2026-05-11 20:49:52.496196
4889,Nouvel appartement Tanger Balia,620000.0,Tanger,Tanja Balia,55.0,2,1,11272.73,2026-05-11 20:49:52.496392
4890,Appartement à vendre 49 m² à Asilah,370000.0,Asilah,Toute La Ville,49.0,1,1,7551.02,2026-05-11 20:49:52.496671
4891,3 Chambres à vendre 105 m² à Californie,1975000.0,Casablanca,Californie,115.0,3,2,17173.91,2026-05-11 20:49:52.497038
4892,"Appartement à vendre – BD Tan-Tan, Bourgogne",1800000.0,Casablanca,Bourgogne,68.0,2,1,26470.59,2026-05-11 20:49:52.497230
4893,Appart 3ch salon 87m2 près Sup de co,920000.0,Marrakech,Bd Moulay Abdellah,87.0,3,1,10574.71,2026-05-11 20:49:52.497434
4894,Appartement à vendre 134 m² à Casablanca,2250000.0,Casablanca,Gauthier,145.0,3,2,15517.24,2026-05-11 20:49:52.497929
4895,Appartement Montazah Aljadid proche Marjan,540000.0,Marrakech,Hay Charaf,50.0,2,1,10800.0,2026-05-11 20:49:52.498112
4896,Appartement lumineux à vendre,630000.0,Skhirat,Autre Secteur,64.0,2,1,9843.75,2026-05-11 20:49:52.498204
4897,Appartement à vendre 106 m² à NAKHIL TARGA,1200000.0,Marrakech,Targa,106.0,3,2,11320.75,2026-05-11 20:49:52.498401
4898,Appartement Art Déco Centre Casa,1500000.0,Casablanca,Centre Ville,94.0,2,2,15957.45,2026-05-11 20:49:52.498493
4899,Studio à vendre sur belvédère,700000.0,Casablanca,Belvédère,45.0,1,1,15555.56,2026-05-11 20:49:52.498784
4900,Appartement a vendre à Ain Sebaa 75M2,750000.0,Casablanca,Ain Sebaa,75.0,2,1,10000.0,2026-05-11 20:49:52.498966
4901,Appt haut standing Arcadia loft,1650000.0,Casablanca,Californie,97.0,2,2,17010.31,2026-05-11 20:49:52.500493
4902,appartement à vendre,360000.0,Casablanca,Sidi Bernoussi,50.0,2,1,7200.0,2026-05-11 20:49:52.500907
4903,"Appartement à vendre 65 m² à Azhar, Casablanca",470000.0,Casablanca,Sidi Bernoussi,78.0,2,1,6025.64,2026-05-11 20:49:52.501272
4904,Appartement à vendre 89 m² à Fès,450000.0,Fès,Al Hadiqa,89.0,1,2,5056.18,2026-05-11 20:49:52.501466
4905,Appartement à vendre 81 m² à Mdiq,900000.0,Mdiq,Toute La Ville,81.0,3,2,11111.11,2026-05-11 20:49:52.502147
4906,Bel appartement à vendre en centre-ville,1250000.0,Tanger,Castilla,73.0,3,1,17123.29,2026-05-11 20:49:52.502622
4907,Appartement quartier la Gironde,1135000.0,Casablanca,La Gironde,91.0,2,1,12472.53,2026-05-11 20:49:52.502811
4908,RAK-GU-1347 - Appartement à vendre à Camp Al Ghoul,1790000.0,Marrakech,El Ghoul,96.0,2,1,18645.83,2026-05-11 20:49:52.503106
4909,Hamza Appartement à vendre 63 m² à Had Soualem,200000.0,Had Soualem,Toute La Ville,63.0,2,2,3174.6,2026-05-11 20:49:52.503387
4910,Appart 88m Haut Standing Maarif Ex,1260000.0,Casablanca,Maârif Extension,88.0,2,2,14318.18,2026-05-11 20:49:52.503485
4911,appartement à vendre sans vis à vis,1300000.0,Mohammedia,La Siesta,115.0,2,1,11304.35,2026-05-11 20:49:52.503885
4912,Appartement au 2ème étage à vendre près de la mosquée Salam Anassi,460000.0,Casablanca,Sidi Moumen,58.0,2,2,7931.03,2026-05-11 20:49:52.503976
4913,Appartement de luxe à vendre à Tanger El Moujahidine,850000.0,Tanger,Moujahidine,708.0,2,1,1200.56,2026-05-11 20:49:52.504072
4914,"Deux appartements à vendre à Martil, titrés",630000.0,Martil,Toute La Ville,67.0,2,2,9402.99,2026-05-11 20:49:52.504349
4915,JOLI APPARTEMENT A VENDRE TRIANGLE D OR,2200000.0,Casablanca,Racine,108.0,2,2,20370.37,2026-05-11 20:49:52.504443
4916,Appartement à vendre 77 m² à Salé,846999.0,Salé,Mkinssia,77.0,2,1,10999.99,2026-05-11 20:49:52.504713
4917,Appartement à vendre WIFAQ,570000.0,Temara,Wifak,63.0,2,1,9047.62,2026-05-11 20:49:52.504896
4918,Grand Appartement Mhamid Avenue Nakhil,820000.0,Marrakech,M'Hamid,126.0,2,2,6507.94,2026-05-11 20:49:52.505173
4919,"Appartement 56 m², ascenseur, syndic, 5 minutes de Malabata",550000.0,Tanger,Tanja Balia,56.0,2,1,9821.43,2026-05-11 20:49:52.505355
4920,"Appartement 3 chambres 80m², ascenseur, syndic, 5 min de Malabata",750000.0,Tanger,Tanja Balia,80.0,3,1,9375.0,2026-05-11 20:49:52.505787
4921,Appartement à vendre 154 m² à Kénitra,1100000.0,Kénitra,La Ville Haute,154.0,3,3,7142.86,2026-05-11 20:49:52.505971
4922,"Appartement 74 m², ascenseur, syndic, balcon, 4 minutes de la gare",592000.0,Tanger,Tanja Balia,74.0,2,1,8000.0,2026-05-11 20:49:52.506663
4923,🏠 Appartement meublé à vendre – Haye Essalam Marrakech,400000.0,Marrakech,Hay Izdihar,48.0,1,1,8333.33,2026-05-11 20:49:52.506759
4924,Appartement à vendre 180 m² à Rabat,2400000.0,Rabat,Kébibat,180.0,3,2,13333.33,2026-05-11 20:49:52.507136
4925,Appartement à vendre 140 m² à Mohammedia,2500000.0,Mohammedia,Autre Secteur,140.0,2,2,17857.14,2026-05-11 20:49:52.507316
4926,Appartement à vendre 60 et 65m² à Temara,830000.0,Temara,Centre Ville,60.0,2,1,13833.33,2026-05-11 20:49:52.507514
4927,"Appartement meublé de 76 m², ascenseur, syndic, sur la rue",798000.0,Tanger,Tanja Balia,76.0,2,1,10500.0,2026-05-11 20:49:52.507705
4928,Appartement avec vue sur mer à Sable d'Or,910000.0,Tanger,Autre Secteur,86.0,3,2,10581.4,2026-05-11 20:49:52.507894
4929,Appartements à vendre 96 m² à Sidi Moumen près de Diar El Khalil,730000.0,Casablanca,Sidi Moumen,96.0,2,2,7604.17,2026-05-11 20:49:52.507996
4930,Appartement neuf vue Mer,3200000.0,Dar Bouazza,Toute La Ville,158.0,3,2,20253.16,2026-05-11 20:49:52.508090
4931,Appartement à vendre 110 m² à Kénitra,1200000.0,Kénitra,Saknia,112.0,3,2,10714.29,2026-05-11 20:49:52.508183
4932,"Appartement terrasse 118 m², ascenseur, syndic, 4 minutes de la gare",800000.0,Tanger,Tanja Balia,118.0,2,1,6779.66,2026-05-11 20:49:52.508387
4933,"Appartement terrasse 196 m², ascenseur, syndic, déclaration totale",1020000.0,Tanger,Tanja Balia,196.0,2,1,5204.08,2026-05-11 20:49:52.508485
4934,Appartement à vendre,550000.0,Tanger,Aouama Gharbia,100.0,2,1,5500.0,2026-05-11 20:49:52.509463
4935,Appartement ascenseur balcon vue sur la rue,450000.0,Tanger,Marjane,57.0,2,1,7894.74,2026-05-11 20:49:52.509927
4936,Appartement de 52 m² à vendre à Diyar Tanger,410000.0,Tanger,Moujahidine,52.0,2,1,7884.62,2026-05-11 20:49:52.510018
4937,Appartement à vendre 138 m² à Rabat,3750000.0,Rabat,Hay Riad,143.0,3,2,26223.78,2026-05-11 20:49:52.510214
4938,Appartement à vendre,550000.0,Tanger,Aouama Gharbia,80.0,2,1,6875.0,2026-05-11 20:49:52.510450
4939,Appartement à vendre 85 m² à Ait Melloul Agadir,550000.0,Agadir Melloul,Toute La Ville,85.0,2,1,6470.59,2026-05-11 20:49:52.510544
4940,Appartement à vendre 113 m² à Meknès,570000.0,Meknès,Hamria,113.0,3,2,5044.25,2026-05-11 20:49:52.510632
4941,Appartement à vendre à Beni Mellal,750000.0,Béni Mellal,Toute La Ville,70.0,3,1,10714.29,2026-05-11 20:49:52.510723
4942,Excellent appartement à vendre,360000.0,Casablanca,Errahma,62.0,2,1,5806.45,2026-05-11 20:49:52.511549
4943,Appartement titre à vendre 116 m² à Martil,750000.0,Martil,Toute La Ville,116.0,2,2,6465.52,2026-05-11 20:49:52.511641
4944,Appartement neuf Daam Sakane // Hay Salam,560000.0,El Jadida,Autre Secteur,70.0,3,2,8000.0,2026-05-11 20:49:52.513449
4945,Appartement neuf à vendre à SAÏDIA avec balcon,390000.0,Saidia,Toute La Ville,68.0,2,1,5735.29,2026-05-11 20:49:52.513548
4946,Appartement à vendre à Agdal,3300000.0,Rabat,Agdal,165.0,3,3,20000.0,2026-05-11 20:49:52.513737
4947,Appartement à vendre 104 m² à Belvédère,1000000.0,Casablanca,Belvédère,104.0,2,1,9615.38,2026-05-11 20:49:52.514314
4948,2 Appartement Duplex à vendre 135 m² à Temara,1540000.0,Temara,Centre Ville,135.0,3,3,11407.41,2026-05-11 20:49:52.514609
4949,BEN-BE-1083 - Appartement à vendre à Benslimane,850000.0,Benslimane,Autre Secteur,107.0,3,2,7943.93,2026-05-11 20:49:52.514702
4950,Appart 95 m2 Mandarona à côté Bd Al qods,950000.0,Casablanca,Aïn Chock,95.0,2,1,10000.0,2026-05-11 20:49:52.515466
4951,"Appartement à vendre Résidence Mimma, Avenue Safi, 3ème étage avec ascenseur",520000.0,Marrakech,Route De Safi,56.0,2,1,9285.71,2026-05-11 20:49:52.515669
4952,Appartement Alazhar Hay Hassani,560000.0,Casablanca,Hay Hassani,55.0,2,1,10181.82,2026-05-11 20:49:52.517293
4953,Appartement à vendre 80 m² à Rabat,1400000.0,Rabat,Diour Jamaa,80.0,2,1,17500.0,2026-05-11 20:49:52.517854
4954,CMN-AI-1103 - Appartement à vendre à Aïn Sebaâ,1100000.0,Casablanca,Ain Sebaa,105.0,3,3,10476.19,2026-05-11 20:49:52.518162
4955,appartement à vendre,1200000.0,Marrakech,Route De Casablanca,89.0,2,2,13483.15,2026-05-11 20:49:52.518258
4956,Appartement à vendre 100 m² à Temara,889000.0,Temara,Centre Ville,108.0,3,2,8231.48,2026-05-11 20:49:52.519514
4957,A vendre bel appartement bien ensoleillé,2480000.0,Casablanca,Racine,186.0,3,3,13333.33,2026-05-11 20:49:52.519608
4958,3 Chambres à vendre 112 m² à Californie,2010000.0,Casablanca,Californie,117.0,3,2,17179.49,2026-05-11 20:49:52.519798
4959,Appartement neuf à vendre Hay Nasr,820000.0,Temara,Autre Secteur,79.0,2,2,10379.75,2026-05-11 20:49:52.520005
4960,Appartement Meublé 66m² Boulevard Mohammed VI,580000.0,Casablanca,Al Fida,66.0,2,1,8787.88,2026-05-11 20:49:52.520106
4961,CMN-AS-1819 - Appartement à vendre à Ain Borja,1450000.0,Casablanca,Aïn Borja,131.0,3,2,11068.7,2026-05-11 20:49:52.521086
4962,CMN-MA-2648 - Appartement à vendre à Maârif,1600000.0,Casablanca,Maarif,109.0,2,2,14678.9,2026-05-11 20:49:52.521178
4963,Appartement Standing à Vendre – Lotissement Rachad,1520000.0,Casablanca,Laimoune,132.0,3,2,11515.15,2026-05-11 20:49:52.521667
4964,Bel appartement moderne deux façades 93m² à Oulfa,1150000.0,Casablanca,Oulfa,93.0,2,2,12365.59,2026-05-11 20:49:52.521759
4965,Appartement à vendre 78 m² à Marrakech,2500000.0,Marrakech,Agdal,78.0,2,2,32051.28,2026-05-11 20:49:52.521945
4966,Bel appartement en rez de jardin sur résidence,3300000.0,Marrakech,Agdal,100.0,3,2,33000.0,2026-05-11 20:49:52.522523
4967,Appartement neuf 160 m² à vendre à Wifak,2500000.0,Temara,Wifak,160.0,3,3,15625.0,2026-05-11 20:49:52.522910
4968,Appartement à vendre 70 m² à Kénitra,320000.0,Kénitra,Bir Rami,70.0,2,1,4571.43,2026-05-11 20:49:52.523514
4969,MAGNIFIQUES STUDIOS & APPARTEMENTS HAUT STANDING,1295900.0,Casablanca,Maarif,54.0,1,1,23998.15,2026-05-11 20:49:52.524188
4970,Appart à vendre 61 m² Hay Hassani,450000.0,Casablanca,Hay Hassani,61.0,2,1,7377.05,2026-05-11 20:49:52.524284
4971,Appartement à vendre Sidi Maarouf Hay Nassim Qazabri,1100000.0,Casablanca,Sidi Maarouf,106.0,3,2,10377.36,2026-05-11 20:49:52.524605
4972,Appartement à vendre 149 m² à Agdal Rabat,3500000.0,Rabat,Agdal,149.0,3,3,23489.93,2026-05-11 20:49:52.524792
4973,Appartement à vendre à Rahma,260000.0,Casablanca,Errahma,48.0,1,1,5416.67,2026-05-11 20:49:52.525258
4974,Duplex de standing 136 m2 Palmeraie Gates,2390000.0,Marrakech,Route De Casablanca,136.0,3,2,17573.53,2026-05-11 20:49:52.525780
4975,Appartements de luxe à vendre,1250000.0,Berkane,Toute La Ville,147.0,4,2,8503.4,2026-05-11 20:49:52.526535
4976,"Appartement titré à vendre, superficie 82 m²",450000.0,Larache,Toute La Ville,82.0,3,1,5487.8,2026-05-11 20:49:52.527195
4977,Appartement à vendre 91 m² à Meknès,390000.0,Meknès,Wislane,91.0,3,1,4285.71,2026-05-11 20:49:52.527287
4978,Appartement à vendre 84 m² à Berkane,600000.0,Berkane,Toute La Ville,84.0,2,1,7142.86,2026-05-11 20:49:52.527479
4979,Appartement de luxe Saidia Pieds dans l'eau,2100000.0,Saidia,Toute La Ville,180.0,2,2,11666.67,2026-05-11 20:49:52.528413
4980,LE LUXE ACCESSIBLE AU CŒUR DE BERKANE,800000.0,Berkane,Toute La Ville,120.0,3,2,6666.67,2026-05-11 20:49:52.528804
4981,"Grand Appartement meublé, quartier Burger, Maarif",2300000.0,Casablanca,Maarif,160.0,4,3,14375.0,2026-05-11 20:49:52.528895
4982,Appartement à vendre,640000.0,Tanger,Autre Secteur,64.0,2,1,10000.0,2026-05-11 20:49:52.529289
4983,Appartement à vendre quartier Salam,680000.0,Agadir,Hay Salam,53.0,2,1,12830.19,2026-05-11 20:49:52.529497
4984,Appartement à vendre 80 m² à Casablanca,860000.0,Casablanca,Oulfa,80.0,2,1,10750.0,2026-05-11 20:49:52.530525
4985,Bel appartement à Hay Chmaou Salé,750000.0,Salé,Hay Chmaou,73.0,2,1,10273.97,2026-05-11 20:49:52.531249
4986,Appartement à vendre 80 m² à Kénitra,800000.0,Kénitra,Bir Rami,80.0,3,1,10000.0,2026-05-11 20:49:52.531340
4987,Duplex excellent à vendre à Andalus Mohammedia,108000.0,Mohammedia,Autre Secteur,210.0,3,2,514.29,2026-05-11 20:49:52.531445
4988,Ahmed immo Marrakech,760000.0,Marrakech,Azzouzia,80.0,2,1,9500.0,2026-05-11 20:49:52.531744
4989,Appartement à vendre 97 m² à Fès,520000.0,Fès,Narjis,97.0,2,2,5360.82,2026-05-11 20:49:52.531845
4990,appartement à vendre,670000.0,Marrakech,Route D'Amezmiz,65.0,2,1,10307.69,2026-05-11 20:49:52.531937
4991,Appartement titré à vendre Superficie 82 m² Dispose d'un ascenseur,450000.0,Larache,Toute La Ville,82.0,3,1,5487.8,2026-05-11 20:49:52.532029
4992,Appartements neufs//Hay matar,510000.0,El Jadida,Autre Secteur,70.0,2,2,7285.71,2026-05-11 20:49:52.532125
4993,Appartement à vendre 92 m² à Tanger,800000.0,Tanger,Val Fleuri,92.0,2,1,8695.65,2026-05-11 20:49:52.532343
4994,Appartement à vendre quartier Amsernat Houta,400000.0,Agadir,Amsernate,56.0,2,1,7142.86,2026-05-11 20:49:52.532473
4995,"Appartement à vendre 80 m² à 26 millions, négociable",260000.0,Meknès,Autre Secteur,88.0,2,2,2954.55,2026-05-11 20:49:52.532754
4996,Appartement à vendre 72 m² à Tanger,560000.0,Tanger,Mghogha,72.0,3,1,7777.78,2026-05-11 20:49:52.532995
4997,Appartement à vendre à Panassé,280000.0,Casablanca,Sidi Moumen,50.0,2,1,5600.0,2026-05-11 20:49:52.533405
4998,Appartement 100m² à vendre à Hay Izdihar Marrakech,1000000.0,Marrakech,Sanaoubar,110.0,3,1,9090.91,2026-05-11 20:49:52.534072
4999,appartement massira ahbas,650000.0,Marrakech,Massira 1,74.0,2,1,8783.78,2026-05-11 20:49:52.534262
5000,Appartement à vendre,850000.0,El Jadida,Najd,145.0,3,2,5862.07,2026-05-11 20:49:52.534452
5001,"À VENDRE, APPARTEMENT, BELVÉDÈRE 🏢",1250000.0,Casablanca,Belvédère,101.0,2,2,12376.24,2026-05-11 20:49:52.534545
5002,Appartement à vendre complexe EL Nour,420000.0,Tanger,Hay Hassani,56.0,2,1,7500.0,2026-05-11 20:49:52.534658
5003,Appartement à vendre 114 m² à Casablanca,1550000.0,Casablanca,Franceville,114.0,3,2,13596.49,2026-05-11 20:49:52.535840
5004,Appartement à vendre 172 m² à Casablanca,2290000.0,Casablanca,2 Mars,172.0,3,2,13313.95,2026-05-11 20:49:52.536028
5005,Appt 115m2 à la Gironde à vendre,1300000.0,Casablanca,La Gironde,115.0,2,2,11304.35,2026-05-11 20:49:52.536544
5006,Appartement RDC Premium – Oasis,3400000.0,Casablanca,Oasis,163.0,3,2,20858.9,2026-05-11 20:49:52.537003
5007,appartement à côté Macdonald,670000.0,Marrakech,Route De Safi,54.0,2,1,12407.41,2026-05-11 20:49:52.537096
5008,Appartement à vendre à Shems Elmadina,360000.0,Benslimane,Autre Secteur,54.0,2,1,6666.67,2026-05-11 20:49:52.537189
5009,Appartement à vendre 96 m² à Casablanca,750000.0,Casablanca,Sidi Bernoussi,96.0,3,2,7812.5,2026-05-11 20:49:52.537293
5010,Projet Nasr Ouled Saleh Victoria,2800000.0,Bouskoura,Victoria,90.0,2,1,31111.11,2026-05-11 20:49:52.537394
5011,Appartement à vendre 1er étage de 100 m² à Bettana,1080000.0,Salé,Bettana,100.0,2,2,10800.0,2026-05-11 20:49:52.537709
5012,Il y a 1 appartement au 2ème étage et 2 appartements au 3ème étage,540000.0,Benslimane,Autre Secteur,70.0,3,1,7714.29,2026-05-11 20:49:52.537818
5013,Appartement à vendre 77 m² à Marrakech,800000.0,Marrakech,M'Hamid,77.0,2,2,10389.61,2026-05-11 20:49:52.537916
5014,Appartement au centre ville de Casablanca,110000.0,Casablanca,Bourgogne,92.0,3,1,1195.65,2026-05-11 20:49:52.538011
5015,Appartement meublé à vendre,380000.0,Marrakech,Les Portes De Marrakech,48.0,2,1,7916.67,2026-05-11 20:49:52.538106
5016,Appartement à vendre Av Mohammed V En Face Marina,2200000.0,Agadir,Secteur Touristique,95.0,2,2,23157.89,2026-05-11 20:49:52.538197
5017,Appartement chouiter,175000.0,Marrakech,Autre Secteur,47.0,1,1,3723.4,2026-05-11 20:49:52.538287
5018,Appartement de luxe à Ain Sbaa,1000000.0,Casablanca,Ain Sebaa,110.0,3,2,9090.91,2026-05-11 20:49:52.538389
5019,Appartement à vendre Asilah résidence Bayti Sakane,720000.0,Asilah,Toute La Ville,92.0,2,1,7826.09,2026-05-11 20:49:52.538489
5020,Appartement à vendre 116 m² à Had Soualem,480000.0,Had Soualem,Toute La Ville,136.0,3,1,3529.41,2026-05-11 20:49:52.538583
5021,Appartement à vendre 75 m² Gueliz à Marrakech,1150000.0,Marrakech,,75.0,2,2,15333.33,2026-05-11 20:49:52.538677
5022,Bel appartement à vendre avec piscine,1850000.0,Tanger,Nouinouich,101.0,3,2,18316.83,2026-05-11 20:49:52.538770
5023,appartement à vendre,770000.0,Salé,Sidi Moussa,94.0,3,2,8191.49,2026-05-11 20:49:52.538860
5024,Appartement à vendre près du café Blanco Fès,450000.0,Fès,Route Ain Chkaf,75.0,2,2,6000.0,2026-05-11 20:49:52.538951
5025,Appartement à vendre à Sidi Rahal,380000.0,Sidi Rahal,Toute La Ville,67.0,2,1,5671.64,2026-05-11 20:49:52.539042
5026,Appartement neuf à vendre à Errahma – Casablanca,380000.0,Casablanca,Errahma,51.0,2,1,7450.98,2026-05-11 20:49:52.539138
5027,Appartement meublé équipé,450000.0,Casablanca,Sidi Bernoussi,56.0,3,1,8035.71,2026-05-11 20:49:52.539229
5028,Saada 2 appartement à l'état neuf,390000.0,Martil,Toute La Ville,48.0,2,1,8125.0,2026-05-11 20:49:52.539324
5029,Appartement à vendre 125 m² en plein centre Hamria,650000.0,Meknès,Hamria,125.0,4,1,5200.0,2026-05-11 20:49:52.539422
5030,Magnifique appartement à Guéliz,2400000.0,Marrakech,Guéliz,217.0,3,2,11059.91,2026-05-11 20:49:52.539516
5031,Duplex extraordinaire,2390000.0,Marrakech,Hay Izdihar,240.0,3,3,9958.33,2026-05-11 20:49:52.539608
5032,Appartement à vendre,500000.0,Mers El Kheir,Toute La Ville,70.0,2,2,7142.86,2026-05-11 20:49:52.539703
5033,Appartement à vendre 68m² quartier aéroport,510000.0,El Jadida,Quartier Aérodrome,68.0,2,1,7500.0,2026-05-11 20:49:52.539797
5034,Appartement à vendre 76 m² à Kénitra,460000.0,Kénitra,Ouled Oujih,70.0,2,1,6571.43,2026-05-11 20:49:52.539889
5035,Appartement meublé,560000.0,Fès,Autre Secteur,95.0,3,1,5894.74,2026-05-11 20:49:52.540004
5036,3 chambres vue mer et piscine,1800000.0,Mohammedia,Centre Ville,117.0,3,2,15384.62,2026-05-11 20:49:52.540106
5037,Appartement niveau 1,460000.0,Bouskoura,Bouskoura Centre,60.0,2,1,7666.67,2026-05-11 20:49:52.540201
5038,CHAMP DE LYS LOUIZIA avec piscine,860000.0,Mohammedia,Autre Secteur,86.0,2,1,10000.0,2026-05-11 20:49:52.540293
5039,Studio avec piscine en centre-ville,850000.0,Mohammedia,Centre Ville,46.0,1,1,18478.26,2026-05-11 20:49:52.540397
5040,Appartement haut standing à vendre,2100000.0,Agadir,Founty,90.0,2,2,23333.33,2026-05-11 20:49:52.540494
5041,Appartement 3ch à Vendre | Stade Ibn Batouta,1120000.0,Tanger,Hay Hassani,85.0,3,2,13176.47,2026-05-11 20:49:52.540585
5042,Dar Bouazaa appartement vue piscine à vendre,1300000.0,Casablanca,Route D'Azemmour,90.0,2,2,14444.44,2026-05-11 20:49:52.540697
5043,Appartement à vendre 137 m² à Casablanca,1350000.0,Casablanca,Derb Omar,137.0,4,2,9854.01,2026-05-11 20:49:52.540884
5044,Appartement à vendre 98 m² à Tanger,2490000.0,Tanger,De La Plage,98.0,2,2,25408.16,2026-05-11 20:49:52.541062
5045,appartement Oued Laou,380000.0,Oued Laou,Toute La Ville,75.0,2,1,5066.67,2026-05-11 20:49:52.541155
5046,Appartement PKH 17 de 60 m2,1181300.0,Marrakech,Guéliz,60.0,2,2,19688.33,2026-05-11 20:49:52.541247
5047,Appartement à vendre 98 m² à Tanger,2490000.0,Tanger,Tanger City Center,98.0,2,2,25408.16,2026-05-11 20:49:52.541342
5048,Appartement RDC calme 64m 2ch,670000.0,Temara,Al Moustakbal,64.0,2,1,10468.75,2026-05-11 20:49:52.541443
5049,Selouane appartement 60m2 à vendre,1080000.0,Casablanca,Oulfa,60.0,2,2,18000.0,2026-05-11 20:49:52.541535
5050,Appartement meublé à Marina Golf Asilah,680000.0,Asilah,Toute La Ville,49.0,1,1,13877.55,2026-05-11 20:49:52.541628
5051,Bel appartement à vendre,690000.0,Casablanca,Hay Inara,67.0,2,1,10298.51,2026-05-11 20:49:52.541720
5052,appartement à vendre karia secteur 5,340000.0,Salé,Sala El Jadida,60.0,1,1,5666.67,2026-05-11 20:49:52.541811
5053,Appartement à vendre 58 m² à Bouznika,960000.0,Bouznika,Plage Oued Cherrat,68.0,1,2,14117.65,2026-05-11 20:49:52.541909
5054,"Appartement à vendre, Ville Nouvelle",365000.0,El Jadida,Saada,52.0,2,1,7019.23,2026-05-11 20:49:52.542002
5055,Appartement à vendre 124 m² à Nador,1300000.0,Nador,Hay Al Matar,124.0,3,2,10483.87,2026-05-11 20:49:52.542092
5056,Appartement à vendre près de la plage de M'diq,850000.0,Mdiq,Toute La Ville,82.0,2,1,10365.85,2026-05-11 20:49:52.542183
5057,Appartement à vendre 62 m² à Salé,600000.0,Salé,Hay Chmaou,74.0,2,1,8108.11,2026-05-11 20:49:52.542277
5058,Appartement excellent,350000.0,Tamesna,Toute La Ville,50.0,2,2,7000.0,2026-05-11 20:49:52.542468
5059,Agadir Bay,3750000.0,Agadir,Sonaba,210.0,3,3,17857.14,2026-05-11 20:49:52.542560
5060,APPARTEMENT À VENDRE À SAIDIA,850000.0,Saidia,Toute La Ville,110.0,2,2,7727.27,2026-05-11 20:49:52.542740
5061,Appartement RDC Le Vallon 66m,500000.0,Kénitra,Val Fleury,66.0,2,1,7575.76,2026-05-11 20:49:52.542832
5062,Appartement à vendre à Wifak Temara,650000.0,Temara,Wifak,65.0,2,1,10000.0,2026-05-11 20:49:52.542925
5063,Appartement à vendre 63 m² à Meknès,320000.0,Meknès,Hamria,63.0,3,1,5079.37,2026-05-11 20:49:52.543017
5064,JOLI APPARTEMENT 3ÈME ÉTAGE BOUSKOURRA,340000.0,Bouskoura,Bouskoura Centre,52.0,2,1,6538.46,2026-05-11 20:49:52.543112
5065,Appartement résidence sécurisée,910000.0,Casablanca,Oulfa,70.0,2,2,13000.0,2026-05-11 20:49:52.543206
5066,Appartement 3 chambres 150 m² ascenseur syndic sur le boulevard,1950000.0,Tanger,Centre Ville,150.0,3,2,13000.0,2026-05-11 20:49:52.543690
5067,"Appartement 56 m², ascenseur, syndic, 5 minutes de Malabata",550000.0,Tanger,Tanja Balia,56.0,2,1,9821.43,2026-05-11 20:49:52.543789
5068,"Appartement 3 pièces 80m, ascenseur, syndic, 5 min Malabata",750000.0,Tanger,Tanja Balia,80.0,3,1,9375.0,2026-05-11 20:49:52.543888
5069,"Appartement 74 m², ascenseur, syndic, balcon, 4 min gare",592000.0,Tanger,Tanja Balia,74.0,2,1,8000.0,2026-05-11 20:49:52.543988
5070,"Appartement meublé de 76 m², ascenseur, syndic, sur la rue",760000.0,Tanger,Tanja Balia,76.0,2,1,10000.0,2026-05-11 20:49:52.544087
5071,Appartement 4 pièces 102 m² ascenseur syndic sur rue,1070000.0,Tanger,Tanja Balia,102.0,4,1,10490.2,2026-05-11 20:49:52.544187
5072,Appartement meublé,850000.0,Martil,Toute La Ville,76.0,2,2,11184.21,2026-05-11 20:49:52.544282
5073,Appartement Haut Standing Sun Square ALMAZ,2300000.0,Casablanca,Almaz,146.0,3,2,15753.42,2026-05-11 20:49:52.544377
5074,"Appartement terrasse 118 m, ascenseur, syndic, 4 minutes de la gare",800000.0,Tanger,Tanja Balia,118.0,2,1,6779.66,2026-05-11 20:49:52.544515
5075,"Appartement terrasse 196 m², ascenseur, syndic, déclaration totale",1020000.0,Tanger,Tanja Balia,196.0,2,1,5204.08,2026-05-11 20:49:52.544614
5076,Appartement ascenseur balcon vue sur la rue,450000.0,Tanger,Marjane,57.0,2,1,7894.74,2026-05-11 20:49:52.544714
5077,Appartement avec double façade ensoleillée,890000.0,Kénitra,Al Maghrib Al Arabi,127.0,3,2,7007.87,2026-05-11 20:49:52.544900
5078,Appartement à vendre 74 m² à Kénitra,5900000.0,Kénitra,Alliance,84.0,2,2,70238.1,2026-05-11 20:49:52.545087
5079,appartement ensoleillé,560000.0,Meknès,Riad Toulal,100.0,3,2,5600.0,2026-05-11 20:49:52.545384
5080,Agdal apt hab ou bur 137 m² au RDC,2200000.0,Rabat,Agdal,137.0,2,1,16058.39,2026-05-11 20:49:52.545486
5081,Magnifique appartement avec terrasse,2600000.0,Marrakech,Agdal,110.0,2,2,23636.36,2026-05-11 20:49:52.545708
5082,Appartement à vendre à Rabat,660000.0,Rabat,Hay Nahda,86.0,2,1,7674.42,2026-05-11 20:49:52.545802
5083,"Kénitra, lotissement Mokhalif, Ain Sebaa",270000.0,Kénitra,Autre Secteur,80.0,3,1,3375.0,2026-05-11 20:49:52.545893
5084,Appartement 🏡 à vendre 📍 Tanger El Balia,1200000.0,Tanger,Tanja Balia,80.0,2,1,15000.0,2026-05-11 20:49:52.545991
5085,"Maisons Ismailia, route Akourai, près de Marjane Meknes",320000.0,Meknès,Autre Secteur,70.0,2,1,4571.43,2026-05-11 20:49:52.546091
5086,Très bel appartement à vendre à Asilah Centre,900000.0,Asilah,Toute La Ville,80.0,2,1,11250.0,2026-05-11 20:49:52.546187
5087,Bel appartement à Saïd Hajji,860000.0,Salé,Said Hajji,76.0,2,2,11315.79,2026-05-11 20:49:52.546279
5088,Superbe appartement à vendre,1020000.0,Kénitra,Val Fleury,145.0,2,2,7034.48,2026-05-11 20:49:52.546370
5089,Appartement à vendre 60 m² Doha (Marjane),380000.0,Tétouan,Autre Secteur,60.0,1,1,6333.33,2026-05-11 20:49:52.546559
5090,À VENDRE – Appartement moderne,1800000.0,Tanger,Centre Ville,80.0,2,2,22500.0,2026-05-11 20:49:52.546681
5091,Appartement Maarif à vendre,1440000.0,Casablanca,Maarif,115.0,2,2,12521.74,2026-05-11 20:49:52.546876
5092,Appartement à vendre 60 m² à dakhla oulfa,460000.0,Casablanca,Oulfa,60.0,2,1,7666.67,2026-05-11 20:49:52.547233
5093,Appartement Quartier Administratif 108,700000.0,Béni Mellal,Toute La Ville,108.0,2,2,6481.48,2026-05-11 20:49:52.547333
5094,"Appartement à vendre à Sbata, Casablanca",420000.0,Casablanca,Sbata,64.0,2,1,6562.5,2026-05-11 20:49:52.547432
5095,appartement avec piscine,990000.0,Marrakech,Route De Safi,77.0,2,2,12857.14,2026-05-11 20:49:52.547526
5096,Appartement à vendre 57 m² à Bouskoura Andalouss,550000.0,Bouskoura,Bouskoura Centre,57.0,2,1,9649.12,2026-05-11 20:49:52.547624
5097,Appartement à vendre 181 m² à Marrakech,3800000.0,Marrakech,Guéliz,181.0,3,3,20994.48,2026-05-11 20:49:52.547722
5098,Appartement à vendre 120 m² à Kénitra,1200000.0,Kénitra,La Ville Haute,118.0,3,2,10169.49,2026-05-11 20:49:52.547824
5099,Superbe appartement à vendre,870000.0,Marrakech,Hay Charaf,67.0,2,2,12985.07,2026-05-11 20:49:52.547920
5100,Vente Appartement,1650000.0,Marrakech,Route De Casablanca,104.0,2,2,15865.38,2026-05-11 20:49:52.548014
5101,Appartements titrés à vendre Martil avec ascenseur,680000.0,Martil,Toute La Ville,70.0,2,1,9714.29,2026-05-11 20:49:52.548110
5102,Appartement 2 chambres à vendre,320000.0,El Jadida,Saada,56.0,2,1,5714.29,2026-05-11 20:49:52.548207
5103,Appartement à vendre 73 m² à Martil,510000.0,Martil,Toute La Ville,73.0,2,1,6986.3,2026-05-11 20:49:52.548299
5104,Appartement à vendre 84 m² à Marrakech,1700000.0,Marrakech,Guéliz,107.0,1,1,15887.85,2026-05-11 20:49:52.548497
5105,Appartement à vendre 64 m² à Marrakech,680000.0,Marrakech,M'Hamid,71.0,2,1,9577.46,2026-05-11 20:49:52.548598
5106,Izdihar Bouskoura - 97m² – 3 chambres,950000.0,Bouskoura,Bouskoura Centre,97.0,3,2,9793.81,2026-05-11 20:49:52.548694
5107,Appartement à vendre 61 m² à Tanger,1029000.0,Tanger,Tanja Balia,86.0,2,2,11965.12,2026-05-11 20:49:52.548788
5108,Appartement à vendre 73 m² à Casablanca,670000.0,Casablanca,Oulfa,73.0,2,1,9178.08,2026-05-11 20:49:52.548889
5109,Appartement à vendre,680000.0,Salé,Said Hajji,77.0,2,1,8831.17,2026-05-11 20:49:52.548986
5110,Appartement avec jardin et piscine privés,1900000.0,Casablanca,Centre Ville,175.0,2,2,10857.14,2026-05-11 20:49:52.549077
5111,Appartement Panoramique,1200000.0,Mdiq,Toute La Ville,105.0,2,1,11428.57,2026-05-11 20:49:52.549175
5112,Appartement à vendre,850000.0,Casablanca,Aïn Borja,90.0,2,1,9444.44,2026-05-11 20:49:52.549269
5113,Appartement à vendre double façade,810000.0,Salé,Said Hajji,80.0,2,1,10125.0,2026-05-11 20:49:52.549483
5114,Appartement à vendre 74 m² à Ain Attig (Temara),435000.0,Temara,Ain Atig,74.0,2,1,5878.38,2026-05-11 20:49:52.549581
5115,Bel Appartement 101 m² à Temara,950000.0,Temara,Al Moustakbal,124.0,3,1,7661.29,2026-05-11 20:49:52.549877
5116,Yannès Mahdia Kénitra,8500000.0,Kénitra,Alliance,150.0,3,2,56666.67,2026-05-11 20:49:52.549969
5117,A vendre appartement neuf quartier Drarga,460000.0,Drargua,Toute La Ville,54.0,2,2,8518.52,2026-05-11 20:49:52.550063
5118,Excellent appartement à vendre,510000.0,Fès,Route Ain Chkaf,77.0,3,2,6623.38,2026-05-11 20:49:52.550347
5119,Appartement neuf à vendre complexe piscine,62700000.0,Tanger,Autre Secteur,57.0,2,1,1100000.0,2026-05-11 20:49:52.550445
5120,Appartement à vendre à El Majd,820000.0,Tanger,El Majd,84.0,3,2,9761.9,2026-05-11 20:49:52.550549
5121,Vente appartement Maarif RDC élevé,920000.0,Casablanca,Maârif Extension,67.0,2,1,13731.34,2026-05-11 20:49:52.550641
5122,Appartement à vendre Ain Malloul,585000.0,Tétouan,Wilaya,60.0,2,1,9750.0,2026-05-11 20:49:52.550763
5123,"Tanger Msanana, Bel Bachir",490000.0,Tanger,Mesnana,55.0,2,1,8909.09,2026-05-11 20:49:52.550857
5124,Appartement à vendre à Route De Casa MARRAKECH,760000.0,Marrakech,Route De Casablanca,55.0,2,1,13818.18,2026-05-11 20:49:52.550980
5125,Appartement à vendre 89 m² à Oujda,640000.0,Oujda,Centre Ville,89.0,2,1,7191.01,2026-05-11 20:49:52.551080
5126,À VENDRE STUDIO AVEC TERRASSE À PALMIER,1300000.0,Casablanca,Palmier,88.0,1,1,14772.73,2026-05-11 20:49:52.551180
5127,Appartement à vendre Dar Bouazza,330000.0,Dar Bouazza,Toute La Ville,56.0,2,1,5892.86,2026-05-11 20:49:52.551273
5128,Appartement à vendre 72 m² à Settat,360000.0,Settat,Toute La Ville,72.0,2,1,5000.0,2026-05-11 20:49:52.551565
5129,Appartement meublé à louer,450000.0,Kénitra,El Haddada,68.0,1,1,6617.65,2026-05-11 20:49:52.551657
5130,Exceptionnel appartement à Dar Bouazza,1900000.0,Dar Bouazza,Toute La Ville,175.0,2,2,10857.14,2026-05-11 20:49:52.551749
5131,Appartement à vendre 53 m² à Marrakech Guéliz,1335000.0,Marrakech,Guéliz,53.0,1,1,25188.68,2026-05-11 20:49:52.551842
5132,Appartement 74 m ascenseur syndic balcon 4 minutes gare,592000.0,Tanger,Tanja Balia,74.0,2,1,8000.0,2026-05-11 20:49:52.552230
5133,Appartement 106 m² à Salé à vendre,860000.0,Salé,Said Hajji,118.0,3,2,7288.14,2026-05-11 20:49:52.552328
5134,Appartement 112m EST en vente à Témara Wifak,1550000.0,Temara,Wifak,112.0,3,2,13839.29,2026-05-11 20:49:52.552427
5135,😍 Appartement élégant meublé à vendre sur le boulevard Allal El Fassi,1500000.0,Marrakech,Allal El Fassi,120.0,2,2,12500.0,2026-05-11 20:49:52.552524
5136,Appartements de luxe à vendre,630000.0,Martil,Toute La Ville,65.0,2,1,9692.31,2026-05-11 20:49:52.552820
5137,Appartement meublé à Oued Laâlou 😍,650000.0,Martil,Toute La Ville,65.0,2,1,10000.0,2026-05-11 20:49:52.553012
5138,Appartement à vendre 90 m² à Fès,430000.0,Fès,Dar Mehrez,100.0,3,2,4300.0,2026-05-11 20:49:52.553107
5139,Appartements près du quartier Mansour,370000.0,Meknès,Autre Secteur,70.0,3,1,5285.71,2026-05-11 20:49:52.553198
5140,Appartement bord de mer,815000.0,Oued Laou,Toute La Ville,87.0,2,2,9367.82,2026-05-11 20:49:52.553530
5141,Appartement à vendre 57 m² à Sidi Rahal,430000.0,Sidi Rahal,Toute La Ville,57.0,2,1,7543.86,2026-05-11 20:49:52.553644
5142,Studio à vendre 45 m² à Bourgogne,1200000.0,Casablanca,Bourgogne,45.0,1,1,26666.67,2026-05-11 20:49:52.554140
5143,Exceptionnel appartement avec piscine privée,1900000.0,Casablanca,Autre Secteur,175.0,2,2,10857.14,2026-05-11 20:49:52.554280
5144,"Appartement avec terrasse 196 m, ascenseur, syndic, déclaration totale",1020000.0,Tanger,Tanja Balia,196.0,2,1,5204.08,2026-05-11 20:49:52.554383
5145,Appartement à vendre 67 m² à Casablanca,1200000.0,Casablanca,,75.0,2,2,16000.0,2026-05-11 20:49:52.554507
5146,Vente appartement ensoleillé,580000.0,Salé,Sala El Jadida,65.0,2,1,8923.08,2026-05-11 20:49:52.554809
5147,Appartement à vendre 74 m² à Casablanca,660000.0,Casablanca,Autre Secteur,74.0,2,2,8918.92,2026-05-11 20:49:52.554904
5148,Offre du jour : appartement de luxe à prix attractif,410000.0,Mohammedia,Nassim,63.0,2,1,6507.94,2026-05-11 20:49:52.555208
5149,Oulad Tayeb Fès,4800000.0,Fès,Ouled Tayeb,120.0,4,2,40000.0,2026-05-11 20:49:52.555419
5150,Appartement à vendre 78 m² à Casablanca,920000.0,Casablanca,Al Fida,78.0,3,2,11794.87,2026-05-11 20:49:52.555733
5151,Appartement à vendre 70 m² à Casablanca,639000.0,Casablanca,Aïn Borja,70.0,2,1,9128.57,2026-05-11 20:49:52.555927
5152,"Appartement avec terrasse 118 m, ascenseur, syndic, 4 minutes de la gare",800000.0,Tanger,Tanja Balia,118.0,2,1,6779.66,2026-05-11 20:49:52.556023
5153,2ème étage à Karam à côté de Carrefour,530000.0,Berrechid,Toute La Ville,88.0,2,1,6022.73,2026-05-11 20:49:52.556220
5154,Appartement Socoma 3 chambres sans ascenseur,1000000.0,Marrakech,Socoma,106.0,3,2,9433.96,2026-05-11 20:49:52.556315
5155,Appartement à vendre 83 m² à Casablanca,830000.0,Casablanca,Sidi Moumen,83.0,3,1,10000.0,2026-05-11 20:49:52.556413
5156,Appartement à vendre 107 m² à Tanger,1400000.0,Tanger,Autre Secteur,107.0,3,2,13084.11,2026-05-11 20:49:52.556512
5157,Studio à Maârif,1300000.0,Casablanca,Maarif,88.0,1,1,14772.73,2026-05-11 20:49:52.556617
5158,"😍 Appartement à vendre, avec vue sur jardin et piscine",2200000.0,Marrakech,Av Mohammed Vi,104.0,2,2,21153.85,2026-05-11 20:49:52.556714
5159,Appartement à vendre,1050000.0,Rabat,Autre Secteur,68.0,2,2,15441.18,2026-05-11 20:49:52.556903
5160,"Appartement 57 m², ascenseur, balcon, vue sur rue",450000.0,Tanger,Marjane,57.0,2,1,7894.74,2026-05-11 20:49:52.557104
5161,Appartement meublé 76 m ascenseur syndic sur la rue,760000.0,Tanger,Tanja Balia,76.0,2,1,10000.0,2026-05-11 20:49:52.557198
5162,Appartement 117 m2 à vendre perle 3 nouaceur,1300000.0,Nouaceur,Toute La Ville,117.0,3,2,11111.11,2026-05-11 20:49:52.557300
5163,Appartement à Bayti Sakani Lwizia,340000.0,Mohammedia,Autre Secteur,54.0,2,1,6296.3,2026-05-11 20:49:52.557398
5164,Appartement à vendre 161 m² à Guéliz,2500000.0,Marrakech,Guéliz,161.0,3,2,15527.95,2026-05-11 20:49:52.557594
5165,Appartement 3 chambres 150 m² ascenseur syndic sur le Boulevard,1950000.0,Tanger,Centre Ville,150.0,3,2,13000.0,2026-05-11 20:49:52.557790
5166,Meknes Parc,200000.0,Meknès,Marjane 2,50.0,2,2,4000.0,2026-05-11 20:49:52.557909
5167,Appartement à vendre Tamanart 2,750000.0,Agadir,Ben Serguaou,60.0,2,1,12500.0,2026-05-11 20:49:52.558004
5168,Appartements neufs avec Daam Sakane 10 millions,550000.0,Larache,Toute La Ville,70.0,2,1,7857.14,2026-05-11 20:49:52.558127
5169,Appartement à vendre 72 m² à Oualidia,720000.0,Oualidia,Toute La Ville,81.0,2,2,8888.89,2026-05-11 20:49:52.558221
5170,"Appartement 56 m², ascenseur, syndic, 5 minutes de Malabata",550000.0,Tanger,Tanja Balia,56.0,2,1,9821.43,2026-05-11 20:49:52.558312
5171,MEK-ME-1082 - Appartement à vendre à Lotissemen...,490000.0,Meknès,Autre Secteur,128.0,3,2,3828.12,2026-05-11 20:49:52.558420
5172,appartement 4 chambres ascenseur Syndic 107 millions,1070000.0,Tanger,Tanja Balia,102.0,4,2,10490.2,2026-05-11 20:49:52.558627
5173,Appartement 3 chambres 80 mètres ascenseur syndic 5 minutes de Labata,750000.0,Tanger,Tanja Balia,80.0,3,1,9375.0,2026-05-11 20:49:52.558728
5174,Appart 90 m² 2 chambres salon proche Sela Park,970000.0,Temara,Skikina,90.0,2,2,10777.78,2026-05-11 20:49:52.558826
5175,Appartement indépendant à vendre,350000.0,Tétouan,Autre Secteur,112.0,2,1,3125.0,2026-05-11 20:49:52.558919
5176,Bel appartement à Bouznika proche de mer Eddoha,440000.0,Bouznika,Autre Secteur,58.0,1,1,7586.21,2026-05-11 20:49:52.559050
5177,Appartement Neuf 2Ch 2SdB 63m2 2ème étg Balcon Maarif,1512000.0,Casablanca,Maarif,63.0,2,2,24000.0,2026-05-11 20:49:52.559148
5178,APPARTEMENT À VENDRE,860000.0,Kénitra,La Ville Haute,112.0,2,2,7678.57,2026-05-11 20:49:52.559243
5179,Studio Neuf 57m2 4è étg Balcon et Terrasse Maarif,1296000.0,Casablanca,Maarif,57.0,1,1,22736.84,2026-05-11 20:49:52.559342
5180,Studio Neuf 66m2 3è étg Grande Terrasse Maarif,1200000.0,Casablanca,Maarif,66.0,1,1,18181.82,2026-05-11 20:49:52.559537
5181,Appartement à vendre,860000.0,Kénitra,La Ville Haute,112.0,2,2,7678.57,2026-05-11 20:49:52.559629
5182,Excellent appartement à vendre,11000000.0,Kénitra,Centre,140.0,3,2,78571.43,2026-05-11 20:49:52.559724
5183,Vente Appartement sans vis à vis à oulad mtaa,2700000.0,Temara,Riad Oulad Mtaa,126.0,3,2,21428.57,2026-05-11 20:49:52.559822
5184,Appartement Résidence Vizir avec piscine pour investir,1250000.0,Marrakech,Route De Casablanca,70.0,1,2,17857.14,2026-05-11 20:49:52.559915
5185,Appartement Massira avec ascenseur 81 M2,750000.0,Marrakech,Massira 1,81.0,2,2,9259.26,2026-05-11 20:49:52.560016
5186,Appartement à vendre à Massira Ait Melloul,620000.0,Ait Melloul,Toute La Ville,75.0,2,2,8266.67,2026-05-11 20:49:52.560209
5187,Petit appartement à vendre Mahdia Kénitra,170000.0,Mehdia,Toute La Ville,40.0,1,1,4250.0,2026-05-11 20:49:52.560300
5188,Appartement Horizon Parc à vendre 3 chambres salon,1200000.0,Salé,Sala El Jadida,86.0,3,2,13953.49,2026-05-11 20:49:52.560588
5189,appartement Costa mar,1800000.0,Martil,Toute La Ville,84.0,2,1,21428.57,2026-05-11 20:49:52.560686
5190,Bel Appartement à Vendre Allal Fassi,1100000.0,Marrakech,Allal El Fassi,93.0,2,2,11827.96,2026-05-11 20:49:52.560781
5191,Appartement d’exception entièrement rénové,4200000.0,Rabat,Riyad,156.0,4,2,26923.08,2026-05-11 20:49:52.560875
5192,Vente appartement,510000.0,Fès,Narjis,71.0,2,2,7183.1,2026-05-11 20:49:52.561067
5193,El Qods Maison Bernoussi,480000.0,Casablanca,Sidi Bernoussi,75.0,2,2,6400.0,2026-05-11 20:49:52.561261
5194,Appartement Mhamid Rez de chaussée,520000.0,Marrakech,M'Hamid,61.0,2,2,8524.59,2026-05-11 20:49:52.561383
5195,Appart 80 m2 pour habitation ou investissement,430000.0,Meknès,Autre Secteur,80.0,3,2,5375.0,2026-05-11 20:49:52.561487
5196,Appartement à vendre 87m ain sebaa casa,920000.0,Casablanca,Ain Sebaa,87.0,2,2,10574.71,2026-05-11 20:49:52.561696
5197,Appartement à vendre de 107m2 à 100m de la plage,820000.0,El Jadida,Corniche,107.0,3,2,7663.55,2026-05-11 20:49:52.561792
5198,OPPORTUNITÉ RARE 3 ch lumineux à Oulfa Casablanca,1200000.0,Casablanca,Oulfa,97.0,3,2,12371.13,2026-05-11 20:49:52.561913
5199,Appartement à vendre Superficie 90 m² Quartier Al Ouifaq Temara,900000.0,Temara,Wifak,90.0,2,1,10000.0,2026-05-11 20:49:52.562006
5200,Appartement à vendre,360000.0,Dar Bouazza,Toute La Ville,58.0,2,1,6206.9,2026-05-11 20:49:52.562104
5201,Appartement à vendre 120 m² à Casablanca,1680000.0,Casablanca,2 Mars,120.0,3,2,14000.0,2026-05-11 20:49:52.562294
5202,Appartement Centre Berrechid,550000.0,Berrechid,Toute La Ville,100.0,3,1,5500.0,2026-05-11 20:49:52.562393
5203,Appartement à vendre 60 m² à Bouskoura,380000.0,Bouskoura,Bouskoura Centre,60.0,2,2,6333.33,2026-05-11 20:49:52.562492
5204,Appartement Babek Rasdak et proche de la mer,530000.0,Sidi Rahal,Toute La Ville,71.0,2,1,7464.79,2026-05-11 20:49:52.562591
5205,Appartement à vendre 100 mètres,1120000.0,Casablanca,Mandarona,100.0,3,2,11200.0,2026-05-11 20:49:52.562686
5206,Appartement à vendre 99 m² à Casablanca,1150000.0,Casablanca,Mandarona,99.0,3,2,11616.16,2026-05-11 20:49:52.562781
5207,Appartement à vendre à Hay Nassim,950000.0,Casablanca,Nassim,120.0,2,2,7916.67,2026-05-11 20:49:52.562872
5208,Appartement 116 m² à Belvédère,1270000.0,Casablanca,Belvédère,116.0,2,2,10948.28,2026-05-11 20:49:52.562967
5209,T3 NEUF 77m² Vue dégagée 5e étage Route de Rabat,924000.0,Tanger,Autre Secteur,77.0,2,1,12000.0,2026-05-11 20:49:52.563062
5210,Appartement à vendre 76 m² à Casablanca,460000.0,Casablanca,Ben M'Sick,76.0,2,2,6052.63,2026-05-11 20:49:52.563346
5211,"Excellent appartement à vendre à Agadir, quartier Tlilil",570000.0,Agadir,Tilila,58.0,2,1,9827.59,2026-05-11 20:49:52.563444
5212,Appartement RDC bien aménagé,990000.0,Casablanca,Sidi Maarouf,101.0,3,2,9801.98,2026-05-11 20:49:52.563538
5213,Apparemment à vendre Massira 1..,460000.0,Marrakech,Massira 1,68.0,2,1,6764.71,2026-05-11 20:49:52.563633
5214,Appartement à vendre Martil,480000.0,Martil,Toute La Ville,70.0,1,1,6857.14,2026-05-11 20:49:52.564428
5215,"Trois appartements et un garage à vendre à Tamuda, Tétouan",1050000.0,Tétouan,Autre Secteur,70.0,7,3,15000.0,2026-05-11 20:49:52.564640
5216,Appartement à vendre 90 m² à Guercif,42000000.0,Guercif,Toute La Ville,71.0,2,1,591549.3,2026-05-11 20:49:52.564736
5217,"Appartement résidentiel à vendre, titré à Tétouan",800000.0,Tétouan,Autre Secteur,95.0,2,1,8421.05,2026-05-11 20:49:52.564878
5218,Appartement meublé 🏠 à vendre à hay Mohammadi,550000.0,Agadir,Hay Mohammadi,96.0,2,1,5729.17,2026-05-11 20:49:52.565147
5219,Appartement à vendre à Tétouan Skhna et Taamir,930000.0,Tétouan,Autre Secteur,100.0,2,1,9300.0,2026-05-11 20:49:52.565245
5220,Appartement titré à vendre avec meubles Martil,830000.0,Martil,Toute La Ville,68.0,2,1,12205.88,2026-05-11 20:49:52.565351
5221,Studio neuf haut standing à vendre,1100000.0,Tanger,Moujahidine,81.0,1,1,13580.25,2026-05-11 20:49:52.565488
5222,Appartement à vendre ou à hypothéquer,720000.0,Kénitra,Alliance,135.0,3,2,5333.33,2026-05-11 20:49:52.565587
5223,Appartement à vendre 93 m² à Casablanca Bd Taddart,1440000.0,Casablanca,Maarif,106.0,2,2,13584.91,2026-05-11 20:49:52.565778
5224,appartement moyen standing à meknes,754000.0,Meknès,Autre Secteur,111.0,2,2,6792.79,2026-05-11 20:49:52.565877
5225,JOLI APPARTEMENT A VENDRE,800000.0,Marrakech,Mabrouka,70.0,2,1,11428.57,2026-05-11 20:49:52.565977
5226,Appartement à vendre 64 m² à Wifak Temara,720000.0,Temara,Wifak,64.0,2,1,11250.0,2026-05-11 20:49:52.566070
5227,Studio Sidi Rahal 46m,390000.0,Sidi Rahal,Toute La Ville,46.0,1,1,8478.26,2026-05-11 20:49:52.566164
5228,Appartements et locaux commerciaux à vendre,410000.0,Kénitra,Bir Rami,75.0,2,1,5466.67,2026-05-11 20:49:52.566457
5229,Appartement à Mimosa au dessus de la CIH BANK,1400000.0,Kénitra,Centre,150.0,4,1,9333.33,2026-05-11 20:49:52.566554
5230,Appartement bien ensoleillé à vendre Salmia2,440000.0,Casablanca,Salmia,70.0,2,2,6285.71,2026-05-11 20:49:52.566649
5231,Vente Appartement,1700000.0,Agadir,Haut-Founty,102.0,2,2,16666.67,2026-05-11 20:49:52.566741
5232,Appartement à vendre 86 m² à Temara,1350000.0,Temara,Wifak,86.0,2,1,15697.67,2026-05-11 20:49:52.566833
5233,Appartement à louer 61 m² à Casablanca,450000.0,Casablanca,Hay Hassani,61.0,2,1,7377.05,2026-05-11 20:49:52.566932
5234,FES-AG-1113 - Appartement à vendre à Nouvelle V...,980000.0,Fès,Autre Secteur,147.0,3,1,6666.67,2026-05-11 20:49:52.567027
5235,Appartement à vendre Martil,640000.0,Martil,Toute La Ville,105.0,2,1,6095.24,2026-05-11 20:49:52.567366
5236,Appartement à Jnane Awarad à côté de Mcdo Route Casa,700000.0,Marrakech,Hay Izdihar,57.0,2,2,12280.7,2026-05-11 20:49:52.567471
5237,APPART FACE POSTE GUELIZ MACDO GUELIZ ZARA,1600000.0,Marrakech,Guéliz,86.0,2,1,18604.65,2026-05-11 20:49:52.567669
5238,Bel appartement meublé Islane,1240000.0,Agadir,Hay Mohammadi,89.0,2,1,13932.58,2026-05-11 20:49:52.567780
5239,Appartement S+2 Souterrain Vendu Titré à Al Massira 1 - 47 m²,240000.0,Béni Mellal,Toute La Ville,47.0,2,1,5106.38,2026-05-11 20:49:52.567875
5240,Appartement à vendre 114 m² à Temara,1100000.0,Temara,Abbadi,114.0,3,2,9649.12,2026-05-11 20:49:52.567970
5241,appartement,360000.0,Tiznit,Toute La Ville,47.0,2,1,7659.57,2026-05-11 20:49:52.568062
5242,Appartement à vendre à Hay Farouki,660000.0,Salé,Frougui,76.0,3,2,8684.21,2026-05-11 20:49:52.568153
5243,Appartement à vendre,520000.0,Fès,Mont Fleuri,110.0,2,1,4727.27,2026-05-11 20:49:52.568247
5244,Appartement à vendre à Martil Chebar,580000.0,Martil,Toute La Ville,80.0,2,1,7250.0,2026-05-11 20:49:52.568339
5245,Appartement à vendre à Oued Laou,860000.0,Oued Laou,Toute La Ville,85.0,2,1,10117.65,2026-05-11 20:49:52.568444
5246,Appartement Titré à vendre à Tanger Aouma,800000.0,Tanger,Aouama Gharbia,90.0,3,1,8888.89,2026-05-11 20:49:52.568674
5247,Appartement 107 m² 2 chambres avec terrasse/cour,1290000.0,Casablanca,Bourgogne,107.0,2,2,12056.07,2026-05-11 20:49:52.568771
5248,Appartement à vendre 65 m² à Casablanca,1400000.0,Casablanca,Oasis,65.0,1,1,21538.46,2026-05-11 20:49:52.569150
5249,Appartement titré à vendre à Martil,830000.0,Martil,Toute La Ville,68.0,2,1,12205.88,2026-05-11 20:49:52.569436
5250,Appartement à vendre à Martil Ahrik,580000.0,Martil,Toute La Ville,62.0,2,1,9354.84,2026-05-11 20:49:52.569534
5251,Appartement de 76m2 Habitable bien fini,480000.0,Kénitra,El Assam,84.0,2,2,5714.29,2026-05-11 20:49:52.569736
5252,Appartement à vendre à Firdaws Oulfa,52000000.0,Casablanca,Oulfa,51.0,2,1,1019607.84,2026-05-11 20:49:52.569828
5253,La Nouvelle Ville Ibn Battouta Kaznaya Tanger,300000.0,Tanger,Autre Secteur,50.0,2,1,6000.0,2026-05-11 20:49:52.569924
5254,CMN-AN-1936 - Appartement à vendre à Racine,3850000.0,Casablanca,Racine,247.0,3,2,15587.04,2026-05-11 20:49:52.570023
5255,appartement sidi rahal 71m,540000.0,Sidi Rahal,Toute La Ville,71.0,3,2,7605.63,2026-05-11 20:49:52.570212
5256,Appart à vendre 72m² à ANASSI CASA Moyen stand,579000.0,Casablanca,Sidi Moumen,72.0,2,1,8041.67,2026-05-11 20:49:52.570311
5257,Appartement à vendre à Tétouan Twilae,550000.0,Tétouan,Centre Ville,120.0,2,1,4583.33,2026-05-11 20:49:52.570412
5258,Appartement meublé Saïdia à vendre,350000.0,Saidia,Toute La Ville,57.0,2,1,6140.35,2026-05-11 20:49:52.570513
5259,Appartement Titré à vendre à Tétouan Al Hamama,800000.0,Tétouan,Centre Ville,95.0,2,1,8421.05,2026-05-11 20:49:52.570608
5260,Appartement à ne pas rater,620000.0,Meknès,Marjane 2,130.0,3,3,4769.23,2026-05-11 20:49:52.570724
5261,Appartement titré à vendre à Tétouan kuilma,580000.0,Tétouan,Autre Secteur,63.0,2,1,9206.35,2026-05-11 20:49:52.570818
5262,Joli Appartement dans résidence privée,1250000.0,Casablanca,Bourgogne,76.0,2,1,16447.37,2026-05-11 20:49:52.570917
5263,Appartement titré à vendre à Martil,390000.0,Martil,Toute La Ville,50.0,1,1,7800.0,2026-05-11 20:49:52.571015
5264,Appartement à vendre 86 m² Temara avec 3 façades,1020000.0,Temara,Centre Ville,110.0,3,2,9272.73,2026-05-11 20:49:52.571113
5265,Studio 10/20,740000.0,Casablanca,Maarif,50.0,1,1,14800.0,2026-05-11 20:49:52.571213
5266,😍 Duplex meublé haut standing avec terrasse à vendre,1900000.0,Marrakech,Allal El Fassi,136.0,2,2,13970.59,2026-05-11 20:49:52.571310
5267,CMN-HA-2059 - Appartement à vendre à CIL,2590000.0,Casablanca,C.I.L,170.0,3,2,15235.29,2026-05-11 20:49:52.571412
5268,Appartement meublé (Logement économique),490000.0,Mohammedia,Autre Secteur,70.0,3,2,7000.0,2026-05-11 20:49:52.571504
5269,CMN-AN-1933 - Appartement à vendre à Racine,1600000.0,Casablanca,Racine,112.0,3,2,14285.71,2026-05-11 20:49:52.571799
5270,RAK-ME-1041 - Appartement à vendre à Mhamid,729000.0,Marrakech,M'Hamid,104.0,3,3,7009.62,2026-05-11 20:49:52.571894
5271,Appartement à vendre 64 m² à Tanger,950000.0,Tanger,Autre Secteur,64.0,2,1,14843.75,2026-05-11 20:49:52.571987
5272,🏡 Appartement à vendre 📍 TANGER EL BALIA,1800000.0,Tanger,Tanja Balia,111.0,3,2,16216.22,2026-05-11 20:49:52.572133
5273,Appartement à vendre 111 m² à Tanger,1800000.0,Tanger,Tanja Balia,111.0,3,2,16216.22,2026-05-11 20:49:52.572235
5274,Appartement 🏡 à vendre 📍 Tanger El Balia,1800000.0,Tanger,Tanja Balia,111.0,3,2,16216.22,2026-05-11 20:49:52.572334
5275,Appartement à vendre 115 m² à Salé,1200000.0,Salé,Tabriquet,115.0,3,2,10434.78,2026-05-11 20:49:52.572542
5276,APPARTEMENT À VENDRE AV HASSAN 2,980000.0,Tétouan,Autre Secteur,148.0,4,2,6621.62,2026-05-11 20:49:52.572635
5277,Appartement très bien situé,650000.0,Dar Bouazza,Toute La Ville,72.0,2,2,9027.78,2026-05-11 20:49:52.572737
5278,Appartement à vendre nouveau,540000.0,Asilah,Toute La Ville,62.0,2,1,8709.68,2026-05-11 20:49:52.572832
5279,Appartement presque neuf,439000.0,Tanger,Boukhalef,58.0,2,1,7568.97,2026-05-11 20:49:52.572928
5280,Appartement économique à prix abordable à Bouznika,450000.0,Bouznika,Autre Secteur,70.0,2,2,6428.57,2026-05-11 20:49:52.573121
5281,Appartement économique à prix abordable à Bournazil,520000.0,Casablanca,Bournazil,60.0,2,1,8666.67,2026-05-11 20:49:52.573222
5282,Appartements. Avec soutien,470000.0,Benslimane,Autre Secteur,180.0,2,2,2611.11,2026-05-11 20:49:52.573517
5283,"Appartement avec ascenseur, rue principale, excellent emplacement",380000.0,Bouznika,Autre Secteur,60.0,2,1,6333.33,2026-05-11 20:49:52.573636
5284,Appartement à vendre à Na3im Oulfa Casa,450000.0,Casablanca,Oulfa,52.0,2,1,8653.85,2026-05-11 20:49:52.573737
5285,Appartement à vendre 72 m² à Salé,580000.0,Salé,Sala El Jadida,80.0,2,1,7250.0,2026-05-11 20:49:52.573838
5286,Très joli appartement,1650000.0,Casablanca,Almaz,143.0,3,3,11538.46,2026-05-11 20:49:52.573935
5287,Appartement,570000.0,Berkane,Toute La Ville,98.0,2,1,5816.33,2026-05-11 20:49:52.574028
5288,Appt Titré de 84 m2 à 2 façades,350000.0,Fès,Zouagha,128.0,2,1,2734.38,2026-05-11 20:49:52.574120
5289,appartement a vendre 0695995803,850000.0,Berrechid,Toute La Ville,95.0,3,2,8947.37,2026-05-11 20:49:52.574208
5290,Appartement à vendre 78 m² à Larache,650000.0,Larache,Toute La Ville,78.0,2,1,8333.33,2026-05-11 20:49:52.574304
5291,Appt au 1er étage de 85 M2,350000.0,Fès,Zouagha,128.0,2,1,2734.38,2026-05-11 20:49:52.574401
5292,Appartement 75 m2,720000.0,Casablanca,Roches Noires,75.0,2,1,9600.0,2026-05-11 20:49:52.574493
5293,Appartement près de l'usine Dolidol,270000.0,Dar Bouazza,Toute La Ville,60.0,2,1,4500.0,2026-05-11 20:49:52.574586
5294,Appartement à vendre à Dar Bouazza près de la mer,330000.0,Dar Bouazza,Toute La Ville,58.0,2,1,5689.66,2026-05-11 20:49:52.574683
5295,Garçonnière à vendre,180000.0,Kénitra,Autre Secteur,40.0,1,1,4500.0,2026-05-11 20:49:52.574781
5296,Appartement 3 chambres Kénitra,810000.0,Kénitra,Al Maghrib Al Arabi,110.0,3,2,7363.64,2026-05-11 20:49:52.575220
5297,Très bon appartement à vendre,470000.0,Asilah,Toute La Ville,61.0,2,1,7704.92,2026-05-11 20:49:52.575639
5298,appartement a vendre,500000.0,Bouznika,Autre Secteur,76.0,2,1,6578.95,2026-05-11 20:49:52.575731
5299,Appartement Majorelle à vendre,2100000.0,Marrakech,Guéliz,120.0,2,2,17500.0,2026-05-11 20:49:52.575851
5300,Superbe appartement à vendre dans le quartier de Guenzana,450000.0,Tanger,Autre Secteur,52.0,2,1,8653.85,2026-05-11 20:49:52.576052
5301,Appartement à vendre 71 m² à Casablanca,530000.0,Casablanca,Sidi Moumen,71.0,2,1,7464.79,2026-05-11 20:49:52.576150
5302,Appartement à vendre à Asilah,290000.0,Asilah,Toute La Ville,50.0,1,1,5800.0,2026-05-11 20:49:52.576249
5303,Appartement à vendre 76 m² à Salé,970000.0,Salé,Sala El Jadida,76.0,2,3,12763.16,2026-05-11 20:49:52.576346
5304,Appartement AlWifak Temara à vendre,1400000.0,Temara,Wifak,144.0,2,2,9722.22,2026-05-11 20:49:52.576482
5305,Appartement neuf à vendre,1250000.0,Temara,Wifak,89.0,2,2,14044.94,2026-05-11 20:49:52.576581
5306,3 chambres salon terrasse haut standing Socrate,2100000.0,Casablanca,Maârif Extension,228.0,3,2,9210.53,2026-05-11 20:49:52.576677
5307,Appartement El Jadida avec terrasse privée,700000.0,El Jadida,Saada,97.0,1,1,7216.49,2026-05-11 20:49:52.576823
5308,Appartement à vendre Tanger Balia,750000.0,Tanger,Tanja Balia,56.0,2,1,13392.86,2026-05-11 20:49:52.576916
5309,Appartement à vendre 100 m² à Tanger,3500000.0,Tanger,Manar,100.0,2,2,35000.0,2026-05-11 20:49:52.577114
5310,Appartement de 77 m² à Sidi Maarouf Lot Dandoune,660000.0,Casablanca,Sidi Maarouf,96.0,3,1,6875.0,2026-05-11 20:49:52.577302
5311,"Appartement terrasse 118 m², ascenseur, syndic, caméras de surveillance",800000.0,Tanger,Tanja Balia,118.0,2,1,6779.66,2026-05-11 20:49:52.577548
5312,Appartement balcon ascenseur vue sur la rue,450000.0,Tanger,Marjane,57.0,2,1,7894.74,2026-05-11 20:49:52.577742
5313,Appartement 74 m ascenseur syndic balcon 4 minutes gare,592000.0,Tanger,Tanja Balia,74.0,2,1,8000.0,2026-05-11 20:49:52.578072
5314,"Appartement à vendre 84 m² à Hay Adil, Hay Massira",680000.0,Casablanca,Hay Mohammadi,84.0,4,2,8095.24,2026-05-11 20:49:52.578173
5315,Appartement 4 pièces 102 m² ascenseur syndic sur rue,1070000.0,Tanger,Tanja Balia,102.0,4,2,10490.2,2026-05-11 20:49:52.578285
5316,Appartement de luxe R2 dans un endroit calme,590000.0,El Jadida,Hay Essalam,80.0,2,2,7375.0,2026-05-11 20:49:52.578387
5317,"Appartement Terrasse 196 m, Ascenseur, Syndic, Déclaration Totale",1020000.0,Tanger,Tanja Balia,196.0,2,1,5204.08,2026-05-11 20:49:52.578483
5318,Des appartements à vendre,800000.0,Meknès,Hamria,120.0,2,2,6666.67,2026-05-11 20:49:52.578582
5319,Appartement à vendre 69 m² à Ksar el-Kebir,850000.0,Ksar El-Kebir,Toute La Ville,69.0,2,2,12318.84,2026-05-11 20:49:52.578769
5320,"Appartement à vendre à Jnane Zitoun, au 1er étage",300000.0,Mohammedia,Autre Secteur,54.0,2,1,5555.56,2026-05-11 20:49:52.578862
5321,CMN-AI-1102 - Appartement à vendre à Aïn Sebaâ,945000.0,Casablanca,Ain Sebaa,74.0,2,1,12770.27,2026-05-11 20:49:52.578968
5322,Appartement à vendre à Marrakech Socoma,1000000.0,Marrakech,Socoma,106.0,3,2,9433.96,2026-05-11 20:49:52.579061
5323,Appartement à vendre 90 m² à Agadir,1400000.0,Agadir,Av Des Far,90.0,3,2,15555.56,2026-05-11 20:49:52.579155
5324,RAK-GU-1346 - Appartement à vendre à Semlalia,850000.0,Marrakech,Semlalia,91.0,2,1,9340.66,2026-05-11 20:49:52.579245
5325,RAK-AN-1075 - Appartement à vendre à Amelkis,2499000.0,Marrakech,Amelkis,125.0,2,2,19992.0,2026-05-11 20:49:52.579339
5326,Appartement à vendre 98 m² à Marrakech,1800000.0,Marrakech,Victor Hugo,98.0,2,1,18367.35,2026-05-11 20:49:52.579557
5327,Appartement meublé 76m à vendre,660000.0,Bouskoura,Bouskoura Centre,76.0,2,2,8684.21,2026-05-11 20:49:52.579653
5328,Appartement neuf 3 chambres Salon Hay Mohammadi,960000.0,Agadir,Hay Mohammadi,76.0,3,2,12631.58,2026-05-11 20:49:52.579765
5329,Appartement à vendre 79 m² à Sidi Rahal,560000.0,Sidi Rahal,Toute La Ville,79.0,2,2,7088.61,2026-05-11 20:49:52.579863
5330,Appartement à vendre 64 m² à Agadir,750000.0,Agadir,Cité Adrar,64.0,2,2,11718.75,2026-05-11 20:49:52.579961
5331,appartement à vendre Val Fleuri,1000000.0,Tanger,Val Fleuri,90.0,3,1,11111.11,2026-05-11 20:49:52.580053
5332,Appartement deux chambres deux salles de bains,880000.0,Kénitra,Centre,120.0,2,2,7333.33,2026-05-11 20:49:52.580149
5333,Appartement à vendre 82 m² à Selouane,640000.0,Selouane,Toute La Ville,82.0,2,1,7804.88,2026-05-11 20:49:52.580249
5334,Appartement neuf à Hay Mohammadi,840000.0,Agadir,Hay Mohammadi,63.0,2,2,13333.33,2026-05-11 20:49:52.580340
5335,Appartement Neuf Haut Standing sans vis à vis,1900000.0,Casablanca,Oasis,80.0,2,2,23750.0,2026-05-11 20:49:52.580443
5336,Appartement à vendre à AGDAL RABAT,2300000.0,Rabat,Agdal,120.0,3,2,19166.67,2026-05-11 20:49:52.580539
5337,Appartement avec soutien d'ita,670000.0,Bouznika,Autre Secteur,75.0,2,2,8933.33,2026-05-11 20:49:52.580636
5338,Appartement à vendre,420000.0,Rabat,El Youssoufia,50.0,1,1,8400.0,2026-05-11 20:49:52.580932
5339,"Appartement à vendre 181 m² avec terrasse, Racine",3100000.0,Casablanca,Racine,181.0,3,3,17127.07,2026-05-11 20:49:52.581536
5340,Appartement à vendre à Tanger Jnan Bouregreg,650000.0,Tanger,Autre Secteur,60.0,2,1,10833.33,2026-05-11 20:49:52.583390
5341,Appartement familial à vendre 65 m²,420000.0,Salé,Frougui,65.0,2,1,6461.54,2026-05-11 20:49:52.584957
5342,Jade - Vue Golf et piscine,1600000.0,Marrakech,Agdal,47.0,1,1,34042.55,2026-05-11 20:49:52.588202
5343,Appartement à vendre,490000.0,Salé,Hay Chmaou,66.0,2,1,7424.24,2026-05-11 20:49:52.590602
5344,Appartement 118 m² à vendre - Rabat Agdal,2100000.0,Rabat,Agdal,118.0,3,1,17796.61,2026-05-12 14:53:15.608106
5345,Appartement de 90 m2 double façades à vendre,800000.0,Marrakech,Azzouzia,90.0,2,2,8888.89,2026-05-12 14:53:15.608313
5346,Excellent appartement à vendre,340000.0,Safi,Lamiaa,65.0,2,2,5230.77,2026-05-12 14:53:15.609126
5347,Appartement à vendre 1er étage Firdaws Oulfa,500000.0,Casablanca,Oulfa,56.0,2,1,8928.57,2026-05-12 14:53:15.609223
5348,À vendre – Superbe appartement à Bouskoura,2790000.0,Bouskoura,Ville Verte,119.0,3,2,23445.38,2026-05-12 14:53:15.609355
5349,Appartement à vendre à Berrechid,860000.0,Berrechid,Toute La Ville,120.0,3,1,7166.67,2026-05-12 14:53:15.609747
5350,Appartement Sidi Moumen,390000.0,Casablanca,Sidi Moumen,49.0,2,1,7959.18,2026-05-12 14:53:15.609844
5351,Magnifique appartement à vendre Targa,2100000.0,Marrakech,Targa,97.0,2,1,21649.48,2026-05-12 14:53:15.610180
5352,Appartement à vendre,300000.0,Mohammedia,Autre Secteur,52.0,2,1,5769.23,2026-05-12 14:53:15.610423
5353,Appartement Meublé Équipé à Casablanca Californie,2500000.0,Casablanca,Aïn Chock,144.0,3,3,17361.11,2026-05-12 14:53:15.612195
5354,Appartement à vendre 58 m² à Skhirat,320000.0,Skhirat,Autre Secteur,63.0,2,1,5079.37,2026-05-12 14:53:15.612902
5355,Appartement à vendre,590000.0,Casablanca,Al Madina Aljadida,70.0,2,1,8428.57,2026-05-12 14:53:15.613024
5356,Bel appartement à vendre,830000.0,Salé,Hay Karima,97.0,3,1,8556.7,2026-05-12 14:53:15.613534
5357,Salon 2 chambres 80 m² résidence fermée Victoria,640000.0,Bouskoura,Victoria,71.0,2,2,9014.08,2026-05-12 14:53:15.614566
5358,Appartement à vendre dans la ville nouvelle,2000000.0,Agadir,Secteur Touristique,134.0,2,3,14925.37,2026-05-12 14:53:15.616281
5359,Appartement à vendre 67 m² à Meknès,285000.0,Meknès,,67.0,2,1,4253.73,2026-05-12 14:53:15.616906
5360,VENTE APPARTEMENT à AGDAL IBN SINA,2400000.0,Rabat,Agdal,118.0,3,1,20338.98,2026-05-12 14:53:15.618253
5361,Appartement à vendre 73 m² à Casablanca ANASSI,600000.0,Casablanca,Sidi Moumen,73.0,2,2,8219.18,2026-05-12 14:53:15.618555
5362,Appartement de souplex de 87 m²,600000.0,El Jadida,Mouilha,87.0,2,1,6896.55,2026-05-12 14:53:15.619426
5363,Appartement Prestigieux au Véritable Hivernage,3000000.0,Marrakech,Hivernage,180.0,2,2,16666.67,2026-05-12 14:53:15.621125
5364,ATHENA 25 Magnifique Studio Avec Grande Terrasse,870000.0,Marrakech,Route De Casablanca,72.0,1,1,12083.33,2026-05-12 14:53:15.621454
5365,Appartement 90m² à Casa avec son salon meublé,680000.0,Casablanca,Sidi Bernoussi,90.0,2,1,7555.56,2026-05-12 14:53:15.621691
5366,Appartement excellent dans une piscine,840000.0,Benslimane,Autre Secteur,84.0,2,1,10000.0,2026-05-12 14:53:15.621895
5367,Appartement à vendre 103 m² à Agdal,2500000.0,Rabat,Agdal,103.0,3,1,24271.84,2026-05-12 14:53:15.622261
5368,Appartement à vendre 176 m² à Bouznika,1100000.0,Bouznika,Autre Secteur,200.0,3,2,5500.0,2026-05-12 14:53:15.622465
5369,Appartement à vendre 176 m² à Bouznika,1100000.0,Bouznika,Autre Secteur,200.0,3,2,5500.0,2026-05-12 14:53:15.623111
5370,Appartement haut standing vue sur mer à Malabata,2211000.0,Tanger,Centre Ville,67.0,2,2,33000.0,2026-05-12 14:53:15.623220
5371,Grand appart T3 à Bab Doukkala vue panoramique,1400000.0,Marrakech,Bab Doukkala,122.0,2,1,11475.41,2026-05-12 14:53:15.623781
5372,Excellent studio à vendre – Ferme Bretonne – 46 m²,1150000.0,Casablanca,Ferme Bretone,46.0,1,1,25000.0,2026-05-12 14:53:15.626599
5373,Derniers appartements de 67 à 71m² à La Gironde,724000.0,Casablanca,La Gironde,71.0,2,2,10197.18,2026-05-12 14:53:15.627123
5374,Excellent appartement à vendre.,300000.0,Casablanca,Lissasfa,70.0,3,2,4285.71,2026-05-12 14:53:15.627433
5375,Excellent appartement avec ascenseur,360000.0,Ait Melloul,Toute La Ville,56.0,2,1,6428.57,2026-05-12 14:53:15.628087
5376,Appartement à vendre 176 m² à Bouznika,1100000.0,Bouznika,Autre Secteur,200.0,3,2,5500.0,2026-05-12 14:53:15.628188
5377,Superbe appartement avec ascenseur quartier calme,360000.0,Agadir,Autre Secteur,56.0,2,1,6428.57,2026-05-12 14:53:15.629152
5378,Bel appartement Izdihar,1000000.0,Marrakech,Hay Izdihar,76.0,2,1,13157.89,2026-05-12 14:53:15.630619
5379,Appartement à vendre 88 m² Les Jardins de la Coupole,1236400.0,Agadir,Av Mokawama,88.0,3,1,14050.0,2026-05-12 14:53:15.630738
5380,Appartement à vendre à Bourgogne,1350000.0,Casablanca,Bourgogne,163.0,3,3,8282.21,2026-05-12 14:53:15.630949
5381,Appartement à vendre 82 m² à Mohammedia,1160000.0,Mohammedia,Quartier Du Parc,127.0,4,2,9133.86,2026-05-12 14:53:15.631105
5382,Appartement à Belbachir Kawacim,450000.0,Tanger,Moujahidine,56.0,2,1,8035.71,2026-05-12 14:53:15.631341
5383,Appartement haut standing meublé à vendre,1500000.0,Casablanca,Derb Ghallef,116.0,3,2,12931.03,2026-05-12 14:53:15.632003
5384,Appartement à vendre 97 m² à Mohammedia,1390000.0,Mohammedia,Quartier Du Parc,137.0,4,3,10145.99,2026-05-12 14:53:15.632132
5385,Studio 52m Proche La Gare Oasis,1200000.0,Casablanca,Oasis,52.0,1,1,23076.92,2026-05-12 14:53:15.632753
5386,Appartement à vendre,400000.0,Temara,Ain Atig,60.0,2,1,6666.67,2026-05-12 14:53:15.632856
5387,Terrain à vendre près de Cityclub,260000.0,Sidi Bouzid,Toute La Ville,54.0,2,1,4814.81,2026-05-12 14:53:15.632978
5388,Appartement à vendre à Abaqil,60000000.0,Tanger,Mesnana,62.0,2,1,967741.94,2026-05-12 14:53:15.633749
5389,"Appartement 56 m², ascenseur, syndic, 5 minutes de Malabata",550000.0,Tanger,Tanja Balia,56.0,2,1,9821.43,2026-05-12 14:53:15.633982
5390,Vente appartement à Sidi Moumen,710000.0,Casablanca,Sidi Moumen,98.0,2,2,7244.9,2026-05-12 14:53:15.636601
5391,"Appartement 74m², ascenseur, syndic, balcon, 4 minutes de la gare",592000.0,Tanger,Tanja Balia,74.0,2,1,8000.0,2026-05-12 14:53:15.637927
5392,Appartement à vendre avec jardin terrasse arrière,950000.0,Tanger,Marjane,115.0,3,2,8260.87,2026-05-12 14:53:15.638430
5393,Appartement meublé 76 m ascenseur syndic sur la rue,798000.0,Tanger,Tanja Balia,76.0,2,1,10500.0,2026-05-12 14:53:15.638534
5394,Appartement haut standing,2400000.0,Mohammedia,Quartier Du Parc,136.0,3,2,17647.06,2026-05-12 14:53:15.638741
5395,Appartement avec grand terrasse à Guéliz,2650000.0,Marrakech,Guéliz,154.0,3,3,17207.79,2026-05-12 14:53:15.639061
5396,Appartement à la corniche,1850000.0,Mohammedia,Corniche,85.0,2,1,21764.71,2026-05-12 14:53:15.639394
5397,Appartement de luxe de 125 m² à vendre,800000.0,Fès,Route Ain Chkaf,125.0,3,2,6400.0,2026-05-12 14:53:15.639495
5398,Appartement 2 ch à côté Car Eden 2 min à pied,1700000.0,Marrakech,Guéliz,67.0,2,1,25373.13,2026-05-12 14:53:15.641173
5399,📢 Annonce de vente – Appartement meublé à Azdehar Marrakech,370000.0,Marrakech,Hay Izdihar,53.0,2,1,6981.13,2026-05-12 14:53:15.641316
5400,Appartement 3 chambres 150m² ascenseur syndic sur le boulevard,1950000.0,Tanger,Centre Ville,150.0,3,2,13000.0,2026-05-12 14:53:15.641440
5401,Bernoussi Al Qods Africa,650000.0,Casablanca,Sidi Bernoussi,85.0,3,2,7647.06,2026-05-12 14:53:15.641649
5402,Appartement meublé à vendre,480000.0,Sidi Yahya Zaer,Toute La Ville,70.0,2,1,6857.14,2026-05-12 14:53:15.642129
5403,Quartier Hassan Rabat,2500000.0,Rabat,Hassan,113.0,3,2,22123.89,2026-05-12 14:53:15.643749
5404,Appartement 3 chambres 80 mètres ascenseur syndic 5 minutes de Labata,750000.0,Tanger,Tanja Balia,80.0,3,1,9375.0,2026-05-12 14:53:15.643852
5405,Nouveau projet à Malabata Hills,3150000.0,Tanger,Sania,130.0,3,2,24230.77,2026-05-12 14:53:15.643958
5406,Appartement à vendre 204 m² à Casablanca,960000.0,Casablanca,Sidi Moumen,204.0,2,2,4705.88,2026-05-12 14:53:15.644839
5407,DUPLEX À VENDRE DANS UNE RÉSIDENCE FERMÉE,1650000.0,Casablanca,Bourgogne,92.0,3,2,17934.78,2026-05-12 14:53:15.645200
5408,Appartement à vendre II Tamesna,630000.0,Tamesna,Toute La Ville,65.0,2,2,9692.31,2026-05-12 14:53:15.646130
5409,DAR-DA-1099 - Appartement à vendre à Errahma,1100000.0,Dar Bouazza,Toute La Ville,93.0,3,2,11827.96,2026-05-12 14:53:15.646250
5410,Appartement 3 chambres 93 m ascenseur syndic balcon,744000.0,Tanger,Tanja Balia,93.0,3,1,8000.0,2026-05-12 14:53:15.646463
5411,"Appartement 4 pièces 102m², ascenseur, syndic, balcon sur rue",1070000.0,Tanger,Tanja Balia,102.0,4,2,10490.2,2026-05-12 14:53:15.647755
5412,"Appartement avec terrasse 118 m², ascenseur, syndic, 4 minutes de la gare",800000.0,Tanger,Tanja Balia,118.0,2,1,6779.66,2026-05-12 14:53:15.648111
5413,Duplex à vendre Hay Charaf près de la mosquée et Clinique Jabrane,750000.0,Béni Mellal,Toute La Ville,102.0,2,2,7352.94,2026-05-12 14:53:15.648326
5414,"Appartement terrasse 196 m, syndic ascenseur, déclaration totale",1020000.0,Tanger,Tanja Balia,196.0,2,1,5204.08,2026-05-12 14:53:15.648653
5415,MOH-MHD-1001 - Appartement à vendre à Hassan 2,2430000.0,Mohammedia,Autre Secteur,164.0,3,2,14817.07,2026-05-12 14:53:15.648760
5416,Appartement à vendre à Salé - Bettana,860000.0,Salé,Bettana,98.0,2,1,8775.51,2026-05-12 14:53:15.648867
5417,Appartement à vendre à Béni Yakhlef Louizia,450000.0,Béni Yakhlef,Toute La Ville,65.0,3,2,6923.08,2026-05-12 14:53:15.650385
5418,Bel appartement à vendre Quartier Hurriya 72m,680000.0,Mohammedia,Hay Al Horria,72.0,2,1,9444.44,2026-05-12 14:53:15.652211
5419,CMN-SI-1968 - Appartement à vendre à Bourgogne Est,1550000.0,Casablanca,Bourgogne,140.0,2,1,11071.43,2026-05-12 14:53:15.652930
5420,Appartement à vendre 50 m² à Tanger Gzennaya,360000.0,Tanger,Autre Secteur,50.0,2,1,7200.0,2026-05-12 14:53:15.653195
5421,Appartement moderne Prestigia Marrakech,1350000.0,Marrakech,Agdal,60.0,1,1,22500.0,2026-05-12 14:53:15.653773
5422,APPARTEMENT 79M² À 5 MIN DE LA PLAGE,540000.0,El Jadida,Corniche,79.0,2,1,6835.44,2026-05-12 14:53:15.655516
5423,Appartements de rêve exceptionnels sur rue 100m 115m 130m,860000.0,Had Soualem,Toute La Ville,130.0,5,2,6615.38,2026-05-12 14:53:15.656212
5424,Appartement à vendre 170 m² à Mohammedia,999999.0,Mohammedia,El Alia,85.0,4,2,11764.69,2026-05-12 14:53:15.656957
5425,Appartement à vendre 87 m² à Casablanca,980000.0,Casablanca,Sidi Maarouf,87.0,2,2,11264.37,2026-05-12 14:53:15.657206
5426,Appartement à vendre,1320000.0,Tanger,Autre Secteur,94.0,3,2,14042.55,2026-05-12 14:53:15.657314
5427,Appartement à vendre dans la résidence Assalam près du stade et des souks Assalam,830000.0,Tanger,Marjane,72.0,2,1,11527.78,2026-05-12 14:53:15.657663
5428,Excellent appartement à vendre à Temara près de la direction de Rabat,1250000.0,Temara,Autre Secteur,112.0,2,2,11160.71,2026-05-12 14:53:15.659218
5429,Appartement à vendre à Farh Salam Oulfa,230000.0,Casablanca,Oulfa,45.0,2,1,5111.11,2026-05-12 14:53:15.659555
5430,Appartement à vendre 49 m² à Casablanca,400000.0,Casablanca,Oulfa,49.0,2,1,8163.27,2026-05-12 14:53:15.659661
5431,VENTE APPARTEMENT AV HASSAN 2,980000.0,Tétouan,Autre Secteur,148.0,4,2,6621.62,2026-05-12 14:53:15.660245
5432,Appartement à vendre 208 m² à Meknès HAMRIA,1850000.0,Meknès,Hamria,208.0,3,2,8894.23,2026-05-12 14:53:15.660569
5433,Appartement belle occasion Californie,1700000.0,Casablanca,Californie,115.0,3,2,14782.61,2026-05-12 14:53:15.662209
5434,Appartement à vendre 88 m² à Had Soualem,710000.0,Had Soualem,Toute La Ville,88.0,3,2,8068.18,2026-05-12 14:53:15.663199
5435,Super appartements à vendre Marjane,490000.0,Meknès,Autre Secteur,110.0,3,2,4454.55,2026-05-12 14:53:15.663305
5436,Super appartements à vendre Meknès,520000.0,Meknès,Autre Secteur,110.0,3,2,4727.27,2026-05-12 14:53:15.663723
5437,Appartement à vendre Iken Park Founty,2800000.0,Agadir,Founty,114.0,2,2,24561.4,2026-05-12 14:53:15.665132
5438,Appartement à vendre,650000.0,Tanger,Autre Secteur,65.0,3,1,10000.0,2026-05-12 14:53:15.667139
5439,Appartement à vendre 1er étage Anza Supérieure avec soutien,600000.0,Agadir,Anza,65.0,2,2,9230.77,2026-05-12 14:53:15.667467
5440,"Appartements à vendre à Haut Anza, immeuble privé avec aide",580000.0,Agadir,Anza,58.0,2,1,10000.0,2026-05-12 14:53:15.667819
5441,Appartement à vendre à Dyar Al Nakil près de Marjane,460000.0,Marrakech,Es Saada,58.0,2,1,7931.03,2026-05-12 14:53:15.670723
5442,Appartement à vendre à Had Soualem,250000.0,Casablanca,Autre Secteur,64.0,2,1,3906.25,2026-05-12 14:53:15.676219
5443,Vente Appartement 4 pièces de 153 m2 à Casablanca,2100000.0,Casablanca,Les Princesses,153.0,3,2,13725.49,2026-05-12 14:53:15.680752
5444,Appartements de luxe près de la mosquée Moulay Melliana,690000.0,Meknès,Autre Secteur,96.0,3,2,7187.5,2026-05-12 14:53:15.734288
5445,Appartement à vendre 78 m² à El Mansouria,940000.0,El Mansouria,Toute La Ville,78.0,2,2,12051.28,2026-05-07 14:31:06.348122
5446,Appartement à vendre 61 m² à Marrakech,1530000.0,Marrakech,Guéliz,61.0,1,1,25081.97,2026-05-07 14:31:06.349272
5447,Appartement à vendre 90 m² à Casablanca,1100000.0,Casablanca,Maarif,90.0,2,1,12222.22,2026-05-07 14:31:06.349516
5448,rdc élevé France ville,1190000.0,Casablanca,Abdelmoumen,117.0,2,2,10170.94,2026-05-07 14:31:06.349718
5449,Vaste Appartement de 197m² à 2 Mars,2700000.0,Casablanca,Mers Sultan,197.0,4,2,13705.58,2026-05-07 14:31:06.349900
5450,Appartement Neuf Haut de Gamme en vente,780000.0,Kénitra,Val Fleury,90.0,1,1,8666.67,2026-05-07 14:31:06.350119
5451,Appartement moderne à vendre,430000.0,Marrakech,Es Saada,60.0,2,1,7166.67,2026-05-07 14:31:06.350318
5452,Appartement à vendre 92 m² à Marrakech,1820000.0,Marrakech,Victor Hugo,92.0,2,1,19782.61,2026-05-07 14:31:06.350490
5453,Appartement à vendre 2 Mars,2120000.0,Casablanca,2 Mars,188.0,3,3,11276.6,2026-05-07 14:31:06.350655
5454,Appartement à vendre 70 m² à Oujda,260000.0,Oujda,Route Jerada,70.0,2,1,3714.29,2026-05-07 14:31:06.350787
5455,Appartement neuf à vendre 71 m² à Marrakech,460000.0,Marrakech,M'Hamid,71.0,3,2,6478.87,2026-05-07 14:31:06.350906
5456,Appartement à vendre 154 m² à Marrakech,2475000.0,Marrakech,Route De Casablanca,154.0,3,3,16071.43,2026-05-07 14:31:06.351020
5457,Appartement à vendre 80 m² à Oujda,260000.0,Oujda,Autre Secteur,80.0,2,1,3250.0,2026-05-07 14:31:06.351187
5458,Magnifique appartement à vendre près du rond-point de l'aéroport Ibn Battouta,640000.0,Tanger,Autre Secteur,67.0,2,1,9552.24,2026-05-07 14:31:06.351304
5459,Appartement à vendre à Harhoura,1900000.0,Temara,Harhoura,95.0,2,2,20000.0,2026-05-07 14:31:06.351416
5460,Studio meublé à vendre à Asilah,350000.0,Tanger,Autre Secteur,47.0,1,1,7446.81,2026-05-07 14:31:06.351523
5461,Appartement Neuf de 138 m² à Harhoura,2200000.0,Temara,Harhoura,138.0,2,2,15942.03,2026-05-07 14:31:06.351629
5462,Appartement 120 millions,1200000.0,Rabat,Riyad Extension,76.0,2,2,15789.47,2026-05-07 14:31:06.351743
5463,Appart HS 3ch sal terse 127m2 à vendre Mers sultan,1400000.0,Casablanca,Mers Sultan,127.0,3,2,11023.62,2026-05-07 14:31:06.351852
5464,Appartement moyen standing Abwab-Guillez,450000.0,Marrakech,Mabrouka,60.0,2,1,7500.0,2026-05-07 14:31:06.351959
5465,Appartement RDC 91 m2 à Hay Mohammadi,780000.0,Casablanca,Hay Mohammadi,91.0,4,2,8571.43,2026-05-07 14:31:06.352061
5466,Appartement à vendre 105 m² hay el andalos,370000.0,Oujda,Andalous,105.0,3,2,3523.81,2026-05-07 14:31:06.352162
5467,Appartement à vendre à Temara,1200000.0,Rabat,Autre Secteur,107.0,3,2,11214.95,2026-05-07 14:31:06.352264
5468,Appartement 94 m² lotissement alliance mehdia,700000.0,Kénitra,Alliance,94.0,3,1,7446.81,2026-05-07 14:31:06.352372
5469,Appart meublé 2ch salon balcon 91m2 à vendre La Gironde,950000.0,Casablanca,La Gironde,91.0,2,2,10439.56,2026-05-07 14:31:06.352478
5470,Appartement à vendre 90 m² à Kénitra alliance,630000.0,Kénitra,Alliance,90.0,2,2,7000.0,2026-05-07 14:31:06.352582
5471,Appartement 3 chambres à Mimosas Prix imbattable,820000.0,Kénitra,Mimosas,106.0,3,2,7735.85,2026-05-07 14:31:06.352685
5472,Studio moderne avec piscine à vendre,830000.0,Marrakech,Guéliz,45.0,1,1,18444.44,2026-05-07 14:31:06.352795
5473,Appartement à vendre 65 m Mdiq 4 min à pied plage,480000.0,Mdiq,Toute La Ville,60.0,2,1,8000.0,2026-05-07 14:31:06.352906
5474,Appt à ne pas rater,590000.0,Fès,Route Ain Chkaf,100.0,2,1,5900.0,2026-05-07 14:31:06.353008
5475,Appartement à vendre sur Brahim Roudani Casablanca,1350000.0,Casablanca,Maârif Extension,126.0,2,2,10714.29,2026-05-07 14:31:06.353114
5476,Appartement à vendre 105 m² El Andalous,370000.0,Oujda,Andalous,105.0,2,2,3523.81,2026-05-07 14:31:06.353307
5477,Appartement à vendre 130 m² à plage des nations,1850000.0,Sidi Bouknadel,Toute La Ville,130.0,2,2,14230.77,2026-05-07 14:31:06.353419
5478,Appartement à vendre pas de semsar,600000.0,Mohammedia,Nassim,70.0,2,1,8571.43,2026-05-07 14:31:06.353523
5479,Appartement à vendre 98 m² à Marrakech M6,1950000.0,Marrakech,Av Mohammed Vi,98.0,3,2,19897.96,2026-05-07 14:31:06.353665
5480,Appartement à vendre route de Casablanca,440000.0,Marrakech,Route De Casablanca,60.0,2,1,7333.33,2026-05-07 14:31:06.353774
5481,Appartement Asdaa proche Marjane,430000.0,Marrakech,Es Saada,56.0,2,1,7678.57,2026-05-07 14:31:06.353888
5482,Appart 3ch 2sa blc 150m2 à vendre 2Mars,2200000.0,Casablanca,2 Mars,150.0,3,2,14666.67,2026-05-07 14:31:06.353995
5483,Appartement à vendre 71 m² à ALMAZ,830000.0,Casablanca,Almaz,71.0,2,1,11690.14,2026-05-07 14:31:06.354104
5484,Appartement à vendre 115 m² à Temara,1690000.0,Temara,Oued Eddahab,115.0,3,1,14695.65,2026-05-07 14:31:06.354209
5485,Magnifique Appartement à vendre 77 m² à Marrakech,1078000.0,Marrakech,Hay Izdihar,77.0,2,2,14000.0,2026-05-07 14:31:06.354327
5486,Appartements à vendre lotissement Al Dha.,390000.0,Laâyoune,Toute La Ville,86.0,2,1,4534.88,2026-05-07 14:31:06.354482
5487,Appartement PKH 17 de 60 m²,1209700.0,Marrakech,Guéliz,60.0,2,2,20161.67,2026-05-07 14:31:06.354618
5488,Appart à vendre 76 m² (Rez Chaussée) à Bouznika,530000.0,Bouznika,Autre Secteur,76.0,2,1,6973.68,2026-05-07 14:31:06.354753
5489,Appartement à vendre 90 m² à Oujda,290000.0,Oujda,Agdal,130.0,3,1,2230.77,2026-05-07 14:31:06.354890
5490,"Haut Founty - Appart à vendre 108m², 3 ch, 5e",1240000.0,Agadir,Haut-Founty,110.0,3,2,11272.73,2026-05-07 14:31:06.355026
5491,Appartement à vendre 58 m Mdiq 4 min à pied plage,490000.0,Mdiq,Toute La Ville,58.0,2,1,8448.28,2026-05-07 14:31:06.355161
5492,Saidia AP2 - Appart de 118m² – proche du Golf,960000.0,Saidia,Toute La Ville,118.0,2,2,8135.59,2026-05-07 14:31:06.355308
5493,Appartements à vendre près de la station routière Hararine,570000.0,Tanger,Aharrarine,60.0,2,1,9500.0,2026-05-07 14:31:06.355435
5494,Appartement 3 chambres façade,1090000.0,Kénitra,Centre,128.0,3,2,8515.62,2026-05-07 14:31:06.355560
5495,Appartement à vendre,950000.0,Tanger,Centre,75.0,2,1,12666.67,2026-05-07 14:31:06.355683
5496,Appartement 3 ch salon 87m2 près Sup de co,920000.0,Marrakech,Bd Moulay Abdellah,87.0,3,1,10574.71,2026-05-07 14:31:06.355813
5497,Appartement à vendre 106 m² à Guéliz,1500000.0,Marrakech,Guéliz,106.0,2,1,14150.94,2026-05-07 14:31:06.355942
5498,Appartement à vendre 134 m² à Tanger,2546000.0,Tanger,De La Plage,134.0,3,2,19000.0,2026-05-07 14:31:06.356071
5499,"appartement wifaq , résidence avec piscine",1750000.0,Temara,Wifak,103.0,3,2,16990.29,2026-05-07 14:31:06.356193
5500,APPART 91m 2FACES vue piscine à MARBELLA BEACH,1030000.0,Mohammedia,Autre Secteur,91.0,2,2,11318.68,2026-05-07 14:31:06.356314
5501,Appartements Adliya à Hay Rachad,190000.0,Rabat,Hay Arrachad,60.0,2,1,3166.67,2026-05-07 14:31:06.356437
5502,Aptmts neuf à hay riyad,3400000.0,Rabat,Hay Riad,120.0,3,1,28333.33,2026-05-07 14:31:06.356561
5503,Appartement à vendre 95 m² à Marrakech palmeraie,1500000.0,Marrakech,Palmeraie,95.0,2,2,15789.47,2026-05-07 14:31:06.356684
5504,Appartement à vendre,550000.0,Tanger,Autre Secteur,60.0,2,1,9166.67,2026-05-07 14:31:06.414477
5505,🏢 À VENDRE – Appartement Spacieux avec Parking,1200000.0,Agadir,Hay Mohammadi,113.0,3,2,10619.47,2026-05-07 14:31:06.356816
5506,Appartement à à Plage des Nations,2500000.0,Sidi Bouknadel,Toute La Ville,98.0,2,2,25510.2,2026-05-07 14:31:06.357028
5507,Appartement meublé à vendre Hay Azdihar,560000.0,Marrakech,Hay Izdihar,60.0,2,1,9333.33,2026-05-07 14:31:06.357157
5508,Appartement 120m² Chouka à vendre à Casablanca.,1080000.0,Casablanca,Hay Mohammadi,120.0,3,2,9000.0,2026-05-07 14:31:06.357285
5509,"Appartement enregistré et meublé, quartier Ahlan",900000.0,Tanger,Ahlane,66.0,2,1,13636.36,2026-05-07 14:31:06.357410
5510,Appartement 57 m² – 6e étage – Triple Tower,1500000.0,Tanger,Malabata,57.0,2,1,26315.79,2026-05-07 14:31:06.357533
5511,Appartement à vendre 47 m Mdiq 4 min à pied plage,380000.0,Mdiq,Toute La Ville,50.0,1,1,7600.0,2026-05-07 14:31:06.357721
5512,Appartement 93 m² 3 chambres ascenseur syndic 4 minutes centre-ville,750000.0,Tanger,Tanja Balia,93.0,3,2,8064.52,2026-05-07 14:31:06.357879
5513,Appartement à vendre Hay Mohammadi,980000.0,Agadir,Hay Mohammadi,77.0,2,1,12727.27,2026-05-07 14:31:06.358005
5514,Meknes Ouislane Rue Tazart,320000.0,Meknès,Wislane,70.0,1,1,4571.43,2026-05-07 14:31:06.358135
5515,Appartement Tanger Balia,620000.0,Tanger,Tanja Balia,78.0,2,1,7948.72,2026-05-07 14:31:06.358256
5516,Appartement à Bousejour liquidation,980000.0,Casablanca,Beauséjour,106.0,2,2,9245.28,2026-05-07 14:31:06.358414
5517,Spacieux appartement deux façades Belvédère,1100000.0,Casablanca,Belvédère,163.0,2,2,6748.47,2026-05-07 14:31:06.358541
5518,Appartement à vendre – Quartier Bachkou,1500000.0,Casablanca,Bachkou,106.0,2,2,14150.94,2026-05-07 14:31:06.358668
5519,Appartement à vendre 63 m² route de Tétouan,540000.0,Tanger,Mghogha,63.0,2,1,8571.43,2026-05-07 14:31:06.358799
5520,appartement bourgogne,2750000.0,Casablanca,Bourgogne,212.0,4,3,12971.7,2026-05-07 14:31:06.358929
5521,Appartement à vendre 39 m² à Marrakech,698500.0,Marrakech,Route D'Amezmiz,44.0,1,1,15875.0,2026-05-07 14:31:06.359092
5522,Studio à vendre 52 m² à Californie,1100000.0,Casablanca,Californie,58.0,1,1,18965.52,2026-05-07 14:31:06.359222
5523,À vendre Superbe appartement 3 ch-Jnane Californie,1850000.0,Casablanca,Californie,119.0,3,2,15546.22,2026-05-07 14:31:06.359352
5524,Appartement à vendre au centre-ville avec ascenseur,530000.0,Bouznika,Autre Secteur,58.0,2,1,9137.93,2026-05-07 14:31:06.359478
5525,Appartement de 3 pièces à vendre près de la station El Jadida Hararien,750000.0,Tanger,Aharrarine,80.0,3,2,9375.0,2026-05-07 14:31:06.359611
5526,Appartement luxueux 2 façades Bourgogne,1540000.0,Casablanca,Bourgogne,112.0,3,2,13750.0,2026-05-07 14:31:06.359739
5527,Lux appartement ou cabinet à Bourgogne,1380000.0,Casablanca,Bourgogne,125.0,3,2,11040.0,2026-05-07 14:31:06.359870
5528,Spacieux appartement au rond-point Émile Zola,1680000.0,Casablanca,Belvédère,155.0,4,2,10838.71,2026-05-07 14:31:06.359996
5529,Appartement à vendre à Mdiq,860000.0,Mdiq,Toute La Ville,155.0,2,2,5548.39,2026-05-07 14:31:06.360122
5530,Appartements de qualité à vendre à Ain Atiq,850000.0,Temara,Ain Atig,88.0,3,1,9659.09,2026-05-07 14:31:06.360255
5531,Appartement à vendre 96 m² à Marrakech,1350000.0,Marrakech,Hay Izdihar,100.0,2,2,13500.0,2026-05-07 14:31:06.360380
5532,Appartement Lux 69m,500000.0,Had Soualem,Toute La Ville,69.0,2,2,7246.38,2026-05-07 14:31:06.360531
5533,Appartement à vendre 78 m² à Mohammedia,770000.0,Mohammedia,Autre Secteur,78.0,2,2,9871.79,2026-05-07 14:31:06.360655
5534,Appartement avec cour à Bouznika,710000.0,Bouznika,Autre Secteur,108.0,2,2,6574.07,2026-05-07 14:31:06.360789
5535,Appartement à vendre,1200000.0,Tanger,Aida,90.0,3,1,13333.33,2026-05-07 14:31:06.360940
5536,Appartement à vendre 133 m² à Casablanca,1540000.0,Casablanca,Franceville,133.0,3,2,11578.95,2026-05-07 14:31:06.361065
5537,Très bel appartement rénové,1500000.0,Marrakech,Palmeraie,90.0,2,2,16666.67,2026-05-07 14:31:06.361192
5538,Appartement 58 m2 avec piscine à gueliz,928000.0,Marrakech,Guéliz,58.0,1,1,16000.0,2026-05-07 14:31:06.361317
5539,Appartement à vendre 130 m² à El Jadida,1070000.0,El Jadida,Hay Essalam,130.0,3,3,8230.77,2026-05-07 14:31:06.361446
5540,Appartement à vendre Massira 1 81m2,750000.0,Marrakech,Massira 1,81.0,2,1,9259.26,2026-05-07 14:31:06.361569
5541,Appartement et studio sur toit à vendre,760000.0,El Jadida,Autre Secteur,106.0,4,2,7169.81,2026-05-07 14:31:06.361693
5542,Appartement à vendre 170 m² à Rabat,3450000.0,Rabat,Hay Riad,170.0,3,2,20294.12,2026-05-07 14:31:06.361830
5543,Appartement à vendre 64 m² à Martil,380000.0,Martil,Toute La Ville,63.0,2,1,6031.75,2026-05-07 14:31:06.361955
5544,appartement à vendre,1200000.0,Tanger,Aida,97.0,3,2,12371.13,2026-05-07 14:31:06.398313
5545,Appartement à vendre 124 m² à Casablanca,3500000.0,Casablanca,Casablanca Finance City,124.0,2,2,28225.81,2026-05-07 14:31:06.362083
5546,appartement la perle de l'atlas 54m2,800000.0,Marrakech,Guéliz,54.0,1,1,14814.81,2026-05-07 14:31:06.362206
5547,VENTE D’UN BEL APPARTEMENT DE 117M2,1900000.0,Casablanca,Les Princesses,117.0,3,2,16239.32,2026-05-07 14:31:06.362336
5548,Appartement à vendre près de Carré Éden Marrakech,1360000.0,Marrakech,Guéliz,81.0,1,1,16790.12,2026-05-07 14:31:06.362460
5549,Élégant Studio à vendre 63 m² à Marrakech,1134000.0,Marrakech,Guéliz,63.0,1,1,18000.0,2026-05-07 14:31:06.362591
5550,Appartement à vendre devant la nouvelle gare routière sans intermédiaire,505000.0,Tanger,Autre Secteur,67.0,2,1,7537.31,2026-05-07 14:31:06.362721
5551,Appartement à vendre 147 m² à Rabat,3400000.0,Rabat,Agdal,150.0,3,2,22666.67,2026-05-07 14:31:06.362865
5552,Appartement à vendre 78 m² à Deroua,460000.0,Deroua,Toute La Ville,78.0,2,1,5897.44,2026-05-07 14:31:06.363020
5553,Appartement 157m² – SANS VIS-À-VIS – CASABLANCA,2200000.0,Casablanca,Quartier Des Hôpitaux,157.0,2,2,14012.74,2026-05-07 14:31:06.363146
5554,"Studio, local commercial, droit à la terrasse et aide au logement",620000.0,Marrakech,Azli,83.0,1,1,7469.88,2026-05-07 14:31:06.363272
5555,"Résidence Prestige 2, Quartier Al-Azhar",860000.0,Casablanca,Sidi Bernoussi,101.0,3,2,8514.85,2026-05-07 14:31:06.363396
5556,Appartement à vendre 134 m² à Casablanca,3000000.0,Casablanca,Racine,154.0,3,3,19480.52,2026-05-07 14:31:06.363518
5557,APPARTEMENT A VENDRE HAUT FOUNTY,1400000.0,Agadir,Haut-Founty,97.0,3,2,14432.99,2026-05-07 14:31:06.363642
5558,Appartement 3 chambres 80 mètres ascenseur syndic 5 minutes Malabata,750000.0,Tanger,Tanja Balia,80.0,3,1,9375.0,2026-05-07 14:31:06.363772
5559,À VENDRE APPARTEMENT LUMINEUX,420000.0,Marrakech,Hay Charaf,60.0,1,1,7000.0,2026-05-07 14:31:06.363906
5560,Studios neufs à vendre,1250000.0,Casablanca,Palmier,53.0,1,1,23584.91,2026-05-07 14:31:06.364032
5561,Appartement à vendre 145 m² à la marina casablanca,3900000.0,Tanger,Autre Secteur,155.0,2,3,25161.29,2026-05-07 14:31:06.364156
5562,Appartement à vendre 176 m² à Tanger,3500000.0,Tanger,Administratif,176.0,4,2,19886.36,2026-05-07 14:31:06.364289
5563,Appartement à vendre TANGER EL BALIA 80m²,1200000.0,Tanger,Autre Secteur,80.0,2,1,15000.0,2026-05-07 14:31:06.364412
5564,Appartement à vendre 172 m² à Casablanca,2100000.0,Casablanca,2 Mars,172.0,3,3,12209.3,2026-05-07 14:31:06.364541
5565,À vendre appartement 3 CH avec terrasse de 44m2,2350000.0,Casablanca,Ferme Bretone,144.0,3,3,16319.44,2026-05-07 14:31:06.364690
5566,Appartement à vendre à Martil près de Ahrik,580000.0,Martil,Toute La Ville,62.0,2,1,9354.84,2026-05-07 14:31:06.364820
5567,Appartement à vendre 100 m² à Casablanca,1300000.0,Casablanca,Quartier Des Hôpitaux,100.0,3,2,13000.0,2026-05-07 14:31:06.364951
5568,Charmant appartement à vendre - Résidence OUBAHA,1150000.0,El Mansouria,Toute La Ville,100.0,3,2,11500.0,2026-05-07 14:31:06.365081
5569,Appartement 80 m2 deux face lotissement alliance,640000.0,Kénitra,Alliance,80.0,2,2,8000.0,2026-05-07 14:31:06.365207
5570,Très belle appartement proximité hay riad,1160000.0,Temara,Riad Oulad Mtaa,85.0,3,2,13647.06,2026-05-07 14:31:06.365334
5571,Appartement à vendre 95 m² à Marrakech,1350000.0,Marrakech,Route De Safi,95.0,2,1,14210.53,2026-05-07 14:31:06.365458
5572,Superbe appartement familial au cœur Racine,4216000.0,Casablanca,Racine,284.0,3,3,14845.07,2026-05-07 14:31:06.365583
5573,Grand Appartement Plein Centre de Kénitra 154 m²,1360000.0,Kénitra,Centre,154.0,3,2,8831.17,2026-05-07 14:31:06.365707
5574,Appartement à vendre sur Hay Riad Prestigia,3200000.0,Rabat,Hay Riad,117.0,3,2,27350.43,2026-05-07 14:31:06.365839
5575,Appartement Haut standing à vendre / piscine,1900000.0,Marrakech,Ain Mezouar,100.0,3,2,19000.0,2026-05-07 14:31:06.365969
5576,Bel appartement,395000.0,Saidia,Toute La Ville,76.0,3,2,5197.37,2026-05-07 14:31:06.366131
5577,Très Très belle Appartement à Bouznika plage,1450000.0,Bouznika,Plage Oued Cherrat,95.0,2,2,15263.16,2026-05-07 14:31:06.366266
5578,Appartement neuf à Sala El Jadida,1099800.0,Salé,Sala El Jadida,94.0,2,2,11700.0,2026-05-07 14:31:06.366396
5579,Appartement à vendre 186 m² à Tanger,7200000.0,Tanger,Malabata,186.0,4,2,38709.68,2026-05-07 14:31:06.366520
5641,Appartement à vendre 82 m² à Kénitra,390000.0,Kénitra,Bir Rami,82.0,2,2,4756.1,2026-05-07 14:31:06.374869
5580,"Appartement de propriétaire à vendre Tétouan, quartier Ttfa7iyoun, 3ème étage",170000.0,Tétouan,Autre Secteur,82.0,2,1,2073.17,2026-05-07 14:31:06.366647
5581,"Studio neuf à vendre – Bourgogne, Casablanca",1270000.0,Casablanca,Bourgogne,66.0,1,1,19242.42,2026-05-07 14:31:06.366786
5582,Appartement à vendre 110 m² à Bouznika,1670000.0,Bouznika,Autre Secteur,118.0,3,2,14152.54,2026-05-07 14:31:06.366916
5583,Appartement à vendre Ain Suna,540000.0,Marrakech,M'Hamid,64.0,2,2,8437.5,2026-05-07 14:31:06.367049
5584,Appartement à vendre 150 m² à Casablanca,3400000.0,Casablanca,Oasis,163.0,3,2,20858.9,2026-05-07 14:31:06.367175
5585,Appartement résidentiel titré à vendre à Tanger,800000.0,Tanger,Autre Secteur,95.0,3,1,8421.05,2026-05-07 14:31:06.367302
5586,Des appartements à vendre,420000.0,Agadir,Autre Secteur,58.0,2,2,7241.38,2026-05-07 14:31:06.367468
5587,Studio 42m Neuf Maarif Proche BD Biranzaran,980000.0,Casablanca,Maarif,42.0,1,1,23333.33,2026-05-07 14:31:06.367601
5588,Vente appartement Fal El Hanaa,630000.0,Casablanca,Ain Sebaa,59.0,2,1,10677.97,2026-05-07 14:31:06.367727
5589,appartement résidence fermée,930000.0,Casablanca,Oulfa,70.0,2,2,13285.71,2026-05-07 14:31:06.367860
5590,Appartement à vendre 128 m² à Bouskoura,1300000.0,Bouskoura,Victoria,140.0,3,2,9285.71,2026-05-07 14:31:06.367986
5591,Appartement à vendre à Marina Golf Asilah,950000.0,Asilah,Toute La Ville,150.0,2,1,6333.33,2026-05-07 14:31:06.368109
5592,Spacieux appartement à vendre avec terrasse,1900000.0,Marrakech,Route D'Ourika,99.0,2,1,19191.92,2026-05-07 14:31:06.368237
5593,Appartement neuf à vendre Ain Sebaa,1070000.0,Casablanca,Ain Sebaa,81.0,2,2,13209.88,2026-05-07 14:31:06.368362
5594,Appartement à vendre,650000.0,Agadir,Tilila,67.0,2,2,9701.49,2026-05-07 14:31:06.368507
5595,Appartement à vendre 52 m² à Marrakech,1200000.0,Marrakech,Guéliz,52.0,1,1,23076.92,2026-05-07 14:31:06.368630
5596,Un appartement,1100000.0,Meknès,Hamria,200.0,3,2,5500.0,2026-05-07 14:31:06.368762
5597,Appartement en vente 61m² à Gueliz Piscine Rooftop,1500000.0,Marrakech,Guéliz,61.0,1,1,24590.16,2026-05-07 14:31:06.368897
5598,Appartement 3 chambres à 2min de Casanearshore,780000.0,Casablanca,Sidi Maarouf,70.0,3,1,11142.86,2026-05-07 14:31:06.369028
5599,Appartement à vendre 80 m² à Kénitra,490000.0,Kénitra,Seyad,80.0,2,1,6125.0,2026-05-07 14:31:06.369154
5600,Appartements modernes à vendre à Marrakech,740000.0,Marrakech,Azli,53.0,3,2,13962.26,2026-05-07 14:31:06.369276
5601,Appartements à vendre,1400000.0,Agadir,Haut-Founty,70.0,2,2,20000.0,2026-05-07 14:31:06.369561
5602,Appartement à vendre 133 m² sur 2 mars,1700000.0,Casablanca,2 Mars,133.0,3,2,12781.95,2026-05-07 14:31:06.369691
5603,Appartement à vendre 165 m² La perle D'Agadir,2272500.0,Agadir,Talborjt,165.0,4,1,13772.73,2026-05-07 14:31:06.369831
5604,appartements à vendre,1600000.0,Agadir,Hay Mohammadi,128.0,3,2,12500.0,2026-05-07 14:31:06.369956
5605,Appartement 120 m² en vente à Narjis Fès,560000.0,Fès,Narjis,120.0,3,2,4666.67,2026-05-07 14:31:06.370086
5606,Appartement à vendre 3 chambres,960000.0,Kénitra,Val Fleury,112.0,3,2,8571.43,2026-05-07 14:31:06.370211
5607,Appartements à vendre 64 m² à Ben Guerir,300000.0,Ben Guerir,Toute La Ville,64.0,3,2,4687.5,2026-05-07 14:31:06.370339
5608,App kech 95 m² 1er étage 1 balcon,800000.0,Marrakech,M'Hamid,95.0,3,1,8421.05,2026-05-07 14:31:06.370463
5609,Appartements à vendre,1220000.0,Agadir,Hay Mohammadi,107.0,3,2,11401.87,2026-05-07 14:31:06.370588
5610,Appartement à vendre 120 m² à Tanger,2500000.0,Tanger,Autre Secteur,165.0,2,2,15151.52,2026-05-07 14:31:06.370718
5611,Appartements à vendre,870000.0,Agadir,Hay Mohammadi,66.0,2,2,13181.82,2026-05-07 14:31:06.370856
5612,"Appartement à El Jadida, quartier El Milha, sur la rue",550000.0,El Jadida,Mouilha,88.0,2,1,6250.0,2026-05-07 14:31:06.370986
5613,Appartements à vendre,1157000.0,Agadir,Tilila,89.0,2,1,13000.0,2026-05-07 14:31:06.371153
5614,"Duplex avec garage privé Sidi Maarouf, Essaada",1650000.0,Casablanca,Sidi Maarouf,159.0,2,3,10377.36,2026-05-07 14:31:06.371281
5615,Appartement à vendre 70 m² à Kénitra,360000.0,Kénitra,Bir Rami,70.0,2,2,5142.86,2026-05-07 14:31:06.371407
5616,Appartement à vendre 89 m² à Tanger malabata,2136000.0,Tanger,Malabata,89.0,2,1,24000.0,2026-05-07 14:31:06.371533
5617,Appartement à vendre 170 m² à CFC,4200000.0,Casablanca,Casablanca Finance City,170.0,3,3,24705.88,2026-05-07 14:31:06.371661
5618,"Bel appartement à vendre Bourgogne, My Youssef",1280000.0,Casablanca,Bourgogne,93.0,2,2,13763.44,2026-05-07 14:31:06.371795
5619,Appartement triplex à vendre 128m² à HM Casablanca,850000.0,Casablanca,Hay Mohammadi,128.0,4,2,6640.62,2026-05-07 14:31:06.371953
5620,Des apt neuf a vendre 85 m2 tanger,1147500.0,Tanger,Marjane,96.0,2,2,11953.12,2026-05-07 14:31:06.372089
5621,Appt Dar Bouazza 53 m2 jamais habité - calme,600000.0,Dar Bouazza,Toute La Ville,53.0,2,1,11320.75,2026-05-07 14:31:06.372214
5622,Appartement à vendre à Salé 111m² 4ème étage,1215000.0,Salé,Tabriquet,111.0,2,2,10945.95,2026-05-07 14:31:06.372372
5623,Appartement à vendre 118 m² à Salé,1420000.0,Salé,Sala El Jadida,118.0,3,2,12033.9,2026-05-07 14:31:06.372500
5624,"Appartements à vendre à Meknès, premier étage",500000.0,Meknès,Autre Secteur,100.0,3,2,5000.0,2026-05-07 14:31:06.372654
5625,Appartements à vendre,3000000.0,Agadir,Haut-Founty,187.0,3,3,16042.78,2026-05-07 14:31:06.372799
5626,Appartement 2 chambres corniche investisseurs airbnb,1100000.0,Tanger,Malabata,75.0,2,1,14666.67,2026-05-07 14:31:06.372934
5627,Appartements à vendre,980000.0,Agadir,Hay Mohammadi,75.0,2,2,13066.67,2026-05-07 14:31:06.373067
5628,Appartements à vendre,2800000.0,Agadir,Haut-Founty,150.0,3,3,18666.67,2026-05-07 14:31:06.373197
5629,Appartement vue sur mer à vendre à Asilah,1800000.0,Aquouass Briech,Toute La Ville,133.0,3,2,13533.83,2026-05-07 14:31:06.373326
5630,Bel appart RDC SUR centre ville,650000.0,Mohammedia,Centre Ville,80.0,2,1,8125.0,2026-05-07 14:31:06.373450
5631,Appartement à vendre à Cabo Negro,1400000.0,Cabo Negro,Toute La Ville,75.0,1,1,18666.67,2026-05-07 14:31:06.373574
5632,Appartement Valencia Beach Mansouria,840000.0,Mohammedia,Corniche,89.0,2,1,9438.2,2026-05-07 14:31:06.373715
5633,Appartement à vendre 121 m² à Casablanca,2000000.0,Casablanca,Californie,121.0,3,2,16528.93,2026-05-07 14:31:06.373846
5634,3 Chambres à vendre 143 m² à Californie,2255000.0,Casablanca,Californie,143.0,3,2,15769.23,2026-05-07 14:31:06.373975
5635,Appartement titré à vendre à Tanger Chtouka,750000.0,Tanger,Aouama Gharbia,100.0,2,2,7500.0,2026-05-07 14:31:06.374099
5636,Appartement 87 m2 av Alla El Fassi,680000.0,Marrakech,Allal El Fassi,87.0,2,2,7816.09,2026-05-07 14:31:06.374222
5637,Appartement à vendre 94 m² à Temara Wifak,1250000.0,Temara,Oued Eddahab,94.0,3,1,13297.87,2026-05-07 14:31:06.374345
5638,Studio vue piscine à vendre 51 m² à Marrakech,1150000.0,Marrakech,Hivernage,51.0,1,1,22549.02,2026-05-07 14:31:06.374472
5639,"Appartement à vendre Saada, près de Marjane, route de Casa, en sous-sol",440000.0,Marrakech,Es Saada,60.0,2,1,7333.33,2026-05-07 14:31:06.374601
5640,Appartement à vendre 97 m² à Marrakech,2330000.0,Marrakech,Guéliz,97.0,2,1,24020.62,2026-05-07 14:31:06.374727
6715,appartement,330000.0,Saidia,Toute La Ville,54.0,2,1,6111.11,2026-05-07 14:31:06.502523
5642,Penthouse avec piscine à vendre 320 m² à Tanger,7680000.0,Tanger,Malabata,320.0,2,1,24000.0,2026-05-07 14:31:06.374995
5643,Appartement 47 m2 av Allal El Fassi,600000.0,Marrakech,Allal El Fassi,47.0,2,1,12765.96,2026-05-07 14:31:06.375120
5644,Appartement 150 m² en vente près Clinique Razi,800000.0,Fès,Autre Secteur,150.0,3,1,5333.33,2026-05-07 14:31:06.375245
5645,Appartement à vendre 43 m² à bourgogne,1300000.0,Casablanca,Bourgogne,43.0,1,1,30232.56,2026-05-07 14:31:06.375378
5646,Appartement chouka à Kénitra,610000.0,Kénitra,Ouled Oujih,80.0,2,2,7625.0,2026-05-07 14:31:06.375506
5647,Appartement 76 m² en vente à Route Ain chkef,450000.0,Fès,Route Ain Chkaf,76.0,1,1,5921.05,2026-05-07 14:31:06.375631
5648,Appartement à vendre 92 m² Espace dubai à Inzegan,1012000.0,Inzegan,Toute La Ville,92.0,3,1,11000.0,2026-05-07 14:31:06.375759
5649,Appartement à vendre 75 m² à Kénitra,390000.0,Kénitra,Bir Rami,75.0,2,2,5200.0,2026-05-07 14:31:06.375890
5650,Appartement à vendre 90 m² à Kénitra,630000.0,Kénitra,Alliance,90.0,2,2,7000.0,2026-05-07 14:31:06.376017
5651,Appartement à vendre 90 m² à lotissement alliance,640000.0,Kénitra,Alliance,90.0,2,1,7111.11,2026-05-07 14:31:06.376145
5652,"Appartement meublé de 76 m², ascenseur, syndic, sur la rue",798000.0,Tanger,Tanja Balia,76.0,2,1,10500.0,2026-05-07 14:31:06.376274
5653,Appartement à vendre 80 m² à Kénitra,550000.0,Kénitra,Seyad,80.0,2,2,6875.0,2026-05-07 14:31:06.376422
5654,2 Appartements moyen standing à vendre – Benguerir,520000.0,Ben Guerir,Toute La Ville,92.0,2,2,5652.17,2026-05-07 14:31:06.376549
5655,Appartement 56 m2 avec piscine à Guéliz,896000.0,Marrakech,Guéliz,56.0,2,1,16000.0,2026-05-07 14:31:06.376677
5656,Appartement 87 m² en vente à Ayn Amir à Fès,560000.0,Fès,Ain Amiyer,87.0,2,1,6436.78,2026-05-07 14:31:06.376817
5657,Appartement de 50m² à Vendre à Tanger,380000.0,Tanger,Aouama Gharbia,50.0,2,1,7600.0,2026-05-07 14:31:06.376976
5658,STUDIO 67 M² RÉNOVÉ À BOURGOGNE OUEST,1100000.0,Casablanca,Bourgogne,67.0,1,1,16417.91,2026-05-07 14:31:06.377107
5659,Appartement à vendre Résidence Miramar \ Corniche,1850000.0,Mohammedia,Corniche,117.0,3,2,15811.97,2026-05-07 14:31:06.377236
5660,Appartement à vendre 116 m² à Martil,750000.0,Martil,Toute La Ville,116.0,2,2,6465.52,2026-05-07 14:31:06.377363
5661,Appartement à vendre 120 m² à Mosquée houda,1170000.0,Temara,Hoda,120.0,3,2,9750.0,2026-05-07 14:31:06.377500
5662,Appartement à vendre 144 m² à 2 Mars Casablanca,1650000.0,Casablanca,2 Mars,144.0,2,2,11458.33,2026-05-07 14:31:06.377628
5663,Appartement à vendre centre ville,890000.0,Kénitra,Centre,111.0,2,2,8018.02,2026-05-07 14:31:06.377758
5664,Duplex à vendre avec piscine proche Guéliz,1050000.0,Marrakech,Mabrouka,95.0,3,2,11052.63,2026-05-07 14:31:06.377893
5665,"Appartement à vendre devant la nouvelle gare routière, sans intermédiaire",495000.0,Tanger,Autre Secteur,60.0,2,1,8250.0,2026-05-07 14:31:06.378035
5666,Appartement socoma 85 m² quartier pièces,750000.0,Marrakech,Autre Secteur,85.0,3,1,8823.53,2026-05-07 14:31:06.378182
5667,Appartements de rêve à vendre avec soutien au logement de 70m à 120m,480000.0,Had Soualem,Toute La Ville,120.0,4,2,4000.0,2026-05-07 14:31:06.378317
5668,Appartement à vendre,1600000.0,Agadir,Hay Mohammadi,115.0,3,2,13913.04,2026-05-07 14:31:06.378449
5669,Appartement 95m2 vendables -Palmier,1750000.0,Casablanca,Palmier,95.0,2,2,18421.05,2026-05-07 14:31:06.378579
5670,Annonce de vente d'appartement,360000.0,Lahraouyine,Toute La Ville,84.0,3,1,4285.71,2026-05-07 14:31:06.378705
5671,Studio 50 m2 avec piscine a gueliz,9200000.0,Marrakech,Guéliz,50.0,1,1,184000.0,2026-05-07 14:31:06.378839
5672,Appartement à vendre 114 m² à Casablanca,1350000.0,Casablanca,2 Mars,114.0,2,2,11842.11,2026-05-07 14:31:06.378974
5673,appartement vue piscine 2 chambres à CASABAY,1250000.0,Sidi Rahal,Toute La Ville,87.0,2,2,14367.82,2026-05-07 14:31:06.379104
5674,"Appartement 140 m² à Sidi Bouzid, bien rénové",480000.0,El Jadida,Autre Secteur,140.0,2,2,3428.57,2026-05-07 14:31:06.379227
5675,Superbe appartement de 90 m² entièrement rénové,1260000.0,Casablanca,Nassim,90.0,2,1,14000.0,2026-05-07 14:31:06.379365
5676,Appartement à vendre 60 m² à Meknès,240000.0,Meknès,Hay Salam,60.0,2,1,4000.0,2026-05-07 14:31:06.379490
5677,185668-Vente Appt à Casablanca Mers Sultan de 176,2950000.0,Casablanca,Mers Sultan,176.0,3,2,16761.36,2026-05-07 14:31:06.379616
5678,175015-Vente Appt à Bouskoura Bouskoura de 80 m²,900000.0,Bouskoura,,80.0,2,2,11250.0,2026-05-07 14:31:06.379743
5679,Appartement de 1 à 3 chambres à Dar Bouazza,700000.0,Dar Bouazza,Toute La Ville,47.0,1,1,14893.62,2026-05-07 14:31:06.379881
5680,Appartements économiques à vendre à Marrakech,400000.0,Marrakech,M'Hamid,56.0,2,1,7142.86,2026-05-07 14:31:06.380007
5681,Appartement à vendre 61 m² à Marrakech,1550000.0,Marrakech,Route De Tahanaoute,61.0,1,1,25409.84,2026-05-07 14:31:06.380134
5682,Appartement à vendre 81 m² à Hay Hassani Casa,1110000.0,Casablanca,Hay Hassani,81.0,2,2,13703.7,2026-05-07 14:31:06.380280
5683,Appart 78m A Mazola Proche CFC,980000.0,Casablanca,Oulfa,78.0,2,2,12564.1,2026-05-07 14:31:06.380406
5684,Appartement de standing à vendre à Marrakech,1500000.0,Marrakech,Semlalia,89.0,2,2,16853.93,2026-05-07 14:31:06.380532
5685,Appartement luxueux à vendre à dar bouaazza,1300000.0,Dar Bouazza,Toute La Ville,96.0,2,2,13541.67,2026-05-07 14:31:06.380654
5686,👉 Appartement 64m² à vendre à Azouzia 2 chambres et salon,400000.0,Marrakech,Azzouzia,64.0,2,1,6250.0,2026-05-07 14:31:06.380789
5687,Appartement à vendre 50 m² à Tanger,380000.0,Tanger,Mghogha,50.0,2,1,7600.0,2026-05-07 14:31:06.380916
5688,Vente Appartement à proximité de la gare routière,380000.0,Tanger,Autre Secteur,50.0,2,1,7600.0,2026-05-07 14:31:06.381043
5689,Appartement à vendre avec piscine,1500000.0,Marrakech,Route De Casablanca,73.0,2,1,20547.95,2026-05-07 14:31:06.381173
5690,Appartement 2 façades à vendre,1030000.0,Kénitra,Mimosas,115.0,3,2,8956.52,2026-05-07 14:31:06.381307
5691,"Appartement 112 mètres, 3 façades avec soutien",830000.0,Marrakech,M'Hamid,112.0,3,1,7410.71,2026-05-07 14:31:06.381466
5692,Grand appartement 160m2 (proche nouvel aéroport),1490000.0,Tétouan,Autre Secteur,160.0,3,2,9312.5,2026-05-07 14:31:06.381607
5693,Nouveaux appartement à vendre de 50 m² à Tanger,380000.0,Tanger,Aouama Gharbia,50.0,2,1,7600.0,2026-05-07 14:31:06.381740
5694,Appartement 86m² à vendre – Al Azdihar Marrakech,1300000.0,Marrakech,Hay Izdihar,86.0,2,2,15116.28,2026-05-07 14:31:06.381874
5695,Appartement sur plan – bon investissement,1450000.0,Casablanca,Route D'El Jadida,57.0,2,1,25438.6,2026-05-07 14:31:06.382007
5696,Appartement à vendre 126 m² Tafraoute à Marrakech,2583000.0,Marrakech,Hivernage,126.0,3,1,20500.0,2026-05-07 14:31:06.382132
5697,Appartement r plus 2 melk cheikh,650000.0,El Jadida,Autre Secteur,120.0,3,2,5416.67,2026-05-07 14:31:06.382257
5698,Appartement meublé résidence sécurisée,550000.0,El Jadida,Autre Secteur,81.0,2,1,6790.12,2026-05-07 14:31:06.382390
5699,Appartement à vendre,459000.0,Tanger,La Nouvelle Ville Ibn Battouta,65.0,3,2,7061.54,2026-05-07 14:31:06.382520
5700,Superbe studio au Quartier du Parc,830000.0,Mohammedia,Quartier Du Parc,65.0,1,1,12769.23,2026-05-07 14:31:06.382645
5701,Rez-de-Jardin Vue Partielle sur Mer – PRIX RÉVISÉ,2700000.0,Sidi Bouknadel,Toute La Ville,211.0,4,2,12796.21,2026-05-07 14:31:06.382771
5702,Appartement à vendre sur Hay Riad,4300000.0,Rabat,Hay Riad,210.0,3,3,20476.19,2026-05-07 14:31:06.382930
5703,Appartement 117m² à Les Princesses,1430000.0,Casablanca,Les Princesses,117.0,2,2,12222.22,2026-05-07 14:31:06.383061
5704,Appartement 67 m² à BOUSKOURA prix imbattable,690000.0,Casablanca,Autre Secteur,67.0,2,1,10298.51,2026-05-07 14:31:06.383187
5705,Appartement à vendre 99 m² à Victoria,980000.0,Bouskoura,Victoria,99.0,2,2,9898.99,2026-05-07 14:31:06.383321
5706,Rare Opportunité 478 m² en Vente au Cœur de Tanger,7400000.0,Tanger,Mozart,478.0,5,4,15481.17,2026-05-07 14:31:06.383446
5707,Appartements à vendre Al Firdaws,260000.0,Ain Aouda,Toute La Ville,56.0,2,1,4642.86,2026-05-07 14:31:06.383572
5708,Appartement Neuf 3 Chambres avec Grande Terrasse,1800000.0,Marrakech,Route De Casablanca,131.0,3,2,13740.46,2026-05-07 14:31:06.383740
5709,Appart 96 m2 Mandarona à côté Bd Al qods,950000.0,Casablanca,Aïn Chock,95.0,2,1,10000.0,2026-05-07 14:31:06.383881
5710,😍 Appartement rénové avec belle vue,390000.0,Marrakech,Azzouzia,59.0,2,1,6610.17,2026-05-07 14:31:06.384007
5711,Appartements neufs à vendre,950000.0,Mohammedia,Riad 2,91.0,2,1,10439.56,2026-05-07 14:31:06.384191
5712,Appartement à vendre 253 m² à Casablanca,4350000.0,Casablanca,Gauthier,267.0,4,4,16292.13,2026-05-07 14:31:06.384323
5713,Appartement à vendre,750000.0,Mohammedia,Autre Secteur,80.0,2,1,9375.0,2026-05-07 14:31:06.384448
5714,Studios & Appartements à partir de 65 Millions,650000.0,Casablanca,Ain Sebaa,127.0,2,2,5118.11,2026-05-07 14:31:06.384585
5715,À vendre – Appartement haut standing à Bir Rami,790000.0,Kénitra,Bir Rami,85.0,2,2,9294.12,2026-05-07 14:31:06.384714
5716,Appartement de luxe à vendre en centre-ville haute,890000.0,Kénitra,La Ville Haute,104.0,2,2,8557.69,2026-05-07 14:31:06.384848
5717,Appartement à vendre 97 m² à Casablanca,1300000.0,Casablanca,Val Fleuri,97.0,1,1,13402.06,2026-05-07 14:31:06.384976
5718,Appartement à vendre 100 m² à Fès,520000.0,Fès,Tghat,100.0,3,2,5200.0,2026-05-07 14:31:06.385100
5719,Appartements 118m Haut Standing Maarif Ex,1750000.0,Casablanca,Maarif,118.0,3,2,14830.51,2026-05-07 14:31:06.385224
5720,Projet neuf – Studios Haut Standing à 5 min de CFC,770000.0,Casablanca,Casablanca Finance City,50.0,1,1,15400.0,2026-05-07 14:31:06.385352
5721,Superbe Appartement de 90m² - 880000dhs,880000.0,Casablanca,Roches Noires,90.0,2,2,9777.78,2026-05-07 14:31:06.385484
5722,Appartement et garage,730000.0,Fès,Route Ain Chkaf,112.0,3,1,6517.86,2026-05-07 14:31:06.385613
5723,Appartement avec terrasse😍 à vendre à Hay Azdehar,860000.0,Marrakech,Hay Izdihar,69.0,2,1,12463.77,2026-05-07 14:31:06.385743
5724,Élégant Appartement Avec Vaste Espace Extérieur,2100000.0,Marrakech,Route De Fès,140.0,2,2,15000.0,2026-05-07 14:31:06.385885
5725,Appartement vue sur mer à vendre à Asilah,2000000.0,Asilah,Toute La Ville,150.0,3,3,13333.33,2026-05-07 14:31:06.386011
5726,Quartier Hôtel ibis,1750000.0,Tanger,Malabata,100.0,2,2,17500.0,2026-05-07 14:31:06.386166
5727,Studio neuf 41 m2 à vendre à Roche Noires,640000.0,Casablanca,Roches Noires,41.0,1,1,15609.76,2026-05-07 14:31:06.386296
5728,Bel Appartement Moderne Aux Palmeraies À Vendre,1500000.0,Marrakech,Palmeraie,85.0,2,2,17647.06,2026-05-07 14:31:06.386424
5729,Appartement 74 m² à ALMAZ,830000.0,Casablanca,Almaz,74.0,2,1,11216.22,2026-05-07 14:31:06.386555
5730,Appart 68m Maarif Ex Près Carrefour Yacoub,950000.0,Casablanca,Maârif Extension,68.0,2,2,13970.59,2026-05-07 14:31:06.386680
5731,Appartement 3 Chambres Marjane Ahlan Déclaration Totale,1480000.0,Tanger,Marjane,133.0,3,2,11127.82,2026-05-07 14:31:06.386815
5732,Appartement meublé neuf sur corniche Martil,1500000.0,Martil,Toute La Ville,150.0,3,1,10000.0,2026-05-07 14:31:06.386943
5733,DES Appartements de 109 m² à Victoria - BOUSKOURA,855000.0,Bouskoura,Victoria,115.0,3,2,7434.78,2026-05-07 14:31:06.387131
5734,Appartement à Mohammedia au quartier du Parc,1450000.0,Mohammedia,Quartier Du Parc,125.0,3,2,11600.0,2026-05-07 14:31:06.387321
5735,Vente Urgente Appartement Économique AinChock Lamkansa4,430000.0,Lamkansa,Toute La Ville,60.0,2,2,7166.67,2026-05-07 14:31:06.387491
5736,Appartement à vendre 110 m² à Temara,1050000.0,Temara,Ain Atig,124.0,3,2,8467.74,2026-05-07 14:31:06.387662
5737,Appartement à vendre 90 m² Limoune à Ouled Teïma,585000.0,Ouled Teïma,Toute La Ville,90.0,3,1,6500.0,2026-05-07 14:31:06.387833
5738,Appartement Ensoleillé 123m² au Quartier Maarif,1500000.0,Casablanca,Maârif Extension,123.0,3,2,12195.12,2026-05-07 14:31:06.388335
5739,"Appartement à vendre 58 m², Oulfa Hay Hassani",286000.0,Casablanca,Oulfa,59.0,2,1,4847.46,2026-05-07 14:31:06.388601
5740,Appt 3 ch salon à vendre à Val Fleuri,1800000.0,Casablanca,Val Fleuri,126.0,3,2,14285.71,2026-05-07 14:31:06.388733
5741,Appartement idéal avec un bon prix,360000.0,Settat,Hay Al Kamal,102.0,2,1,3529.41,2026-05-07 14:31:06.388861
5742,RACINE Superbe Appartement Rénové à Vendre 265m²,4850000.0,Casablanca,Racine,265.0,4,3,18301.89,2026-05-07 14:31:06.389023
5743,TRIANGLE D’OR BEL APPT A VENDRE AVEC TERRASSE,3750000.0,Casablanca,Triangle D'Or,267.0,3,2,14044.94,2026-05-07 14:31:06.389193
5744,Appartement à vendre 74 m² à Sidi maarouf,760000.0,Casablanca,Sidi Maarouf,74.0,2,2,10270.27,2026-05-07 14:31:06.389371
5745,Appartement meublé piscine Haut standing,1200000.0,Marrakech,Mabrouka,70.0,2,2,17142.86,2026-05-07 14:31:06.389506
5746,Appartement 2ème étage Mhamid 9,400000.0,Marrakech,M'Hamid,65.0,2,2,6153.85,2026-05-07 14:31:06.389687
5747,A vendre un appartement avec terrasse,3750000.0,Casablanca,Racine,190.0,4,3,19736.84,2026-05-07 14:31:06.389914
5748,Studio à vendre avec piscine,580000.0,Marrakech,Palmeraie,48.0,1,1,12083.33,2026-05-07 14:31:06.390054
5749,Appartement à vendre 110 m² à Kénitra,1050000.0,Kénitra,La Ville Haute,120.0,3,2,8750.0,2026-05-07 14:31:06.390241
5750,Appartement à vendre 136 m² à Casablanca,2500000.0,Casablanca,Val Fleuri,136.0,3,2,18382.35,2026-05-07 14:31:06.390465
5751,À VENDRE APPARTEMENT SALON 3 CHAMBRES 70m2,735000.0,Casablanca,Autre Secteur,70.0,3,2,10500.0,2026-05-07 14:31:06.390696
5752,Appartement Excellente finition Très ensoleillé,600000.0,Salé,Toute La Ville,79.0,2,1,7594.94,2026-05-07 14:31:06.390889
5753,Idéal investissement appt 3ch a rénover allal fasi,950000.0,Marrakech,Allal El Fassi,91.0,3,2,10439.56,2026-05-07 14:31:06.391073
5754,Appartement à vendre 118m² La Perle du Sahara Dakhla,885000.0,Dakhla,Toute La Ville,118.0,4,1,7500.0,2026-05-07 14:31:06.391220
5755,Appartement traversant avec vue mer–Dernier étage,2300000.0,Casablanca,Anfa,121.0,2,1,19008.26,2026-05-07 14:31:06.391341
5756,Appartement à prix raisonnable,620000.0,Agadir,Ben Serguaou,60.0,2,2,10333.33,2026-05-07 14:31:06.391527
5757,Appartement titré Trialas Atlas,1600000.0,Tanger,Branes 1,113.0,3,2,14159.29,2026-05-07 14:31:06.391655
5758,Appartement Neuf Badiae Nojjoum,850000.0,Marrakech,Allal El Fassi,62.0,2,1,13709.68,2026-05-07 14:31:06.391779
5759,Apt Neuf 3 Chambres 1Salon roudani Maarif,1400000.0,Casablanca,Maarif,70.0,3,1,20000.0,2026-05-07 14:31:06.391985
5760,A VENDRE APPARTEMENTS NEUFS AVEC TITRES FONCIERS,575000.0,Kénitra,Bir Rami,90.0,3,1,6388.89,2026-05-07 14:31:06.392239
5761,Appartement à vendre à Saïd Hajji à prix symbolique,100000000.0,Salé,Said Hajji,100.0,3,2,1000000.0,2026-05-07 14:31:06.392417
5762,Appartement à vendre 149 m² à Casablanca,850000.0,Casablanca,Belvédère,149.0,3,2,5704.7,2026-05-07 14:31:06.392569
5763,Bel appartement de 103 m² à Bourgogne Ouest,1450000.0,Casablanca,Bourgogne,103.0,2,2,14077.67,2026-05-07 14:31:06.392806
5764,À vendre un bel appartement,950000.0,Casablanca,Belvédère,105.0,2,2,9047.62,2026-05-07 14:31:06.393077
5765,Superbe Rez de Jardin 2 Chambres – CFC Casablanca,2600000.0,Casablanca,Casablanca Finance City,118.0,2,2,22033.9,2026-05-07 14:31:06.393312
5766,A vendre un bel Appartement refait à neuf,2950000.0,Casablanca,Triangle D'Or,200.0,3,3,14750.0,2026-05-07 14:31:06.393491
5767,A vendre un appartement dans une résid balnéaire,1100000.0,Sidi Rahal,Toute La Ville,108.0,2,2,10185.19,2026-05-07 14:31:06.393683
5768,Appartement à vendre sur Hay Riad,3250000.0,Rabat,Hay Riad,144.0,3,2,22569.44,2026-05-07 14:31:06.393938
5769,Magnifique penthouse à vendre ou à louer à Wifac,3150000.0,Temara,Wifak,230.0,4,2,13695.65,2026-05-07 14:31:06.394127
5770,Luxueux appartement à 2 Mars,1990000.0,Casablanca,2 Mars,167.0,3,3,11916.17,2026-05-07 14:31:06.394258
5771,Très Bel Appartement 62m2 Quartier Palmier,1300000.0,Casablanca,Palmier,62.0,2,2,20967.74,2026-05-07 14:31:06.394375
5772,Appartement à ne pas rater,250000.0,Meknès,Hay Salam,60.0,2,1,4166.67,2026-05-07 14:31:06.394489
5773,Appart 118 m² Étage 3 Sidi Maarouf,1200000.0,Casablanca,Sidi Maarouf,118.0,3,2,10169.49,2026-05-07 14:31:06.394602
5774,Appartement 126m² 4ème étg. terrasse à Maârif,1450000.0,Casablanca,Val Fleuri,126.0,2,2,11507.94,2026-05-07 14:31:06.394716
5775,Appartement à vendre 48m² à Gueliz - Piscine Rooftop,1077000.0,Marrakech,Guéliz,49.0,1,1,21979.59,2026-05-07 14:31:06.394833
5776,Appartement à vendre près des universités 47 m2,295000.0,Tanger,Al Irfane 2,47.0,2,1,6276.6,2026-05-07 14:31:06.394954
5777,Appartement neuf avec ascenseur et parking,440000.0,Casablanca,Sidi Othmane,81.0,2,1,5432.1,2026-05-07 14:31:06.395065
5778,PALMIER JOLI STUDIO NEUF AVEC TERRASSE À VENDRE,1235000.0,Casablanca,Palmier,54.0,1,1,22870.37,2026-05-07 14:31:06.395173
5779,Appartement à vendre Résidence noria 2 chambres,2300000.0,Marrakech,Autre Secteur,84.0,2,2,27380.95,2026-05-07 14:31:06.395285
5780,Appartement à vendre vue sur mer à Tanger,3500000.0,Tanger,Malabata,120.0,3,2,29166.67,2026-05-07 14:31:06.395405
5781,Appart à vendre 213m² à Wifak Temara,2650000.0,Temara,Wifak,213.0,3,1,12441.31,2026-05-07 14:31:06.395521
5782,167577-Vente Appt à Casablanca Racine de 203 m²,4200000.0,Casablanca,Anfa,203.0,3,2,20689.66,2026-05-07 14:31:06.395633
5783,Luxueux studio en vente a Gueliz pour AIRBNB,1526500.0,Marrakech,Av Abdelkrim El Khattabi,61.0,1,1,25024.59,2026-05-07 14:31:06.395746
5784,Magnifique Appartement À Vendre À La Palmeraie,1800000.0,Marrakech,Palmeraie,95.0,2,2,18947.37,2026-05-07 14:31:06.395862
5785,Appartement en vente 65m² à Gueliz-Piscine Rooftop,1498000.0,Marrakech,Guéliz,65.0,1,1,23046.15,2026-05-07 14:31:06.395975
5786,appartement meublé à vendre,1100000.0,Kénitra,Mimosas,110.0,3,2,10000.0,2026-05-07 14:31:06.396091
5787,Appartement à vendre à Temara,960000.0,Temara,Autre Secteur,128.0,3,1,7500.0,2026-05-07 14:31:06.396202
5788,LA PERLA BLANCA -E-8 25/56952,1150000.0,Benslimane,Autre Secteur,114.0,3,2,10087.72,2026-05-07 14:31:06.396326
5789,Appartement à vendre 82 m² à Tétouan,8200000.0,Tétouan,Wilaya,82.0,2,2,100000.0,2026-05-07 14:31:06.396440
5790,Appartement à vendre 67 m² à Sidi Rahal,530000.0,Sidi Rahal,Toute La Ville,67.0,2,2,7910.45,2026-05-07 14:31:06.396550
5791,🏠 L’EXCEPTION URBAINE Duplex 66 m² à Guéliz,1518000.0,Marrakech,Guéliz,65.0,1,1,23353.85,2026-05-07 14:31:06.396661
5792,Appartement à vendre 55 m² à Tanger,330000.0,Tanger,Autre Secteur,55.0,2,1,6000.0,2026-05-07 14:31:06.396774
5793,Spacieux appart au cœur gueliz à côté Zara macdo,3500000.0,Marrakech,Guéliz,139.0,3,2,25179.86,2026-05-07 14:31:06.396899
5794,Appartement à vendre 60 m² à Marrakech,1320000.0,Marrakech,Guéliz,60.0,2,1,22000.0,2026-05-07 14:31:06.397046
5795,Appartement à vendre 78 m² à Marrakech,1800000.0,Marrakech,Agdal,118.0,2,2,15254.24,2026-05-07 14:31:06.397163
5796,Duplex RDC 74 m² en vente - piscine Rooftop,1708000.0,Marrakech,Av Abdelkrim El Khattabi,74.0,1,2,23081.08,2026-05-07 14:31:06.397275
5797,Tanger Balia,370000.0,Tanger,Tanja Balia,54.0,2,1,6851.85,2026-05-07 14:31:06.397421
5798,Appartement à vendre 60 m² centre ville souk mlilia,330000.0,Oujda,Centre Ville,60.0,2,1,5500.0,2026-05-07 14:31:06.397531
5799,Appart 101m² piscine près Semlalia Majorel Gueliz,2200000.0,Marrakech,Semlalia,101.0,2,2,21782.18,2026-05-07 14:31:06.397642
5800,Appartement à vendre 69 m² à Casablanca,440000.0,Casablanca,Aïn Borja,69.0,3,1,6376.81,2026-05-07 14:31:06.397748
5801,"Appartement rénové proche gare, plage et zoo",600000.0,Casablanca,Ain Sebaa,67.0,2,1,8955.22,2026-05-07 14:31:06.397862
5802,Résidence Galia Boulevard Hassan II Mohammedia,1700000.0,Mohammedia,Centre Ville,125.0,3,2,13600.0,2026-05-07 14:31:06.397975
5803,Appartement à vendre 65 m² à Bouznika Dahomey,650000.0,Bouznika,Autre Secteur,65.0,2,2,10000.0,2026-05-07 14:31:06.398084
5804,VENTE DIRECTE SUPERBES APPARTEMENTS,860000.0,Casablanca,Hay Hassani,78.0,2,2,11025.64,2026-05-07 14:31:06.398205
5805,Appartement à vendre 227 m² à Casablanca palmier,3000000.0,Casablanca,Palmier,227.0,4,3,13215.86,2026-05-07 14:31:06.398422
5806,Studio de 60 m² à vendre à Marrakech,1140000.0,Marrakech,Guéliz,60.0,1,1,19000.0,2026-05-07 14:31:06.398579
5807,Appartement 134 m² à vendre,1050000.0,Temara,Abbadi,134.0,3,1,7835.82,2026-05-07 14:31:06.398696
5808,Appartement à vendre rue Royal Army,1500000.0,Tétouan,Centre Ville,150.0,3,2,10000.0,2026-05-07 14:31:06.398811
5809,Appartement 2 ch à vendre vue sur mer,2900000.0,Tanger,Malabata,82.0,2,1,35365.85,2026-05-07 14:31:06.398922
5810,Appartement à vendre 67m² à Ainsebaa,770500.0,Casablanca,Ain Sebaa,67.0,2,2,11500.0,2026-05-07 14:31:06.399039
5811,Appartement à vendre 2 chambres Salon à Casa,810000.0,Bouznika,Al Kawtar,95.0,2,2,8526.32,2026-05-07 14:31:06.399150
5812,Magnifique studio en rez de jardin sur résidence,1400000.0,Marrakech,Agdal,50.0,1,1,28000.0,2026-05-07 14:31:06.399258
5813,Appartement à vendre 97 m² à Ferme Bretonne,1900000.0,Casablanca,Ferme Bretone,97.0,2,2,19587.63,2026-05-07 14:31:06.399366
5814,Appartement à vendre 123 m² à Casablanca,1780000.0,Casablanca,Abdelmoumen,123.0,3,2,14471.54,2026-05-07 14:31:06.399476
5815,Appartement à vendre Prestegia Argan golf,2000000.0,Marrakech,Route De Tahanaoute,80.0,2,1,25000.0,2026-05-07 14:31:06.399584
5816,Appartement à vendre 94m² à Ferme Bretonne,1900000.0,Casablanca,Ferme Bretone,94.0,2,2,20212.77,2026-05-07 14:31:06.399695
5817,Appartement 97m² à Casablanca ferme bretonne,1940000.0,Casablanca,Ferme Bretone,97.0,2,2,20000.0,2026-05-07 14:31:06.399814
5818,Appartement à vendre 165 m² à Casablanca,3500000.0,Casablanca,Racine,176.0,3,3,19886.36,2026-05-07 14:31:06.399927
5819,Appartement à vendre 80m² Bouznika sans vis à vis,750000.0,Bouznika,Al Kawtar,82.0,2,2,9146.34,2026-05-07 14:31:06.400037
5820,Superbe studio 56 m² à saisir à Marrakech,1064000.0,Marrakech,Guéliz,56.0,1,1,19000.0,2026-05-07 14:31:06.400148
5821,Appartement à vendre 76 m² à Marrakech,1500000.0,Marrakech,Victor Hugo,76.0,2,2,19736.84,2026-05-07 14:31:06.400258
5822,Spacieux Appartement 2 Chambres à la Vente Guéliz,2350000.0,Marrakech,Guéliz,110.0,2,2,21363.64,2026-05-07 14:31:06.400368
5823,Bel appartement en vente bd 2 mars,1930000.0,Casablanca,2 Mars,129.0,3,2,14961.24,2026-05-07 14:31:06.400485
5824,Appartement à vendre 110 m² à Mohammedia,1656000.0,Mohammedia,Centre Ville,120.0,2,2,13800.0,2026-05-07 14:31:06.400593
5825,Appartement à vendre 100 m² à Essaouira,1250000.0,Essaouira,Toute La Ville,100.0,2,1,12500.0,2026-05-07 14:31:06.400725
5826,Appartement en vente ain borja,850000.0,Casablanca,Aïn Borja,81.0,2,2,10493.83,2026-05-07 14:31:06.400849
5827,Résidence Jumeirah,440000.0,Deroua,Toute La Ville,72.0,2,1,6111.11,2026-05-07 14:31:06.400959
5828,Vente très joli studio centre ville,1200000.0,Marrakech,Guéliz,54.0,1,1,22222.22,2026-05-07 14:31:06.401094
5829,Appartement neuf enregistré conservé Médina Errahma,570000.0,Casablanca,Errahma,75.0,3,2,7600.0,2026-05-07 14:31:06.401207
5830,Appartement Mers Sultan 139 m² à Casablanca,1750000.0,Casablanca,Mers Sultan,139.0,2,2,12589.93,2026-05-07 14:31:06.401319
5831,Appartement de luxe à vendre à Marina golf Asilah,1800000.0,Asilah,Toute La Ville,113.0,3,2,15929.2,2026-05-07 14:31:06.401430
5832,beau duplex en vente ain borja,850000.0,Casablanca,Aïn Chock,85.0,2,1,10000.0,2026-05-07 14:31:06.401537
5833,Appartement 74m 3 chambres salon,580000.0,Marrakech,Autre Secteur,74.0,3,1,7837.84,2026-05-07 14:31:06.401648
5834,Bel appartement en vente al fida,660000.0,Casablanca,Al Fida,66.0,2,1,10000.0,2026-05-07 14:31:06.401764
5835,Appartement à vendre 68 m² au maarif,1280000.0,Casablanca,Maarif,68.0,2,1,18823.53,2026-05-07 14:31:06.401879
5836,bel appartement en vente ain borja,693500.0,Casablanca,Aïn Borja,79.0,3,1,8778.48,2026-05-07 14:31:06.401991
5837,Appartement à vendre 59 m² à Ain Sebaa,708000.0,Casablanca,Ain Sebaa,59.0,2,2,12000.0,2026-05-07 14:31:06.402102
5838,Bel appartement vente quartier des hôpitaux,1200000.0,Casablanca,Quartier Des Hôpitaux,92.0,2,2,13043.48,2026-05-07 14:31:06.402217
5839,Appartement 144m2 centre ville à vendre,400000.0,Casablanca,Anfa,144.0,3,1,2777.78,2026-05-07 14:31:06.402326
5840,Bel appartement vente belvedere,970000.0,Casablanca,Belvédère,109.0,3,2,8899.08,2026-05-07 14:31:06.402435
5841,Grand bel appartement en vente Casablanca,1690000.0,Casablanca,Centre Ville,189.0,3,2,8941.8,2026-05-07 14:31:06.402549
5842,Appartement à vendre 58 m² à Marrakech,1600000.0,Marrakech,Route De Tahanaoute,60.0,1,1,26666.67,2026-05-07 14:31:06.402660
5843,Bel appartement de 73m² à Ain Sebaa,817600.0,Casablanca,Oulfa,73.0,3,2,11200.0,2026-05-07 14:31:06.402771
5844,Appartement 110 m² à Casablanca,530000.0,Casablanca,Sidi Bernoussi,110.0,3,2,4818.18,2026-05-07 14:31:06.402885
5845,bel appartement en vente 3 chambres 1 salon,950000.0,Casablanca,Aïn Borja,112.0,3,1,8482.14,2026-05-07 14:31:06.402996
5846,Grand appartement en vente à Ain Borja,1600000.0,Casablanca,Aïn Borja,225.0,4,2,7111.11,2026-05-07 14:31:06.403109
5847,A vendre Appartement 65 m² à Ouislane Meknes,260000.0,Ouislane,Toute La Ville,73.0,2,1,3561.64,2026-05-07 14:31:06.403219
5848,Rez de jardin à vendre 107 m² vue sur piscine,1900000.0,Marrakech,Route De Casablanca,107.0,2,2,17757.01,2026-05-07 14:31:06.403325
5849,Appartement à vendre 208 m² à Racine,3750000.0,Casablanca,Racine,208.0,3,3,18028.85,2026-05-07 14:31:06.403437
5850,Appartement Allal El Fassi Hôtel Redouane disponible uniquement,1400000.0,Marrakech,Allal El Fassi,130.0,3,1,10769.23,2026-05-07 14:31:06.403547
5851,Appartement à vendre 67 m² à Asilah,900000.0,Asilah,Toute La Ville,67.0,2,1,13432.84,2026-05-07 14:31:06.403663
5852,TNG-TA-1129 - Appartement à vendre à Msala,1350000.0,Tanger,Autre Secteur,86.0,2,1,15697.67,2026-05-07 14:31:06.403773
5853,Appartement à vendre à Marina Vue Mer,4900000.0,Agadir,Marina,110.0,2,2,44545.45,2026-05-07 14:31:06.403960
5854,Appartement à vendre 174m2 à Mers Sultan,440000.0,Casablanca,Mers Sultan,174.0,3,2,2528.74,2026-05-07 14:31:06.404073
5855,Appartement meublé à vendre,940000.0,Tanger,Autre Secteur,81.0,2,1,11604.94,2026-05-07 14:31:06.404203
5856,Appartement à vendre 64 m² à Casablanca,640000.0,Casablanca,Hay Hassani,64.0,2,1,10000.0,2026-05-07 14:31:06.404326
5857,Appartements à vendre,1050000.0,Temara,Autre Secteur,100.0,3,2,10500.0,2026-05-07 14:31:06.404447
5858,Appartements à vendre près du café Russie,850000.0,Martil,Toute La Ville,80.0,3,1,10625.0,2026-05-07 14:31:06.404566
5859,Appartement de haut standing,1650000.0,Tétouan,Safir,147.0,2,2,11224.49,2026-05-07 14:31:06.404677
5860,"Nous vous apportons d'excellents appartements à vendre, premier étage 300 000 Dhs.",300000.0,Kénitra,Bir Rami,70.0,2,1,4285.71,2026-05-07 14:31:06.404792
5861,Excellent appartement meublé à vendre dans le quartier Al Saada près de Marjane,570000.0,Marrakech,Es Saada,54.0,2,1,10555.56,2026-05-07 14:31:06.404910
5862,Appartement à vendre 70 m² à Essaouira,720000.0,Essaouira,Centre Ville,75.0,2,1,9600.0,2026-05-07 14:31:06.405022
5863,Appartement sur R plus 2,930000.0,El Jadida,Hay Essalam,80.0,3,2,11625.0,2026-05-07 14:31:06.405206
5864,STUDIO à vendre Jnan Awrad Marrakech,955000.0,Marrakech,Route De Casablanca,49.0,1,1,19489.8,2026-05-07 14:31:06.405325
5865,Bel appartement à vendre à Hay Charaf,740000.0,Marrakech,Hay Charaf,98.0,2,1,7551.02,2026-05-07 14:31:06.405489
5866,Appartement à vendre 99 m² à Casablanca,950000.0,Casablanca,Sidi Maarouf,87.0,3,2,10919.54,2026-05-07 14:31:06.405601
5867,Appartement Meftah Anza,580000.0,Agadir,Anza,40.0,1,1,14500.0,2026-05-07 14:31:06.405712
5868,Bel appartement de 66 m2 à vendre,367000.0,Sidi Hajjaj Oued Hassar,Toute La Ville,66.0,2,1,5560.61,2026-05-07 14:31:06.405831
5869,Appartements de luxe à vendre,890000.0,Kénitra,Val Fleury,124.0,3,2,7177.42,2026-05-07 14:31:06.405943
5870,Bel appartement terrasse à Essaouira,850000.0,Essaouira,Centre Ville,62.0,1,1,13709.68,2026-05-07 14:31:06.406070
5871,Appartement à vendre Sidi Rahal,680000.0,Sidi Rahal,Toute La Ville,84.0,3,2,8095.24,2026-05-07 14:31:06.406189
5872,Studios à vendre à Zenata,740000.0,Zenata,Toute La Ville,50.0,1,1,14800.0,2026-05-07 14:31:06.406301
5873,"Appartement ""Soumi Vini"" dans un quartier chic près de la mosquée et sans intérêt",380000.0,Benslimane,Autre Secteur,126.0,3,1,3015.87,2026-05-07 14:31:06.406406
5874,Appartement à vendre 76 m² à Marrakech,1350000.0,Marrakech,Mabrouka,76.0,2,2,17763.16,2026-05-07 14:31:06.406528
5875,Appartement à vendre 80 m² à Marrakech,1700000.0,Marrakech,Route De Safi,80.0,2,2,21250.0,2026-05-07 14:31:06.406646
5876,Triplex de 200m² à 200m avenue ibn badis,1120000.0,El Jadida,Autre Secteur,203.0,3,1,5517.24,2026-05-07 14:31:06.406757
5877,Appartement à vendre 129 m² à Casablanca,1650000.0,Casablanca,Almaz,146.0,3,3,11301.37,2026-05-07 14:31:06.406882
5878,Appartement à vendre,700000.0,Kénitra,Alliance,85.0,2,1,8235.29,2026-05-07 14:31:06.406998
5879,Appartement à vendre 80 m² à Mohammedia,820000.0,Mohammedia,Autre Secteur,80.0,2,2,10250.0,2026-05-07 14:31:06.407149
5880,Appartement à vendre 74 m² à Marrakech,1450000.0,Marrakech,Palmeraie,74.0,2,2,19594.59,2026-05-07 14:31:06.407269
5881,Appartement à vendre 35 m² à Marrakech,660000.0,Marrakech,Route D'Ourika,37.0,1,1,17837.84,2026-05-07 14:31:06.407380
5882,Appartement à vendre 92 m² à boustane El Jadida,660000.0,El Jadida,Al Boustane,92.0,2,1,7173.91,2026-05-07 14:31:06.407494
5883,Studio à vendre,660000.0,Marrakech,Amerchich,45.0,1,1,14666.67,2026-05-07 14:31:06.464214
5884,Appartement à vendre 75 m² à Fès,420000.0,Fès,Oued Fès,92.0,2,2,4565.22,2026-05-07 14:31:06.407603
5885,Appartement à vendre 65 m² à Mohammedia,510000.0,Mohammedia,Autre Secteur,65.0,2,1,7846.15,2026-05-07 14:31:06.407729
5886,Super appart 78m2 H standing Aswac Salam,750000.0,Mohammedia,Autre Secteur,78.0,2,2,9615.38,2026-05-07 14:31:06.407861
5887,Duplex meublé à vendre centre ville,620000.0,Kénitra,Centre,75.0,2,2,8266.67,2026-05-07 14:31:06.407975
5888,Appartement de 3 chambres à vendre à Maamora,1330000.0,Kénitra,Maamora,130.0,3,2,10230.77,2026-05-07 14:31:06.408086
5889,Appartement à vendre 75 m² à Essaouira,1000000.0,Essaouira,Centre Ville,75.0,3,2,13333.33,2026-05-07 14:31:06.408195
5890,Appartement à vendre 199 m² à Boulevard Zerktouni,3800000.0,Casablanca,Maarif,199.0,3,3,19095.48,2026-05-07 14:31:06.408314
5891,Appartement à vendre 145 m² à Tétouan,2000000.0,Tétouan,Autre Secteur,145.0,3,2,13793.1,2026-05-07 14:31:06.408429
5892,Appartement à vendre Hay Fadl,600000.0,Marrakech,Hay Charaf,68.0,2,1,8823.53,2026-05-07 14:31:06.408553
5893,"Appartement à vendre, 2ème étage, Jnan Louz Loualfa",36000000.0,Casablanca,Oulfa,51.0,2,1,705882.35,2026-05-07 14:31:06.408663
5894,Superbe appartement à vendre à Sidi Kacem - Sans intermédiaire,320000.0,Sidi Kacem,Toute La Ville,105.0,2,1,3047.62,2026-05-07 14:31:06.408779
5895,Excellent appartement à vendre dans le quartier de Cherf près de Marjane,740000.0,Marrakech,Hay Charaf,98.0,2,1,7551.02,2026-05-07 14:31:06.408931
5896,Appartement à vendre dans le quartier Al-Zahour près de l'école Al-Arabi et Marjane,540000.0,Marrakech,Hay Izdihar,50.0,2,1,10800.0,2026-05-07 14:31:06.409048
5897,Appartement à vendre 70 m² au Vizir Center à Marrakech,1250000.0,Marrakech,Route De Casablanca,70.0,1,2,17857.14,2026-05-07 14:31:06.409165
5898,Appartement à vendre 110 m² à Casablanca,2000000.0,Casablanca,Beauséjour,110.0,2,2,18181.82,2026-05-07 14:31:06.409308
5899,Appartement à vendre à Triangle d’Or,1200000.0,Casablanca,Triangle D'Or,80.0,2,1,15000.0,2026-05-07 14:31:06.409423
5900,Appartement à vendre 151 m² à Casablanca,2600000.0,Casablanca,Ferme Bretone,151.0,3,3,17218.54,2026-05-07 14:31:06.409533
5901,Appartement à vendre 125 m² Sidi abbad Marrakech,1450000.0,Marrakech,Sidi Abbad,125.0,3,2,11600.0,2026-05-07 14:31:06.409652
5902,Appartement en face zone villa,520000.0,Kénitra,Seyad,68.0,2,1,7647.06,2026-05-07 14:31:06.409762
5903,APPARTEMENT RÉSIDENCE TAOUIRT TAGHAZOUT BAY,3200000.0,Agadir,Tamraght,99.0,1,2,32323.23,2026-05-07 14:31:06.409881
5904,appartement à Bahia Golf beach,1949000.0,Bouznika,Autre Secteur,121.0,3,2,16107.44,2026-05-07 14:31:06.409989
5905,"Appartement à vendre à Menzah, Rue Mohamed VI",21000000.0,El Menzeh,Toute La Ville,128.0,3,2,164062.5,2026-05-07 14:31:06.410109
5906,Secteur 21 Hay Riad,740000.0,Rabat,Hay Riad,377.0,5,3,1962.86,2026-05-07 14:31:06.410219
5907,Bonne affaire dans le quartier administratif,1580000.0,Tanger,Centre Ville,103.0,2,2,15339.81,2026-05-07 14:31:06.410329
5908,Appt titré 121m² 3ch avec Parking Maamora Kénitra,900000.0,Kénitra,Maamora,121.0,3,1,7438.02,2026-05-07 14:31:06.410477
5909,"Appartement à vendre, 2 Mars Casablanca",2400000.0,Casablanca,2 Mars,159.0,3,3,15094.34,2026-05-07 14:31:06.410594
5910,Bel appartement à Jnane Californie,1690000.0,Casablanca,Mandarona,123.0,2,2,13739.84,2026-05-07 14:31:06.410706
5911,vente appartement moyen standing oulfa,530000.0,Casablanca,Oulfa,58.0,2,1,9137.93,2026-05-07 14:31:06.410820
5912,Appartement à vendre 82 m² à Kénitra,640000.0,Kénitra,Alliance,82.0,2,2,7804.88,2026-05-07 14:31:06.410934
5913,Appartement de Luxe 270 m²–Hay Riad Rabat,8000000.0,Rabat,Hay Riad,270.0,3,4,29629.63,2026-05-07 14:31:06.411049
5914,Appartement à vendre 68 m² à Casablanca,700000.0,Casablanca,Lissasfa,68.0,2,1,10294.12,2026-05-07 14:31:06.411183
5915,Appartement Titré.,2400000.0,Casablanca,2 Mars,168.0,2,3,14285.71,2026-05-07 14:31:06.411291
5916,Magnifique appartement jardin ibn Khafaja,1700000.0,Kénitra,Maamora,120.0,3,2,14166.67,2026-05-07 14:31:06.411401
5917,Appartement Avec Terrasse à vendre à Tamraght,1030000.0,Agadir,Tamraght,80.0,2,2,12875.0,2026-05-07 14:31:06.411513
5918,Appartement à vendre 256 m² à Tanger,2000000.0,Tanger,Achakar,256.0,3,3,7812.5,2026-05-07 14:31:06.411622
5919,hamza had soualem fiha 70000dh da3d,500000.0,Had Soualem,Toute La Ville,74.0,2,2,6756.76,2026-05-07 14:31:06.411729
5920,Appartement à vendre 68 m² à Kénitra,340000.0,Kénitra,Bir Rami,68.0,2,1,5000.0,2026-05-07 14:31:06.411844
5921,À vendre appartement de luxe à malabata hills,8000000.0,Tanger,Sania,366.0,3,2,21857.92,2026-05-07 14:31:06.411962
5922,Magnifique vue Golf et piscine,1750000.0,Marrakech,Agdal,47.0,1,1,37234.04,2026-05-07 14:31:06.412069
5923,"appt 3 chambres, 2 minutes du quartier financier",1150000.0,Casablanca,Oulfa,114.0,3,1,10087.72,2026-05-07 14:31:06.412180
5924,Appartement à vendre 94 m² à Kénitra,680000.0,Kénitra,Seyad,94.0,2,2,7234.04,2026-05-07 14:31:06.412297
5925,Appartement à vendre 62 m² à Berrechid,380000.0,Berrechid,Toute La Ville,62.0,2,2,6129.03,2026-05-07 14:31:06.412410
5926,Appartement à vendre 90 m² à Kénitra,600000.0,Kénitra,Seyad,90.0,3,1,6666.67,2026-05-07 14:31:06.412519
5927,Appartement à vendre 70 m² à Kénitra,340000.0,Kénitra,Bir Rami,70.0,2,1,4857.14,2026-05-07 14:31:06.412631
5928,Appartement à vendre 80 m² à Kénitra,610000.0,Kénitra,Seyad,80.0,2,2,7625.0,2026-05-07 14:31:06.412745
5929,Appartement à vendre 95 m² à Kénitra,490000.0,Kénitra,Bir Rami,95.0,3,2,5157.89,2026-05-07 14:31:06.412867
5930,LES PRINCESSES JOLI APPARTEMENT NEUF À VENDRE,1470000.0,Casablanca,Gauthier,66.0,2,1,22272.73,2026-05-07 14:31:06.412981
5931,Appartement à vendre 90 m² à Kénitra,660000.0,Kénitra,Mimosas,90.0,2,1,7333.33,2026-05-07 14:31:06.413091
5932,Appartement à vendre 329 m² à Fès,2300000.0,Fès,Champ De Course,329.0,3,3,6990.88,2026-05-07 14:31:06.413204
5933,Appartement à vendre à Berrechid El Qabbah,340000.0,Berrechid,Toute La Ville,70.0,2,1,4857.14,2026-05-07 14:31:06.413313
5934,Appartement à vendre 123 m² à Tanger,3500000.0,Tanger,Centre Ville,202.0,3,3,17326.73,2026-05-07 14:31:06.413448
5935,Appartement de Grande Superficie 93 m²,850000.0,Marrakech,Hay Charaf,93.0,2,1,9139.78,2026-05-07 14:31:06.413567
5936,Super Appartement Vue sur Mer à Dar Bouazza,2390000.0,Dar Bouazza,Toute La Ville,132.0,3,2,18106.06,2026-05-07 14:31:06.413679
5937,Appartement 97m² urgent Oulfa route errahma,795000.0,Casablanca,Oulfa,103.0,3,2,7718.45,2026-05-07 14:31:06.413793
5938,Appartement à vendre 58 m² à Agadir,590000.0,Agadir,Tilila,58.0,2,1,10172.41,2026-05-07 14:31:06.413913
5939,Appartement de très haut standing entièrement rénové,5500000.0,Rabat,Riyad,228.0,4,3,24122.81,2026-05-07 14:31:06.414028
5940,Studio meublé à vendre à Mansoria,700000.0,El Mansouria,Toute La Ville,52.0,1,1,13461.54,2026-05-07 14:31:06.414138
5941,Appartement neuf résidence privé à Agadir,830000.0,Agadir,Hay Mohammadi,83.0,2,2,10000.0,2026-05-07 14:31:06.414365
5942,Studio RACINE avec grande terrasse à vendre,1300000.0,Casablanca,Racine,74.0,1,1,17567.57,2026-05-07 14:31:06.414601
5943,Appartement divisé en 2 studios à 2 min de Marina,3200000.0,Tanger,Autre Secteur,84.0,2,2,38095.24,2026-05-07 14:31:06.414731
5944,Appartement neuf à vendre 136 m² à Harhoura Valdor,2500000.0,Temara,Harhoura,136.0,3,3,18382.35,2026-05-07 14:31:06.414860
5945,Joli Duplex à vendre de 82 m² à Marrakech,1476000.0,Marrakech,Guéliz,82.0,1,2,18000.0,2026-05-07 14:31:06.414973
5946,Duplex luxueux à vendre 318 m² à Racine,4000000.0,Casablanca,Racine,318.0,4,3,12578.62,2026-05-07 14:31:06.415088
5947,Superbe Appartement à vendre 75 m² à Marrakech,1050000.0,Marrakech,Hay Izdihar,75.0,2,2,14000.0,2026-05-07 14:31:06.415199
5948,Appartement à vendre 170 m² à Tanger,1200000.0,Tanger,Aharrarine,170.0,3,2,7058.82,2026-05-07 14:31:06.415311
5949,Appartement à vendre 68m² à Bouznika,480000.0,Bouznika,Autre Secteur,72.0,2,2,6666.67,2026-05-07 14:31:06.415423
5950,Lux petit appartement Tamaris,990000.0,Dar Bouazza,Toute La Ville,65.0,1,1,15230.77,2026-05-07 14:31:06.415546
5951,Somptueux appartement à vendre,2850000.0,Dar Bouazza,Toute La Ville,200.0,3,2,14250.0,2026-05-07 14:31:06.415656
5952,Appartement à vendre 121 m² à Casablanca,1350000.0,Casablanca,Florida,124.0,3,1,10887.1,2026-05-07 14:31:06.415767
5953,appartement a vendre,420000.0,Casablanca,Oulfa,59.0,2,2,7118.64,2026-05-07 14:31:06.415883
5954,Bel appartement familial,950000.0,Agadir,Hay Salam,124.0,3,2,7661.29,2026-05-07 14:31:06.415996
5955,Appartement 2ème étage Hay El Matar,300000.0,El Jadida,Quartier Aérodrome,60.0,2,1,5000.0,2026-05-07 14:31:06.416106
5956,Appartement à saisir à Sidi Bouzid El Jadida,750000.0,El Jadida,Autre Secteur,81.0,2,1,9259.26,2026-05-07 14:31:06.416216
5957,Duplex en plein centre Av Med V,1200000.0,Kénitra,Mimosas,160.0,3,3,7500.0,2026-05-07 14:31:06.416342
5958,Appartement à vendre 153 m² à Tétouan,1989000.0,Tétouan,Safir,153.0,2,2,13000.0,2026-05-07 14:31:06.416451
5959,LES PRINCESSES JOLI STUDIO NEUF À VENDRE 57 m²,1280000.0,Casablanca,Les Princesses,57.0,1,1,22456.14,2026-05-07 14:31:06.416562
5960,MAARIF PRES TWIN BEL APPARTEMENT A VENDRE 150 m²,2250000.0,Casablanca,Maarif,150.0,3,2,15000.0,2026-05-07 14:31:06.416673
5961,MAÂRIF JOLI APPARTEMENT 109 m² À VENDRE,1050000.0,Casablanca,Maarif,109.0,2,2,9633.03,2026-05-07 14:31:06.416789
5962,Superbe studio de 52m² à saisir vite,988000.0,Marrakech,Guéliz,52.0,1,1,19000.0,2026-05-07 14:31:06.416904
5963,Appartement 95m² à vendre,1500000.0,Mohammedia,La Siesta,95.0,2,1,15789.47,2026-05-07 14:31:06.417018
5964,Appartement à vendre Californie,2600000.0,Casablanca,Californie,127.0,3,1,20472.44,2026-05-07 14:31:06.417130
5965,Appartement Fascinant,340000.0,Meknès,Hamria,62.0,2,1,5483.87,2026-05-07 14:31:06.417242
5966,PALMIER JOLI APPT NEUF À VENDRE 58 m²,1470000.0,Casablanca,Palmier,58.0,2,1,25344.83,2026-05-07 14:31:06.417350
5967,APPARTEMENT À VENDRE À HARHOURA RDC PISCINE,1100000.0,Temara,Harhoura,70.0,2,1,15714.29,2026-05-07 14:31:06.417468
5968,Appartement à vendre Ahlane Tanger,1550000.0,Tanger,Ahlane,128.0,3,3,12109.38,2026-05-07 14:31:06.417605
5969,Magnifique Studio à vendre,850000.0,Mohammedia,Quartier Du Parc,57.0,1,1,14912.28,2026-05-07 14:31:06.417716
5970,Appartement refait à neuf,300000.0,Casablanca,Lissasfa,56.0,2,1,5357.14,2026-05-07 14:31:06.417835
5971,Luxueux Appartement à vendre à Casablanca,1395000.0,Casablanca,Nassim,153.0,3,2,9117.65,2026-05-07 14:31:06.417951
5972,STUDIO NEUF AVEC TERRASSE À VENDRE AUX PRINCESSES,1269000.0,Casablanca,Les Princesses,57.0,1,1,22263.16,2026-05-07 14:31:06.418062
5973,Vente Appartement 3 pièces de 125 m2 à Sidi Rahal,1650000.0,Sidi Rahal,Toute La Ville,125.0,2,2,13200.0,2026-05-07 14:31:06.418193
5974,Appartement à vendre 77 m² à Casablanca,835000.0,Casablanca,Ain Sebaa,77.0,2,2,10844.16,2026-05-07 14:31:06.418306
5975,Appartement à vendre à Tamensort,420000.0,Marrakech,Route De Tamansourt,94.0,2,1,4468.09,2026-05-07 14:31:06.418419
5976,Appartement à vendre 202 m² à Rabat,4750000.0,Rabat,Hay Riad,202.0,3,1,23514.85,2026-05-07 14:31:06.418531
5977,Appartement à vendre 70 m² à Kénitra bir rami,450000.0,Kénitra,Bir Rami,70.0,2,1,6428.57,2026-05-07 14:31:06.418647
5978,Appartement à vendre 119 m² sur 2mars,1606500.0,Casablanca,2 Mars,119.0,3,1,13500.0,2026-05-07 14:31:06.418768
5979,Appartement à vendre sur l'Agdal,3400000.0,Rabat,Agdal,150.0,3,2,22666.67,2026-05-07 14:31:06.418888
5980,Casablanca Ain Sebaa,340000.0,Mediouna,Toute La Ville,53.0,2,1,6415.09,2026-05-07 14:31:06.418999
5981,Appartement à vendre 125 m² à Casablanca,1030000.0,Casablanca,Ain Sebaa,125.0,2,1,8240.0,2026-05-07 14:31:06.419107
5982,particulier,3100000.0,Casablanca,Autre Secteur,208.0,4,3,14903.85,2026-05-07 14:31:06.419223
5983,Appartements à vendre à Harhoura Valdor,1560000.0,Temara,Harhoura,92.0,2,1,16956.52,2026-05-07 14:31:06.419339
5984,Appartement à vendre avec conditions de soutien,470000.0,Had Soualem,Toute La Ville,63.0,2,2,7460.32,2026-05-07 14:31:06.419451
5985,Appartement à vendre derrière Aquaparc,616000.0,Casablanca,Errahma,56.0,2,1,11000.0,2026-05-07 14:31:06.419567
5986,"Excellent appartement à vendre dans le quartier de Cherf, premier étage, près de Marjane",890000.0,Marrakech,Hay Charaf,84.0,2,1,10595.24,2026-05-07 14:31:06.419679
5987,Appart à vendre a beausejour Casa,1250000.0,Casablanca,Beauséjour,124.0,3,2,10080.65,2026-05-07 14:31:06.419798
5988,Appartement à vendre en indivision,270000.0,Berrechid,Toute La Ville,72.0,2,1,3750.0,2026-05-07 14:31:06.419911
5989,Appartement RDC Jardin 99m² - Les Perles de Californie,1500000.0,Casablanca,Californie,99.0,2,2,15151.52,2026-05-07 14:31:06.420033
5990,Appartement haut standing Islane,1340000.0,Agadir,Hay Mohammadi,98.0,2,2,13673.47,2026-05-07 14:31:06.420142
5991,Appartement molkiya dans la wilaya de Tétouan,1550000.0,Tétouan,Wilaya,204.0,3,2,7598.04,2026-05-07 14:31:06.420251
5992,Appartement Traversant 130m² à Ain Chock Inara,1260000.0,Casablanca,Al Qods,130.0,3,2,9692.31,2026-05-07 14:31:06.420357
5993,Résidence Riyad Sahel,500000.0,Had Soualem,Toute La Ville,74.0,2,2,6756.76,2026-05-07 14:31:06.420462
5994,"Triplex de luxe à vendre, centre ville",3400000.0,Tanger,Centre Ville,238.0,3,2,14285.71,2026-05-07 14:31:06.420568
5995,Appartement 74 m au 4ème étage,500000.0,Had Soualem,Toute La Ville,74.0,2,2,6756.76,2026-05-07 14:31:06.420676
5996,Capo Negro,3996000.0,Martil,Toute La Ville,148.0,3,2,27000.0,2026-05-07 14:31:06.420789
5997,AGRÉABLE APPARTEMENT REZ-DE-CHAUSSÉE HARHOURA,1100000.0,Temara,Harhoura,70.0,2,1,15714.29,2026-05-07 14:31:06.420899
5998,Appartement à vendre 60 m² à Agadir,36000000.0,Agadir,Taddart Anza,60.0,2,1,600000.0,2026-05-07 14:31:06.421010
5999,"Appartement à vendre Shams Al Madina, Tit Mellil, 2ème étage",280000.0,Tit Mellil,Toute La Ville,59.0,2,1,4745.76,2026-05-07 14:31:06.421119
6000,Appartement de 80 m² à Kénitra al maghrib al arabi,640000.0,Kénitra,Al Maghrib Al Arabi,80.0,2,2,8000.0,2026-05-07 14:31:06.421229
6001,Appartement à vendre 45 m² à Cabo Negro,850000.0,Cabo Negro,Toute La Ville,46.0,1,1,18478.26,2026-05-07 14:31:06.421336
6002,Appartement Nejma pour investissement Airbnb,2150000.0,Tanger,Malabata,163.0,3,2,13190.18,2026-05-07 14:31:06.421467
6003,Joli appartement à Sidi Rahal,800000.0,Sidi Rahal,Toute La Ville,75.0,2,2,10666.67,2026-05-07 14:31:06.421580
6004,Appartement à vendre 71 m² à Bouznika,600000.0,Bouznika,Autre Secteur,71.0,2,1,8450.7,2026-05-07 14:31:06.421718
6005,Très beau 3ch au Maarif Extension,2150000.0,Casablanca,Maârif Extension,146.0,3,3,14726.03,2026-05-07 14:31:06.421867
6006,Appartement à vendre 80 m² à Khouribga,580000.0,Khouribga,Toute La Ville,80.0,2,2,7250.0,2026-05-07 14:31:06.421996
6007,Appartement à vendre 131 m² à Meknès,509000.0,Meknès,Zitoune,131.0,3,2,3885.5,2026-05-07 14:31:06.422105
6008,Appartement à vendre 70 m² à Fès,250000.0,Fès,Agdal,70.0,2,1,3571.43,2026-05-07 14:31:06.422209
6009,Appartement 150 m² à Kénitra lotissement alliance,870000.0,Kénitra,Alliance,150.0,3,2,5800.0,2026-05-07 14:31:06.422322
6010,Appartement à vendre 78 m² à Casablanca,897000.0,Casablanca,Ain Sebaa,78.0,2,2,11500.0,2026-05-07 14:31:06.422434
6011,Appartement 137m Haut Standing Maarif Ex,1880000.0,Casablanca,Maârif Extension,142.0,3,2,13239.44,2026-05-07 14:31:06.422549
6012,Appartement à vendre 90 m² à Bir Rami Kénitra,570000.0,Kénitra,Bir Rami,90.0,3,2,6333.33,2026-05-07 14:31:06.422663
6013,Appartement neuf 70 m² 5 pièces,640000.0,Marrakech,Autre Secteur,70.0,3,1,9142.86,2026-05-07 14:31:06.422793
6014,Appartement à vendre 3 chambres à Moulay Youssef 119 m²,3000000.0,Casablanca,Moulay Youssef,119.0,3,2,25210.08,2026-05-07 14:31:06.422915
6015,Appartement 85 m² à Ain sebaa,920000.0,Casablanca,Ain Sebaa,85.0,2,2,10823.53,2026-05-07 14:31:06.423025
6016,Appartement à vendre 91 m² à Casablanca,1046000.0,Casablanca,Ain Sebaa,91.0,2,2,11494.51,2026-05-07 14:31:06.423136
6017,lotissement riyad sahel,490000.0,Had Soualem,Toute La Ville,69.0,2,2,7101.45,2026-05-07 14:31:06.423251
6018,Appartement rénové jamais habité à Farah Salam,375000.0,Casablanca,Oulfa,50.0,2,1,7500.0,2026-05-07 14:31:06.423363
6019,Appartement à vendre 55 m² à Casablanca,1200000.0,Casablanca,Ferme Bretone,55.0,2,2,21818.18,2026-05-07 14:31:06.423480
6020,"Bel appartement à vendre à Dyar Al Andalous, emplacement stratégique",440000.0,Bouskoura,Bouskoura Centre,61.0,2,2,7213.11,2026-05-07 14:31:06.423607
6021,Vente Appartement 2 pièces de 44 m2 à Zenata,880000.0,Zenata,Toute La Ville,44.0,1,1,20000.0,2026-05-07 14:31:06.423723
6022,Opportunité d'investissement près de la gare de Marrakech,1180000.0,Marrakech,Guéliz,45.0,1,1,26222.22,2026-05-07 14:31:06.423837
6023,À VENDRE – Superbe appartement 77 m²,1350000.0,Casablanca,Les Princesses,77.0,2,2,17532.47,2026-05-07 14:31:06.423954
6024,Appartements neufs à vendre Dar bouazza,627000.0,Dar Bouazza,Toute La Ville,78.0,2,2,8038.46,2026-05-07 14:31:06.424067
6025,Vente Appartement 3 pièces de 85 m2 à Casablanca,1350000.0,Casablanca,Roches Noires,85.0,2,2,15882.35,2026-05-07 14:31:06.424179
6026,Appartement haut standing 3 ch Maarif extension,1980000.0,Casablanca,Maârif Extension,132.0,3,2,15000.0,2026-05-07 14:31:06.424294
6027,Appartement titré à vendre,170000.0,Meknès,Wislane,60.0,2,1,2833.33,2026-05-07 14:31:06.424408
6028,Appartement 70m² R2 route de Marrakech,545000.0,El Jadida,Autre Secteur,70.0,2,1,7785.71,2026-05-07 14:31:06.424522
6029,Studio à vendre 47 m² à Casablanca,1010500.0,Casablanca,Ferme Bretone,47.0,1,1,21500.0,2026-05-07 14:31:06.424644
6030,Appartement Duplex 142m Meublé À Maarif Ex,1800000.0,Casablanca,Maarif,179.0,2,2,10055.87,2026-05-07 14:31:06.424755
6031,Vente Appartement 5 pièces de 206 m2 à Casablanca,3300000.0,Casablanca,Maârif Extension,206.0,4,2,16019.42,2026-05-07 14:31:06.424895
6032,Appartement à vendre 64 m² à Casablanca,1380000.0,Casablanca,Ferme Bretone,64.0,2,2,21562.5,2026-05-07 14:31:06.425009
6033,Appartement RDC 64m à vendre Temara,670000.0,Temara,Autre Secteur,64.0,2,2,10468.75,2026-05-07 14:31:06.425125
6034,Appartement 54 m² meublé - Riad Al Oulfa,460000.0,Casablanca,Oulfa,54.0,2,1,8518.52,2026-05-07 14:31:06.425244
6035,"Appartement Chouka sans soutien, excellent emplacement",535000.0,Bouznika,Autre Secteur,55.0,2,1,9727.27,2026-05-07 14:31:06.425360
6036,Appartement 109 m² en vente près clinique Kawtar,890000.0,Fès,Route Ain Chkaf,109.0,3,2,8165.14,2026-05-07 14:31:06.425481
6037,Très bel appartement 3Ch pieds sans l'eau,2390000.0,Dar Bouazza,Toute La Ville,144.0,3,2,16597.22,2026-05-07 14:31:06.425593
6038,Vente Appartement 2 pièces de 47 m2 à Casablanca,1150000.0,Casablanca,Maârif Extension,47.0,1,1,24468.09,2026-05-07 14:31:06.425734
6039,Superbe appartement 1 chambre à Californie,1300000.0,Casablanca,Californie,146.0,1,2,8904.11,2026-05-07 14:31:06.425900
6040,Petit appartement avec terrasse,860000.0,Casablanca,Belvédère,101.0,2,2,8514.85,2026-05-07 14:31:06.426027
6041,Adorable Duplex à vendre Rabat à vendre à agdal,3800000.0,Rabat,Agdal,274.0,3,3,13868.61,2026-05-07 14:31:06.426137
6042,Appartement à vendre 150 m² à Dar Bouazza,1980000.0,Dar Bouazza,Toute La Ville,150.0,3,2,13200.0,2026-05-07 14:31:06.426246
6043,Vente Appartement 4 pièces de 63 m2 à Marrakech,500000.0,Marrakech,Azzouzia,63.0,2,2,7936.51,2026-05-07 14:31:06.426358
6044,Vente Appartement 4 pièces de 113 m2 à Dar Bouazza,980000.0,Dar Bouazza,Toute La Ville,113.0,2,2,8672.57,2026-05-07 14:31:06.426496
6045,Studio 44 m Les Princesses,940000.0,Casablanca,Les Princesses,44.0,1,1,21363.64,2026-05-07 14:31:06.426604
6046,Résidence fermée Saidia à 5min de 🏖️🏝️,740000.0,Saidia,Toute La Ville,74.0,2,1,10000.0,2026-05-07 14:31:06.426716
6047,Appartement 3 Chambres 2 Façades Centre-ville Tanger,2140000.0,Tanger,Castilla,112.0,3,2,19107.14,2026-05-07 14:31:06.426832
6048,Opportunité à saisir - Appartement 3 chambres - Casa,1127000.0,Casablanca,Route D'Azemmour,97.0,3,2,11618.56,2026-05-07 14:31:06.426941
6049,Appartement à vendre 64 m² à Fès,330000.0,Fès,Mont Fleuri,64.0,2,1,5156.25,2026-05-07 14:31:06.427047
6050,Studio très haut standing au centre de Casa,950000.0,Casablanca,Franceville,38.0,1,1,25000.0,2026-05-07 14:31:06.427164
6051,🔥 Appt Racine 3 chambres 170 m²,3500000.0,Casablanca,Racine,170.0,3,2,20588.24,2026-05-07 14:31:06.427269
6052,Appartement à vendre Dar Bouazza,330000.0,Casablanca,Route D'Azemmour,58.0,2,1,5689.66,2026-05-07 14:31:06.427377
6053,Appartement à vendre 187 m² à Kénitra,1500000.0,Kénitra,Mimosas,190.0,3,2,7894.74,2026-05-07 14:31:06.427489
6054,Appartement à vendre meublé,2450000.0,Marrakech,Route De Casablanca,125.0,2,2,19600.0,2026-05-07 14:31:06.427601
6055,Appartement Haut Standing – Val Fleuri,1900000.0,Casablanca,Val Fleuri,132.0,3,2,14393.94,2026-05-07 14:31:06.427717
6056,Appartement à vendre 207 m² à Casablanca,2800000.0,Casablanca,Californie,207.0,5,2,13526.57,2026-05-07 14:31:06.427833
6057,Particulier vend Duplex d'exception plein sud,1450000.0,Tamesna,Toute La Ville,179.0,3,1,8100.56,2026-05-07 14:31:06.427944
6058,Appartement 93 m² à Victoria,880000.0,Bouskoura,Victoria,104.0,2,2,8461.54,2026-05-07 14:31:06.428053
6059,Vente Appartement 3 pièces de 107 m2 à Marrakech,2000000.0,Marrakech,Route De Casablanca,107.0,2,2,18691.59,2026-05-07 14:31:06.428163
6060,Vente Appartement 4 pièces de 135 m2 à Casablanca,2700000.0,Casablanca,Racine,135.0,3,3,20000.0,2026-05-07 14:31:06.428294
6061,Appartement à Vendre Quartier Charaf 93 m²,850000.0,Marrakech,Hay Charaf,93.0,2,1,9139.78,2026-05-07 14:31:06.428402
6062,Élégant Appartement 3 Chambres Avec Terrasse,4100000.0,Marrakech,Harti,117.0,3,2,35042.74,2026-05-07 14:31:06.428513
6063,appartement à vendre,1050000.0,Casablanca,Al Qods,108.0,3,2,9722.22,2026-05-07 14:31:06.428619
6064,Appartement salon 3 chambres 103 m² à Victoria,999000.0,Bouskoura,Victoria,114.0,3,2,8763.16,2026-05-07 14:31:06.428727
6065,Studio à vendre 42 m² à ain sebaa,504000.0,Casablanca,Ain Sebaa,42.0,1,1,12000.0,2026-05-07 14:31:06.428842
6066,🌿 Appartement d’exception à vendre à Achakar,2800000.0,Tanger,Achakar,165.0,2,2,16969.7,2026-05-07 14:31:06.428957
6067,Laurier Rose Tamsna,420000.0,Tamesna,Toute La Ville,61.0,2,1,6885.25,2026-05-07 14:31:06.503007
6068,Appartement 85m² vue piscine – plage à pied,1150000.0,Sidi Rahal,Toute La Ville,85.0,2,2,13529.41,2026-05-07 14:31:06.429066
6069,Appartement 60 m² Mdiq Tétouan à vendre,860000.0,Mdiq,Toute La Ville,60.0,1,1,14333.33,2026-05-07 14:31:06.429177
6070,Appartement ensoleillé dans un endroit magnifique près du golf,600000.0,Benslimane,Autre Secteur,98.0,2,1,6122.45,2026-05-07 14:31:06.429287
6071,Vente Appartement 4 pièces de 101 m2 à Zenata,1380000.0,Zenata,Toute La Ville,101.0,3,2,13663.37,2026-05-07 14:31:06.429405
6072,Appartement équipé à vendre 53 m² à Agadir,700000.0,Agadir,Hay Salam,53.0,2,1,13207.55,2026-05-07 14:31:06.429510
6073,Super Studio à Vendre à Ferme Bretonne,1500000.0,Casablanca,Ferme Bretone,70.0,1,1,21428.57,2026-05-07 14:31:06.429645
6074,Appartement vue sur mer,990000.0,Sidi Rahal,Toute La Ville,127.0,3,2,7795.28,2026-05-07 14:31:06.429755
6075,Appartement sur Boulevard Mohamed 6,490000.0,Meknès,Marjane 2,90.0,2,1,5444.44,2026-05-07 14:31:06.429871
6076,Appartement 76m Haut Standing Maarif Ex,1050000.0,Casablanca,Maârif Extension,76.0,2,2,13815.79,2026-05-07 14:31:06.429978
6077,Vente Appartement 5 pièces de 158 m2 à Casablanca,1400000.0,Casablanca,Sidi Moumen,158.0,3,2,8860.76,2026-05-07 14:31:06.430089
6078,Vente Appartement 3 pièces de 71 m2 à Marrakech,550000.0,Marrakech,Azzouzia,71.0,2,1,7746.48,2026-05-07 14:31:06.430196
6079,Appartement 72m à Socrate Maârif Ex,1250000.0,Casablanca,Maârif Extension,72.0,2,2,17361.11,2026-05-07 14:31:06.430304
6080,Appartement 67 m² à BOUSKOURA prix imbattable,690000.0,Casablanca,Autre Secteur,67.0,2,1,10298.51,2026-05-07 14:31:06.430417
6081,Appartement 100m très chic maison R plus 2,480000.0,Meknès,Autre Secteur,100.0,3,2,4800.0,2026-05-07 14:31:06.430538
6082,Résidence Premium à Kénitra,1180000.0,Kénitra,Autre Secteur,108.0,3,2,10925.93,2026-05-07 14:31:06.430655
6083,Vente Appartement 2 pièces de 80 m2 à Marrakech,670000.0,Marrakech,Azzouzia,80.0,2,2,8375.0,2026-05-07 14:31:06.430814
6084,Appartement Neuf 1er étage Centre Ville 2 chambres Terrasse,2190000.0,Tanger,Centre Ville,115.0,2,2,19043.48,2026-05-07 14:31:06.430927
6085,Appartement à vendre – Beauséjour,1600000.0,Casablanca,Beauséjour,164.0,2,2,9756.1,2026-05-07 14:31:06.431039
6086,Appartement à vendre à Tanger- centre,1860000.0,Tanger,Centre,113.0,3,2,16460.18,2026-05-07 14:31:06.431146
6087,Vente Appartement 3 pièces de 70 m2 à Marrakech,900000.0,Marrakech,Allal El Fassi,70.0,2,1,12857.14,2026-05-07 14:31:06.431257
6088,Appartement à vendre 87 m² à Oued Laou,750000.0,Oued Laou,Toute La Ville,87.0,2,1,8620.69,2026-05-07 14:31:06.431368
6089,Vente Appartement 4 pièces de 84 m2 à Casablanca,1516000.0,Casablanca,Quartier Des Hôpitaux,84.0,3,2,18047.62,2026-05-07 14:31:06.431474
6090,Vente Appartement 4 pièces de 150 m2 à Casablanca,2600000.0,Casablanca,Triangle D'Or,150.0,2,2,17333.33,2026-05-07 14:31:06.431618
6091,Appartement 133m² ensoleillé au RDC à Val fleuri,1490000.0,Casablanca,Val Fleuri,133.0,3,2,11203.01,2026-05-07 14:31:06.431727
6092,Appartement à vendre Meublé,820000.0,Agadir,Hay Mohammadi,56.0,2,1,14642.86,2026-05-07 14:31:06.431845
6093,Vente Appartement 3 pièces de 81 m2 à Tamaris,780000.0,Tamaris,Toute La Ville,81.0,2,1,9629.63,2026-05-07 14:31:06.431961
6094,APPARTEMENT MODERNE À VAL FLEURY,1300000.0,Kénitra,Val Fleury,136.0,3,1,9558.82,2026-05-07 14:31:06.432069
6095,Appartements de 52 m² à 70 m² route de Rabat,450000.0,Tanger,Hay Hassani,52.0,2,2,8653.85,2026-05-07 14:31:06.432180
6096,Dahomey appartement haute qualité,640000.0,Bouznika,Autre Secteur,74.0,2,2,8648.65,2026-05-07 14:31:06.432321
6097,Vente Appartement 3 pièces de 75 m2 à Marrakech,660000.0,Marrakech,Ain Mezouar,75.0,2,1,8800.0,2026-05-07 14:31:06.432436
6098,Vente Appartement 3 pièces de 82 m2 à Marrakech,1300000.0,Marrakech,Route De Safi,82.0,2,2,15853.66,2026-05-07 14:31:06.432543
6099,Appartement 67m À Maarif Extension,950000.0,Casablanca,Maârif Extension,67.0,2,1,14179.1,2026-05-07 14:31:06.432649
6100,Studio à vendre 65 m² Proche CFC / Cheikh Khalifa,1260000.0,Casablanca,Oulfa,77.0,1,1,16363.64,2026-05-07 14:31:06.432760
6101,Vente Appartement 4 pièces de 90 m2 à Marrakech,720000.0,Marrakech,Azzouzia,90.0,2,1,8000.0,2026-05-07 14:31:06.432881
6102,Appartement à vendre 60 m² à Tanger,550000.0,Tanger,Aharrarine,60.0,2,1,9166.67,2026-05-07 14:31:06.432990
6103,Targa apparemment à vendre..,1400000.0,Marrakech,Massira 1,114.0,2,2,12280.7,2026-05-07 14:31:06.433100
6104,Vente Appartement 3 pièces de 70 m2 à Casablanca,1430000.0,Casablanca,Quartier Des Hôpitaux,70.0,2,2,20428.57,2026-05-07 14:31:06.433206
6105,"Appartements éligibles au programme de soutien au logement, premier étage, centre de Bouznika",795000.0,Bouznika,Hamza,96.0,3,2,8281.25,2026-05-07 14:31:06.433318
6106,Appartements de 81m à 144m avec piscine à Tanja Balia,1134000.0,Tanger,Tanja Balia,80.0,2,2,14175.0,2026-05-07 14:31:06.433426
6107,Appartement au deuxième étage,870000.0,Fès,Autre Secteur,124.0,2,2,7016.13,2026-05-07 14:31:06.433559
6108,Appartement Wifak 200m Temara,2500000.0,Temara,Wifak,200.0,3,2,12500.0,2026-05-07 14:31:06.433680
6109,Appart Duplex 250m à Résidence Andalousia,3000000.0,Casablanca,Maarif,250.0,4,3,12000.0,2026-05-07 14:31:06.433789
6110,Vente Appartement 4 pièces de 190 m2 à Casablanca,3800000.0,Casablanca,Racine,190.0,3,2,20000.0,2026-05-07 14:31:06.433900
6111,Vente Appartement 4 pièces de 162 m2 à Casablanca,1741500.0,Casablanca,Sidi Belyout,162.0,3,2,10750.0,2026-05-07 14:31:06.434008
6112,Appartement à vendre 110 m² à Fès,750000.0,Fès,Autre Secteur,110.0,2,1,6818.18,2026-05-07 14:31:06.434119
6113,Vente Appartement de 98 m2 à Marrakech,1300000.0,Marrakech,Allal El Fassi,98.0,3,2,13265.31,2026-05-07 14:31:06.434238
6114,Appartement 91 m² – 7e étage – Malabata Tanger,1700000.0,Tanger,Malabata,91.0,2,2,18681.32,2026-05-07 14:31:06.434369
6115,"Appartement 250 m² dont 50 de terrasse, Massira",4450000.0,Casablanca,Racine,250.0,3,3,17800.0,2026-05-07 14:31:06.434484
6116,appartement avec grande terrasse parking titré,1500000.0,Marrakech,Guéliz,86.0,1,1,17441.86,2026-05-07 14:31:06.434629
6117,Appartement à vendre,450000.0,Fès,Hay Ouifak,93.0,3,1,4838.71,2026-05-07 14:31:06.508237
6118,Appartement 90m 2 façades Massira 2,850000.0,Temara,Massira 2,90.0,2,2,9444.44,2026-05-07 14:31:06.434747
6119,"Appartement à vendre pour les intéressés, bienvenue",700000.0,Agadir,El Houda,70.0,2,1,10000.0,2026-05-07 14:31:06.434881
6120,Appartements à vendre près de la clinique Yasmine,460000.0,Béni Mellal,Toute La Ville,75.0,2,1,6133.33,2026-05-07 14:31:06.434989
6121,Vente Appartement 4 pièces de 116 m2 à Zenata,1380000.0,Zenata,Toute La Ville,116.0,3,2,11896.55,2026-05-07 14:31:06.435096
6122,Vente Appartement 2 pièces de 65 m2 à Casablanca,1075000.0,Casablanca,Quartier Des Hôpitaux,65.0,1,1,16538.46,2026-05-07 14:31:06.435205
6123,Appartement bien placé à vendre à Marrakech,430000.0,Marrakech,Hay Izdihar,46.0,1,1,9347.83,2026-05-07 14:31:06.435319
6124,Vente Appartement 2 pièces de 44 m2 à Zenata,850000.0,Zenata,Toute La Ville,44.0,1,1,19318.18,2026-05-07 14:31:06.435429
6125,Appartement à vendre 102 m² à Kénitra,1030000.0,Kénitra,La Ville Haute,114.0,2,1,9035.09,2026-05-07 14:31:06.435539
6126,Appartement à vendre 70 m² à Kénitra,340000.0,Kénitra,Bir Rami,70.0,2,1,4857.14,2026-05-07 14:31:06.435647
6127,Studio 59m² quartier Bachkou - GARDEN TADDART,1000000.0,Casablanca,Bachkou,59.0,1,2,16949.15,2026-05-07 14:31:06.435770
6128,Appartement 100 m² 2 façades 5 pièces,840000.0,Marrakech,Autre Secteur,100.0,3,1,8400.0,2026-05-07 14:31:06.435882
6129,Appartement à vendre 90 m² à Kénitra,570000.0,Kénitra,Seyad,90.0,2,2,6333.33,2026-05-07 14:31:06.436001
6130,Appartement à vendre 84 m² à Kénitra,670000.0,Kénitra,Seyad,84.0,3,2,7976.19,2026-05-07 14:31:06.436112
6131,Appartement 97m Maarif Ex Socrate,1180000.0,Casablanca,Maârif Extension,97.0,2,2,12164.95,2026-05-07 14:31:06.436222
6132,Vente Appartement vue sur mer,5400000.0,Rabat,Yacoub El Mansour,154.0,3,3,35064.94,2026-05-07 14:31:06.436333
6133,"Appt 177 m² avec terrasse, 1er étage Moulay Ismail",2000000.0,Tanger,Centre Ville,177.0,3,2,11299.44,2026-05-07 14:31:06.436435
6134,Appartement à vendre 69 m² à Kénitra,580000.0,Kénitra,Al Maghrib Al Arabi,70.0,2,1,8285.71,2026-05-07 14:31:06.436543
6135,Appartement à vendre 77 m² à Casablanca,1550000.0,Casablanca,Abdelmoumen,77.0,2,2,20129.87,2026-05-07 14:31:06.436652
6136,Appartement à vendre 78 m² à Kénitra,550000.0,Kénitra,Seyad,78.0,2,1,7051.28,2026-05-07 14:31:06.436764
6137,Appartement meublé à vendre 58 m² à Tanger Moulay Ismail,1000000.0,Tanger,Centre Ville,58.0,2,1,17241.38,2026-05-07 14:31:06.436880
6138,Studio témoin 57 m2 vendables - Palmier-1er étage,1250000.0,Casablanca,Palmier,59.0,1,1,21186.44,2026-05-07 14:31:06.436995
6139,Superbe Appartement Moderne à Vendre,580000.0,Marrakech,Allal El Fassi,50.0,2,2,11600.0,2026-05-07 14:31:06.437102
6140,Appartement à vendre - 2CH - 86 m² - PALMIER,1760000.0,Casablanca,Palmier,98.0,2,2,17959.18,2026-05-07 14:31:06.437210
6141,Appartement à vendre,450000.0,Casablanca,Bournazil,64.0,2,1,7031.25,2026-05-07 14:31:06.437316
6142,Exclusivité bel appartement vue mer,3230000.0,Casablanca,Aïn Diab,140.0,3,3,23071.43,2026-05-07 14:31:06.437424
6143,Vente d’un très bel appartement,2800000.0,Salé,Toute La Ville,211.0,3,3,13270.14,2026-05-07 14:31:06.437557
6144,Appartement Chouka au quartier Lovallon Kénitra,670000.0,Kénitra,Seyad,83.0,3,2,8072.29,2026-05-07 14:31:06.437669
6145,Appartement à vendre 97 m² à Casablanca,1260000.0,Casablanca,Aïn Borja,97.0,2,2,12989.69,2026-05-07 14:31:06.437778
6146,Appartement à vendre 57 m² à Bouskoura,270000.0,Bouskoura,Bouskoura Centre,57.0,2,1,4736.84,2026-05-07 14:31:06.437894
6147,Appartement à vendre à Le Vallon Kénitra,420000.0,Kénitra,Bir Rami,78.0,2,2,5384.62,2026-05-07 14:31:06.438002
6148,Studio à vendre 36 m² à Marrakech,612000.0,Marrakech,Hay Izdihar,36.0,1,1,17000.0,2026-05-07 14:31:06.438138
6149,Appartement à vendre Kasbah Amin,380000.0,Casablanca,Lissasfa,53.0,2,1,7169.81,2026-05-07 14:31:06.438248
6150,Appartement meublé à vendre à Kénitra,1050000.0,Kénitra,El Haddada,90.0,3,2,11666.67,2026-05-07 14:31:06.438361
6151,Appartement à vendre 158 m² à Nador,1350000.0,Nador,Al Boustane,158.0,3,2,8544.3,2026-05-07 14:31:06.438469
6152,CMN-AN-1474 - Appartement à vendre à Bourgogne,1420000.0,Casablanca,Bourgogne,89.0,2,1,15955.06,2026-05-07 14:31:06.438577
6153,Appartement à vendre 110 m² à Mehdia,2800000.0,Mehdia,Toute La Ville,121.0,3,2,23140.5,2026-05-07 14:31:06.438685
6154,Appartement à vendre 80 m² à Kénitra,550000.0,Kénitra,Seyad,90.0,2,2,6111.11,2026-05-07 14:31:06.438798
6155,MEK-ME-1078 - Appartement à vendre à Avenue des ...,920000.0,Meknès,Autre Secteur,110.0,3,2,8363.64,2026-05-07 14:31:06.438915
6156,MHD-MHD-1079 - Appartement à vendre à Bd Sebta,980000.0,Mohammedia,Hay Al Amal,140.0,3,1,7000.0,2026-05-07 14:31:06.439027
6157,FES-AG-1029 - Appartement à vendre à Champ de co...,1800000.0,Fès,Autre Secteur,275.0,3,2,6545.45,2026-05-07 14:31:06.439137
6158,FES-AG-1026 - Appartement à vendre à L'habitat,760000.0,Fès,Autre Secteur,144.0,3,2,5277.78,2026-05-07 14:31:06.439250
6159,RAK-GU-1111 - Appartement à vendre à Issil,840000.0,Marrakech,Issil,74.0,2,1,11351.35,2026-05-07 14:31:06.439361
6160,CMN-MA-1854 - Appartement à vendre à Bir Anzarane,7000000.0,Casablanca,Maarif,416.0,4,3,16826.92,2026-05-07 14:31:06.439468
6161,RAK-GU-1071 - Appartement à vendre à Issil,900000.0,Marrakech,Issil,103.0,2,1,8737.86,2026-05-07 14:31:06.439575
6162,Appartement en face zone villa,850000.0,Kénitra,Seyad,102.0,3,2,8333.33,2026-05-07 14:31:06.439682
6163,Appartement 2 façades le vallon,870000.0,Kénitra,Seyad,100.0,3,2,8700.0,2026-05-07 14:31:06.439798
6164,Bel appartement sans vis-à-vis le vallon,800000.0,Kénitra,Seyad,104.0,3,2,7692.31,2026-05-07 14:31:06.439910
6165,Duplex à vendre 121 m² à Marrakech,1631250.0,Marrakech,Hay Izdihar,121.0,3,3,13481.4,2026-05-07 14:31:06.440017
6166,CMN-AS-1817 - Appartement à vendre à La Gironde,1600000.0,Casablanca,La Gironde,144.0,2,1,11111.11,2026-05-07 14:31:06.440127
6167,Appartement à vendre 140 m² à Kénitra,710000.0,Kénitra,Seyad,140.0,2,2,5071.43,2026-05-07 14:31:06.440234
6168,Appartement à vendre 76 m² à Kénitra,490000.0,Kénitra,Seyad,76.0,2,2,6447.37,2026-05-07 14:31:06.440347
6169,Vente Appartement sans vis à vis,3000000.0,Rabat,Hay Riad,133.0,3,2,22556.39,2026-05-07 14:31:06.440459
6170,TNG-TA-1072 - Appartement à vendre à Administratif,1710000.0,Tanger,Administratif,123.0,2,1,13902.44,2026-05-07 14:31:06.440566
6171,CMN-MA-1801 - Appartement à vendre à Bachkou,2850000.0,Casablanca,Bachkou,156.0,3,2,18269.23,2026-05-07 14:31:06.440678
6172,MEK-ME-1016 - Appartement à vendre à El Menzeh,1500000.0,Meknès,Autre Secteur,215.0,3,2,6976.74,2026-05-07 14:31:06.440789
6173,TNG-TA-1071 - Appartement à vendre à Moujahidine,1000000.0,Tanger,Moujahidine,86.0,2,1,11627.91,2026-05-07 14:31:06.440906
6174,FES-AG-1037 - Appartement à vendre à Nouvelle Ville,1900000.0,Fès,Autre Secteur,244.0,4,2,7786.89,2026-05-07 14:31:06.441014
6175,Appartement neuf très peu utilisé,550000.0,El Jadida,Najmat Al Janoub,66.0,2,1,8333.33,2026-05-07 14:31:06.441128
6176,"Superbe appartement à vendre à Qouassime, quartier Golf",610000.0,Tanger,Du Golf,56.0,2,1,10892.86,2026-05-07 14:31:06.441234
6177,Appartement à vendre 70 m² à Kénitra,410000.0,Kénitra,Ouled Oujih,70.0,2,1,5857.14,2026-05-07 14:31:06.441389
6178,CMN-HA-1657 - Appartement à vendre à Beauséjour,1300000.0,Casablanca,Beauséjour,134.0,2,1,9701.49,2026-05-07 14:31:06.441501
6179,CMN-AC-1780 - Appartement à vendre à Californie,2250000.0,Casablanca,Californie,123.0,3,2,18292.68,2026-05-07 14:31:06.441609
6180,TNG-BN-1039 - Appartement à vendre à Ahlane,1100000.0,Tanger,Autre Secteur,89.0,2,1,12359.55,2026-05-07 14:31:06.441718
6181,TNG-TA-1068 - Appartement à vendre à Iberie,1600000.0,Tanger,Iberie,97.0,2,1,16494.85,2026-05-07 14:31:06.441833
6182,TNG-TA-1066 - Appartement à vendre à Quartier de...,1950000.0,Tanger,De La Plage,133.0,4,2,14661.65,2026-05-07 14:31:06.441940
6183,CMN-HA-1634 - Appartement à vendre à Ferme Bretonne,2200000.0,Casablanca,Ferme Bretone,99.0,2,2,22222.22,2026-05-07 14:31:06.442046
6184,CMN-MA-1461 - Appartement à vendre à Maârif,1950000.0,Casablanca,Maarif,118.0,2,1,16525.42,2026-05-07 14:31:06.442158
6185,TNG-TA-1026 - Appartement à vendre à Rmilat,3000000.0,Tanger,Autre Secteur,140.0,2,2,21428.57,2026-05-07 14:31:06.442267
6186,CMN-MA-1831 - Appartement à vendre à Les princesses,2200000.0,Casablanca,Les Princesses,146.0,2,2,15068.49,2026-05-07 14:31:06.442378
6187,FES-AG-1007 - Appartement à vendre à Saada,1100000.0,Fès,Hay Saada,140.0,3,2,7857.14,2026-05-07 14:31:06.442485
6188,RAK-TA-1063 - Appartement à vendre à Essaada,1200000.0,Marrakech,Autre Secteur,89.0,2,1,13483.15,2026-05-07 14:31:06.442592
6189,CMN-MA-1467 - Appartement à vendre à Val Fleurie,2250000.0,Casablanca,Val Fleuri,132.0,3,2,17045.45,2026-05-07 14:31:06.442704
6190,TNG-HJ-1043 - Appartement à vendre à Tanger,1200000.0,Tanger,Autre Secteur,110.0,3,1,10909.09,2026-05-07 14:31:06.442817
6191,TNG-BN-1038 - Appartement à vendre à Hanaa 3 - S...,1200000.0,Tanger,Zouitina,129.0,3,2,9302.33,2026-05-07 14:31:06.442934
6192,CMN-HA-1666 - Appartement à vendre à Beauséjour,2000000.0,Casablanca,Beauséjour,200.0,4,2,10000.0,2026-05-07 14:31:06.443036
6193,CMN-SI-1634 - Appartement à vendre à Gauthier,3250000.0,Casablanca,Gauthier,188.0,3,2,17287.23,2026-05-07 14:31:06.443146
6194,CMN-MA-1567 - Appartement à vendre à Palmier,2200000.0,Casablanca,Palmier,147.0,3,2,14965.99,2026-05-07 14:31:06.443252
6195,Appartement à vendre 151 m² à Kénitra,1500000.0,Kénitra,Maamora,156.0,3,2,9615.38,2026-05-07 14:31:06.443359
6196,Duplex Oued Fès,640000.0,Fès,Oued Fès,200.0,3,3,3200.0,2026-05-11 20:49:52.498674
6197,Appartement à vendre 78 m² à Kénitra,600000.0,Kénitra,Seyad,78.0,2,2,7692.31,2026-05-07 14:31:06.443465
6198,Duplex de luxe à vendre à Tamesna,1550000.0,Tamesna,Toute La Ville,178.0,3,2,8707.87,2026-05-07 14:31:06.443580
6199,Appartement à vendre 80 m² à Kénitra,580000.0,Kénitra,Ouled Oujih,80.0,2,2,7250.0,2026-05-07 14:31:06.443685
6200,DES STUDIOS NEUFS À VENDRE AU CENTRE VILLE,754000.0,Marrakech,Assif,51.0,1,1,14784.31,2026-05-07 14:31:06.443798
6201,Vente d’un appartement de 145m²,2550000.0,Sidi Bouknadel,Toute La Ville,145.0,3,2,17586.21,2026-05-07 14:31:06.443905
6202,CMN-MA-1741 - Appartement à vendre à Palmier,2950000.0,Casablanca,Palmier,173.0,3,2,17052.02,2026-05-07 14:31:06.444026
6203,CMN-MA-1392 - Appartement à vendre à Maârif,3100000.0,Casablanca,Maarif,178.0,3,2,17415.73,2026-05-07 14:31:06.444130
6204,MHD-MHD-1103 - Appartement à vendre à Nassim,790000.0,Mohammedia,Nassim,70.0,2,1,11285.71,2026-05-07 14:31:06.444235
6205,MHD-MHD-1095 - Appartement à vendre à Bab Mansour,1450000.0,Mohammedia,Autre Secteur,143.0,2,1,10139.86,2026-05-07 14:31:06.444345
6206,Appartement à vendre 80 m² à Kénitra,490000.0,Kénitra,Seyad,80.0,2,2,6125.0,2026-05-07 14:31:06.444473
6207,Appartement 110 m² à Kénitra,1199999.0,Kénitra,La Ville Haute,113.0,3,2,10619.46,2026-05-07 14:31:06.444582
6208,GARDEN TADDART L'INVESTISSEMENT GAGNANT,885000.0,Casablanca,Bachkou,36.0,1,2,24583.33,2026-05-07 14:31:06.444690
6209,Appartement à vendre 82 m² à Tanger gare routière,750000.0,Tanger,Aharrarine,82.0,3,2,9146.34,2026-05-07 14:31:06.444800
6210,APPARTEMENT À VENDRE À DIOUR JAMAA CENTRE RABAT,1700000.0,Rabat,Diour Jamaa,115.0,4,1,14782.61,2026-05-07 14:31:06.444910
6211,Appartement à vendre de 70m² Marrakech,1085000.0,Marrakech,Hay Izdihar,70.0,2,2,15500.0,2026-05-07 14:31:06.445013
6212,Appartement à vendre 78 m² à Kénitra,600000.0,Kénitra,Seyad,78.0,2,2,7692.31,2026-05-07 14:31:06.445155
6213,Appartement à vendre 74 m² à Kénitra,530000.0,Kénitra,Seyad,74.0,2,2,7162.16,2026-05-07 14:31:06.445270
6214,Appartement à vendre 70 m² à Kénitra,480000.0,Kénitra,Seyad,70.0,2,1,6857.14,2026-05-07 14:31:06.445381
6215,Appartement à vendre 80 m² à le vallon Kénitra,420000.0,Kénitra,Seyad,80.0,2,2,5250.0,2026-05-07 14:31:06.445490
6216,CMN-AN-1652 - Appartement à vendre à Ain Diab,7000000.0,Casablanca,Aïn Diab,186.0,3,3,37634.41,2026-05-07 14:31:06.445603
6217,Appartement Élégant 117m² au Cœur de Maarif,1860000.0,Casablanca,Maarif,117.0,3,2,15897.44,2026-05-07 14:31:06.445707
6218,Appartement à vendre 103 m² à Kénitra,750000.0,Kénitra,Seyad,103.0,3,2,7281.55,2026-05-07 14:31:06.445825
6219,Appartement 150 m² à Kénitra,1350000.0,Kénitra,Maamora,178.0,3,2,7584.27,2026-05-07 14:31:06.445977
6220,BOU-NO-1007 - Appartement à vendre à Aéroport M...,3000000.0,Bouskoura,,306.0,4,4,9803.92,2026-05-07 14:31:06.446086
6221,BEN-MA-1129 - Appartement à vendre à El Mansouria,1100000.0,Benslimane,Autre Secteur,93.0,2,1,11827.96,2026-05-07 14:31:06.446245
6222,Appartement à vendre 96 m² à Kénitra,670000.0,Kénitra,Seyad,96.0,3,2,6979.17,2026-05-07 14:31:06.446358
6223,Appartement à vendre 80 m² à Kénitra,410000.0,Kénitra,Bir Rami,80.0,2,2,5125.0,2026-05-07 14:31:06.446471
6224,Appartement à vendre au quartier 2 Mars,1800000.0,Casablanca,2 Mars,179.0,2,1,10055.87,2026-05-07 14:31:06.446587
6225,Très bel appartement à vendre à Temara,1600000.0,Temara,Abbadi,129.0,3,2,12403.1,2026-05-07 14:31:06.446697
6226,Appartement à vendre 140 m² à PRESTIGIA,2800000.0,Bouskoura,Ville Verte,160.0,3,3,17500.0,2026-05-07 14:31:06.446807
6227,Bel Appartement au cœur de Mohammedia,680000.0,Mohammedia,Wafa,74.0,3,2,9189.19,2026-05-07 14:31:06.446910
6228,Appart à vendre centre-ville,1180000.0,Kénitra,Centre,127.0,3,2,9291.34,2026-05-07 14:31:06.447010
6229,Appartement à vendre 60 m² à Mehdia,860000.0,Mehdia,Toute La Ville,65.0,2,1,13230.77,2026-05-07 14:31:06.447116
6230,Sarout pour Appartement Moderne à Rabat,450000.0,Rabat,Hassan,50.0,1,1,9000.0,2026-05-07 14:31:06.447221
6231,Appartement à vendre,320000.0,Meknès,Wislane,75.0,3,1,4266.67,2026-05-07 14:31:06.447326
6232,Appartement 80 m² deux faces lotissement alliance,590000.0,Kénitra,Alliance,80.0,2,2,7375.0,2026-05-07 14:31:06.447433
6233,Appartement à vendre 184 m² à Kénitra,650000.0,Kénitra,Ouled Oujih,85.0,2,1,7647.06,2026-05-07 14:31:06.447540
6234,Appartement à vendre 188 m² à Casablanca,2600000.0,Casablanca,Val Fleuri,188.0,3,2,13829.79,2026-05-07 14:31:06.447647
6235,Appartement 54 m2 à vendre à 3awama avec parking,360000.0,Tanger,Autre Secteur,60.0,1,1,6000.0,2026-05-07 14:31:06.447757
6236,Appartement à vendre 105 m² à Casablanca,890000.0,Casablanca,Autre Secteur,105.0,2,1,8476.19,2026-05-07 14:31:06.447892
6237,Appartement sans vis à vis avec vue sur le jardin,820000.0,Mohammedia,Wafa,88.0,4,1,9318.18,2026-05-07 14:31:06.448010
6238,Appartements à vendre 60 m² à Tétouan,450000.0,Tétouan,Taboula,60.0,2,1,7500.0,2026-05-07 14:31:06.448110
6239,Appartement à vendre 90 m² à Kénitra bir rami,560000.0,Kénitra,Bir Rami,90.0,3,1,6222.22,2026-05-07 14:31:06.448217
6240,Appartement à vendre 65 m² à Kénitra,500000.0,Kénitra,Bir Rami,80.0,2,1,6250.0,2026-05-07 14:31:06.448329
6241,🔥 Neuf • Jamais Habité • Clés en Main — Oulfa,650000.0,Casablanca,Oulfa,51.0,1,1,12745.1,2026-05-07 14:31:06.448438
6242,Bel appartement de 90 m² lotissement alliance,620000.0,Kénitra,Alliance,90.0,2,2,6888.89,2026-05-07 14:31:06.448544
6243,Studio avec terrasse 83 m² – Maarif – 1er étage,1098000.0,Casablanca,Maarif,83.0,1,1,13228.92,2026-05-07 14:31:06.448649
6244,Appartement à vendre 153 m² à Bouznika,1750000.0,Bouznika,Plage Oued Cherrat,157.0,2,2,11146.5,2026-05-07 14:31:06.448754
6245,Bonne opportunité en plein centre-ville,1320000.0,Kénitra,Maamora,174.0,2,2,7586.21,2026-05-07 14:31:06.448867
6246,Nouvel appartement à vendre 65 m² à Tanger,560000.0,Tanger,Aharrarine,65.0,2,1,8615.38,2026-05-07 14:31:06.448975
6247,A vendre un joli appartement de 3 chambres,2440000.0,Casablanca,Racine,132.0,3,3,18484.85,2026-05-07 14:31:06.449123
6248,Appartement de 132m2 dans le quartier Mers Sultan,1580000.0,Casablanca,2 Mars,132.0,3,2,11969.7,2026-05-07 14:31:06.449231
6249,Vente d’un très bel appartement Plage des Nations,1950000.0,Sidi Bouknadel,Toute La Ville,118.0,2,2,16525.42,2026-05-07 14:31:06.449339
6250,Appartement à vendre 149 m² à Rabat,3000000.0,Rabat,Agdal,149.0,3,2,20134.23,2026-05-07 14:31:06.449443
6251,Vente d’un appartement de 110m² au quartier Maamora,1250000.0,Kénitra,Maamora,110.0,3,1,11363.64,2026-05-07 14:31:06.449554
6252,Appartement à vendre 160 m² à Kénitra,1300000.0,Kénitra,Centre,199.0,3,2,6532.66,2026-05-07 14:31:06.449661
6253,"Appartement à vendre, 1er étage",800000.0,Casablanca,Aïn Chock,78.0,2,1,10256.41,2026-05-07 14:31:06.449770
6254,Appartement à vendre 45 m² à Casablanca,790000.0,Casablanca,Belvédère,50.0,1,1,15800.0,2026-05-07 14:31:06.449883
6255,Appartement à vendre 123 m² à Kénitra,1350000.0,Kénitra,La Ville Haute,135.0,3,2,10000.0,2026-05-07 14:31:06.449994
6256,appartement a vendre temara wifak,1850000.0,Temara,Wifak,135.0,2,1,13703.7,2026-05-07 14:31:06.450209
6257,Appartement meublé à vendre à Mssanana Golf route Rmilat,1200000.0,Tanger,Du Golf,94.0,2,1,12765.96,2026-05-07 14:31:06.450315
6258,Excellents appartements à vendre,900000.0,Temara,Autre Secteur,120.0,4,2,7500.0,2026-05-07 14:31:06.450423
6259,Appartements de qualité à vendre,750000.0,Temara,Autre Secteur,75.0,2,1,10000.0,2026-05-07 14:31:06.450533
6260,Appartement 120 m² à Kénitra lotissement hallala,850000.0,Kénitra,Autre Secteur,120.0,3,2,7083.33,2026-05-07 14:31:06.450754
6261,Vente d’appartements et studios à Casablanca,1100000.0,Casablanca,Maârif Extension,52.0,2,2,21153.85,2026-05-07 14:31:06.450875
6262,Appartement meublé Boulevard Tah prix 68M,680000.0,Casablanca,Aïn Chock,82.0,2,1,8292.68,2026-05-07 14:31:06.450982
6263,Appartement de 157m2 au quartier des Hopitaux,2000000.0,Casablanca,Quartier Des Hôpitaux,157.0,3,2,12738.85,2026-05-07 14:31:06.451108
6264,Appartement à vendre 95 m² à Kénitra,1250000.0,Kénitra,Maamora,102.0,3,2,12254.9,2026-05-07 14:31:06.451221
6265,Appartement à vendre dans le quartier Al Hamidiya Al Quds,680000.0,Casablanca,Sidi Bernoussi,55.0,2,1,12363.64,2026-05-07 14:31:06.451333
6266,Appartement à vendre 80 m² à Kénitra,1100000.0,Kénitra,Centre,80.0,2,1,13750.0,2026-05-07 14:31:06.451437
6267,Appartement à vendre 90 m² à Kénitra le vallon,660000.0,Kénitra,Autre Secteur,90.0,3,1,7333.33,2026-05-07 14:31:06.451547
6268,VENTE – APPARTEMENT AVEC TERRASSE À MAAMORA,750000.0,Kénitra,Maamora,117.0,2,1,6410.26,2026-05-07 14:31:06.451668
6269,Appartement à vendre à Laymoun,1490000.0,Casablanca,Oulfa,212.0,4,3,7028.3,2026-05-07 14:31:06.451776
6270,Appartement de 134m² à vendre en Centre-Ville,1110000.0,Kénitra,Centre,134.0,3,1,8283.58,2026-05-07 14:31:06.451890
6271,Appartement à vendre 170 m² à Kénitra,1500000.0,Kénitra,Mimosas,178.0,3,2,8426.97,2026-05-07 14:31:06.452001
6272,Appartement Spacieux 158m² à Mers Sultan,2054000.0,Casablanca,Mers Sultan,158.0,3,2,13000.0,2026-05-07 14:31:06.452109
6273,Appartement à vendre 65 m² à Kénitra,500000.0,Kénitra,Bir Rami,80.0,2,1,6250.0,2026-05-07 14:31:06.452215
6274,Appartement à vendre 117 m² à Kénitra,1300000.0,Kénitra,Maamora,119.0,3,1,10924.37,2026-05-07 14:31:06.452326
6275,Appartement à vendre 110 m² à Kénitra,1300000.0,Kénitra,Centre,112.0,3,1,11607.14,2026-05-07 14:31:06.452435
6276,Appartement à vendre (R plus 2),800000.0,El Jadida,Saada,131.0,3,2,6106.87,2026-05-07 14:31:06.452542
6277,Appartement à vendre à Laymoun,1490000.0,Casablanca,Oulfa,212.0,4,3,7028.3,2026-05-07 14:31:06.452644
6278,Vente d’un appartement Cosy de 60m²- BIR RAMI SUD,480000.0,Kénitra,Bir Rami,60.0,2,1,8000.0,2026-05-07 14:31:06.452757
6279,Appartement 115 m² à Kénitra,3200000.0,Salé,Toute La Ville,111.0,2,2,28828.83,2026-05-07 14:31:06.452869
6280,Appartement à vendre 1er étage 57 m oulfa casa,450000.0,Casablanca,Oulfa,56.0,2,1,8035.71,2026-05-07 14:31:06.452998
6281,Élégant Appartement À Vendre À Semlalia,1300000.0,Marrakech,Semlalia,82.0,2,1,15853.66,2026-05-07 14:31:06.453110
6282,Projet Bassatine FOUARATE Kénitra,560000.0,Kénitra,Fouarate,84.0,3,1,6666.67,2026-05-07 14:31:06.453214
6283,ATHENA 25 – Investissement Haut Standing,870000.0,Marrakech,Route De Casablanca,72.0,1,1,12083.33,2026-05-07 14:31:06.453319
6284,"Appartement neuf, meublé à vendre 78 m² à Jirari",890000.0,Tanger,Jirrari,78.0,2,1,11410.26,2026-05-07 14:31:06.453432
6285,Appartement à vendre à Maarif,1330000.0,Casablanca,Maarif,55.0,1,1,24181.82,2026-05-07 14:31:06.453540
6286,Appartement Haut standing Perle Oulfa 83m,830000.0,Casablanca,Oulfa,83.0,2,2,10000.0,2026-05-07 14:31:06.453650
6287,"Appartement à vendre à Riad El Oulfa, Casablanca",280000.0,Casablanca,Oulfa,45.0,1,1,6222.22,2026-05-07 14:31:06.453757
6288,Appartement à vendre sur Hay Riad,2200000.0,Rabat,Hay Riad,94.0,2,2,23404.26,2026-05-07 14:31:06.453871
6289,Appartement à vendre 54 m² à Casablanca,480000.0,Casablanca,Autre Secteur,55.0,2,1,8727.27,2026-05-07 14:31:06.453984
6290,À VENDRE Superbe appartement meublé,1650000.0,Kénitra,El Haddada,150.0,3,3,11000.0,2026-05-07 14:31:06.454101
6291,Excellent Appartements à vendre,950000.0,Temara,Autre Secteur,115.0,3,2,8260.87,2026-05-07 14:31:06.454205
6292,Appartement 126m² 3 chambres 2SDB lumineux,590000.0,Fès,Route Ain Chkaf,140.0,3,2,4214.29,2026-05-07 14:31:06.454324
6293,Appartement 113 m² en vente près clinique Razi,880000.0,Fès,Autre Secteur,113.0,3,1,7787.61,2026-05-07 14:31:06.454451
6294,Charmant Studio À La Vente À La Route De Casa,800000.0,Marrakech,Route De Casablanca,54.0,1,1,14814.81,2026-05-07 14:31:06.454569
6295,"Appartement 78 m² – 2 chambres – Irfane 2, Tanger",870000.0,Tanger,Al Irfane 2,78.0,2,2,11153.85,2026-05-07 14:31:06.454679
6296,Appartement meublé à vendre quartier Salam,800000.0,Agadir,Hay Salam,64.0,2,1,12500.0,2026-05-07 14:31:06.454791
6297,Nouveau Projet Haut Standing À Semlalia,740000.0,Marrakech,Semlalia,37.0,1,1,20000.0,2026-05-07 14:31:06.454903
6298,Appartement à vendre 60 m² 1balcon,470000.0,Marrakech,Autre Secteur,60.0,2,1,7833.33,2026-05-07 14:31:06.455008
6299,Appartement face nouvelle routière sans intermédiaire,550000.0,Tanger,Autre Secteur,67.0,2,1,8208.96,2026-05-07 14:31:06.455130
6300,Vente Appartement de 185m² à Mimosas,1800000.0,Kénitra,Mimosas,190.0,4,2,9473.68,2026-05-07 14:31:06.455249
6301,Appartement à vendre 134 m² à Casablanca,2400000.0,Casablanca,,134.0,3,1,17910.45,2026-05-07 14:31:06.455354
6302,"Appartements à vendre à Oujda, route L'Aouniya",290000.0,Oujda,Autre Secteur,70.0,2,1,4142.86,2026-05-07 14:31:06.455460
6303,Très bel appartement a Eden island,3650000.0,Bouznika,Plage Oued Cherrat,251.0,2,1,14541.83,2026-05-07 14:31:06.455576
6304,appartement à vendre,1700000.0,Tanger,Branes 1,113.0,3,3,15044.25,2026-05-07 14:31:06.455681
6305,Appartement à vendre 120 m² à l'angle,1460000.0,Salé,Sala El Jadida,120.0,3,2,12166.67,2026-05-07 14:31:06.455794
6306,Nouveau projet sur plan à route de casa,640000.0,Marrakech,Route De Casablanca,45.0,1,1,14222.22,2026-05-07 14:31:06.455903
6307,Appartement Haut Standing A Vendre Daris - 126m2,1320000.0,Nouaceur,Toute La Ville,136.0,3,2,9705.88,2026-05-07 14:31:06.456012
6308,Appartement à vendre,1500000.0,Tanger,Casabarata,100.0,2,1,15000.0,2026-05-07 14:31:06.456114
6309,Appartement 83 m²Al Baraka à Dcheïra El Jihadia,832030.0,Dcheïra El Jihadia,Toute La Ville,83.0,4,2,10024.46,2026-05-07 14:31:06.456219
6310,Studio 50m Meublé Centre Maarif,1150000.0,Casablanca,Maarif,50.0,1,1,23000.0,2026-05-07 14:31:06.456366
6311,Appartement à vendre 126 m² à Kénitra,880000.0,Kénitra,Bir Rami Industriel,126.0,3,2,6984.13,2026-05-07 14:31:06.456475
6312,Appartements titrés declaration total,650000.0,Tétouan,Kouilma,62.0,2,1,10483.87,2026-05-07 14:31:06.456583
6313,Appartement en vent 51m² à Gueliz-Piscine Rooftop,1267000.0,Marrakech,Guéliz,51.0,1,1,24843.14,2026-05-07 14:31:06.456688
6314,Appartement en vente à l'orangeraie du souissi,4700000.0,Rabat,Souissi,135.0,3,2,34814.81,2026-05-07 14:31:06.456805
6315,Appartements à vendre à Saidia avec un soutien de 33 millions,330000.0,Saidia,Toute La Ville,57.0,2,1,5789.47,2026-05-07 14:31:06.456972
6316,Appartement neuf ascenseur parking,440000.0,Casablanca,Sidi Othmane,81.0,2,1,5432.1,2026-05-07 14:31:06.457078
6317,Appartement à vendre m² à sidi rahal,620000.0,Sidi Rahal,Toute La Ville,92.0,3,2,6739.13,2026-05-07 14:31:06.457185
6318,Appartement à vendre,850000.0,Temara,Skikina,87.0,3,2,9770.11,2026-05-07 14:31:06.457292
6319,Appartement avenue almajd,1450000.0,Rabat,Massira,101.0,3,2,14356.44,2026-05-07 14:31:06.457397
6320,Appartement 2ch 2ème 75m²,800000.0,Temara,Abbadi,75.0,2,1,10666.67,2026-05-07 14:31:06.457499
6321,Appartement à vendre 50 m² à Salé,310000.0,Salé,Abouab Sala,50.0,2,1,6200.0,2026-05-07 14:31:06.457603
6322,Appartement Costa Beach,1700000.0,Bouznika,Plage Oued Cherrat,100.0,2,2,17000.0,2026-05-07 14:31:06.457707
6323,Appartement à vendre à Ain Sebaa El Fadl,420000.0,Casablanca,Ain Sebaa,74.0,2,1,5675.68,2026-05-07 14:31:06.457838
6324,Appartement à vendre 37 m² à Islaan Hay Mohamadi,700000.0,Agadir,Hay Mohammadi,38.0,1,1,18421.05,2026-05-07 14:31:06.457952
6325,Appartement enregistré à Souk El Had 1 Martil,420000.0,Martil,Toute La Ville,51.0,2,1,8235.29,2026-05-07 14:31:06.458062
6326,Appartement à vendre 96 m² à Guéliz,1400000.0,Marrakech,Guéliz,96.0,2,2,14583.33,2026-05-07 14:31:06.458173
6327,Appartement à vendre 100 m² à Casablanca,365000.0,Casablanca,Centre Ville,100.0,3,1,3650.0,2026-05-07 14:31:06.458286
6328,"Appartement à vendre à Martil, quartier Ahriq",580000.0,Martil,Toute La Ville,62.0,2,1,9354.84,2026-05-07 14:31:06.458395
6329,Appartement à vendre 107 m² à 100m de la plage,820000.0,El Jadida,Corniche,107.0,3,2,7663.55,2026-05-07 14:31:06.458506
6330,Appartement 236m² à Gauthier Consulat d'Italie,3200000.0,Casablanca,Gauthier,272.0,4,3,11764.71,2026-05-07 14:31:06.458614
6331,Appartement à Hay Izdehar,1170000.0,Marrakech,Hay Izdihar,86.0,2,2,13604.65,2026-05-07 14:31:06.458722
6332,Studio 49m Wifak,635000.0,Temara,Wifak,49.0,1,1,12959.18,2026-05-07 14:31:06.458835
6333,Vente d'appartement dans le quartier Al Mansour,330000.0,Meknès,Autre Secteur,67.0,3,1,4925.37,2026-05-07 14:31:06.458937
6334,شقة منزلية محفضة للبيع بطنجة,650000.0,Tanger,La Nouvelle Ville Ibn Battouta,60.0,2,1,10833.33,2026-05-07 14:31:06.459048
6335,Bel appartement à vendre,650000.0,Meknès,El Bassatine,127.0,4,1,5118.11,2026-05-07 14:31:06.459157
6336,Appartement à vendre à Tanger | Appartement à vendre Tanger,460000.0,Tanger,Autre Secteur,63.0,2,1,7301.59,2026-05-07 14:31:06.459261
6337,SUR PLAN TAGHAZOUT – RÉSIDENCE LA COLLINE,2288000.0,Taghazout,Toute La Ville,130.0,1,2,17600.0,2026-05-07 14:31:06.459382
6338,Studio à vendre,1083000.0,Agadir,Haut-Founty,57.0,1,1,19000.0,2026-05-07 14:31:06.459485
6339,Appartements à vendre,2432000.0,Agadir,Haut-Founty,128.0,3,3,19000.0,2026-05-07 14:31:06.459590
6340,Très jolie appartement 88 mètres à Sala al Jadida,1250000.0,Salé,Sala El Jadida,88.0,3,2,14204.55,2026-05-07 14:31:06.459706
6341,Appartement à vendre 116 m² à Tanger,1392000.0,Tanger,Moulay Youssef,126.0,3,2,11047.62,2026-05-07 14:31:06.459820
6342,Appartement d’architecte neuf sans vis-à-vis,1750000.0,Casablanca,Franceville,83.0,2,2,21084.34,2026-05-07 14:31:06.459959
6343,Appartement de 100 m² à Kénitra le vallon,850000.0,Kénitra,Autre Secteur,100.0,3,2,8500.0,2026-05-07 14:31:06.460065
6344,Appartement à vendre superficie 130 m² quartier Wifaq Temara,1500000.0,Temara,Wifak,128.0,3,2,11718.75,2026-05-07 14:31:06.460179
6345,Appartements neufs à vendre,770500.0,Dcheira,Toute La Ville,67.0,2,1,11500.0,2026-05-07 14:31:06.460283
6346,appartement à vendre,700000.0,Béni Mellal,Toute La Ville,87.0,3,1,8045.98,2026-05-07 14:31:06.460385
6347,Appartement à vendre 90 m² à Kénitra alliance,640000.0,Kénitra,Alliance,90.0,2,2,7111.11,2026-05-07 14:31:06.460502
6348,appartement à vendre bernoussi al qods,700000.0,Casablanca,Sidi Bernoussi,75.0,2,1,9333.33,2026-05-07 14:31:06.460615
6349,Très beau studio moderne à vendre,950000.0,Casablanca,Maarif,47.0,2,1,20212.77,2026-05-07 14:31:06.460722
6350,Appartement à vendre Anassia Alliance Darnha,230000.0,Casablanca,Sidi Moumen,46.0,2,1,5000.0,2026-05-07 14:31:06.460837
6351,Appartement ascenseur balcon vue sur la rue,450000.0,Tanger,Marjane,57.0,2,1,7894.74,2026-05-07 14:31:06.460967
6352,Appartement haut de gamme,750000.0,Marrakech,Socoma,100.0,2,2,7500.0,2026-05-07 14:31:06.461092
6353,"Appartement 56 m, ascenseur, syndic, 5 minutes de la Batata",550000.0,Tanger,Tanja Balia,56.0,2,1,9821.43,2026-05-07 14:31:06.461195
6354,Appartement à vendre,620000.0,Casablanca,Sidi Maarouf,80.0,2,1,7750.0,2026-05-07 14:31:06.461306
6355,"Appartement 3 pièces 80 m², ascenseur, syndic, 5 minutes de la Batata",750000.0,Tanger,Tanja Balia,80.0,3,1,9375.0,2026-05-07 14:31:06.461447
6356,Appartement 74 m2 ascenseur syndic balcon déclaration totale,555000.0,Tanger,Tanja Balia,74.0,2,1,7500.0,2026-05-07 14:31:06.461555
6357,"Appartement 76 m², meublé, ascenseur, syndic, sur la rue",798000.0,Tanger,Tanja Balia,76.0,2,1,10500.0,2026-05-07 14:31:06.461663
6358,Appartement à vendre 105 m² à Tanger,1050000.0,Tanger,Ahlane,105.0,2,2,10000.0,2026-05-07 14:31:06.461772
6359,Beb Chir El Moujahidine,460000.0,Tanger,Moujahidine,60.0,2,1,7666.67,2026-05-07 14:31:06.461919
6360,Appartement 4 pièces 102 m² ascenseur syndic sur rue,1070000.0,Tanger,Tanja Balia,102.0,4,1,10490.2,2026-05-07 14:31:06.462028
6361,appartement,580000.0,Fès,Route De Sefrou,90.0,2,1,6444.44,2026-05-11 20:49:52.561602
6362,Appartement avec terrasse 118 m ascenseur syndic 5 minutes de la gare,800000.0,Tanger,Tanja Balia,118.0,2,1,6779.66,2026-05-07 14:31:06.462137
6363,Appartement Duplexe au centre ville Nejma,2800000.0,Tanger,Centre Ville,260.0,4,3,10769.23,2026-05-07 14:31:06.462247
6364,"Appartement terrasse 196 m, ascenseur, syndic, déclaration totale",1020000.0,Tanger,Tanja Balia,196.0,2,1,5204.08,2026-05-07 14:31:06.462356
6365,Appartement à vendre 125 m² à Casablanca,2000000.0,Casablanca,Abdelmoumen,131.0,2,2,15267.18,2026-05-07 14:31:06.462464
6366,Appartement à vendre,600000.0,Casablanca,Sidi Moumen,93.0,2,1,6451.61,2026-05-07 14:31:06.462572
6367,Appartement neuf 70m,560000.0,Marrakech,Autre Secteur,70.0,3,1,8000.0,2026-05-07 14:31:06.462678
6368,Appartement à vendre 118 m² à Casablanca,1750000.0,Casablanca,Val Fleuri,118.0,2,1,14830.51,2026-05-07 14:31:06.462801
6369,Appartement à vendre 112 m²,400000.0,Sidi Allal El Bahraoui,Toute La Ville,112.0,3,2,3571.43,2026-05-07 14:31:06.462926
6370,Bel appartement bien positionné,980000.0,Salé,Tabriquet,96.0,3,1,10208.33,2026-05-07 14:31:06.463028
6371,Appartement à vendre 97 m² à Casablanca - Gauthier,1550000.0,Casablanca,Gauthier,97.0,2,2,15979.38,2026-05-07 14:31:06.463134
6372,"Superbe appartement à vendre dans le quartier Golf, route des Rmilat",960000.0,Tanger,Du Golf,79.0,2,1,12151.9,2026-05-07 14:31:06.463242
6373,A vendre un appart de 4 chambres sans voisins,3400000.0,Casablanca,Quartier Des Hôpitaux,274.0,4,3,12408.76,2026-05-07 14:31:06.463348
6374,Duplex meublé à vendre près du stade Ibn Batouta,1300000.0,Tanger,Ziatene,140.0,2,1,9285.71,2026-05-07 14:31:06.463460
6375,A vendre un bel appartement avec terrasse,2450000.0,Casablanca,Palmier,140.0,3,2,17500.0,2026-05-07 14:31:06.463562
6376,vente jolie appartement 3 chambre,1950000.0,Marrakech,Guéliz,85.0,3,1,22941.18,2026-05-07 14:31:06.463666
6377,Habit immobilier met en vente un joli studio,1180000.0,Casablanca,Bourgogne,60.0,1,1,19666.67,2026-05-07 14:31:06.463771
6378,Appartement à vendre 75 m² à Casablanca,650000.0,Casablanca,Ain Sebaa,75.0,2,1,8666.67,2026-05-07 14:31:06.463884
6379,Appartement à vendre à Bouznika Oued cherrat costa,1400000.0,Bouznika,Plage Oued Cherrat,93.0,2,2,15053.76,2026-05-07 14:31:06.463998
6380,Appartement à vendre 106 m² à Tit Mellil,1000000.0,Tit Mellil,Toute La Ville,106.0,3,2,9433.96,2026-05-07 14:31:06.464106
6381,Bel appartement avec 2 façades,700000.0,Casablanca,Al Madina Aljadida,74.0,2,2,9459.46,2026-05-07 14:31:06.464320
6382,Appartement 3 pièces 94 m² à Marrakech GUELIZ,1700000.0,Marrakech,Guéliz,94.0,2,2,18085.11,2026-05-07 14:31:06.464444
6383,Vente beau studio centre ville,1200000.0,Marrakech,Guéliz,54.0,1,1,22222.22,2026-05-07 14:31:06.464551
6384,Appartement à vendre 104m² Amanar à Agadir,1456000.0,Agadir,Centre Ville,104.0,3,1,14000.0,2026-05-07 14:31:06.464657
6385,Appartement à vendre 95 m² à Temara,1150000.0,Temara,Abbadi,105.0,3,1,10952.38,2026-05-07 14:31:06.464767
6386,Appartement à vendre 73m² La Perle Bleue à Dakhla,581625.0,Dakhla,Toute La Ville,73.0,3,1,7967.47,2026-05-07 14:31:06.464947
6387,Appartement vue mer Anza Miftah Sahil meublé,1200000.0,Agadir,Anza,60.0,1,1,20000.0,2026-05-07 14:31:06.465059
6388,Appartement à vendre105m²Les Jardins de la Coupole,1369592.0,Agadir,Av Mokawama,105.0,4,1,13043.73,2026-05-07 14:31:06.465165
6389,appartement haute standing,1000000.0,El Mansouria,Toute La Ville,100.0,2,2,10000.0,2026-05-07 14:31:06.465269
6390,appartement 240 centre de Marrakech,1400000.0,Marrakech,Amerchich,240.0,3,2,5833.33,2026-05-07 14:31:06.465374
6391,Appartement à vendre 59 m² à Martil,390000.0,Martil,Toute La Ville,83.0,2,1,4698.8,2026-05-07 14:31:06.465479
6392,Appartement à vendre à Temara Bon emplacement,1250000.0,Temara,Autre Secteur,112.0,2,2,11160.71,2026-05-07 14:31:06.465588
6393,Duplex à vendre,1330000.0,Casablanca,Les Princesses,68.0,1,2,19558.82,2026-05-07 14:31:06.465703
6394,Appartement magnifique et neuf à vendre,600000.0,Marrakech,M'Hamid,56.0,2,1,10714.29,2026-05-07 14:31:06.465821
6395,"À vendre, magnifique appartement",135000.0,Casablanca,Oulfa,1001.0,2,2,134.87,2026-05-07 14:31:06.465932
6396,Appartement meublé à vendre à Martil,1100000.0,Martil,Toute La Ville,130.0,2,1,8461.54,2026-05-07 14:31:06.466039
6397,Appartement à vendre 1er étage,740000.0,Fès,Route Ain Chkaf,118.0,2,2,6271.19,2026-05-07 14:31:06.466150
6398,Appartement à vendre à 42 millions,420000.0,Martil,Toute La Ville,65.0,2,1,6461.54,2026-05-07 14:31:06.466259
6399,Duplex à vendre,850000.0,Meknès,Ville Nouvelle,162.0,3,3,5246.91,2026-05-07 14:31:06.466370
6400,Appartement à Florida à vendre,640000.0,El Jadida,Autre Secteur,100.0,3,1,6400.0,2026-05-07 14:31:06.466472
6401,Appartement à vendre Salé Laayayda,920000.0,Salé,Toute La Ville,92.0,2,1,10000.0,2026-05-07 14:31:06.466585
6402,Appartement à vendre 140 m² à Bouznika,760000.0,Bouznika,Autre Secteur,146.0,3,2,5205.48,2026-05-07 14:31:06.466697
6403,Azhar Panorama U*,550000.0,Casablanca,Sidi Bernoussi,90.0,3,2,6111.11,2026-05-07 14:31:06.466824
6404,Appartement à vendre 83 m² à Casablanca,880000.0,Casablanca,Aïn Borja,83.0,2,1,10602.41,2026-05-07 14:31:06.466932
6405,"Appartement haut standing à vendre – Emplacement privilégié, route Ain Chkef,",600000.0,Fès,Route Ain Chkaf,95.0,3,2,6315.79,2026-05-07 14:31:06.467042
6406,Appartement d’exception front mer- Tamaris Premium,2000000.0,Tamaris,Toute La Ville,117.0,2,1,17094.02,2026-05-07 14:31:06.467151
6407,Appartement à vendre 83 m² à Ain sebaa,1080000.0,Casablanca,Ain Sebaa,83.0,3,2,13012.05,2026-05-07 14:31:06.467256
6408,Appartement à vendre 79m² à Ain Sebaa,948000.0,Casablanca,Ain Sebaa,79.0,3,2,12000.0,2026-05-07 14:31:06.467368
6409,Appartement à vendre 140 m² la marina Casablanca,3900000.0,Casablanca,Marina,155.0,2,3,25161.29,2026-05-07 14:31:06.467483
6410,Appartement à vendre 56 m² à Hay Mohammadi Agadir,630000.0,Agadir,Hay Mohammadi,56.0,2,1,11250.0,2026-05-07 14:31:06.467588
6411,Appartement à vendre 3 chambres,3600000.0,Temara,Harhoura,220.0,3,2,16363.64,2026-05-07 14:31:06.467703
6412,Vente appartement 50m Haut Agdal,1550000.0,Rabat,Agdal,50.0,1,1,31000.0,2026-05-07 14:31:06.467835
6413,Appart à vendre avec garage à Bouznika,760000.0,Bouznika,Autre Secteur,146.0,4,1,5205.48,2026-05-07 14:31:06.467940
6414,Appartement à vendre 326 m² à hay riad,5400000.0,Rabat,Hay Riad,326.0,3,2,16564.42,2026-05-07 14:31:06.468053
6415,"Appartement à vendre, quartier Errabia, propre et calme, sans intermédiaire",300000.0,Berrechid,Toute La Ville,51.0,2,1,5882.35,2026-05-07 14:31:06.468163
6416,Appartement à vendre 45 m² à Martil,620000.0,Martil,Toute La Ville,45.0,2,1,13777.78,2026-05-07 14:31:06.468276
6417,Appartement 87m² à vendre à Sla El Karia,600000.0,Salé,El Qaria,87.0,2,1,6896.55,2026-05-07 14:31:06.468385
6418,Saroute Studio rénové 45m2 Mers Sultan à vendre,180000.0,Casablanca,Anfa,45.0,1,1,4000.0,2026-05-07 14:31:06.468490
6419,Appartement à vendre,650000.0,Saidia,Toute La Ville,110.0,3,2,5909.09,2026-05-07 14:31:06.468594
6420,Almostakbal Casanearchour,540000.0,Casablanca,Sidi Maarouf,52.0,2,1,10384.62,2026-05-07 14:31:06.468698
6421,Hay El Majd El Awama,580000.0,Tanger,El Majd,85.0,3,1,6823.53,2026-05-07 14:31:06.468812
6422,"🏢 Appartement 53 m² à vendre – Oulfa, Casablanca",750000.0,Casablanca,Oulfa,53.0,1,1,14150.94,2026-05-07 14:31:06.468939
6423,Appartement à vendre 90 m² à Mohammedia,1500000.0,Mohammedia,Autre Secteur,103.0,2,1,14563.11,2026-05-07 14:31:06.469056
6424,Appartement à vendre 140 m² à la marina casablanca,3900000.0,Marrakech,Autre Secteur,155.0,2,3,25161.29,2026-05-07 14:31:06.469174
6425,Appartement,380000.0,Casablanca,Hay Mohammadi,65.0,2,2,5846.15,2026-05-07 14:31:06.469291
6426,Appartement 112 m² – 8e étage – Riad Tétouan,1400000.0,Tanger,Centre Ville,112.0,2,1,12500.0,2026-05-07 14:31:06.469510
6427,Appartement à vendre 74 m² à Marrakech,990000.0,Marrakech,Route De Safi,80.0,2,2,12375.0,2026-05-07 14:31:06.469618
6428,Appartement à vendre quartier hassania ben msick,455000.0,Casablanca,Ben M'Sick,60.0,1,1,7583.33,2026-05-07 14:31:06.469724
6429,Appartement neuf en vente Hay Fath,1700000.0,Rabat,Hay El Fath,97.0,2,1,17525.77,2026-05-07 14:31:06.469838
6430,Appartement à vendre 72 m² à Essaouira,550000.0,Essaouira,Centre Ville,72.0,2,1,7638.89,2026-05-07 14:31:06.469944
6431,"Excellent appartement à vendre, Avenue Hassan II",510000.0,Berrechid,Toute La Ville,100.0,2,1,5100.0,2026-05-07 14:31:06.470055
6432,Appartement 1ère ligne plage Playa Del Pacha,2550000.0,Mdiq,Toute La Ville,64.0,1,1,39843.75,2026-05-07 14:31:06.470160
6433,Appartement à vendre centre-ville de Berkane,480000.0,Berkane,Toute La Ville,115.0,4,2,4173.91,2026-05-07 14:31:06.470266
6434,Appartement à vendre 83 m² à Casablanca,1079000.0,Casablanca,Ain Sebaa,83.0,2,2,13000.0,2026-05-07 14:31:06.470369
6435,Appartement à vendre situé au centre ville,1070000.0,Kénitra,Centre,117.0,3,2,9145.3,2026-05-07 14:31:06.470484
6436,F3 avec GRANDE COUR de 35m² au Centre Bouskoura,850000.0,Bouskoura,Bouskoura Centre,114.0,2,1,7456.14,2026-05-07 14:31:06.470592
6437,Appartement à vendre 140 m² à Bouznika,740000.0,Bouznika,Autre Secteur,140.0,3,2,5285.71,2026-05-07 14:31:06.470698
6438,"Superbe appartement ensoleillé à vendre à Bouznika, quartier Aïda 2",570000.0,Bouznika,Autre Secteur,84.0,2,1,6785.71,2026-05-07 14:31:06.470826
6439,"Appartement 67 m² Résidence Fatima Zahra, Mediouna",320000.0,Mediouna,Toute La Ville,67.0,2,1,4776.12,2026-05-07 14:31:06.470936
6440,Appartement 80m²/parking titré 16m² Al Khaizourane,840000.0,Temara,Autre Secteur,96.0,2,2,8750.0,2026-05-07 14:31:06.471059
6441,Appartement à vendre centre ville Casablanca,1900000.0,Casablanca,Centre Ville,100.0,3,2,19000.0,2026-05-07 14:31:06.471176
6442,Appartement 145 m² en Vente près Hay Amal Narjiss,870000.0,Fès,Narjis,145.0,3,1,6000.0,2026-05-07 14:31:06.471292
6443,Appartement 112 m² près café Mégad’Or à Fès,650000.0,Fès,Route Ain Chkaf,112.0,3,2,5803.57,2026-05-07 14:31:06.471400
6444,Appartement à vendre 135 m² à Kénitra,1500000.0,Kénitra,Maamora,137.0,3,2,10948.91,2026-05-07 14:31:06.471508
6445,Appartement neuf 138 m² dont 40 de terrasse,2596000.0,Casablanca,Gauthier,138.0,2,2,18811.59,2026-05-07 14:31:06.471618
6446,"Appartement 88 m² – Tingis Tower, Malabata",2250000.0,Tanger,Malabata,88.0,2,2,25568.18,2026-05-07 14:31:06.471727
6447,Appartement rez-de-chaussée en résidence,540000.0,El Mansouria,Toute La Ville,75.0,2,2,7200.0,2026-05-07 14:31:06.471860
6448,Appartement à vendre 124 m² à Casablanca,1750000.0,Casablanca,Abdelmoumen,136.0,3,2,12867.65,2026-05-07 14:31:06.471969
6449,Appartement haut de gamme à vendre au cœur de Tanger,2500000.0,Tanger,Centre Ville,122.0,2,2,20491.8,2026-05-07 14:31:06.472080
6450,Bon appartement à vendre à Témara près de l'avenue Hassan 2,1250000.0,Temara,Autre Secteur,112.0,2,2,11160.71,2026-05-07 14:31:06.472190
6451,Appartement neuf à vendre à Kish Al-Awdiya,1170000.0,Temara,Riad Oulad Mtaa,65.0,2,2,18000.0,2026-05-07 14:31:06.472303
6452,Appartement meublé à vendre à Harhora,2200000.0,Temara,Harhoura,117.0,2,2,18803.42,2026-05-07 14:31:06.472406
6453,Appartement à vendre 70 m² à Kénitra,360000.0,Kénitra,Bir Rami,70.0,2,1,5142.86,2026-05-07 14:31:06.472512
6454,Appartement à rénover Gueliz,2600000.0,Marrakech,Guéliz,145.0,3,2,17931.03,2026-05-07 14:31:06.472657
6455,Superbe appartement avec ascenseur,370000.0,Ait Melloul,Toute La Ville,56.0,2,1,6607.14,2026-05-07 14:31:06.472779
6456,Appartement à vendre à Tanger,850000.0,Tanger,El Majd,86.0,3,2,9883.72,2026-05-07 14:31:06.472891
6457,Appartement à vendre 80 m² à Marrakech,2400000.0,Marrakech,Agdal,85.0,2,2,28235.29,2026-05-07 14:31:06.472995
6458,Appartement avec terrasse Centre-ville,1270000.0,Casablanca,Centre Ville,141.0,2,1,9007.09,2026-05-07 14:31:06.473103
6459,À vendre un joli appartement meublé avec piscine,1250000.0,El Mansouria,Toute La Ville,92.0,2,2,13586.96,2026-05-07 14:31:06.473213
6460,Appartement à vendre 52 m² à Mohammedia,380000.0,Mohammedia,Autre Secteur,52.0,2,1,7307.69,2026-05-07 14:31:06.473321
6461,CMN-SI-1877 - Appartement à vendre à Bourgogne Est,1050000.0,Casablanca,Bourgogne,76.0,2,1,13815.79,2026-05-07 14:31:06.473441
6462,Résidence Soufale Bonheur,390000.0,El Jadida,Saada,75.0,2,1,5200.0,2026-05-07 14:31:06.473551
6463,Bel appartement... orientation sud,2150000.0,Casablanca,Les Princesses,165.0,3,2,13030.3,2026-05-07 14:31:06.473665
6464,Opportunité à saisir,2500000.0,Temara,Wifak,211.0,4,2,11848.34,2026-05-07 14:31:06.473773
6465,Appartement 4 pièces 102 m² ascenseur syndic sur rue,1070000.0,Tanger,Tanja Balia,102.0,4,2,10490.2,2026-05-07 14:31:06.473884
6466,Appartement 74 m ascenseur balcon syndic déclaration totale,555000.0,Tanger,Tanja Balia,74.0,2,1,7500.0,2026-05-07 14:31:06.473998
6467,Appartement à vendre 73 m² à Rabat,1332000.0,Rabat,Hassan,120.0,2,1,11100.0,2026-05-07 14:31:06.474110
6468,Appartement moderne meublé à vendre ensoleillé ou rénové,290000.0,Bouznika,Autre Secteur,55.0,2,1,5272.73,2026-05-07 14:31:06.474214
6469,Appartements Neufs Semi finis à vendre,620000.0,Casablanca,Al Madina Aljadida,131.0,3,2,4732.82,2026-05-07 14:31:06.474356
6470,Appartement à vendre 62 m² à Ksar el-Kebir,350000.0,Ksar El-Kebir,Toute La Ville,62.0,2,2,5645.16,2026-05-07 14:31:06.474463
6471,appartement quartier oulfa,1300000.0,Casablanca,Oulfa,144.0,2,1,9027.78,2026-05-07 14:31:06.474607
6472,Appartement 81 m2 a Daoudiate,810000.0,Marrakech,Daoudiate,81.0,3,1,10000.0,2026-05-07 14:31:06.474719
6473,appartement al alia bernoussi,360000.0,Casablanca,Sidi Bernoussi,54.0,2,1,6666.67,2026-05-07 14:31:06.474829
6474,Appartement agréable piscine et jardins résidence gardée,850000.0,Benslimane,Autre Secteur,84.0,2,1,10119.05,2026-05-07 14:31:06.474939
6475,CMN-MA-2404 - Appartement à vendre à Les princesses,2400000.0,Casablanca,Les Princesses,121.0,3,2,19834.71,2026-05-07 14:31:06.475057
6476,Appartement duplex 85 m² avec balcon a gueliz,1155000.0,Marrakech,Guéliz,85.0,2,2,13588.24,2026-05-07 14:31:06.475168
6477,"Excellent appartement sur l'avenue de l'Armée Royale, Hamria, Meknès",695000.0,Meknès,Hamria,102.0,2,1,6813.73,2026-05-07 14:31:06.475279
6478,Appartement à vendre 84/92/94m² à Salé Al Jadida,1176000.0,Salé,Sala El Jadida,84.0,3,2,14000.0,2026-05-07 14:31:06.475389
6479,Appartement 60 m2 à vendre à Allal El Fassi,1560000.0,Marrakech,Route De Casablanca,99.0,2,1,15757.58,2026-05-07 14:31:06.475500
6480,CMN-MA-1139 - Appartement à vendre à Val Fleurie,1800000.0,Casablanca,Val Fleuri,129.0,2,2,13953.49,2026-05-07 14:31:06.475609
6481,À vendre 1er chrifia 58m prix 50 million,500000.0,Marrakech,M'Hamid,58.0,2,1,8620.69,2026-05-07 14:31:06.475717
6482,Beau STUDIO à vendre à MARINA Casablanca,2500000.0,Casablanca,Marina,67.0,1,2,37313.43,2026-05-07 14:31:06.475829
6483,Appartement RDC à vendre 120m² Agdal,2000000.0,Rabat,Agdal,120.0,2,2,16666.67,2026-05-07 14:31:06.475937
6484,Appart 131m2 a vendre,2300000.0,Rabat,Agdal,131.0,3,2,17557.25,2026-05-07 14:31:06.476043
6485,Appartement à vendre 70 m² à Kénitra,380000.0,Kénitra,Ouled Oujih,70.0,2,1,5428.57,2026-05-07 14:31:06.476148
6486,"Appartement 4 pièces 120 m², garage, ascenseur, balcon sur rue",1200000.0,Tanger,Marjane,120.0,4,2,10000.0,2026-05-07 14:31:06.476258
6487,Appartement à vendre sur Marrakech,1650000.0,Marrakech,Guéliz,79.0,2,1,20886.08,2026-05-07 14:31:06.476365
6488,Duplex à vendre 70 m prix 70 millions en plusieurs fois,700000.0,Marrakech,M'Hamid,70.0,3,1,10000.0,2026-05-07 14:31:06.476479
6489,Appartement à vendre 2ch Bourgogne,1400000.0,Casablanca,Bourgogne,87.0,2,1,16091.95,2026-05-07 14:31:06.476609
6490,CMN-HA-1859 - Appartement à vendre à Beauséjour,1270000.0,Casablanca,Beauséjour,95.0,2,2,13368.42,2026-05-07 14:31:06.476721
6491,Appartement vue sur mer,850000.0,Fnideq,Toute La Ville,57.0,1,1,14912.28,2026-05-07 14:31:06.476834
6492,appartement à vendre,1100000.0,Salé,Hay Chmaou,120.0,3,2,9166.67,2026-05-11 20:49:52.575435
6493,Appartement à vendre 98 m² à Temara,920000.0,Temara,Abbadi,98.0,2,2,9387.76,2026-05-07 14:31:06.476940
6494,Appartement neuf avec cour,800000.0,Fès,Oued Fès,143.0,3,2,5594.41,2026-05-07 14:31:06.477045
6495,Joli appartement de standing,1300000.0,Casablanca,Autre Secteur,74.0,2,2,17567.57,2026-05-07 14:31:06.477149
6496,"Appartement 74 m², garage, ascenseur, balcon, aide de l'État",740000.0,Tanger,Marjane,74.0,2,1,10000.0,2026-05-07 14:31:06.477261
6497,Appartement 3 chambres garage ascenseur balcon aide de l'état sur la rue,876000.0,Tanger,Marjane,73.0,3,2,12000.0,2026-05-07 14:31:06.477372
6498,A vendre studio de luxe Almassira,1700000.0,Casablanca,Maarif,74.0,1,1,22972.97,2026-05-07 14:31:06.477482
6499,Appartement à vendre 96 m² à Salé,590000.0,Salé,Bab Sebta,96.0,2,1,6145.83,2026-05-07 14:31:06.477608
6500,Bel appartement.,530000.0,El Hajeb,Toute La Ville,80.0,2,1,6625.0,2026-05-07 14:31:06.477717
6501,Bel appartement,450000.0,El Hajeb,Toute La Ville,80.0,2,1,5625.0,2026-05-07 14:31:06.477839
6502,Appartement terrasse indépendante,700000.0,El Jadida,Saada,97.0,1,1,7216.49,2026-05-07 14:31:06.477951
6503,Appartement à vendre 60 m² à Tanger,360000.0,Tanger,Autre Secteur,60.0,2,1,6000.0,2026-05-07 14:31:06.478059
6504,Appartement à vendre 50 m² à Salé,460000.0,Salé,Tabriquet,50.0,2,1,9200.0,2026-05-07 14:31:06.478177
6505,Appartement à vendre 52 m² à Casablanca,330000.0,Casablanca,Oulfa,52.0,2,1,6346.15,2026-05-07 14:31:06.478289
6506,Apparemment titré,165000.0,Fès,Zouagha,56.0,2,1,2946.43,2026-05-07 14:31:06.478404
6507,Appartement à vendre 138m² Tanger centre ville,2200000.0,Tanger,Centre Ville,138.0,3,2,15942.03,2026-05-07 14:31:06.478518
6508,Rêve Vue sur mer,1800000.0,Zenata,Toute La Ville,87.0,2,2,20689.66,2026-05-07 14:31:06.478636
6509,"Appartement à vendre à Hay Moulay Abdellah, 100m",980000.0,Casablanca,Aïn Chock,100.0,2,1,9800.0,2026-05-07 14:31:06.478740
6510,Appartement 111m² à rénover – Sans frais d’agence,950000.0,Marrakech,Issil,111.0,2,2,8558.56,2026-05-07 14:31:06.478889
6511,Appartement à vendre,1450000.0,Tanger,Hay Hassani,106.0,3,2,13679.25,2026-05-07 14:31:06.478995
6512,Appartement au 4ème étage avec ascenseur à la résidence Jawharat Al Atlas,400000.0,Béni Mellal,Toute La Ville,84.0,3,2,4761.9,2026-05-07 14:31:06.479108
6513,Appartement à vendre 146 m² au centre avec garage,1990000.0,Tanger,Centre,146.0,3,3,13630.14,2026-05-07 14:31:06.479217
6514,Appartement à vendre 88 m² à Tanger Tanja Balia,750000.0,Tanger,Tanja Balia,88.0,2,1,8522.73,2026-05-07 14:31:06.479332
6515,Appartement à vendre Lovallon,470000.0,Kénitra,Autre Secteur,68.0,2,1,6911.76,2026-05-07 14:31:06.479441
6516,Annonce sérieuse,530000.0,Casablanca,Sidi Bernoussi,71.0,2,1,7464.79,2026-05-07 14:31:06.479561
6517,Appartement Hamria,1150000.0,Meknès,Hamria,143.0,3,3,8041.96,2026-05-07 14:31:06.479668
6518,Appartement Zineb,3200000.0,Casablanca,Racine,204.0,3,3,15686.27,2026-05-07 14:31:06.479774
6519,Appartements enregistrés éligibles au soutien de 7 millions,480000.0,Martil,Toute La Ville,50.0,2,1,9600.0,2026-05-07 14:31:06.479895
6520,Appartement à vendre titré,1150000.0,Agadir,Hay Mohammadi,86.0,3,2,13372.09,2026-05-07 14:31:06.480004
6521,Appartement bien ensoleillé à vendre,660000.0,El Jadida,Hay Essalam,100.0,2,2,6600.0,2026-05-07 14:31:06.480118
6522,appartement deux salons à sidi bernoussi,600000.0,Casablanca,Sidi Bernoussi,86.0,2,2,6976.74,2026-05-07 14:31:06.480227
6523,"Appartement 124 m² – Centre Ville, Tanger",1800000.0,Tanger,Centre Ville,124.0,3,2,14516.13,2026-05-07 14:31:06.480337
6524,Appartement titré à vendre. Tétouan Nouvelle Station,550000.0,Tétouan,Centre Ville,70.0,2,1,7857.14,2026-05-07 14:31:06.480449
6525,Appartement à vendre 57 m² à Sidi Rahal,430000.0,Sidi Rahal,Toute La Ville,57.0,2,1,7543.86,2026-05-07 14:31:06.480562
6526,Appartements magnifiques et subventionnés à vendre Meknès,520000.0,Meknès,Autre Secteur,110.0,3,2,4727.27,2026-05-07 14:31:06.480674
6527,CMN-SI-1879 - Appartement à vendre à Ziraoui,3480000.0,Casablanca,Bourgogne,260.0,3,2,13384.62,2026-05-07 14:31:06.480820
6528,appartement,850000.0,Casablanca,Hay Mohammadi,102.0,2,2,8333.33,2026-05-07 14:31:06.480930
6529,Très bel appartement Oulfa - idéal famille,749000.0,Casablanca,Oulfa,112.0,2,2,6687.5,2026-05-07 14:31:06.481039
6530,Appartement enregistré et entièrement équipé à vendre,64000000.0,Safi,Autre Secteur,120.0,3,2,533333.33,2026-05-07 14:31:06.481167
6531,Près de Ibrahim Khalil Al Jadida,180000.0,El Jadida,Ezzohor,50.0,1,1,3600.0,2026-05-07 14:31:06.481285
6532,Magnifique appartement à vendre,460000.0,Saidia,Toute La Ville,54.0,2,1,8518.52,2026-05-07 14:31:06.481390
6533,Appartement à vendre à Bachkou très bien situé,1400000.0,Casablanca,Bachkou,106.0,3,2,13207.55,2026-05-07 14:31:06.481501
6534,Appartement à vendre,550000.0,Marrakech,M'Hamid,72.0,3,2,7638.89,2026-05-07 14:31:06.481609
6535,BEN-MA-1118 - Appartement à vendre à Mansouria-B...,1200000.0,Benslimane,Autre Secteur,98.0,2,1,12244.9,2026-05-07 14:31:06.481718
6536,Appartement à vendre quartier Bachkou bien situé,1400000.0,Casablanca,Bachkou,106.0,3,2,13207.55,2026-05-07 14:31:06.481837
6537,Appartement Oued Fès,540000.0,Fès,Oued Fès,98.0,3,2,5510.2,2026-05-07 14:31:06.481947
6538,CMN-HA-1920 - Appartement à vendre à Oulfa,1092000.0,Casablanca,Oulfa,78.0,2,2,14000.0,2026-05-07 14:31:06.482053
6539,Appartement à Vendre Avec Vue Dégagée sur MER,3300000.0,Sidi Bouknadel,Toute La Ville,180.0,3,2,18333.33,2026-05-07 14:31:06.482162
6540,Vente Appartement vue dégagée sur Mer,3500000.0,Sidi Bouknadel,Toute La Ville,185.0,3,2,18918.92,2026-05-07 14:31:06.482275
6541,Appartement privé à vendre berradi mhamid 7,470000.0,Marrakech,M'Hamid,70.0,2,2,6714.29,2026-05-07 14:31:06.482384
6542,Appartement à vendre 70 m² à Tanger,1250000.0,Tanger,Castilla,131.0,3,2,9541.98,2026-05-07 14:31:06.482493
6543,Bel appartement à vendre au lotissement ikhlas,275000.0,Tanger,Autre Secteur,47.0,2,2,5851.06,2026-05-07 14:31:06.482599
6544,CMN-ME-1691 - Appartement à vendre à 2 Mars,2100000.0,Casablanca,2 Mars,156.0,3,2,13461.54,2026-05-07 14:31:06.482712
6545,BEN-MA-1119 - Appartement à vendre à Mansouria-B...,1640000.0,Benslimane,Autre Secteur,109.0,2,2,15045.87,2026-05-07 14:31:06.482842
6546,Appartement à vendre 60 m² à Saidia,340000.0,Saidia,Toute La Ville,60.0,2,1,5666.67,2026-05-07 14:31:06.482957
6547,Appartement à Martil,320000.0,Martil,Toute La Ville,58.0,2,1,5517.24,2026-05-07 14:31:06.483069
6548,Grand appartement neuf Mhamid 8,750000.0,Marrakech,M'Hamid,76.0,2,1,9868.42,2026-05-07 14:31:06.483179
6549,Appartement 200m² haut standing – Moulay Abdelaziz,2500000.0,Tanger,Centre,200.0,5,2,12500.0,2026-05-07 14:31:06.483287
6550,CMN-AC-2063 - Appartement à vendre à Sidi Maarouf,900000.0,Casablanca,Sidi Maarouf,85.0,2,2,10588.24,2026-05-07 14:31:06.483399
6551,Appartement à vendre 188 m² à Victoria,1780000.0,Bouskoura,Victoria,188.0,3,3,9468.09,2026-05-07 14:31:06.483506
6552,CMN-AN-1875 - Appartement à vendre à Bourgogne,1500000.0,Casablanca,Bourgogne,113.0,3,1,13274.34,2026-05-07 14:31:06.483616
6553,Appartement 3 chambres 150 m² ascenseur syndic sur le Boulevard,1950000.0,Tanger,Centre Ville,150.0,3,2,13000.0,2026-05-07 14:31:06.483726
6554,Appartement à vendre 79 m² à Mohammedia,890000.0,Mohammedia,La Colline,79.0,2,2,11265.82,2026-05-07 14:31:06.483845
6555,Appartement Rez de jardin à vendre palmeraie,2500000.0,Marrakech,Palmeraie,188.0,2,2,13297.87,2026-05-07 14:31:06.483951
6556,Appartement ascenseur Syndic vue sur la rue,450000.0,Tanger,Marjane,57.0,2,1,7894.74,2026-05-07 14:31:06.484059
6557,"Appartement 3 pièces 80 m², ascenseur, syndic, 5 min Malabata",750000.0,Tanger,Tanja Balia,80.0,3,1,9375.0,2026-05-07 14:31:06.484167
6558,"Appartement 56 m², ascenseur, syndic, 5 minutes Malabata",550000.0,Tanger,Tanja Balia,56.0,2,1,9821.43,2026-05-07 14:31:06.484279
6559,Appartement 93 m² 3 chambres ascenseur syndic,750000.0,Tanger,Tanja Balia,93.0,3,2,8064.52,2026-05-07 14:31:06.484409
6560,Appartement 74 m² ascenseur syndic déclaration totale,555000.0,Tanger,Tanja Balia,74.0,2,1,7500.0,2026-05-07 14:31:06.484522
6561,Appartement meublé 76 m2 ascenseur syndic sur rue,798000.0,Tanger,Tanja Balia,76.0,2,1,10500.0,2026-05-07 14:31:06.484637
6562,Appartement 4 pièces 102 m ascenseur syndic sur rue,1070000.0,Tanger,Tanja Balia,102.0,4,1,10490.2,2026-05-07 14:31:06.484773
6563,Appartement terrasse 118 m ascenseur syndic caméras de surveillance,800000.0,Tanger,Tanja Balia,118.0,2,1,6779.66,2026-05-07 14:31:06.484894
6564,Appartement Terrasse 196 m Ascenseur Syndic Déclaration Totale,1020000.0,Tanger,Tanja Balia,196.0,2,1,5204.08,2026-05-07 14:31:06.485010
6565,Studio 70m A Lhjajma En Face Des Villas,1600000.0,Casablanca,Anfa,70.0,1,1,22857.14,2026-05-07 14:31:06.485125
6566,Vente Appartement 3 pièces de 80 m2 à Tamaris,1100000.0,Tamaris,Toute La Ville,80.0,2,1,13750.0,2026-05-07 14:31:06.485267
6567,Duplex 127m² à vendre,850000.0,El Jadida,Quartier Aérodrome,130.0,3,3,6538.46,2026-05-07 14:31:06.485380
6568,Appartement à vendre à Challaalat Ain Harrouda,360000.0,Ain Harrouda,Toute La Ville,82.0,2,1,4390.24,2026-05-07 14:31:06.485490
6569,Vente appartement façade à lotissement Doha,180000.0,Kénitra,Alliance,51.0,2,1,3529.41,2026-05-07 14:31:06.485596
6570,Appartement à vendre à Ferdaws Oulfa,520000.0,Casablanca,Oulfa,56.0,2,2,9285.71,2026-05-07 14:31:06.485702
6571,Appartement Dahomey bord de mer,760000.0,Bouznika,Autre Secteur,89.0,2,2,8539.33,2026-05-07 14:31:06.485820
6572,Appartement à vendre 81m2 habitable 55m2 balcon 26m2,1150000.0,Casablanca,Quartier Des Hôpitaux,81.0,2,1,14197.53,2026-05-07 14:31:06.485977
6573,CMN-MA-2470 - Appartement à vendre à Les Hôpitaux,1450000.0,Casablanca,Quartier Des Hôpitaux,117.0,3,1,12393.16,2026-05-07 14:31:06.486096
6574,Appartement à vendre 58 m² à Casablanca,800000.0,Casablanca,Quartier Des Hôpitaux,63.0,1,1,12698.41,2026-05-07 14:31:06.486209
6575,Appartement 116 m au premier étage,1270000.0,Casablanca,Belvédère,116.0,2,2,10948.28,2026-05-07 14:31:06.486322
6576,Appartement à vendre 87 m² à Kénitra,920000.0,Kénitra,Mimosas,87.0,2,2,10574.71,2026-05-07 14:31:06.486462
6577,Apparemment 5 min au centre ville,770000.0,Kénitra,Centre,117.0,3,2,6581.2,2026-05-07 14:31:06.486573
6578,Vente appartement façade lotissement Doha Kénitra,250000.0,Mehdia,Toute La Ville,54.0,2,1,4629.63,2026-05-07 14:31:06.486681
6579,Appartements haut standing à vendre,1250000.0,Kénitra,Val Fleury,115.0,3,2,10869.57,2026-05-07 14:31:06.486796
6580,Vends appartement titré,450000.0,Laâyoune,Toute La Ville,78.0,2,1,5769.23,2026-05-07 14:31:06.486910
6581,Appartement à vendre 198 m² à Marrakech,9500000.0,Marrakech,Guéliz,242.0,3,3,39256.2,2026-05-07 14:31:06.487017
6582,xxxxxxxxxxxxxx,750000.0,Saidia,Toute La Ville,80.0,2,1,9375.0,2026-05-07 14:31:06.487132
6583,appartement,11000000.0,Kénitra,Centre,103.0,3,2,106796.12,2026-05-07 14:31:06.487238
6584,Appartement à vendre à Cabo Negro – Emplacement privilégié et proche de la mer,590000.0,Martil,Toute La Ville,55.0,2,1,10727.27,2026-05-07 14:31:06.487348
6585,Studio de Luxe Meublé à vendre,1100000.0,Marrakech,Guéliz,45.0,1,1,24444.44,2026-05-07 14:31:06.487520
6586,Appartement à vendre 66m² à Kénitra,690000.0,Kénitra,Val Fleury,66.0,1,1,10454.55,2026-05-07 14:31:06.487645
6587,180997-Vente Appt à Casablanca Gauthier de 224 m²,4000000.0,Casablanca,Autre Secteur,224.0,4,3,17857.14,2026-05-07 14:31:06.487758
6588,184381-Vente Appt à Casablanca Hopitaux de 141 m²,1800000.0,Casablanca,Maarif,141.0,3,1,12765.96,2026-05-07 14:31:06.487894
6589,177685-Vente Appt à Casablanca Beauséjour de 129 m,1592889.0,Casablanca,Hay Hassani,129.0,2,3,12347.98,2026-05-07 14:31:06.488005
6590,184314-Vente Appt à Casablanca Bachkou de 106 m²,1720000.0,Casablanca,Maarif,106.0,2,2,16226.42,2026-05-07 14:31:06.488116
6591,173988-Vente Appt à Kénitra La Ville Haute de 103,975000.0,Kénitra,Maamora,103.0,3,2,9466.02,2026-05-07 14:31:06.488223
6592,Appartement à vendre 105 m² à Tanger,9500000.0,Tanger,Mesnana,105.0,3,1,90476.19,2026-05-07 14:31:06.488329
6593,Appartement à vendre 67 m² à Sidi Rahal,540000.0,Sidi Rahal,Toute La Ville,67.0,2,2,8059.7,2026-05-07 14:31:06.488439
6594,Appartement à vendre 57 m² à Sidi Rahal,460000.0,Sidi Rahal,Toute La Ville,57.0,2,1,8070.18,2026-05-07 14:31:06.488564
6595,CMN-MA-1866 - Appartement à vendre à Les princesses,1330000.0,Casablanca,Les Princesses,106.0,2,1,12547.17,2026-05-07 14:31:06.488674
6596,185628-Vente Appt à Casablanca Oulfa de 60 m²,1050000.0,Casablanca,Hay Hassani,60.0,2,2,17500.0,2026-05-07 14:31:06.488822
6597,184977-Vente Appt à Bouskoura Lahouami de 56 m²,420000.0,Bouskoura,,56.0,2,1,7500.0,2026-05-07 14:31:06.488937
6598,185374-Vente Appt à Marrakech Jnan Aourad de 53 m²,680000.0,Marrakech,Autre Secteur,53.0,2,1,12830.19,2026-05-07 14:31:06.489044
6599,185947-Vente Appt à Marrakech Izdihar de 44 m²,520000.0,Marrakech,Autre Secteur,44.0,2,1,11818.18,2026-05-07 14:31:06.489162
6600,185565-Vente Appt à Casablanca Sidi Moumen de 62 m,520000.0,Casablanca,Sidi Moumen,62.0,2,1,8387.1,2026-05-07 14:31:06.489274
6601,182691-Vente Appt à Bouskoura Parc Industriel Cfci,695000.0,Bouskoura,,70.0,2,1,9928.57,2026-05-07 14:31:06.489381
6602,184491-Vente Appt à Marrakech Rouidate - Majorelle,1200000.0,Marrakech,Autre Secteur,72.0,2,2,16666.67,2026-05-07 14:31:06.489489
6603,181353-Vente Appt à Salé Said Hajji de 67 m²,520000.0,Salé,Said Hajji,67.0,2,1,7761.19,2026-05-07 14:31:06.489601
6604,183213-Vente Appt à Bouznika Al Wouroud de 70 m²,650000.0,Bouznika,Autre Secteur,70.0,2,1,9285.71,2026-05-07 14:31:06.489707
6605,182901-Vente Appt à Casablanca Beausejour de 86 m²,1400000.0,Casablanca,Hay Hassani,86.0,2,2,16279.07,2026-05-07 14:31:06.489825
6606,184752-Vente Appt à Marrakech Semlalia de 93 m²,1540000.0,Marrakech,Semlalia,93.0,2,2,16559.14,2026-05-07 14:31:06.489938
6607,175778-Vente Appt à Marrakech M'Hamid de 81 m²,850000.0,Marrakech,M'Hamid,81.0,3,2,10493.83,2026-05-07 14:31:06.490046
6608,Magnifique appartement à vendre,980000.0,El Jadida,Quartier Aérodrome,130.0,3,2,7538.46,2026-05-07 14:31:06.490152
6609,182360-Vente Appt à Casablanca Moulay Rachid de 64,475000.0,Casablanca,Autre Secteur,64.0,2,1,7421.88,2026-05-07 14:31:06.490350
6610,185413-Vente Appt à Marrakech Gueliz de 63 m²,1220000.0,Marrakech,Autre Secteur,63.0,2,1,19365.08,2026-05-07 14:31:06.490464
6611,179880-Vente Appt à Salé Hay Chmaou de 69 m²,750000.0,Salé,Hay Chmaou,69.0,2,1,10869.57,2026-05-07 14:31:06.490577
6612,180636-Vente Appt à Casablanca Belvedere (Roches N),1550000.0,Casablanca,Roches Noires,123.0,3,2,12601.63,2026-05-07 14:31:06.490686
6613,185234-Vente Appt à Casablanca Bourgogne (Anfa),2350000.0,Casablanca,Anfa,122.0,3,1,19262.3,2026-05-07 14:31:06.490797
6614,185799-Vente Appt à Rabat El Youssoufia de 122 m²,2600000.0,Rabat,El Youssoufia,122.0,4,1,21311.48,2026-05-07 14:31:06.490904
6615,185707-Vente Appt à Rabat Menzah Rabat de 120 m²,2380000.0,Rabat,Souissi,120.0,3,2,19833.33,2026-05-07 14:31:06.491009
6616,186084-Vente Appt à Témara Nahda I de 120 m²,1000000.0,Temara,Autre Secteur,120.0,3,1,8333.33,2026-05-07 14:31:06.491134
6617,185882-Vente Appt à Nouaceur Nouaceur de 116 m²,1270000.0,Nouaceur,Toute La Ville,116.0,3,2,10948.28,2026-05-07 14:31:06.491250
6618,185903-Vente Appt à Casablanca Hopitaux de 116 m²,1850000.0,Casablanca,Maarif,116.0,3,2,15948.28,2026-05-07 14:31:06.491355
6619,181833-Vente Appt à Casablanca Roches Noires de 10,1010000.0,Casablanca,Roches Noires,103.0,2,1,9805.83,2026-05-07 14:31:06.491468
6620,184816-Vente Appt à Casablanca Roches Noires de 94,1270000.0,Casablanca,Roches Noires,94.0,2,2,13510.64,2026-05-07 14:31:06.491575
6621,183542-Vente Appt à Casablanca Val Fleuri de 102 m²,1484800.0,Casablanca,Maarif,102.0,2,1,14556.86,2026-05-07 14:31:06.491684
6622,171766-Vente Appt à Casablanca Palmier (Maarif),2250000.0,Casablanca,Maarif,114.0,2,2,19736.84,2026-05-07 14:31:06.491793
6623,185417-Vente Appt à Casablanca Oasis de 110 m²,2100000.0,Casablanca,Maarif,110.0,2,2,19090.91,2026-05-07 14:31:06.491901
6624,185813-Vente Appt à Dar Bouazza Tamaris2 de 144 m²,2390000.0,Dar Bouazza,Toute La Ville,144.0,3,2,16597.22,2026-05-07 14:31:06.492011
6625,186072-Vente Appt à Casablanca Ferme Bretonne de 1,2450000.0,Casablanca,Hay Hassani,136.0,3,2,18014.71,2026-05-07 14:31:06.492118
6626,184639-Vente Appt à Casablanca Oulfa de 131 m²,1300000.0,Casablanca,Hay Hassani,131.0,3,1,9923.66,2026-05-07 14:31:06.492229
6627,185391-Vente Appt à Casablanca Lusitania de 130 m²,1980000.0,Casablanca,Sidi Belyout,130.0,3,2,15230.77,2026-05-07 14:31:06.492340
6628,182437-Vente Appt à Casablanca Hopitaux de 167 m²,2595000.0,Casablanca,Maarif,167.0,3,2,15538.92,2026-05-07 14:31:06.492449
6629,"Appartement spacieux à vendre 95m² dans la résidence Najma, rue Moulay Rachid",720000.0,Tanger,Centre,95.0,3,1,7578.95,2026-05-07 14:31:06.492581
6630,183544-Vente Appt à Casablanca Ain Diab de 223 m²,3200000.0,Casablanca,Anfa,223.0,3,2,14349.78,2026-05-07 14:31:06.492693
6631,CMN-AC-2017 - Appartement à vendre à Californie,1690000.0,Casablanca,Californie,144.0,2,2,11736.11,2026-05-07 14:31:06.492803
6632,184727-Vente Appt à Casablanca Hopitaux de 245 m²,3650000.0,Casablanca,Maarif,245.0,4,3,14897.96,2026-05-07 14:31:06.492916
6633,184882-Vente Appt à Casablanca Maarif Extension,2600000.0,Casablanca,Maarif,206.0,3,3,12621.36,2026-05-07 14:31:06.493027
6634,172307-Vente Appt à Rabat Riyad de 202 m²,4750000.0,Rabat,Riyad,202.0,3,1,23514.85,2026-05-07 14:31:06.493137
6635,185814-Vente Appt à Casablanca La Gironde de 198 m,2500000.0,Casablanca,Mers Sultan,198.0,4,3,12626.26,2026-05-07 14:31:06.493241
6636,180763-Vente Appt à Casablanca Sindibad de 185 m²,4900000.0,Casablanca,Anfa,185.0,3,2,26486.49,2026-05-07 14:31:06.493351
6637,184806-Vente Appt à Casablanca Maarif de 283 m²,5200000.0,Casablanca,Maarif,283.0,3,3,18374.56,2026-05-07 14:31:06.493457
6638,Aprt a vendre oulfa EL youssra,1040000.0,Casablanca,Oulfa,100.0,3,2,10400.0,2026-05-07 14:31:06.493565
6639,appartement à sidi maarof,1000000.0,Casablanca,Sidi Maarouf,112.0,2,2,8928.57,2026-05-07 14:31:06.493676
6640,Appartement titré à vendre Résidence Halima Un 55 mètres,400000.0,Salé,Toute La Ville,55.0,2,1,7272.73,2026-05-07 14:31:06.493807
6641,Appartement à vendre à Bachir Complex,620000.0,Tanger,Moujahidine,62.0,2,2,10000.0,2026-05-07 14:31:06.493922
6642,Appartement 74 m² ascenseur syndic déclaration totale,555000.0,Tanger,Tanja Balia,74.0,2,1,7500.0,2026-05-07 14:31:06.494030
6643,Appartement titré à vendre 46 m²,280000.0,Salé,Sidi Moussa,46.0,1,1,6086.96,2026-05-07 14:31:06.494145
6644,شقة مميزة ذات واجهتين للبيع,650000.0,Tanger,Autre Secteur,80.0,3,1,8125.0,2026-05-07 14:31:06.494268
6645,Appartement à vendre 95 m² à El Mansouria,1100000.0,El Mansouria,Toute La Ville,95.0,2,2,11578.95,2026-05-07 14:31:06.494383
6646,Appartement à vendre 55 m² à Tanger avec piscine,350000.0,Tanger,La Nouvelle Ville Ibn Battouta,55.0,2,1,6363.64,2026-05-07 14:31:06.494496
6647,Appartement bien situé,430000.0,El Jadida,Autre Secteur,76.0,2,1,5657.89,2026-05-07 14:31:06.494604
6648,CMN-AC-1971 - Appartement à vendre à Sidi Maarouf,770000.0,Casablanca,Sidi Maarouf,72.0,2,1,10694.44,2026-05-07 14:31:06.494724
6649,Appartement à vendre 50 m² à Salé,260000.0,Salé,Bab Sebta,50.0,2,1,5200.0,2026-05-07 14:31:06.494865
6650,Appart - AL BASMA A.S,425000.0,Casablanca,Ain Sebaa,55.0,2,2,7727.27,2026-05-07 14:31:06.494973
6651,appartement a vendre meuble,600000.0,Marrakech,Route De Casablanca,52.0,2,1,11538.46,2026-05-07 14:31:06.495080
6652,Appartement à vendre 110 m² à Agadir Marina,2950000.0,Agadir,Marina,110.0,2,2,26818.18,2026-05-07 14:31:06.495195
6653,CMN-MA-2450 - Appartement à vendre à Bd Anoual,1800000.0,Casablanca,Autre Secteur,114.0,3,2,15789.47,2026-05-07 14:31:06.495306
6654,CMN-MA-2188 - Appartement à vendre à Racine,1680000.0,Casablanca,Racine,144.0,3,1,11666.67,2026-05-07 14:31:06.495419
6655,CMN-ME-1690 - Appartement à vendre à 2 Mars,1700000.0,Casablanca,2 Mars,85.0,2,2,20000.0,2026-05-07 14:31:06.495528
6656,Appartement à vendre 78 m² à Temara,849000.0,Temara,Centre Ville,78.0,2,2,10884.62,2026-05-07 14:31:06.495637
6657,Appartement à vendre à la Palmeraie à Marrakech,2300000.0,Marrakech,Palmeraie,134.0,2,2,17164.18,2026-05-07 14:31:06.495753
6658,Appartement à vendre Touhid Rahma,250000.0,Casablanca,Errahma,51.0,2,1,4901.96,2026-05-07 14:31:06.495866
6659,Appartement de propriété adliya,390000.0,Tétouan,Autre Secteur,100.0,3,2,3900.0,2026-05-07 14:31:06.495974
6660,Appartement à vendre à Jnan Awrad Marrakech,1350000.0,Marrakech,Route De Casablanca,75.0,2,2,18000.0,2026-05-07 14:31:06.496096
6661,Appartement à vendre 84 m² à Tanger,2500000.0,Tanger,Tanger City Center,84.0,2,1,29761.9,2026-05-07 14:31:06.496209
6662,appartement à vendre,550000.0,Casablanca,Autre Secteur,56.0,2,1,9821.43,2026-05-07 14:31:06.496314
6663,"Appartement à vendre à Bouznika à un prix raisonnable, adresse Riad El Mountassir",290000.0,Bouznika,Autre Secteur,60.0,2,1,4833.33,2026-05-07 14:31:06.496505
6664,Appartement balnéaire 96 m² à El Mansouria,920000.0,El Mansouria,Toute La Ville,96.0,1,1,9583.33,2026-05-07 14:31:06.496628
6665,Appartement à vendre 86 m² au cœur de Bourgogne,800000.0,Casablanca,Bourgogne,86.0,2,1,9302.33,2026-05-07 14:31:06.496738
6666,Spacieux appartement à vendre meublé,1350000.0,Marrakech,Victor Hugo,54.0,1,1,25000.0,2026-05-07 14:31:06.496855
6667,Nouvel appartement équipé à vendre quartier Mansour,500000.0,Meknès,Autre Secteur,82.0,2,2,6097.56,2026-05-07 14:31:06.496964
6668,"🌊 appartement vue mer en face, sans vis-à-vis",1600000.0,Agadir,Anza,80.0,2,2,20000.0,2026-05-07 14:31:06.497077
6669,Appartement à vendre 89 m² à Benslimane,700000.0,Benslimane,Autre Secteur,100.0,2,1,7000.0,2026-05-07 14:31:06.497185
6670,"Appartement à Hay Saada 1, Fès",390000.0,Fès,Hay Saada,62.0,1,1,6290.32,2026-05-07 14:31:06.497302
6671,Joli Appartement à vendre,1150000.0,Casablanca,Maarif,90.0,3,2,12777.78,2026-05-07 14:31:06.497408
6672,Appartement à vendre 60m² - Salé (Route de Kénitra),420000.0,Salé,Toute La Ville,60.0,2,1,7000.0,2026-05-07 14:31:06.497516
6673,Appartement à vendre 76 m² à Salé,630000.0,Salé,Said Hajji,76.0,2,1,8289.47,2026-05-07 14:31:06.497647
6674,Maison à vendre à Mohammedia Al Andalous,430000.0,Mohammedia,Autre Secteur,64.0,3,2,6718.75,2026-05-07 14:31:06.497754
6675,Appartement à vendre à Hay Riad,5400000.0,Rabat,Hay Riad,326.0,4,4,16564.42,2026-05-07 14:31:06.497874
6676,appartement à vendre,2450000.0,Tanger,Malabata,93.0,1,2,26344.09,2026-05-07 14:31:06.497988
6677,Appartement meublé Martil,850000.0,Martil,Toute La Ville,76.0,2,2,11184.21,2026-05-07 14:31:06.498099
6678,Super Appart à Marina Golf Asilah,780000.0,Asilah,Toute La Ville,69.0,1,1,11304.35,2026-05-07 14:31:06.498211
6679,Appartement à vendre 58 m² à Casablanca,400000.0,Casablanca,Sidi Moumen,58.0,2,1,6896.55,2026-05-07 14:31:06.498326
6680,Bel appartement 2 chambres sur résidence piscine,2100000.0,Marrakech,Guéliz,95.0,2,2,22105.26,2026-05-07 14:31:06.498440
6681,Superbe duplex à vendre centre ville,2800000.0,Tanger,Centre Ville,170.0,3,3,16470.59,2026-05-07 14:31:06.498552
6682,Appartement avec locaux commerciaux à vendre,2000000.0,Marrakech,Route D'Ourika,100.0,3,1,20000.0,2026-05-07 14:31:06.498661
6683,Studios Neuf 36m à 38m Quartiers Des Hôpitaux,820000.0,Casablanca,2 Mars,36.0,1,1,22777.78,2026-05-07 14:31:06.498770
6684,appartement,480000.0,Meknès,El Bassatine,95.0,3,1,5052.63,2026-05-07 14:31:06.498880
6685,Studio 43m Haut de Gamme Proche Tram,1000000.0,Casablanca,2 Mars,43.0,1,1,23255.81,2026-05-07 14:31:06.498986
6686,Appartement à vendre 105 m² à Agadir,1380000.0,Agadir,Hay Salam,105.0,3,2,13142.86,2026-05-07 14:31:06.499092
6687,Appartement à vendre 70 m² - Hay Chrifa,900000.0,Casablanca,Hay Chrifa,70.0,2,1,12857.14,2026-05-07 14:31:06.499203
6688,Appartement 80 m² 3 chambres ascenseur syndic 3 minutes Malabata,750000.0,Tanger,Tanja Balia,80.0,3,1,9375.0,2026-05-07 14:31:06.499314
6689,"Appartement meublé 76m², ascenseur, syndic, sur la rue",760000.0,Tanger,Tanja Balia,76.0,2,1,10000.0,2026-05-07 14:31:06.499428
6690,Appartement à vendre 85 m² à Tanger,1140000.0,Tanger,Autre Secteur,85.0,2,1,13411.76,2026-05-07 14:31:06.499541
6691,Appartement neuf haut standing,650000.0,Dar Bouazza,Toute La Ville,66.0,2,2,9848.48,2026-05-07 14:31:06.499662
6692,Appartement à vendre 57 m² HAY HAMZA SIDI MAAROUF,560000.0,Casablanca,Sidi Maarouf,57.0,2,1,9824.56,2026-05-07 14:31:06.499771
6693,Appartement à vendre à Ain Sebaa El Fadl ensoleillé toute la journée,420000.0,Casablanca,Ain Sebaa,74.0,2,1,5675.68,2026-05-07 14:31:06.499888
6694,Appartement à vendre 62 m² à SIDI RHHALE,450000.0,Casablanca,Route D'Azemmour,62.0,2,1,7258.06,2026-05-07 14:31:06.500005
6695,"Appartement 56 m², ascenseur, syndic, 5 minutes de Malabata",550000.0,Tanger,Tanja Balia,56.0,2,1,9821.43,2026-05-07 14:31:06.500113
6696,Appartement 74 m ascenseur syndic balcon,592000.0,Tanger,Tanja Balia,74.0,2,1,8000.0,2026-05-07 14:31:06.500263
6697,Appartement 4 pièces 102 m² ascenseur syndic sur rue,1070000.0,Tanger,Tanja Balia,102.0,4,2,10490.2,2026-05-07 14:31:06.500402
6698,ATIK SIGNATURE,931000.0,Marrakech,M'Hamid,106.0,3,3,8783.02,2026-05-07 14:31:06.500521
6699,"Appartement terrasse 118 m², ascenseur, syndic, caméras de surveillance",800000.0,Tanger,Tanja Balia,118.0,2,1,6779.66,2026-05-07 14:31:06.500630
6700,Appartement à vendre 64 m² à Bouznika,1250000.0,Bouznika,Plage Oued Cherrat,83.0,2,2,15060.24,2026-05-07 14:31:06.500746
6701,"Appartement terrasse 196 m², ascenseur, syndic, déclaration totale",1020000.0,Tanger,Tanja Balia,118.0,2,1,8644.07,2026-05-07 14:31:06.500863
6702,Appartement Hôpitaux,2250000.0,Casablanca,Quartier Des Hôpitaux,144.0,3,2,15625.0,2026-05-07 14:31:06.500999
6703,Appartement 600000 dh à Mdiq,600000.0,Mdiq,Toute La Ville,48.0,2,1,12500.0,2026-05-07 14:31:06.501111
6704,Appartement sarout bas de porte à vendre 127 m²,450000.0,Casablanca,Autre Secteur,110.0,3,1,4090.91,2026-05-07 14:31:06.501219
6705,Appartement 114m2 avenue 9 avril Tétouan,1350000.0,Tétouan,Autre Secteur,114.0,3,2,11842.11,2026-05-07 14:31:06.501336
6706,Appartement à vendre 80 m² à Tanger,1150000.0,Tanger,Hay Hassani,80.0,2,1,14375.0,2026-05-07 14:31:06.501485
6707,appartement hay hassani,1600000.0,Casablanca,Hay Hassani,145.0,3,1,11034.48,2026-05-07 14:31:06.501598
6708,"Appartement à vendre au quatrième étage, excellent emplacement",380000.0,Bouznika,Autre Secteur,56.0,2,1,6785.71,2026-05-07 14:31:06.501709
6709,Studio de 59m² à vendre à Ain Sebaa,620000.0,Casablanca,Ain Sebaa,59.0,1,1,10508.47,2026-05-07 14:31:06.501834
6710,Appartement à vendre 52 m² à Casablanca,420000.0,Casablanca,Ain Sebaa,52.0,2,1,8076.92,2026-05-07 14:31:06.501944
6711,Appartement à vendre 64 m² à Tanger,720000.0,Tanger,Autre Secteur,64.0,2,1,11250.0,2026-05-07 14:31:06.502057
6712,Bel appartement à vendre,560000.0,Kénitra,Alliance,70.0,3,2,8000.0,2026-05-07 14:31:06.502177
6713,Appartement 90 m² - Résidence Sophia,1450000.0,Marrakech,Centre Ville,90.0,2,1,16111.11,2026-05-07 14:31:06.502286
6714,Appartement avec deux façades près de la sûreté et de la formation professionnelle,300000.0,Meknès,Autre Secteur,67.0,2,1,4477.61,2026-05-07 14:31:06.502402
6716,Appartement À vendre à Témara Wifak 87m²,1450000.0,Temara,Wifak,87.0,2,2,16666.67,2026-05-07 14:31:06.502632
6717,Appartement de luxe à vendre vue mer,2340000.0,Tanger,Tanger City Center,72.0,2,2,32500.0,2026-05-07 14:31:06.502738
6718,Superbe appartement à vendre,1100000.0,Kénitra,Val Fleury,145.0,2,2,7586.21,2026-05-07 14:31:06.502885
6719,Hay Salam Tranche 1 N° 16 Settat,350000.0,Settat,Hay Salam,45.0,2,1,7777.78,2026-05-07 14:31:06.503115
6720,Appartement à vendre 93 m² à Sidi Rahal,1200000.0,Sidi Rahal,Toute La Ville,93.0,2,2,12903.23,2026-05-07 14:31:06.503225
6721,Appartement à vendre 85 m²,1350000.0,Casablanca,2 Mars,80.0,2,2,16875.0,2026-05-07 14:31:06.503333
6722,Appartement lumineux proche de la nouvelle gare Tanger,440000.0,Tanger,Hay Hassani,56.0,2,1,7857.14,2026-05-07 14:31:06.503448
6723,Appartement à vendre 68 m² à Bayti 3,680000.0,Salé,Sala El Jadida,68.0,2,2,10000.0,2026-05-07 14:31:06.503560
6724,"Appartement titré à vendre 132m² - Rue du Caire, Tétouan",1100000.0,Tétouan,Safir,132.0,3,2,8333.33,2026-05-07 14:31:06.503670
6725,Appartement à Vendre Neuf 95m²,950000.0,Casablanca,Roches Noires,100.0,2,2,9500.0,2026-05-07 14:31:06.503776
6726,Appartement à vendre 88 m² à Marrakech,680000.0,Marrakech,Azzouzia,88.0,2,1,7727.27,2026-05-07 14:31:06.503914
6727,Appartement moderne avec vue ensoleillée à vendre à Jnane Znata,840000.0,Ain Harrouda,Toute La Ville,283.0,2,2,2968.2,2026-05-07 14:31:06.504064
6728,Appartement à vendre 75 m² à Salé,4700000.0,Salé,Abouab Sala,75.0,1,1,62666.67,2026-05-07 14:31:06.504194
6729,Appartement de Luxe 2 Pièces à Prestigia Jade,2400000.0,Marrakech,Bouaakkaz,75.0,2,2,32000.0,2026-05-07 14:31:06.504323
6730,Appartement avec piscine à vendre,480000.0,Oued Laou,Toute La Ville,68.0,2,1,7058.82,2026-05-07 14:31:06.504470
6731,"Appartement à vendre, Douar Lahna, Bab Marrakech, 64 m², double façade",420000.0,Marrakech,Les Portes De Marrakech,68.0,2,1,6176.47,2026-05-07 14:31:06.504631
6732,Studio 57m Meublé A Palmier,1150000.0,Casablanca,Palmier,57.0,1,1,20175.44,2026-05-07 14:31:06.504763
6733,Vente Appartement 4 pièces de 126 m2 à Casablanca,1800000.0,Casablanca,Gauthier,126.0,3,1,14285.71,2026-05-07 14:31:06.504902
6734,Appartement à vendre 60 m² à Mohammedia,350000.0,Mohammedia,Nassim,60.0,2,1,5833.33,2026-05-07 14:31:06.505036
6735,APPART 3CH – 118 m² plus 12 m² de parking à Palmier,2260000.0,Casablanca,Maarif,118.0,3,1,19152.54,2026-05-07 14:31:06.505199
6736,Appartement à vendre 57 m² à Sidi Rahal,460000.0,Sidi Rahal,Toute La Ville,57.0,2,1,8070.18,2026-05-07 14:31:06.505330
6737,bienvenue tout le monde,650000.0,Casablanca,Sidi Moumen,48.0,2,1,13541.67,2026-05-07 14:31:06.505463
6738,Appartement à vendre 67 m² à Sidi Rahal,540000.0,Sidi Rahal,Toute La Ville,67.0,2,2,8059.7,2026-05-07 14:31:06.505589
6739,"Al Oulfa, Farah Salam",340000.0,Casablanca,Oulfa,50.0,2,1,6800.0,2026-05-07 14:31:06.505721
6740,Appartement à vendre 70 m² à Mohammedia,490000.0,Mohammedia,Autre Secteur,70.0,2,1,7000.0,2026-05-07 14:31:06.505854
6741,"Appartement à vendre à très bon prix à Moujahidine, résidence Bel Bachir, rue principale",480000.0,Tanger,Moujahidine,55.0,2,1,8727.27,2026-05-07 14:31:06.506015
6742,Appartement à vendre 56 m² à El Jadida,320000.0,El Jadida,Autre Secteur,52.0,2,1,6153.85,2026-05-07 14:31:06.506158
6743,Appartement à ne pas rater,450000.0,Chefchaouen,Toute La Ville,82.0,3,1,5487.8,2026-05-07 14:31:06.506299
6744,Appartement 75m2 sur la corniche Airbnb,1100000.0,Tanger,Malabata,75.0,2,1,14666.67,2026-05-07 14:31:06.506427
6745,Excellent appartement,670000.0,Meknès,Autre Secteur,96.0,3,2,6979.17,2026-05-07 14:31:06.506560
6746,Appartement neuf meublé Agadir,640000.0,Agadir,Tassila,46.0,2,1,13913.04,2026-05-07 14:31:06.506695
6747,Duplex à vendre à Guynemer,2500000.0,Casablanca,Route D'El Jadida,126.0,3,2,19841.27,2026-05-07 14:31:06.506830
6748,Appartement terrasse 3 chambres balcon ascenseur syndic sur la rue,1156000.0,Tanger,Tanja Balia,136.0,3,2,8500.0,2026-05-07 14:31:06.506984
6749,"Appartement meublé de 76 m², ascenseur, syndic, sur la rue",798000.0,Tanger,Tanja Balia,76.0,2,1,10500.0,2026-05-07 14:31:06.507123
6750,Appartement à vendre 56 m² à Sidi Rehal,370000.0,Casablanca,Sidi Belyout,56.0,2,2,6607.14,2026-05-07 14:31:06.507260
6751,Appartement 4 pièces 102 m² ascenseur syndic sur rue,1070000.0,Tanger,Tanja Balia,102.0,4,2,10490.2,2026-05-07 14:31:06.507391
6752,Appartement à vendre 160 m² à Tanger Moulay Ismail,2500000.0,Tanger,Centre Ville,160.0,3,2,15625.0,2026-05-07 14:31:06.507532
6753,"Appartement 93 m², ascenseur, syndic, 3 chambres",750000.0,Tanger,Tanja Balia,93.0,3,2,8064.52,2026-05-07 14:31:06.507669
6754,"Appartement terrasse 118 m², ascenseur, syndic, à 3 minutes de la gare",800000.0,Tanger,Tanja Balia,118.0,2,1,6779.66,2026-05-07 14:31:06.507828
6755,"Appartement avec terrasse 196 m², ascenseur, syndic, déclaration totale",1020000.0,Tanger,Tanja Balia,196.0,2,1,5204.08,2026-05-07 14:31:06.507972
6756,Appartement à vendre à Tajzi'at Al Fadl,400000.0,Casablanca,Hay Moulay Rachid,57.0,2,1,7017.54,2026-05-07 14:31:06.508110
6757,Appartement à vendre 55 m² à Casablanca,520000.0,Casablanca,Aïn Chock,55.0,2,1,9454.55,2026-05-07 14:31:06.508366
6758,Bel appartement à Wifaq,1750000.0,Temara,Wifak,103.0,3,2,16990.29,2026-05-07 14:31:06.508529
6759,Appartement à vendre 105 m² à El Mansouria,1300000.0,El Mansouria,Toute La Ville,109.0,2,2,11926.61,2026-05-07 14:31:06.508673
6760,Appartement rénové neuf à la Gironde,940000.0,Casablanca,La Gironde,80.0,2,2,11750.0,2026-05-07 14:31:06.508830
6761,Appartement à vendre 84 m² à Tanger,2350000.0,Tanger,Centre Ville,84.0,2,2,27976.19,2026-05-07 14:31:06.508960
6762,Appartement meublé à vendre 79 m² à Tanger,1890000.0,Tanger,Centre Ville,79.0,2,2,23924.05,2026-05-07 14:31:06.509098
6763,Appartement à vendre,300000.0,Béni Yakhlef,Toute La Ville,56.0,2,1,5357.14,2026-05-07 14:31:06.509231
6764,Joli appartement à vendre,590000.0,Had Soualem,Toute La Ville,100.0,3,2,5900.0,2026-05-07 14:31:06.509357
6765,Appartements à vendre bas Agdal,1500000.0,Rabat,Agdal,117.0,3,1,12820.51,2026-05-07 14:31:06.509517
6766,Appartement à vendre 57 m² à Tanger,1500000.0,Tanger,Malabata,57.0,2,1,26315.79,2026-05-07 14:31:06.509659
6767,"Kénitra : Beau appartement meublé à vendre, propre et prêt",570000.0,Kénitra,Seyad,90.0,2,1,6333.33,2026-05-07 14:31:06.509855
6768,Appartement 62 m2 résidence Mekka sécurisée,560000.0,Mohammedia,Hay Saada,62.0,2,1,9032.26,2026-05-07 14:31:06.509989
6769,STUDIO MAGNIFIQUE À SAISIR,1350000.0,Casablanca,Riviera,48.0,1,1,28125.0,2026-05-07 14:31:06.510118
6770,Appartement à vendre 91 m² à Marrakech,1400000.0,Marrakech,Route De Casablanca,91.0,2,2,15384.62,2026-05-07 14:31:06.510246
6771,"Appartement à vendre, résidence Firdaous, premier étage",530000.0,Casablanca,Oulfa,53.0,2,2,10000.0,2026-05-07 14:31:06.510382
6772,Appartement à vendre 99 m² à Bouznika,940000.0,Bouznika,Autre Secteur,99.0,2,2,9494.95,2026-05-07 14:31:06.510519
6773,Appartement à vendre 80 m² à Ksar el-Kebir,330000.0,Ksar El-Kebir,Toute La Ville,80.0,2,2,4125.0,2026-05-07 14:31:06.510661
6774,Appartement 2ème étage Azzouzziya Bab Asfi,340000.0,Marrakech,Azzouzia,54.0,2,1,6296.3,2026-05-07 14:31:06.510798
6775,Appartement Bachkou à vendre,600000.0,Casablanca,Bachkou,58.0,2,1,10344.83,2026-05-07 14:31:06.510928
6776,Appartement à vendre Casablanca belvédère,970000.0,Casablanca,Belvédère,67.0,2,2,14477.61,2026-05-07 14:31:06.511057
6777,Appartement à vendre 89 m² à Casablanca,1800000.0,Casablanca,Maarif,89.0,3,2,20224.72,2026-05-07 14:31:06.511190
6778,Appartement à vendre 89 m² à Casablanca,820000.0,Casablanca,Hay Al Amal,89.0,3,1,9213.48,2026-05-07 14:31:06.511324
6779,Appartement à vendre 167 m² à Fès,890000.0,Fès,Agdal,167.0,3,2,5329.34,2026-05-07 14:31:06.511452
6780,"Appartement 106 m², 3 chambres, garage, ascenseur, piscine, Tanger Baliya",1378000.0,Tanger,Centre Ville,106.0,3,2,13000.0,2026-05-07 14:31:06.511588
6781,Appartement à vendre 60 m² à Kénitra,5600000.0,Kénitra,Alliance,70.0,2,1,80000.0,2026-05-07 14:31:06.511724
6782,Appartement à vendre 75 m² à Kénitra 51 million,580000.0,Kénitra,Alliance,85.0,2,2,6823.53,2026-05-07 14:31:06.511864
6783,"Appartement 3 chambres, 3 salles de bain, ascenseur, syndic, garage, déclaration totale",2325000.0,Tanger,Centre Ville,150.0,3,2,15500.0,2026-05-07 14:31:06.512001
6784,Appartement à vendre à Msannat Golf,620000.0,Tanger,Mesnana,56.0,2,1,11071.43,2026-05-07 14:31:06.512135
6785,Appartement 3 chambres 150 m² ascenseur syndic sur le boulevard,1950000.0,Tanger,Centre Ville,150.0,3,2,13000.0,2026-05-07 14:31:06.512264
6786,"Excellent emplacement, R'bana Aya",72000000.0,Martil,Toute La Ville,70.0,2,2,1028571.43,2026-05-07 14:31:06.512440
6787,Appartements de luxe à vendre avec soutien,800000.0,Berkane,Toute La Ville,130.0,2,1,6153.85,2026-05-07 14:31:06.512592
6788,"Appartement 56 m², ascenseur, syndic, 5 minutes de Malabata",550000.0,Tanger,Tanja Balia,56.0,2,1,9821.43,2026-05-07 14:31:06.512722
6789,Appartement meublé à vendre 70 m² à Mohammedia,490000.0,Mohammedia,Autre Secteur,70.0,3,2,7000.0,2026-05-07 14:31:06.512871
6790,CABINET MÉDICAL OU COMMERCE À VENDRE,650000.0,Tamesna,Toute La Ville,85.0,3,1,7647.06,2026-05-07 14:31:06.513013
6791,appartement 3 chambres ascenseur l'aide l'état,876000.0,Tanger,Marjane,73.0,3,2,12000.0,2026-05-07 14:31:06.513143
6792,Appartement à vendre 40 m² à Wifaq,480000.0,Temara,Wifak,40.0,1,1,12000.0,2026-05-07 14:31:06.513273
6793,"Appartement 74 m², garage, ascenseur, balcon, aide de l'État",740000.0,Tanger,Marjane,74.0,2,2,10000.0,2026-05-07 14:31:06.513406
6794,"Appartement 120 m², garage, ascenseur, balcon sur la rue principale",1020000.0,Tanger,Marjane,120.0,4,2,8500.0,2026-05-07 14:31:06.513540
6795,Appartement ascenseur balcon vue sur la rue,450000.0,Tanger,Marjane,57.0,2,1,7894.74,2026-05-07 14:31:06.513672
6796,Appartement 3 chambres 80 mètres ascenseur syndic 5 minutes Malabata,750000.0,Tanger,Tanja Balia,80.0,3,1,9375.0,2026-05-07 14:31:06.513812
6797,"Appartement meublé de 76m², ascenseur syndic, sur rue",760000.0,Tanger,Tanja Balia,76.0,2,1,10000.0,2026-05-07 14:31:06.513953
6798,Appartement 3 chambres 93 m ascenseur syndic balcon,750000.0,Tanger,Tanja Balia,93.0,2,2,8064.52,2026-05-07 14:31:06.514119
6799,Appartement 4 pièces 102 m ascenseur syndic sur la rue,1070000.0,Tanger,Tanja Balia,102.0,4,2,10490.2,2026-05-07 14:31:06.514256
6800,"Appartement terrasse 196 m², ascenseur, syndic, déclaration totale",1020000.0,Tanger,Tanja Balia,196.0,2,1,5204.08,2026-05-07 14:31:06.514398
6801,Appartement excellent 64 mètres avec soutien financier,520000.0,Marrakech,Autre Secteur,64.0,2,1,8125.0,2026-05-07 14:31:06.514539
6802,Appartement à vendre à Roche Noire,740000.0,Casablanca,Roches Noires,76.0,2,2,9736.84,2026-05-07 14:31:06.514677
6803,Appartement meublé à vendre à côté de l'hôtel Hilton,1650000.0,Tanger,Tanger City Center,110.0,2,2,15000.0,2026-05-07 14:31:06.514817
6804,Appartement à vendre 54 m² à Mohammedia,370000.0,Mohammedia,Autre Secteur,54.0,2,1,6851.85,2026-05-07 14:31:06.514949
6805,Appartement à vendre à Haye Izdehar,1180000.0,Marrakech,Hay Izdihar,86.0,2,2,13720.93,2026-05-07 14:31:06.515103
6806,Appartement à vendre El Mansouria,1000000.0,El Mansouria,Toute La Ville,100.0,2,2,10000.0,2026-05-07 14:31:06.515240
6807,"Quartier Al Qods, Bernoussi",640000.0,Casablanca,Al Qods,71.0,2,1,9014.08,2026-05-07 14:31:06.515371
6808,Appartement titré à vendre 80m² Avenue Hassan II - Tétouan,720000.0,Tétouan,El Ensanche,80.0,2,1,9000.0,2026-05-07 14:31:06.515495
6809,Appartement titré à vendre à Khandak Zerbouh,440000.0,Tétouan,Al Azhar,75.0,2,1,5866.67,2026-05-07 14:31:06.515619
6810,"Appt bien rénové, meublée à vendre 50 m² à Agadir",620000.0,Agadir,Autre Secteur,50.0,2,1,12400.0,2026-05-07 14:31:06.515742
6811,Appartement à vendre,370000.0,Fès,Route Ain Chkaf,88.0,3,1,4204.55,2026-05-07 14:31:06.515881
6812,Appartement meublé à vendre 70 m² à Ain Sebaa Casa,850000.0,Casablanca,Ain Sebaa,70.0,2,1,12142.86,2026-05-07 14:31:06.516012
6813,Appartement à vendre,380000.0,Mohammedia,Nassim,58.0,2,1,6551.72,2026-05-07 14:31:06.516150
6814,Appartement avec escalier séparé à vendre,940000.0,El Jadida,Autre Secteur,140.0,3,3,6714.29,2026-05-07 14:31:06.516275
6815,appartement à vendre,400000.0,Casablanca,Oulfa,50.0,2,1,8000.0,2026-05-07 14:31:06.516431
6816,Résidence Saada2 Agadir Hay Mohamdi,520000.0,Agadir,Hay Mohammadi,47.0,2,1,11063.83,2026-05-07 14:31:06.516561
6817,Appartement à vendre 51 m² à Tanger,450000.0,Tanger,Mesnana,51.0,2,1,8823.53,2026-05-07 14:31:06.516687
6818,Appartement à vendre ou à louer meublé,550000.0,Meknès,El Bassatine,90.0,3,1,6111.11,2026-05-07 14:31:06.516819
6819,Appartement à vendre 72 m² à Berrechid,420000.0,Berrechid,Toute La Ville,72.0,2,2,5833.33,2026-05-07 14:31:06.516946
6820,Appartement à vendre 72 m² à Berrechid,420000.0,Berrechid,Toute La Ville,72.0,2,2,5833.33,2026-05-07 14:31:06.517078
6821,Appartement 2 chambres à vendre à Oulfa,900000.0,Casablanca,Oulfa,80.0,2,2,11250.0,2026-05-07 14:31:06.517210
6822,Appartement à vendre Iqamat Nakhil Mohammedia,330000.0,Mohammedia,El Alia,54.0,2,1,6111.11,2026-05-07 14:31:06.517338
6823,3 appartements,480000.0,Agadir,Autre Secteur,150.0,2,1,3200.0,2026-05-07 14:31:06.517461
6824,Appartement à vendre à Had Soualem,310000.0,Had Soualem,Toute La Ville,54.0,2,2,5740.74,2026-05-07 14:31:06.517592
6825,Studio de luxe,480000.0,Tanger,Aviation,38.0,1,1,12631.58,2026-05-07 14:31:06.517720
6826,Appartement à vendre 3ème étage près hay najd,250000.0,El Jadida,Autre Secteur,60.0,2,1,4166.67,2026-05-07 14:31:06.517851
6827,Appartement à vendre,790000.0,Kénitra,Ouled Oujih,110.0,3,2,7181.82,2026-05-07 14:31:06.517992
6828,Appartement Ain Sebaa El Amene 2 . 64 m,420000.0,Casablanca,Ain Sebaa,64.0,2,1,6562.5,2026-05-07 14:31:06.518123
6829,Appartement à vendre 59 m² à Temara,499999.0,Temara,Autre Secteur,62.0,2,2,8064.5,2026-05-07 14:31:06.518387
6830,Vente Appartement meublé,1530000.0,Tanger,Centre Ville,82.0,2,1,18658.54,2026-05-07 14:31:06.518523
6831,appartement à vendre,460000.0,Casablanca,Hay Moulay Rachid,59.0,2,1,7796.61,2026-05-07 14:31:06.518646
6832,Bel Appartement à vendre à MARINA Casablanca,3810000.0,Casablanca,Marina,172.0,2,2,22151.16,2026-05-07 14:31:06.518770
6833,Appartement à vendre à Temara,430000.0,Temara,Fath El Kheir,50.0,2,1,8600.0,2026-05-07 14:31:06.518926
6834,Appartements à vendre 71 m² à Bouskoura,420000.0,Bouskoura,Bouskoura Centre,71.0,2,1,5915.49,2026-05-07 14:31:06.519054
6835,APPARTEMENT MEUBLÉ HAUT STANDING -VERT MARINE GH1-,2370000.0,Dar Bouazza,Toute La Ville,145.0,2,2,16344.83,2026-05-11 20:49:52.416518
6836,Appartement à vendre 66 m² à Kénitra,300000.0,Kénitra,Bir Rami,66.0,2,1,4545.45,2026-05-11 20:49:52.452203
6837,Appartement à vendre 50 m² à Dar Bouazza,360000.0,Dar Bouazza,Toute La Ville,50.0,2,1,7200.0,2026-05-11 20:49:52.453319
6838,Appartement à vendre 59 m² à Mohammedia,650000.0,Mohammedia,Autre Secteur,59.0,2,1,11016.95,2026-05-11 20:49:52.456225
6839,À VENDRE Magnifique Rez-de-Jardin Orangeraie de Souissi,5500000.0,Rabat,Souissi,225.0,3,3,24444.44,2026-05-11 20:49:52.457225
6840,Appartements de luxe à vendre Camélia,620000.0,Meknès,Autre Secteur,120.0,3,3,5166.67,2026-05-11 20:49:52.457394
6841,Appartement à vendre 60 m² à Tanger,38000000.0,Tanger,Ziatene,60.0,2,1,633333.33,2026-05-11 20:49:52.458424
6842,Appartement à vendre 52 m² à Bouznika,350000.0,Bouznika,Autre Secteur,52.0,2,1,6730.77,2026-05-11 20:49:52.458526
6843,"Appartement neuf, climatisation centralisé",1290000.0,Marrakech,Guéliz,87.0,2,2,14827.59,2026-05-11 20:49:52.458968
6844,"Super emplacement, neuf, Livraison dans 2 mois",1190000.0,Marrakech,Guéliz,69.0,2,2,17246.38,2026-05-11 20:49:52.459055
6845,"Appartement 93 m², 3 chambres, ascenseur, syndic, 4 minutes de la gare",744000.0,Tanger,Tanja Balia,93.0,3,1,8000.0,2026-05-11 20:49:52.459547
6846,Appartement à vendre 60 m² à Mohammedia,280000.0,Mohammedia,Autre Secteur,60.0,2,1,4666.67,2026-05-11 20:49:52.459857
6847,Studio à Vendre,1350000.0,Marrakech,Av Mohammed Vi,77.0,1,1,17532.47,2026-05-11 20:49:52.460214
6848,Appartement meublé résidence kettani,350000.0,Bouznika,Autre Secteur,52.0,2,1,6730.77,2026-05-11 20:49:52.460578
6849,Appartement à vendre à Salé Al Jadida,550000.0,Salé,Sala El Jadida,70.0,2,2,7857.14,2026-05-11 20:49:52.460761
6850,Appartement à vendre,420000.0,Casablanca,Sidi Moumen,55.0,2,2,7636.36,2026-05-11 20:49:52.461027
6851,Appartement à vendre 57 m² à Bouskoura,350000.0,Bouskoura,Bouskoura Centre,57.0,2,1,6140.35,2026-05-11 20:49:52.461113
6852,Appt meublé à Oasis à vendre 105m²,1850000.0,Casablanca,Oasis,105.0,2,2,17619.05,2026-05-11 20:49:52.461199
6853,Appartement à vendre 132 m² à Kénitra,1250000.0,Kénitra,La Ville Haute,147.0,3,3,8503.4,2026-05-11 20:49:52.461650
6854,Appartement à vendre 86 m² à Hay inara 1 Casa,880000.0,Casablanca,Hay Inara,86.0,2,1,10232.56,2026-05-11 20:49:52.461736
6855,JOLI APPART EN FACE LA GARE AIN SEBAA 58/M RDC,600000.0,Casablanca,Ain Sebaa,58.0,2,1,10344.83,2026-05-11 20:49:52.462785
6856,Appartement calme avec terrasse,1150000.0,Casablanca,Aïn Chock,96.0,3,1,11979.17,2026-05-11 20:49:52.462874
6857,Appartement à vendre 95 m² à Casablanca,1350000.0,Casablanca,Quartier Des Hôpitaux,95.0,2,2,14210.53,2026-05-11 20:49:52.462986
6858,Studio à vendre 38 m² à Casablanca,950000.0,Casablanca,Franceville,38.0,1,1,25000.0,2026-05-11 20:49:52.463739
6859,Vente Appartement de 106 m2 à Casablanca,1690000.0,Casablanca,Californie,106.0,3,2,15943.4,2026-05-11 20:49:52.464012
6860,Vente Appartement 3 pièces de 86 m2 à Tamaris,1300000.0,Tamaris,Toute La Ville,86.0,2,2,15116.28,2026-05-11 20:49:52.464102
6861,appartement a vendre,700000.0,Agadir,El Houda,59.0,2,1,11864.41,2026-05-11 20:49:52.464564
6862,vente appartement vide,880000.0,Agadir,Hay Dakhla,108.0,2,2,8148.15,2026-05-11 20:49:52.465027
6863,Appartement à vendre 97 m² à Californie,1650000.0,Casablanca,Californie,97.0,2,2,17010.31,2026-05-11 20:49:52.465115
6864,Vente Appartement 3 pièces de 94 m2 à Tamaris,1400000.0,Tamaris,Toute La Ville,94.0,2,2,14893.62,2026-05-11 20:49:52.465301
6865,Appartement à vendre 82 m² à Casablanca,1300000.0,Casablanca,Maarif,82.0,2,2,15853.66,2026-05-11 20:49:52.465399
6866,appartement à vendre,370000.0,Mohammedia,Nassim,54.0,2,1,6851.85,2026-05-11 20:49:52.465585
6867,Appartement à vendre quartier Mohamadi,870000.0,Agadir,Hay Mohammadi,72.0,2,2,12083.33,2026-05-11 20:49:52.466042
6868,appartement à vendre,430000.0,El Jadida,Amal,64.0,2,1,6718.75,2026-05-11 20:49:52.466158
6869,Apparts 70m à 80m Neuf Aharrarine 3min La Gare,610000.0,Tanger,Aharrarine,80.0,3,2,7625.0,2026-05-11 20:49:52.466341
6870,Vente Appartement 3 pièces de 107 m2 à Casablanca,1500000.0,Casablanca,Riviera,107.0,2,2,14018.69,2026-05-11 20:49:52.466614
6871,Appartement à vendre 80 m² à Kénitra,750000.0,Kénitra,Autre Secteur,105.0,3,2,7142.86,2026-05-11 20:49:52.466795
6872,Vente Appartement 4 pièces de 54 m2 à Marrakech,440000.0,Marrakech,M'Hamid,54.0,3,1,8148.15,2026-05-11 20:49:52.466987
6873,"Appartement à vendre 83 m² à semlalia, guéliz",1550000.0,Marrakech,Guéliz,84.0,2,2,18452.38,2026-05-11 20:49:52.467165
6874,Vente Appartement de 148 m2 à Casablanca,1998000.0,Casablanca,Quartier Des Hôpitaux,148.0,3,2,13500.0,2026-05-11 20:49:52.467915
6875,Vente Appartement 3 pièces de 81 m2 à Zenata,927000.0,Zenata,Toute La Ville,81.0,2,2,11444.44,2026-05-11 20:49:52.468005
6876,Vente Appartement 3 pièces de 73 m2 à Casablanca,590000.0,Casablanca,Errahma,73.0,2,2,8082.19,2026-05-11 20:49:52.468093
6877,Vente Appartement 4 pièces de 118 m2 à Casablanca,1450000.0,Casablanca,Val Fleuri,118.0,3,1,12288.14,2026-05-11 20:49:52.468181
6878,Vente Appartement 5 pièces de 186 m2 à Casablanca,2980000.0,Casablanca,Gauthier,186.0,3,2,16021.51,2026-05-11 20:49:52.468271
6879,Appart 123m Haut Standing Socrate Maarif Ex,1600000.0,Casablanca,Maârif Extension,123.0,3,2,13008.13,2026-05-11 20:49:52.468548
6880,Vente Appartement 3 pièces de 67 m2 à Ain Harrouda,533000.0,Ain Harrouda,Toute La Ville,67.0,2,1,7955.22,2026-05-11 20:49:52.468818
6881,Vente Appartement 2 pièces de 137 m2 à Casablanca,1280000.0,Casablanca,Californie,137.0,1,2,9343.07,2026-05-11 20:49:52.469127
6882,appartement à vendre près de la gare tgv,1850000.0,Tanger,Tanger City Center,85.0,2,2,21764.71,2026-05-11 20:49:52.469334
6883,Appartement Neuf 84 m² à Guéliz Avec Piscine,1550000.0,Marrakech,Guéliz,84.0,2,2,18452.38,2026-05-11 20:49:52.469834
6884,appartement à vendre,370000.0,Mohammedia,Monica,58.0,2,1,6379.31,2026-05-11 20:49:52.469956
6885,Appart 121m Haut standing A Les Princesses,1950000.0,Casablanca,Les Princesses,121.0,3,2,16115.7,2026-05-11 20:49:52.470183
6886,Appartement dans immobilier zeryouh 2 façades,1200000.0,Tanger,El Majd,87.0,3,2,13793.1,2026-05-11 20:49:52.470559
6887,Appartement à vendre Tanger Castilla,2400000.0,Tanger,Castilla,133.0,3,1,18045.11,2026-05-11 20:49:52.471006
6888,Appartement en rez-de-chaussée à vendre à Marjane 1 Meknes,480000.0,Meknès,Autre Secteur,100.0,2,2,4800.0,2026-05-11 20:49:52.471186
6889,Vente Appartement 5 pièces de 156 m2 à Casablanca,2180000.0,Casablanca,2 Mars,156.0,3,3,13974.36,2026-05-11 20:49:52.471570
6890,Vente Appartement 4 pièces de 169 m2 à Marrakech,2800000.0,Marrakech,Guéliz,169.0,3,2,16568.05,2026-05-11 20:49:52.471660
6891,Vente Appartement 4 pièces de 117 m2 à Casablanca,1480000.0,Casablanca,Quartier Des Hôpitaux,117.0,3,1,12649.57,2026-05-11 20:49:52.471929
6892,Appartement à vendre près de Marjane route de Rabat --Tanger,1170000.0,Tanger,Marjane,78.0,2,2,15000.0,2026-05-11 20:49:52.472301
6893,"Appartement à la plage, Dahomi",740000.0,Bouznika,Plage Oued Cherrat,74.0,2,2,10000.0,2026-05-11 20:49:52.472397
6894,Appart 140m A Résidence Fermée Maarif,1960000.0,Casablanca,Maarif,140.0,2,2,14000.0,2026-05-11 20:49:52.473150
6895,Vente Appartement 4 pièces de 98 m2 à Casablanca,1620000.0,Casablanca,Californie,98.0,2,1,16530.61,2026-05-11 20:49:52.473433
6896,Vente Appartement de 125 m2 à Casablanca,2150000.0,Casablanca,Palmier,125.0,3,2,17200.0,2026-05-11 20:49:52.473614
6897,Appartement près d'Anatole France,800000.0,Casablanca,Belvédère,80.0,2,2,10000.0,2026-05-11 20:49:52.473884
6898,Appartements à vendre 58 m² à Agadir,480000.0,Agadir,Hay Salam,58.0,2,1,8275.86,2026-05-11 20:49:52.474161
6899,Appartement à vendre 54 m² à Casablanca DAR BOUAAZA,280000.0,Casablanca,Autre Secteur,54.0,2,1,5185.19,2026-05-11 20:49:52.474252
6900,CMN-SI-1967 - Appartement à vendre à Ziraoui,1530000.0,Casablanca,Bourgogne,91.0,2,1,16813.19,2026-05-11 20:49:52.475093
6901,Appartement à vendre 83 m² à guéliz Marrakech,1650000.0,Marrakech,Guéliz,80.0,2,1,20625.0,2026-05-11 20:49:52.475274
6902,Vente Appartement 3 pièces de 150 m2 à Marrakech,1900000.0,Marrakech,Av Mohammed Vi,150.0,2,2,12666.67,2026-05-11 20:49:52.475686
6903,Vente Appartement 3 pièces de 81 m2 à Marrakech,720000.0,Marrakech,Mabrouka,81.0,2,1,8888.89,2026-05-11 20:49:52.475958
6904,Vente appartement façade au centre ville Kénitra,780000.0,Tanger,Centre Ville,95.0,3,2,8210.53,2026-05-11 20:49:52.476698
6905,Casabay Superbe Appartement à vendre,1300000.0,Berrechid,Toute La Ville,89.0,4,2,14606.74,2026-05-11 20:49:52.476788
6906,Appartement à Vendre,1300000.0,Marrakech,Victor Hugo,75.0,2,2,17333.33,2026-05-11 20:49:52.477244
6907,Appartement derrière Mr Bricolage à vendre,480000.0,Marrakech,Route De Casablanca,51.0,2,1,9411.76,2026-05-11 20:49:52.477698
6908,appartement à vendre,740000.0,Kénitra,Alliance,92.0,3,1,8043.48,2026-05-11 20:49:52.537486
6909,Appartement à vendre 70 m² à Casablanca,270000.0,Casablanca,Autre Secteur,70.0,2,1,3857.14,2026-05-11 20:49:52.478634
6910,Appartement à vendre 120 m² à Casablanca,1520000.0,Casablanca,Mers Sultan,132.0,3,2,11515.15,2026-05-11 20:49:52.479355
6911,Appartement à vendre 55 m² à Mohammedia,950000.0,Mohammedia,Quartier Du Parc,55.0,2,1,17272.73,2026-05-11 20:49:52.482452
6912,🏠 APPARTEMENT STANDING 87 m² - HIVERNAGE MARRAKECH,1300000.0,Marrakech,Hivernage,87.0,2,1,14942.53,2026-05-11 20:49:52.482633
6913,Appartement neuf de très haut standing,1365000.0,Fès,Autre Secteur,150.0,3,3,9100.0,2026-05-11 20:49:52.482995
6914,Appt à vendre,270000.0,Safi,Lamiaa,60.0,2,1,4500.0,2026-05-11 20:49:52.546465
6915,Appartement usage Bureau ou Habitation Hivernage CTM,1100000.0,Marrakech,Hivernage,74.0,2,1,14864.86,2026-05-11 20:49:52.483453
6916,8RES EL HADI 1 R ABI DARDA.,3000000.0,Tanger,Administratif,234.0,3,2,12820.51,2026-05-11 20:49:52.483746
6917,Appartement à vendre 80 m² à Kénitra,660000.0,Kénitra,Al Maghrib Al Arabi,80.0,2,1,8250.0,2026-05-11 20:49:52.484023
6918,Appartement à vendre 189 m² à AIN DIAB EXTENSION,4000000.0,Casablanca,Aïn Diab,189.0,3,2,21164.02,2026-05-11 20:49:52.484397
6919,Appartement à vendre enregistré à Martil,580000.0,Martil,Toute La Ville,92.0,3,1,6304.35,2026-05-11 20:49:52.484761
6920,Appartement chouka à vendre 110 m² à Kénitra,930000.0,Kénitra,Seyad,110.0,3,2,8454.55,2026-05-11 20:49:52.485037
6921,Studio à vendre 78 m² à Casablanca,2300000.0,Casablanca,Casablanca Finance City,78.0,1,1,29487.18,2026-05-11 20:49:52.485524
6922,139010-Vente Appt à Casablanca Bourgogne (Sidi Belyout),2500000.0,Casablanca,Sidi Belyout,153.0,3,3,16339.87,2026-05-11 20:49:52.485709
6923,Appartement à vendre 110 m² à Kénitra,930000.0,Kénitra,Seyad,110.0,3,2,8454.55,2026-05-11 20:49:52.485800
6924,Appartement à vendre 84 m² à massira 1 Temara,920000.0,Temara,Massira 1,84.0,2,1,10952.38,2026-05-11 20:49:52.485897
6925,Magnifique appartement à vendre jardin majorelle,1600000.0,Marrakech,Majorelle,100.0,2,2,16000.0,2026-05-11 20:49:52.485986
6926,Appartement 260 m² Double Façade Cœur de Tétouan,1900000.0,Tétouan,Centre Ville,260.0,9,2,7307.69,2026-05-11 20:49:52.486183
6927,Studio à vendre / 44 m² à Casablanca / La Girande,520000.0,Casablanca,La Gironde,44.0,1,1,11818.18,2026-05-11 20:49:52.486274
6928,182181-Vente Appt à Casablanca Triangle D'Or de 15,3500000.0,Casablanca,Maarif,155.0,3,2,22580.65,2026-05-11 20:49:52.486395
6929,Joli Appartement Situé à 2 Mars Négociable.,1020000.0,Casablanca,2 Mars,116.0,3,1,8793.1,2026-05-11 20:49:52.486859
6930,30013-Vente Appt à Casablanca Californie de 269 m²,4000000.0,Casablanca,Californie,269.0,3,3,14869.89,2026-05-11 20:49:52.487136
6931,"Appartement neufs à vendre, Guéliz",1600000.0,Marrakech,Guéliz,84.0,2,2,19047.62,2026-05-11 20:49:52.487225
6932,Appartements de soutien excellents à partir de 90 m²,420000.0,Azemmour,Toute La Ville,110.0,3,2,3818.18,2026-05-11 20:49:52.487318
6933,"Appartement à vendre à Jnan Zaitoun, premier étage",300000.0,Mohammedia,Autre Secteur,54.0,2,1,5555.56,2026-05-11 20:49:52.487787
6934,Bel appartement à Wifak,1350000.0,Temara,Wifak,86.0,2,1,15697.67,2026-05-11 20:49:52.488168
6935,175318-Vente Appt à Casablanca Hopitaux de 161 m²,1763555.0,Casablanca,Maarif,161.0,3,1,10953.76,2026-05-11 20:49:52.488256
6936,appartement 2 chambres Résidence Piscine,1100000.0,Marrakech,Route De Casablanca,83.0,2,1,13253.01,2026-05-11 20:49:52.488346
6937,Bel appartement à Wifak,1400000.0,Temara,Wifak,81.0,2,1,17283.95,2026-05-11 20:49:52.488657
6938,Studio à vendre 64 m² à Casablanca,2200000.0,Casablanca,Casablanca Finance City,64.0,1,1,34375.0,2026-05-11 20:49:52.488753
6939,Appartements à vendre 65 m² à Tanger,860000.0,Tanger,Ain El Hayani,65.0,2,1,13230.77,2026-05-11 20:49:52.489073
6940,3 chambres sans vis a vis Shems Bouznika Premium,980000.0,Bouznika,Quartier Industriel,87.0,3,1,11264.37,2026-05-11 20:49:52.489252
6941,Appartement à vendre 126 m² à Casablanca,1350000.0,Casablanca,Belvédère,126.0,2,2,10714.29,2026-05-11 20:49:52.489894
6942,Appartement Art Déco à vendre - 263 m²,3600000.0,Casablanca,Quartier Des Hôpitaux,263.0,4,4,13688.21,2026-05-11 20:49:52.490165
6943,Appartement à vendre 120 m² à Casablanca,1200000.0,Casablanca,La Gironde,104.0,3,1,11538.46,2026-05-11 20:49:52.490261
6944,"Appartement de luxe à vendre près de Marjane, route de Rabat",1520000.0,Tanger,Marjane,98.0,3,2,15510.2,2026-05-11 20:49:52.490592
6945,176270-Vente Appt à Casablanca Les Princesses de 1,1340000.0,Casablanca,Maarif,106.0,2,1,12641.51,2026-05-11 20:49:52.490869
6946,Duplex extraordinaire,730000.0,Marrakech,M'Hamid,104.0,3,2,7019.23,2026-05-11 20:49:52.567574
6947,Appartement de luxe dans la résidence Oscar à M'Diq,1190000.0,Mdiq,Toute La Ville,68.0,2,2,17500.0,2026-05-11 20:49:52.491484
6948,Excellent appartement à vendre complexe Nour,450000.0,Tanger,Aharrarine,56.0,2,1,8035.71,2026-05-11 20:49:52.491780
6949,Appartement à vendre 97 m² à Agadir,1500000.0,Agadir,Autre Secteur,97.0,2,2,15463.92,2026-05-11 20:49:52.491871
6950,Appartement entièrement rénové Opportunité rare,750000.0,Agadir,Tilila,60.0,2,1,12500.0,2026-05-11 20:49:52.492270
6951,Appartement à vendre 77 m² à Tanger,3000000.0,Tanger,Centre Ville,84.0,2,2,35714.29,2026-05-11 20:49:52.492358
6952,117M² entièrement rénové et idéalement situé,1295000.0,Casablanca,Abdelmoumen,117.0,2,2,11068.38,2026-05-11 20:49:52.493003
6953,VENTE RÉSIDENCE BAGDAD AL QODS BERNOUSSI 99M²,870000.0,Casablanca,Sidi Bernoussi,99.0,2,2,8787.88,2026-05-11 20:49:52.493193
6954,✨ À VENDRE – Appartement NEUF au RDC à Kénitra,820000.0,Kénitra,Bir Rami,82.0,2,2,10000.0,2026-05-11 20:49:52.493312
6955,Excellent appartement à vendre complexe Nour,450000.0,Tanger,Aharrarine,56.0,2,1,8035.71,2026-05-11 20:49:52.493412
6956,"Appartement deux façades, centre de Bouznika",430000.0,Bouznika,Autre Secteur,140.0,2,1,3071.43,2026-05-11 20:49:52.493507
6957,Appartement 146m avec garage,800000.0,Bouznika,Autre Secteur,170.0,3,2,4705.88,2026-05-11 20:49:52.493695
6958,Appartement très calme,370000.0,Berrechid,Toute La Ville,62.0,3,1,5967.74,2026-05-11 20:49:52.493885
6959,Appartement à vendre à Beit Al Mostakbal 1 à Salé,400000.0,Salé,Sidi Abdellah,50.0,2,1,8000.0,2026-05-11 20:49:52.493975
6960,Appartements à vendre 106 m² à Casablanca,1150000.0,Casablanca,Sidi Maarouf,106.0,3,2,10849.06,2026-05-11 20:49:52.494065
6961,Appartement à vendre 80 m² à Kénitra,900000.0,Kénitra,Val Fleury,85.0,2,2,10588.24,2026-05-11 20:49:52.494157
6962,Bel appartement sans vis à vis à vendre,1250000.0,Temara,Riad Oulad Mtaa,109.0,2,2,11467.89,2026-05-11 20:49:52.494247
6963,Appartement à vendre Dior Jamaa,2200000.0,Rabat,Diour Jamaa,113.0,3,2,19469.03,2026-05-11 20:49:52.494350
6964,Prix variés 68 millions 66 54 50 millions,680000.0,Martil,Toute La Ville,70.0,2,1,9714.29,2026-05-11 20:49:52.494445
6965,appartement wifak,1490000.0,Temara,Wifak,95.0,3,2,15684.21,2026-05-11 20:49:52.494721
6966,CMN-MA-2641 - Appartement à vendre à Burger,1300000.0,Casablanca,Maarif,119.0,2,1,10924.37,2026-05-11 20:49:52.495634
6967,Appartement 4ème Guéliz la résistance,550000.0,Marrakech,Guéliz,60.0,2,1,9166.67,2026-05-11 20:49:52.496196
6968,Nouvel appartement Tanger Balia,620000.0,Tanger,Tanja Balia,55.0,2,1,11272.73,2026-05-11 20:49:52.496392
6969,Appartement à vendre 49 m² à Asilah,370000.0,Asilah,Toute La Ville,49.0,1,1,7551.02,2026-05-11 20:49:52.496671
6970,3 Chambres à vendre 105 m² à Californie,1975000.0,Casablanca,Californie,115.0,3,2,17173.91,2026-05-11 20:49:52.497038
6971,"Appartement à vendre – BD Tan-Tan, Bourgogne",1800000.0,Casablanca,Bourgogne,68.0,2,1,26470.59,2026-05-11 20:49:52.497230
6972,Appart 3ch salon 87m2 près Sup de co,920000.0,Marrakech,Bd Moulay Abdellah,87.0,3,1,10574.71,2026-05-11 20:49:52.497434
6973,Appartement à vendre 134 m² à Casablanca,2250000.0,Casablanca,Gauthier,145.0,3,2,15517.24,2026-05-11 20:49:52.497929
6974,Appartement Montazah Aljadid proche Marjan,540000.0,Marrakech,Hay Charaf,50.0,2,1,10800.0,2026-05-11 20:49:52.498112
6975,Appartement lumineux à vendre,630000.0,Skhirat,Autre Secteur,64.0,2,1,9843.75,2026-05-11 20:49:52.498204
6976,Appartement à vendre 106 m² à NAKHIL TARGA,1200000.0,Marrakech,Targa,106.0,3,2,11320.75,2026-05-11 20:49:52.498401
6977,Appartement Art Déco Centre Casa,1500000.0,Casablanca,Centre Ville,94.0,2,2,15957.45,2026-05-11 20:49:52.498493
6978,Studio à vendre sur belvédère,700000.0,Casablanca,Belvédère,45.0,1,1,15555.56,2026-05-11 20:49:52.498784
6979,Appartement a vendre à Ain Sebaa 75M2,750000.0,Casablanca,Ain Sebaa,75.0,2,1,10000.0,2026-05-11 20:49:52.498966
6980,Appt haut standing Arcadia loft,1650000.0,Casablanca,Californie,97.0,2,2,17010.31,2026-05-11 20:49:52.500493
6981,appartement à vendre,360000.0,Casablanca,Sidi Bernoussi,50.0,2,1,7200.0,2026-05-11 20:49:52.500907
6982,"Appartement à vendre 65 m² à Azhar, Casablanca",470000.0,Casablanca,Sidi Bernoussi,78.0,2,1,6025.64,2026-05-11 20:49:52.501272
6983,Appartement à vendre 89 m² à Fès,450000.0,Fès,Al Hadiqa,89.0,1,2,5056.18,2026-05-11 20:49:52.501466
6984,Appartement à vendre 81 m² à Mdiq,900000.0,Mdiq,Toute La Ville,81.0,3,2,11111.11,2026-05-11 20:49:52.502147
6985,Bel appartement à vendre en centre-ville,1250000.0,Tanger,Castilla,73.0,3,1,17123.29,2026-05-11 20:49:52.502622
6986,Appartement quartier la Gironde,1135000.0,Casablanca,La Gironde,91.0,2,1,12472.53,2026-05-11 20:49:52.502811
6987,RAK-GU-1347 - Appartement à vendre à Camp Al Ghoul,1790000.0,Marrakech,El Ghoul,96.0,2,1,18645.83,2026-05-11 20:49:52.503106
6988,Hamza Appartement à vendre 63 m² à Had Soualem,200000.0,Had Soualem,Toute La Ville,63.0,2,2,3174.6,2026-05-11 20:49:52.503387
6989,Appart 88m Haut Standing Maarif Ex,1260000.0,Casablanca,Maârif Extension,88.0,2,2,14318.18,2026-05-11 20:49:52.503485
6990,appartement à vendre sans vis à vis,1300000.0,Mohammedia,La Siesta,115.0,2,1,11304.35,2026-05-11 20:49:52.503885
6991,Appartement au 2ème étage à vendre près de la mosquée Salam Anassi,460000.0,Casablanca,Sidi Moumen,58.0,2,2,7931.03,2026-05-11 20:49:52.503976
6992,Appartement de luxe à vendre à Tanger El Moujahidine,850000.0,Tanger,Moujahidine,708.0,2,1,1200.56,2026-05-11 20:49:52.504072
6993,"Deux appartements à vendre à Martil, titrés",630000.0,Martil,Toute La Ville,67.0,2,2,9402.99,2026-05-11 20:49:52.504349
6994,JOLI APPARTEMENT A VENDRE TRIANGLE D OR,2200000.0,Casablanca,Racine,108.0,2,2,20370.37,2026-05-11 20:49:52.504443
6995,Appartement à vendre 77 m² à Salé,846999.0,Salé,Mkinssia,77.0,2,1,10999.99,2026-05-11 20:49:52.504713
6996,Appartement à vendre WIFAQ,570000.0,Temara,Wifak,63.0,2,1,9047.62,2026-05-11 20:49:52.504896
6997,Grand Appartement Mhamid Avenue Nakhil,820000.0,Marrakech,M'Hamid,126.0,2,2,6507.94,2026-05-11 20:49:52.505173
6998,"Appartement 56 m², ascenseur, syndic, 5 minutes de Malabata",550000.0,Tanger,Tanja Balia,56.0,2,1,9821.43,2026-05-11 20:49:52.505355
6999,"Appartement 3 chambres 80m², ascenseur, syndic, 5 min de Malabata",750000.0,Tanger,Tanja Balia,80.0,3,1,9375.0,2026-05-11 20:49:52.505787
7000,Appartement à vendre 154 m² à Kénitra,1100000.0,Kénitra,La Ville Haute,154.0,3,3,7142.86,2026-05-11 20:49:52.505971
7001,"Appartement 74 m², ascenseur, syndic, balcon, 4 minutes de la gare",592000.0,Tanger,Tanja Balia,74.0,2,1,8000.0,2026-05-11 20:49:52.506663
7002,🏠 Appartement meublé à vendre – Haye Essalam Marrakech,400000.0,Marrakech,Hay Izdihar,48.0,1,1,8333.33,2026-05-11 20:49:52.506759
7003,Appartement à vendre 180 m² à Rabat,2400000.0,Rabat,Kébibat,180.0,3,2,13333.33,2026-05-11 20:49:52.507136
7004,Appartement à vendre 140 m² à Mohammedia,2500000.0,Mohammedia,Autre Secteur,140.0,2,2,17857.14,2026-05-11 20:49:52.507316
7005,Appartement à vendre 60 et 65m² à Temara,830000.0,Temara,Centre Ville,60.0,2,1,13833.33,2026-05-11 20:49:52.507514
7006,"Appartement meublé de 76 m², ascenseur, syndic, sur la rue",798000.0,Tanger,Tanja Balia,76.0,2,1,10500.0,2026-05-11 20:49:52.507705
7007,Appartement avec vue sur mer à Sable d'Or,910000.0,Tanger,Autre Secteur,86.0,3,2,10581.4,2026-05-11 20:49:52.507894
7008,Appartements à vendre 96 m² à Sidi Moumen près de Diar El Khalil,730000.0,Casablanca,Sidi Moumen,96.0,2,2,7604.17,2026-05-11 20:49:52.507996
7009,Appartement neuf vue Mer,3200000.0,Dar Bouazza,Toute La Ville,158.0,3,2,20253.16,2026-05-11 20:49:52.508090
7010,Appartement à vendre 110 m² à Kénitra,1200000.0,Kénitra,Saknia,112.0,3,2,10714.29,2026-05-11 20:49:52.508183
7011,"Appartement terrasse 118 m², ascenseur, syndic, 4 minutes de la gare",800000.0,Tanger,Tanja Balia,118.0,2,1,6779.66,2026-05-11 20:49:52.508387
7012,"Appartement terrasse 196 m², ascenseur, syndic, déclaration totale",1020000.0,Tanger,Tanja Balia,196.0,2,1,5204.08,2026-05-11 20:49:52.508485
7013,Appartement à vendre,550000.0,Tanger,Aouama Gharbia,100.0,2,1,5500.0,2026-05-11 20:49:52.509463
7014,Appartement ascenseur balcon vue sur la rue,450000.0,Tanger,Marjane,57.0,2,1,7894.74,2026-05-11 20:49:52.509927
7015,Appartement de 52 m² à vendre à Diyar Tanger,410000.0,Tanger,Moujahidine,52.0,2,1,7884.62,2026-05-11 20:49:52.510018
7016,Appartement à vendre 138 m² à Rabat,3750000.0,Rabat,Hay Riad,143.0,3,2,26223.78,2026-05-11 20:49:52.510214
7017,Appartement à vendre,550000.0,Tanger,Aouama Gharbia,80.0,2,1,6875.0,2026-05-11 20:49:52.510450
7018,Appartement à vendre 85 m² à Ait Melloul Agadir,550000.0,Agadir Melloul,Toute La Ville,85.0,2,1,6470.59,2026-05-11 20:49:52.510544
7019,Appartement à vendre 113 m² à Meknès,570000.0,Meknès,Hamria,113.0,3,2,5044.25,2026-05-11 20:49:52.510632
7020,Appartement à vendre à Beni Mellal,750000.0,Béni Mellal,Toute La Ville,70.0,3,1,10714.29,2026-05-11 20:49:52.510723
7021,Excellent appartement à vendre,360000.0,Casablanca,Errahma,62.0,2,1,5806.45,2026-05-11 20:49:52.511549
7022,Appartement titre à vendre 116 m² à Martil,750000.0,Martil,Toute La Ville,116.0,2,2,6465.52,2026-05-11 20:49:52.511641
7023,Appartement neuf Daam Sakane // Hay Salam,560000.0,El Jadida,Autre Secteur,70.0,3,2,8000.0,2026-05-11 20:49:52.513449
7024,Appartement neuf à vendre à SAÏDIA avec balcon,390000.0,Saidia,Toute La Ville,68.0,2,1,5735.29,2026-05-11 20:49:52.513548
7025,Appartement à vendre à Agdal,3300000.0,Rabat,Agdal,165.0,3,3,20000.0,2026-05-11 20:49:52.513737
7026,Appartement à vendre 104 m² à Belvédère,1000000.0,Casablanca,Belvédère,104.0,2,1,9615.38,2026-05-11 20:49:52.514314
7027,2 Appartement Duplex à vendre 135 m² à Temara,1540000.0,Temara,Centre Ville,135.0,3,3,11407.41,2026-05-11 20:49:52.514609
7028,BEN-BE-1083 - Appartement à vendre à Benslimane,850000.0,Benslimane,Autre Secteur,107.0,3,2,7943.93,2026-05-11 20:49:52.514702
7029,Appart 95 m2 Mandarona à côté Bd Al qods,950000.0,Casablanca,Aïn Chock,95.0,2,1,10000.0,2026-05-11 20:49:52.515466
7030,"Appartement à vendre Résidence Mimma, Avenue Safi, 3ème étage avec ascenseur",520000.0,Marrakech,Route De Safi,56.0,2,1,9285.71,2026-05-11 20:49:52.515669
7031,Appartement Alazhar Hay Hassani,560000.0,Casablanca,Hay Hassani,55.0,2,1,10181.82,2026-05-11 20:49:52.517293
7032,Appartement à vendre 80 m² à Rabat,1400000.0,Rabat,Diour Jamaa,80.0,2,1,17500.0,2026-05-11 20:49:52.517854
7033,CMN-AI-1103 - Appartement à vendre à Aïn Sebaâ,1100000.0,Casablanca,Ain Sebaa,105.0,3,3,10476.19,2026-05-11 20:49:52.518162
7034,appartement à vendre,1200000.0,Marrakech,Route De Casablanca,89.0,2,2,13483.15,2026-05-11 20:49:52.518258
7035,Appartement à vendre 100 m² à Temara,889000.0,Temara,Centre Ville,108.0,3,2,8231.48,2026-05-11 20:49:52.519514
7036,A vendre bel appartement bien ensoleillé,2480000.0,Casablanca,Racine,186.0,3,3,13333.33,2026-05-11 20:49:52.519608
7037,3 Chambres à vendre 112 m² à Californie,2010000.0,Casablanca,Californie,117.0,3,2,17179.49,2026-05-11 20:49:52.519798
7038,Appartement neuf à vendre Hay Nasr,820000.0,Temara,Autre Secteur,79.0,2,2,10379.75,2026-05-11 20:49:52.520005
7039,Appartement Meublé 66m² Boulevard Mohammed VI,580000.0,Casablanca,Al Fida,66.0,2,1,8787.88,2026-05-11 20:49:52.520106
7040,CMN-AS-1819 - Appartement à vendre à Ain Borja,1450000.0,Casablanca,Aïn Borja,131.0,3,2,11068.7,2026-05-11 20:49:52.521086
7041,CMN-MA-2648 - Appartement à vendre à Maârif,1600000.0,Casablanca,Maarif,109.0,2,2,14678.9,2026-05-11 20:49:52.521178
7042,Appartement Standing à Vendre – Lotissement Rachad,1520000.0,Casablanca,Laimoune,132.0,3,2,11515.15,2026-05-11 20:49:52.521667
7043,Bel appartement moderne deux façades 93m² à Oulfa,1150000.0,Casablanca,Oulfa,93.0,2,2,12365.59,2026-05-11 20:49:52.521759
7044,Appartement à vendre 78 m² à Marrakech,2500000.0,Marrakech,Agdal,78.0,2,2,32051.28,2026-05-11 20:49:52.521945
7045,Bel appartement en rez de jardin sur résidence,3300000.0,Marrakech,Agdal,100.0,3,2,33000.0,2026-05-11 20:49:52.522523
7046,Appartement neuf 160 m² à vendre à Wifak,2500000.0,Temara,Wifak,160.0,3,3,15625.0,2026-05-11 20:49:52.522910
7047,Appartement à vendre 70 m² à Kénitra,320000.0,Kénitra,Bir Rami,70.0,2,1,4571.43,2026-05-11 20:49:52.523514
7048,MAGNIFIQUES STUDIOS & APPARTEMENTS HAUT STANDING,1295900.0,Casablanca,Maarif,54.0,1,1,23998.15,2026-05-11 20:49:52.524188
7049,Appart à vendre 61 m² Hay Hassani,450000.0,Casablanca,Hay Hassani,61.0,2,1,7377.05,2026-05-11 20:49:52.524284
7050,Appartement à vendre Sidi Maarouf Hay Nassim Qazabri,1100000.0,Casablanca,Sidi Maarouf,106.0,3,2,10377.36,2026-05-11 20:49:52.524605
7051,Appartement à vendre 149 m² à Agdal Rabat,3500000.0,Rabat,Agdal,149.0,3,3,23489.93,2026-05-11 20:49:52.524792
7052,Appartement à vendre à Rahma,260000.0,Casablanca,Errahma,48.0,1,1,5416.67,2026-05-11 20:49:52.525258
7053,Duplex de standing 136 m2 Palmeraie Gates,2390000.0,Marrakech,Route De Casablanca,136.0,3,2,17573.53,2026-05-11 20:49:52.525780
7054,Appartements de luxe à vendre,1250000.0,Berkane,Toute La Ville,147.0,4,2,8503.4,2026-05-11 20:49:52.526535
7055,"Appartement titré à vendre, superficie 82 m²",450000.0,Larache,Toute La Ville,82.0,3,1,5487.8,2026-05-11 20:49:52.527195
7056,Appartement à vendre 91 m² à Meknès,390000.0,Meknès,Wislane,91.0,3,1,4285.71,2026-05-11 20:49:52.527287
7057,Appartement à vendre 84 m² à Berkane,600000.0,Berkane,Toute La Ville,84.0,2,1,7142.86,2026-05-11 20:49:52.527479
7058,Appartement de luxe Saidia Pieds dans l'eau,2100000.0,Saidia,Toute La Ville,180.0,2,2,11666.67,2026-05-11 20:49:52.528413
7059,LE LUXE ACCESSIBLE AU CŒUR DE BERKANE,800000.0,Berkane,Toute La Ville,120.0,3,2,6666.67,2026-05-11 20:49:52.528804
7060,"Grand Appartement meublé, quartier Burger, Maarif",2300000.0,Casablanca,Maarif,160.0,4,3,14375.0,2026-05-11 20:49:52.528895
7061,Appartement à vendre,640000.0,Tanger,Autre Secteur,64.0,2,1,10000.0,2026-05-11 20:49:52.529289
7062,Appartement à vendre quartier Salam,680000.0,Agadir,Hay Salam,53.0,2,1,12830.19,2026-05-11 20:49:52.529497
7063,Appartement à vendre 80 m² à Casablanca,860000.0,Casablanca,Oulfa,80.0,2,1,10750.0,2026-05-11 20:49:52.530525
7064,Bel appartement à Hay Chmaou Salé,750000.0,Salé,Hay Chmaou,73.0,2,1,10273.97,2026-05-11 20:49:52.531249
7065,Appartement à vendre 80 m² à Kénitra,800000.0,Kénitra,Bir Rami,80.0,3,1,10000.0,2026-05-11 20:49:52.531340
7066,Duplex excellent à vendre à Andalus Mohammedia,108000.0,Mohammedia,Autre Secteur,210.0,3,2,514.29,2026-05-11 20:49:52.531445
7067,Ahmed immo Marrakech,760000.0,Marrakech,Azzouzia,80.0,2,1,9500.0,2026-05-11 20:49:52.531744
7068,Appartement à vendre 97 m² à Fès,520000.0,Fès,Narjis,97.0,2,2,5360.82,2026-05-11 20:49:52.531845
7069,appartement à vendre,670000.0,Marrakech,Route D'Amezmiz,65.0,2,1,10307.69,2026-05-11 20:49:52.531937
7070,Appartement titré à vendre Superficie 82 m² Dispose d'un ascenseur,450000.0,Larache,Toute La Ville,82.0,3,1,5487.8,2026-05-11 20:49:52.532029
7071,Appartements neufs//Hay matar,510000.0,El Jadida,Autre Secteur,70.0,2,2,7285.71,2026-05-11 20:49:52.532125
7072,Appartement à vendre 92 m² à Tanger,800000.0,Tanger,Val Fleuri,92.0,2,1,8695.65,2026-05-11 20:49:52.532343
7073,Appartement à vendre quartier Amsernat Houta,400000.0,Agadir,Amsernate,56.0,2,1,7142.86,2026-05-11 20:49:52.532473
7074,"Appartement à vendre 80 m² à 26 millions, négociable",260000.0,Meknès,Autre Secteur,88.0,2,2,2954.55,2026-05-11 20:49:52.532754
7075,Appartement à vendre 72 m² à Tanger,560000.0,Tanger,Mghogha,72.0,3,1,7777.78,2026-05-11 20:49:52.532995
7076,Appartement à vendre à Panassé,280000.0,Casablanca,Sidi Moumen,50.0,2,1,5600.0,2026-05-11 20:49:52.533405
7077,Appartement 100m² à vendre à Hay Izdihar Marrakech,1000000.0,Marrakech,Sanaoubar,110.0,3,1,9090.91,2026-05-11 20:49:52.534072
7078,appartement massira ahbas,650000.0,Marrakech,Massira 1,74.0,2,1,8783.78,2026-05-11 20:49:52.534262
7079,Appartement à vendre,850000.0,El Jadida,Najd,145.0,3,2,5862.07,2026-05-11 20:49:52.534452
7080,"À VENDRE, APPARTEMENT, BELVÉDÈRE 🏢",1250000.0,Casablanca,Belvédère,101.0,2,2,12376.24,2026-05-11 20:49:52.534545
7081,Appartement à vendre complexe EL Nour,420000.0,Tanger,Hay Hassani,56.0,2,1,7500.0,2026-05-11 20:49:52.534658
7082,Appartement à vendre 114 m² à Casablanca,1550000.0,Casablanca,Franceville,114.0,3,2,13596.49,2026-05-11 20:49:52.535840
7083,Appartement à vendre 172 m² à Casablanca,2290000.0,Casablanca,2 Mars,172.0,3,2,13313.95,2026-05-11 20:49:52.536028
7084,Appt 115m2 à la Gironde à vendre,1300000.0,Casablanca,La Gironde,115.0,2,2,11304.35,2026-05-11 20:49:52.536544
7085,Appartement RDC Premium – Oasis,3400000.0,Casablanca,Oasis,163.0,3,2,20858.9,2026-05-11 20:49:52.537003
7086,appartement à côté Macdonald,670000.0,Marrakech,Route De Safi,54.0,2,1,12407.41,2026-05-11 20:49:52.537096
7087,Appartement à vendre à Shems Elmadina,360000.0,Benslimane,Autre Secteur,54.0,2,1,6666.67,2026-05-11 20:49:52.537189
7088,Appartement à vendre 96 m² à Casablanca,750000.0,Casablanca,Sidi Bernoussi,96.0,3,2,7812.5,2026-05-11 20:49:52.537293
7089,Projet Nasr Ouled Saleh Victoria,2800000.0,Bouskoura,Victoria,90.0,2,1,31111.11,2026-05-11 20:49:52.537394
7090,Appartement à vendre 1er étage de 100 m² à Bettana,1080000.0,Salé,Bettana,100.0,2,2,10800.0,2026-05-11 20:49:52.537709
7091,Il y a 1 appartement au 2ème étage et 2 appartements au 3ème étage,540000.0,Benslimane,Autre Secteur,70.0,3,1,7714.29,2026-05-11 20:49:52.537818
7092,Appartement à vendre 77 m² à Marrakech,800000.0,Marrakech,M'Hamid,77.0,2,2,10389.61,2026-05-11 20:49:52.537916
7093,Appartement au centre ville de Casablanca,110000.0,Casablanca,Bourgogne,92.0,3,1,1195.65,2026-05-11 20:49:52.538011
7094,Appartement meublé à vendre,380000.0,Marrakech,Les Portes De Marrakech,48.0,2,1,7916.67,2026-05-11 20:49:52.538106
7095,Appartement à vendre Av Mohammed V En Face Marina,2200000.0,Agadir,Secteur Touristique,95.0,2,2,23157.89,2026-05-11 20:49:52.538197
7096,Appartement chouiter,175000.0,Marrakech,Autre Secteur,47.0,1,1,3723.4,2026-05-11 20:49:52.538287
7097,Appartement de luxe à Ain Sbaa,1000000.0,Casablanca,Ain Sebaa,110.0,3,2,9090.91,2026-05-11 20:49:52.538389
7098,Appartement à vendre Asilah résidence Bayti Sakane,720000.0,Asilah,Toute La Ville,92.0,2,1,7826.09,2026-05-11 20:49:52.538489
7099,Appartement à vendre 116 m² à Had Soualem,480000.0,Had Soualem,Toute La Ville,136.0,3,1,3529.41,2026-05-11 20:49:52.538583
7100,Appartement à vendre 75 m² Gueliz à Marrakech,1150000.0,Marrakech,,75.0,2,2,15333.33,2026-05-11 20:49:52.538677
7101,Bel appartement à vendre avec piscine,1850000.0,Tanger,Nouinouich,101.0,3,2,18316.83,2026-05-11 20:49:52.538770
7102,appartement à vendre,770000.0,Salé,Sidi Moussa,94.0,3,2,8191.49,2026-05-11 20:49:52.538860
7103,Appartement à vendre près du café Blanco Fès,450000.0,Fès,Route Ain Chkaf,75.0,2,2,6000.0,2026-05-11 20:49:52.538951
7104,Appartement à vendre à Sidi Rahal,380000.0,Sidi Rahal,Toute La Ville,67.0,2,1,5671.64,2026-05-11 20:49:52.539042
7105,Appartement neuf à vendre à Errahma – Casablanca,380000.0,Casablanca,Errahma,51.0,2,1,7450.98,2026-05-11 20:49:52.539138
7106,Appartement meublé équipé,450000.0,Casablanca,Sidi Bernoussi,56.0,3,1,8035.71,2026-05-11 20:49:52.539229
7107,Saada 2 appartement à l'état neuf,390000.0,Martil,Toute La Ville,48.0,2,1,8125.0,2026-05-11 20:49:52.539324
7108,Appartement à vendre 125 m² en plein centre Hamria,650000.0,Meknès,Hamria,125.0,4,1,5200.0,2026-05-11 20:49:52.539422
7109,Magnifique appartement à Guéliz,2400000.0,Marrakech,Guéliz,217.0,3,2,11059.91,2026-05-11 20:49:52.539516
7110,Duplex extraordinaire,2390000.0,Marrakech,Hay Izdihar,240.0,3,3,9958.33,2026-05-11 20:49:52.539608
7111,Appartement à vendre,500000.0,Mers El Kheir,Toute La Ville,70.0,2,2,7142.86,2026-05-11 20:49:52.539703
7112,Appartement à vendre 68m² quartier aéroport,510000.0,El Jadida,Quartier Aérodrome,68.0,2,1,7500.0,2026-05-11 20:49:52.539797
7113,Appartement à vendre 76 m² à Kénitra,460000.0,Kénitra,Ouled Oujih,70.0,2,1,6571.43,2026-05-11 20:49:52.539889
7114,Appartement meublé,560000.0,Fès,Autre Secteur,95.0,3,1,5894.74,2026-05-11 20:49:52.540004
7115,3 chambres vue mer et piscine,1800000.0,Mohammedia,Centre Ville,117.0,3,2,15384.62,2026-05-11 20:49:52.540106
7116,Appartement niveau 1,460000.0,Bouskoura,Bouskoura Centre,60.0,2,1,7666.67,2026-05-11 20:49:52.540201
7117,CHAMP DE LYS LOUIZIA avec piscine,860000.0,Mohammedia,Autre Secteur,86.0,2,1,10000.0,2026-05-11 20:49:52.540293
7118,Studio avec piscine en centre-ville,850000.0,Mohammedia,Centre Ville,46.0,1,1,18478.26,2026-05-11 20:49:52.540397
7119,Appartement haut standing à vendre,2100000.0,Agadir,Founty,90.0,2,2,23333.33,2026-05-11 20:49:52.540494
7120,Appartement 3ch à Vendre | Stade Ibn Batouta,1120000.0,Tanger,Hay Hassani,85.0,3,2,13176.47,2026-05-11 20:49:52.540585
7121,Dar Bouazaa appartement vue piscine à vendre,1300000.0,Casablanca,Route D'Azemmour,90.0,2,2,14444.44,2026-05-11 20:49:52.540697
7122,Appartement à vendre 137 m² à Casablanca,1350000.0,Casablanca,Derb Omar,137.0,4,2,9854.01,2026-05-11 20:49:52.540884
7123,Appartement à vendre 98 m² à Tanger,2490000.0,Tanger,De La Plage,98.0,2,2,25408.16,2026-05-11 20:49:52.541062
7124,appartement Oued Laou,380000.0,Oued Laou,Toute La Ville,75.0,2,1,5066.67,2026-05-11 20:49:52.541155
7125,Appartement PKH 17 de 60 m2,1181300.0,Marrakech,Guéliz,60.0,2,2,19688.33,2026-05-11 20:49:52.541247
7126,Appartement à vendre 98 m² à Tanger,2490000.0,Tanger,Tanger City Center,98.0,2,2,25408.16,2026-05-11 20:49:52.541342
7127,Appartement RDC calme 64m 2ch,670000.0,Temara,Al Moustakbal,64.0,2,1,10468.75,2026-05-11 20:49:52.541443
7128,Selouane appartement 60m2 à vendre,1080000.0,Casablanca,Oulfa,60.0,2,2,18000.0,2026-05-11 20:49:52.541535
7129,Appartement meublé à Marina Golf Asilah,680000.0,Asilah,Toute La Ville,49.0,1,1,13877.55,2026-05-11 20:49:52.541628
7130,Bel appartement à vendre,690000.0,Casablanca,Hay Inara,67.0,2,1,10298.51,2026-05-11 20:49:52.541720
7131,appartement à vendre karia secteur 5,340000.0,Salé,Sala El Jadida,60.0,1,1,5666.67,2026-05-11 20:49:52.541811
7132,Appartement à vendre 58 m² à Bouznika,960000.0,Bouznika,Plage Oued Cherrat,68.0,1,2,14117.65,2026-05-11 20:49:52.541909
7133,"Appartement à vendre, Ville Nouvelle",365000.0,El Jadida,Saada,52.0,2,1,7019.23,2026-05-11 20:49:52.542002
7134,Appartement à vendre 124 m² à Nador,1300000.0,Nador,Hay Al Matar,124.0,3,2,10483.87,2026-05-11 20:49:52.542092
7135,Appartement à vendre près de la plage de M'diq,850000.0,Mdiq,Toute La Ville,82.0,2,1,10365.85,2026-05-11 20:49:52.542183
7136,Appartement à vendre 62 m² à Salé,600000.0,Salé,Hay Chmaou,74.0,2,1,8108.11,2026-05-11 20:49:52.542277
7137,Appartement excellent,350000.0,Tamesna,Toute La Ville,50.0,2,2,7000.0,2026-05-11 20:49:52.542468
7138,Agadir Bay,3750000.0,Agadir,Sonaba,210.0,3,3,17857.14,2026-05-11 20:49:52.542560
7139,APPARTEMENT À VENDRE À SAIDIA,850000.0,Saidia,Toute La Ville,110.0,2,2,7727.27,2026-05-11 20:49:52.542740
7140,Appartement RDC Le Vallon 66m,500000.0,Kénitra,Val Fleury,66.0,2,1,7575.76,2026-05-11 20:49:52.542832
7141,Appartement à vendre à Wifak Temara,650000.0,Temara,Wifak,65.0,2,1,10000.0,2026-05-11 20:49:52.542925
7142,Appartement à vendre 63 m² à Meknès,320000.0,Meknès,Hamria,63.0,3,1,5079.37,2026-05-11 20:49:52.543017
7143,JOLI APPARTEMENT 3ÈME ÉTAGE BOUSKOURRA,340000.0,Bouskoura,Bouskoura Centre,52.0,2,1,6538.46,2026-05-11 20:49:52.543112
7144,Appartement résidence sécurisée,910000.0,Casablanca,Oulfa,70.0,2,2,13000.0,2026-05-11 20:49:52.543206
7145,Appartement 3 chambres 150 m² ascenseur syndic sur le boulevard,1950000.0,Tanger,Centre Ville,150.0,3,2,13000.0,2026-05-11 20:49:52.543690
7146,"Appartement 56 m², ascenseur, syndic, 5 minutes de Malabata",550000.0,Tanger,Tanja Balia,56.0,2,1,9821.43,2026-05-11 20:49:52.543789
7147,"Appartement 3 pièces 80m, ascenseur, syndic, 5 min Malabata",750000.0,Tanger,Tanja Balia,80.0,3,1,9375.0,2026-05-11 20:49:52.543888
7148,"Appartement 74 m², ascenseur, syndic, balcon, 4 min gare",592000.0,Tanger,Tanja Balia,74.0,2,1,8000.0,2026-05-11 20:49:52.543988
7149,"Appartement meublé de 76 m², ascenseur, syndic, sur la rue",760000.0,Tanger,Tanja Balia,76.0,2,1,10000.0,2026-05-11 20:49:52.544087
7150,Appartement 4 pièces 102 m² ascenseur syndic sur rue,1070000.0,Tanger,Tanja Balia,102.0,4,1,10490.2,2026-05-11 20:49:52.544187
7151,Appartement meublé,850000.0,Martil,Toute La Ville,76.0,2,2,11184.21,2026-05-11 20:49:52.544282
7152,Appartement Haut Standing Sun Square ALMAZ,2300000.0,Casablanca,Almaz,146.0,3,2,15753.42,2026-05-11 20:49:52.544377
7153,"Appartement terrasse 118 m, ascenseur, syndic, 4 minutes de la gare",800000.0,Tanger,Tanja Balia,118.0,2,1,6779.66,2026-05-11 20:49:52.544515
7154,"Appartement terrasse 196 m², ascenseur, syndic, déclaration totale",1020000.0,Tanger,Tanja Balia,196.0,2,1,5204.08,2026-05-11 20:49:52.544614
7155,Appartement ascenseur balcon vue sur la rue,450000.0,Tanger,Marjane,57.0,2,1,7894.74,2026-05-11 20:49:52.544714
7156,Appartement avec double façade ensoleillée,890000.0,Kénitra,Al Maghrib Al Arabi,127.0,3,2,7007.87,2026-05-11 20:49:52.544900
7157,Appartement à vendre 74 m² à Kénitra,5900000.0,Kénitra,Alliance,84.0,2,2,70238.1,2026-05-11 20:49:52.545087
7158,appartement ensoleillé,560000.0,Meknès,Riad Toulal,100.0,3,2,5600.0,2026-05-11 20:49:52.545384
7159,Agdal apt hab ou bur 137 m² au RDC,2200000.0,Rabat,Agdal,137.0,2,1,16058.39,2026-05-11 20:49:52.545486
7160,Magnifique appartement avec terrasse,2600000.0,Marrakech,Agdal,110.0,2,2,23636.36,2026-05-11 20:49:52.545708
7161,Appartement à vendre à Rabat,660000.0,Rabat,Hay Nahda,86.0,2,1,7674.42,2026-05-11 20:49:52.545802
7162,"Kénitra, lotissement Mokhalif, Ain Sebaa",270000.0,Kénitra,Autre Secteur,80.0,3,1,3375.0,2026-05-11 20:49:52.545893
7163,Appartement 🏡 à vendre 📍 Tanger El Balia,1200000.0,Tanger,Tanja Balia,80.0,2,1,15000.0,2026-05-11 20:49:52.545991
7164,"Maisons Ismailia, route Akourai, près de Marjane Meknes",320000.0,Meknès,Autre Secteur,70.0,2,1,4571.43,2026-05-11 20:49:52.546091
7165,Très bel appartement à vendre à Asilah Centre,900000.0,Asilah,Toute La Ville,80.0,2,1,11250.0,2026-05-11 20:49:52.546187
7166,Bel appartement à Saïd Hajji,860000.0,Salé,Said Hajji,76.0,2,2,11315.79,2026-05-11 20:49:52.546279
7167,Superbe appartement à vendre,1020000.0,Kénitra,Val Fleury,145.0,2,2,7034.48,2026-05-11 20:49:52.546370
7168,Appartement à vendre 60 m² Doha (Marjane),380000.0,Tétouan,Autre Secteur,60.0,1,1,6333.33,2026-05-11 20:49:52.546559
7169,À VENDRE – Appartement moderne,1800000.0,Tanger,Centre Ville,80.0,2,2,22500.0,2026-05-11 20:49:52.546681
7170,Appartement Maarif à vendre,1440000.0,Casablanca,Maarif,115.0,2,2,12521.74,2026-05-11 20:49:52.546876
7171,Appartement à vendre 60 m² à dakhla oulfa,460000.0,Casablanca,Oulfa,60.0,2,1,7666.67,2026-05-11 20:49:52.547233
7172,Appartement Quartier Administratif 108,700000.0,Béni Mellal,Toute La Ville,108.0,2,2,6481.48,2026-05-11 20:49:52.547333
7173,"Appartement à vendre à Sbata, Casablanca",420000.0,Casablanca,Sbata,64.0,2,1,6562.5,2026-05-11 20:49:52.547432
7174,appartement avec piscine,990000.0,Marrakech,Route De Safi,77.0,2,2,12857.14,2026-05-11 20:49:52.547526
7175,Appartement à vendre 57 m² à Bouskoura Andalouss,550000.0,Bouskoura,Bouskoura Centre,57.0,2,1,9649.12,2026-05-11 20:49:52.547624
7176,Appartement à vendre 181 m² à Marrakech,3800000.0,Marrakech,Guéliz,181.0,3,3,20994.48,2026-05-11 20:49:52.547722
7177,Appartement à vendre 120 m² à Kénitra,1200000.0,Kénitra,La Ville Haute,118.0,3,2,10169.49,2026-05-11 20:49:52.547824
7178,Superbe appartement à vendre,870000.0,Marrakech,Hay Charaf,67.0,2,2,12985.07,2026-05-11 20:49:52.547920
7179,Vente Appartement,1650000.0,Marrakech,Route De Casablanca,104.0,2,2,15865.38,2026-05-11 20:49:52.548014
7180,Appartements titrés à vendre Martil avec ascenseur,680000.0,Martil,Toute La Ville,70.0,2,1,9714.29,2026-05-11 20:49:52.548110
7181,Appartement 2 chambres à vendre,320000.0,El Jadida,Saada,56.0,2,1,5714.29,2026-05-11 20:49:52.548207
7182,Appartement à vendre 73 m² à Martil,510000.0,Martil,Toute La Ville,73.0,2,1,6986.3,2026-05-11 20:49:52.548299
7183,Appartement à vendre 84 m² à Marrakech,1700000.0,Marrakech,Guéliz,107.0,1,1,15887.85,2026-05-11 20:49:52.548497
7184,Appartement à vendre 64 m² à Marrakech,680000.0,Marrakech,M'Hamid,71.0,2,1,9577.46,2026-05-11 20:49:52.548598
7185,Izdihar Bouskoura - 97m² – 3 chambres,950000.0,Bouskoura,Bouskoura Centre,97.0,3,2,9793.81,2026-05-11 20:49:52.548694
7186,Appartement à vendre 61 m² à Tanger,1029000.0,Tanger,Tanja Balia,86.0,2,2,11965.12,2026-05-11 20:49:52.548788
7187,Appartement à vendre 73 m² à Casablanca,670000.0,Casablanca,Oulfa,73.0,2,1,9178.08,2026-05-11 20:49:52.548889
7188,Appartement à vendre,680000.0,Salé,Said Hajji,77.0,2,1,8831.17,2026-05-11 20:49:52.548986
7189,Appartement avec jardin et piscine privés,1900000.0,Casablanca,Centre Ville,175.0,2,2,10857.14,2026-05-11 20:49:52.549077
7190,Appartement Panoramique,1200000.0,Mdiq,Toute La Ville,105.0,2,1,11428.57,2026-05-11 20:49:52.549175
7191,Appartement à vendre,850000.0,Casablanca,Aïn Borja,90.0,2,1,9444.44,2026-05-11 20:49:52.549269
7192,Appartement à vendre double façade,810000.0,Salé,Said Hajji,80.0,2,1,10125.0,2026-05-11 20:49:52.549483
7193,Appartement à vendre 74 m² à Ain Attig (Temara),435000.0,Temara,Ain Atig,74.0,2,1,5878.38,2026-05-11 20:49:52.549581
7194,Bel Appartement 101 m² à Temara,950000.0,Temara,Al Moustakbal,124.0,3,1,7661.29,2026-05-11 20:49:52.549877
7195,Yannès Mahdia Kénitra,8500000.0,Kénitra,Alliance,150.0,3,2,56666.67,2026-05-11 20:49:52.549969
7196,A vendre appartement neuf quartier Drarga,460000.0,Drargua,Toute La Ville,54.0,2,2,8518.52,2026-05-11 20:49:52.550063
7197,Excellent appartement à vendre,510000.0,Fès,Route Ain Chkaf,77.0,3,2,6623.38,2026-05-11 20:49:52.550347
7198,Appartement neuf à vendre complexe piscine,62700000.0,Tanger,Autre Secteur,57.0,2,1,1100000.0,2026-05-11 20:49:52.550445
7199,Appartement à vendre à El Majd,820000.0,Tanger,El Majd,84.0,3,2,9761.9,2026-05-11 20:49:52.550549
7200,Vente appartement Maarif RDC élevé,920000.0,Casablanca,Maârif Extension,67.0,2,1,13731.34,2026-05-11 20:49:52.550641
7201,Appartement à vendre Ain Malloul,585000.0,Tétouan,Wilaya,60.0,2,1,9750.0,2026-05-11 20:49:52.550763
7202,"Tanger Msanana, Bel Bachir",490000.0,Tanger,Mesnana,55.0,2,1,8909.09,2026-05-11 20:49:52.550857
7203,Appartement à vendre à Route De Casa MARRAKECH,760000.0,Marrakech,Route De Casablanca,55.0,2,1,13818.18,2026-05-11 20:49:52.550980
7204,Appartement à vendre 89 m² à Oujda,640000.0,Oujda,Centre Ville,89.0,2,1,7191.01,2026-05-11 20:49:52.551080
7205,À VENDRE STUDIO AVEC TERRASSE À PALMIER,1300000.0,Casablanca,Palmier,88.0,1,1,14772.73,2026-05-11 20:49:52.551180
7206,Appartement à vendre Dar Bouazza,330000.0,Dar Bouazza,Toute La Ville,56.0,2,1,5892.86,2026-05-11 20:49:52.551273
7207,Appartement à vendre 72 m² à Settat,360000.0,Settat,Toute La Ville,72.0,2,1,5000.0,2026-05-11 20:49:52.551565
7208,Appartement meublé à louer,450000.0,Kénitra,El Haddada,68.0,1,1,6617.65,2026-05-11 20:49:52.551657
7209,Exceptionnel appartement à Dar Bouazza,1900000.0,Dar Bouazza,Toute La Ville,175.0,2,2,10857.14,2026-05-11 20:49:52.551749
7210,Appartement à vendre 53 m² à Marrakech Guéliz,1335000.0,Marrakech,Guéliz,53.0,1,1,25188.68,2026-05-11 20:49:52.551842
7211,Appartement 74 m ascenseur syndic balcon 4 minutes gare,592000.0,Tanger,Tanja Balia,74.0,2,1,8000.0,2026-05-11 20:49:52.552230
7212,Appartement 106 m² à Salé à vendre,860000.0,Salé,Said Hajji,118.0,3,2,7288.14,2026-05-11 20:49:52.552328
7213,Appartement 112m EST en vente à Témara Wifak,1550000.0,Temara,Wifak,112.0,3,2,13839.29,2026-05-11 20:49:52.552427
7214,😍 Appartement élégant meublé à vendre sur le boulevard Allal El Fassi,1500000.0,Marrakech,Allal El Fassi,120.0,2,2,12500.0,2026-05-11 20:49:52.552524
7215,Appartements de luxe à vendre,630000.0,Martil,Toute La Ville,65.0,2,1,9692.31,2026-05-11 20:49:52.552820
7216,Appartement meublé à Oued Laâlou 😍,650000.0,Martil,Toute La Ville,65.0,2,1,10000.0,2026-05-11 20:49:52.553012
7217,Appartement à vendre 90 m² à Fès,430000.0,Fès,Dar Mehrez,100.0,3,2,4300.0,2026-05-11 20:49:52.553107
7218,Appartements près du quartier Mansour,370000.0,Meknès,Autre Secteur,70.0,3,1,5285.71,2026-05-11 20:49:52.553198
7219,Appartement bord de mer,815000.0,Oued Laou,Toute La Ville,87.0,2,2,9367.82,2026-05-11 20:49:52.553530
7220,Appartement à vendre 57 m² à Sidi Rahal,430000.0,Sidi Rahal,Toute La Ville,57.0,2,1,7543.86,2026-05-11 20:49:52.553644
7221,Studio à vendre 45 m² à Bourgogne,1200000.0,Casablanca,Bourgogne,45.0,1,1,26666.67,2026-05-11 20:49:52.554140
7222,Exceptionnel appartement avec piscine privée,1900000.0,Casablanca,Autre Secteur,175.0,2,2,10857.14,2026-05-11 20:49:52.554280
7223,"Appartement avec terrasse 196 m, ascenseur, syndic, déclaration totale",1020000.0,Tanger,Tanja Balia,196.0,2,1,5204.08,2026-05-11 20:49:52.554383
7224,Appartement à vendre 67 m² à Casablanca,1200000.0,Casablanca,,75.0,2,2,16000.0,2026-05-11 20:49:52.554507
7225,Vente appartement ensoleillé,580000.0,Salé,Sala El Jadida,65.0,2,1,8923.08,2026-05-11 20:49:52.554809
7226,Appartement à vendre 74 m² à Casablanca,660000.0,Casablanca,Autre Secteur,74.0,2,2,8918.92,2026-05-11 20:49:52.554904
7227,Offre du jour : appartement de luxe à prix attractif,410000.0,Mohammedia,Nassim,63.0,2,1,6507.94,2026-05-11 20:49:52.555208
7228,Oulad Tayeb Fès,4800000.0,Fès,Ouled Tayeb,120.0,4,2,40000.0,2026-05-11 20:49:52.555419
7229,Appartement à vendre 78 m² à Casablanca,920000.0,Casablanca,Al Fida,78.0,3,2,11794.87,2026-05-11 20:49:52.555733
7230,Appartement à vendre 70 m² à Casablanca,639000.0,Casablanca,Aïn Borja,70.0,2,1,9128.57,2026-05-11 20:49:52.555927
7231,"Appartement avec terrasse 118 m, ascenseur, syndic, 4 minutes de la gare",800000.0,Tanger,Tanja Balia,118.0,2,1,6779.66,2026-05-11 20:49:52.556023
7232,2ème étage à Karam à côté de Carrefour,530000.0,Berrechid,Toute La Ville,88.0,2,1,6022.73,2026-05-11 20:49:52.556220
7233,Appartement Socoma 3 chambres sans ascenseur,1000000.0,Marrakech,Socoma,106.0,3,2,9433.96,2026-05-11 20:49:52.556315
7234,Appartement à vendre 83 m² à Casablanca,830000.0,Casablanca,Sidi Moumen,83.0,3,1,10000.0,2026-05-11 20:49:52.556413
7235,Appartement à vendre 107 m² à Tanger,1400000.0,Tanger,Autre Secteur,107.0,3,2,13084.11,2026-05-11 20:49:52.556512
7236,Studio à Maârif,1300000.0,Casablanca,Maarif,88.0,1,1,14772.73,2026-05-11 20:49:52.556617
7237,"😍 Appartement à vendre, avec vue sur jardin et piscine",2200000.0,Marrakech,Av Mohammed Vi,104.0,2,2,21153.85,2026-05-11 20:49:52.556714
7238,Appartement à vendre,1050000.0,Rabat,Autre Secteur,68.0,2,2,15441.18,2026-05-11 20:49:52.556903
7239,"Appartement 57 m², ascenseur, balcon, vue sur rue",450000.0,Tanger,Marjane,57.0,2,1,7894.74,2026-05-11 20:49:52.557104
7240,Appartement meublé 76 m ascenseur syndic sur la rue,760000.0,Tanger,Tanja Balia,76.0,2,1,10000.0,2026-05-11 20:49:52.557198
7241,Appartement 117 m2 à vendre perle 3 nouaceur,1300000.0,Nouaceur,Toute La Ville,117.0,3,2,11111.11,2026-05-11 20:49:52.557300
7242,Appartement à Bayti Sakani Lwizia,340000.0,Mohammedia,Autre Secteur,54.0,2,1,6296.3,2026-05-11 20:49:52.557398
7243,Appartement à vendre 161 m² à Guéliz,2500000.0,Marrakech,Guéliz,161.0,3,2,15527.95,2026-05-11 20:49:52.557594
7244,Appartement 3 chambres 150 m² ascenseur syndic sur le Boulevard,1950000.0,Tanger,Centre Ville,150.0,3,2,13000.0,2026-05-11 20:49:52.557790
7245,Meknes Parc,200000.0,Meknès,Marjane 2,50.0,2,2,4000.0,2026-05-11 20:49:52.557909
7246,Appartement à vendre Tamanart 2,750000.0,Agadir,Ben Serguaou,60.0,2,1,12500.0,2026-05-11 20:49:52.558004
7247,Appartements neufs avec Daam Sakane 10 millions,550000.0,Larache,Toute La Ville,70.0,2,1,7857.14,2026-05-11 20:49:52.558127
7248,Appartement à vendre 72 m² à Oualidia,720000.0,Oualidia,Toute La Ville,81.0,2,2,8888.89,2026-05-11 20:49:52.558221
7249,"Appartement 56 m², ascenseur, syndic, 5 minutes de Malabata",550000.0,Tanger,Tanja Balia,56.0,2,1,9821.43,2026-05-11 20:49:52.558312
7250,MEK-ME-1082 - Appartement à vendre à Lotissemen...,490000.0,Meknès,Autre Secteur,128.0,3,2,3828.12,2026-05-11 20:49:52.558420
7251,appartement 4 chambres ascenseur Syndic 107 millions,1070000.0,Tanger,Tanja Balia,102.0,4,2,10490.2,2026-05-11 20:49:52.558627
7252,Appartement 3 chambres 80 mètres ascenseur syndic 5 minutes de Labata,750000.0,Tanger,Tanja Balia,80.0,3,1,9375.0,2026-05-11 20:49:52.558728
7253,Appart 90 m² 2 chambres salon proche Sela Park,970000.0,Temara,Skikina,90.0,2,2,10777.78,2026-05-11 20:49:52.558826
7254,Appartement indépendant à vendre,350000.0,Tétouan,Autre Secteur,112.0,2,1,3125.0,2026-05-11 20:49:52.558919
7255,Bel appartement à Bouznika proche de mer Eddoha,440000.0,Bouznika,Autre Secteur,58.0,1,1,7586.21,2026-05-11 20:49:52.559050
7256,Appartement Neuf 2Ch 2SdB 63m2 2ème étg Balcon Maarif,1512000.0,Casablanca,Maarif,63.0,2,2,24000.0,2026-05-11 20:49:52.559148
7257,APPARTEMENT À VENDRE,860000.0,Kénitra,La Ville Haute,112.0,2,2,7678.57,2026-05-11 20:49:52.559243
7258,Studio Neuf 57m2 4è étg Balcon et Terrasse Maarif,1296000.0,Casablanca,Maarif,57.0,1,1,22736.84,2026-05-11 20:49:52.559342
7259,Studio Neuf 66m2 3è étg Grande Terrasse Maarif,1200000.0,Casablanca,Maarif,66.0,1,1,18181.82,2026-05-11 20:49:52.559537
7260,Appartement à vendre,860000.0,Kénitra,La Ville Haute,112.0,2,2,7678.57,2026-05-11 20:49:52.559629
7261,Excellent appartement à vendre,11000000.0,Kénitra,Centre,140.0,3,2,78571.43,2026-05-11 20:49:52.559724
7262,Vente Appartement sans vis à vis à oulad mtaa,2700000.0,Temara,Riad Oulad Mtaa,126.0,3,2,21428.57,2026-05-11 20:49:52.559822
7263,Appartement Résidence Vizir avec piscine pour investir,1250000.0,Marrakech,Route De Casablanca,70.0,1,2,17857.14,2026-05-11 20:49:52.559915
7264,Appartement Massira avec ascenseur 81 M2,750000.0,Marrakech,Massira 1,81.0,2,2,9259.26,2026-05-11 20:49:52.560016
7265,Appartement à vendre à Massira Ait Melloul,620000.0,Ait Melloul,Toute La Ville,75.0,2,2,8266.67,2026-05-11 20:49:52.560209
7266,Petit appartement à vendre Mahdia Kénitra,170000.0,Mehdia,Toute La Ville,40.0,1,1,4250.0,2026-05-11 20:49:52.560300
7267,Appartement Horizon Parc à vendre 3 chambres salon,1200000.0,Salé,Sala El Jadida,86.0,3,2,13953.49,2026-05-11 20:49:52.560588
7268,appartement Costa mar,1800000.0,Martil,Toute La Ville,84.0,2,1,21428.57,2026-05-11 20:49:52.560686
7269,Bel Appartement à Vendre Allal Fassi,1100000.0,Marrakech,Allal El Fassi,93.0,2,2,11827.96,2026-05-11 20:49:52.560781
7270,Appartement d’exception entièrement rénové,4200000.0,Rabat,Riyad,156.0,4,2,26923.08,2026-05-11 20:49:52.560875
7271,Vente appartement,510000.0,Fès,Narjis,71.0,2,2,7183.1,2026-05-11 20:49:52.561067
7272,El Qods Maison Bernoussi,480000.0,Casablanca,Sidi Bernoussi,75.0,2,2,6400.0,2026-05-11 20:49:52.561261
7273,Appartement Mhamid Rez de chaussée,520000.0,Marrakech,M'Hamid,61.0,2,2,8524.59,2026-05-11 20:49:52.561383
7274,Appart 80 m2 pour habitation ou investissement,430000.0,Meknès,Autre Secteur,80.0,3,2,5375.0,2026-05-11 20:49:52.561487
7275,Appartement à vendre 87m ain sebaa casa,920000.0,Casablanca,Ain Sebaa,87.0,2,2,10574.71,2026-05-11 20:49:52.561696
7276,Appartement à vendre de 107m2 à 100m de la plage,820000.0,El Jadida,Corniche,107.0,3,2,7663.55,2026-05-11 20:49:52.561792
7277,OPPORTUNITÉ RARE 3 ch lumineux à Oulfa Casablanca,1200000.0,Casablanca,Oulfa,97.0,3,2,12371.13,2026-05-11 20:49:52.561913
7278,Appartement à vendre Superficie 90 m² Quartier Al Ouifaq Temara,900000.0,Temara,Wifak,90.0,2,1,10000.0,2026-05-11 20:49:52.562006
7279,Appartement à vendre,360000.0,Dar Bouazza,Toute La Ville,58.0,2,1,6206.9,2026-05-11 20:49:52.562104
7280,Appartement à vendre 120 m² à Casablanca,1680000.0,Casablanca,2 Mars,120.0,3,2,14000.0,2026-05-11 20:49:52.562294
7281,Appartement Centre Berrechid,550000.0,Berrechid,Toute La Ville,100.0,3,1,5500.0,2026-05-11 20:49:52.562393
7282,Appartement à vendre 60 m² à Bouskoura,380000.0,Bouskoura,Bouskoura Centre,60.0,2,2,6333.33,2026-05-11 20:49:52.562492
7283,Appartement Babek Rasdak et proche de la mer,530000.0,Sidi Rahal,Toute La Ville,71.0,2,1,7464.79,2026-05-11 20:49:52.562591
7284,Appartement à vendre 100 mètres,1120000.0,Casablanca,Mandarona,100.0,3,2,11200.0,2026-05-11 20:49:52.562686
7285,Appartement à vendre 99 m² à Casablanca,1150000.0,Casablanca,Mandarona,99.0,3,2,11616.16,2026-05-11 20:49:52.562781
7286,Appartement à vendre à Hay Nassim,950000.0,Casablanca,Nassim,120.0,2,2,7916.67,2026-05-11 20:49:52.562872
7287,Appartement 116 m² à Belvédère,1270000.0,Casablanca,Belvédère,116.0,2,2,10948.28,2026-05-11 20:49:52.562967
7288,T3 NEUF 77m² Vue dégagée 5e étage Route de Rabat,924000.0,Tanger,Autre Secteur,77.0,2,1,12000.0,2026-05-11 20:49:52.563062
7289,Appartement à vendre 76 m² à Casablanca,460000.0,Casablanca,Ben M'Sick,76.0,2,2,6052.63,2026-05-11 20:49:52.563346
7290,"Excellent appartement à vendre à Agadir, quartier Tlilil",570000.0,Agadir,Tilila,58.0,2,1,9827.59,2026-05-11 20:49:52.563444
7291,Appartement RDC bien aménagé,990000.0,Casablanca,Sidi Maarouf,101.0,3,2,9801.98,2026-05-11 20:49:52.563538
7292,Apparemment à vendre Massira 1..,460000.0,Marrakech,Massira 1,68.0,2,1,6764.71,2026-05-11 20:49:52.563633
7293,Appartement à vendre Martil,480000.0,Martil,Toute La Ville,70.0,1,1,6857.14,2026-05-11 20:49:52.564428
7294,"Trois appartements et un garage à vendre à Tamuda, Tétouan",1050000.0,Tétouan,Autre Secteur,70.0,7,3,15000.0,2026-05-11 20:49:52.564640
7295,Appartement à vendre 90 m² à Guercif,42000000.0,Guercif,Toute La Ville,71.0,2,1,591549.3,2026-05-11 20:49:52.564736
7296,"Appartement résidentiel à vendre, titré à Tétouan",800000.0,Tétouan,Autre Secteur,95.0,2,1,8421.05,2026-05-11 20:49:52.564878
7297,Appartement meublé 🏠 à vendre à hay Mohammadi,550000.0,Agadir,Hay Mohammadi,96.0,2,1,5729.17,2026-05-11 20:49:52.565147
7298,Appartement à vendre à Tétouan Skhna et Taamir,930000.0,Tétouan,Autre Secteur,100.0,2,1,9300.0,2026-05-11 20:49:52.565245
7299,Appartement titré à vendre avec meubles Martil,830000.0,Martil,Toute La Ville,68.0,2,1,12205.88,2026-05-11 20:49:52.565351
7300,Studio neuf haut standing à vendre,1100000.0,Tanger,Moujahidine,81.0,1,1,13580.25,2026-05-11 20:49:52.565488
7301,Appartement à vendre ou à hypothéquer,720000.0,Kénitra,Alliance,135.0,3,2,5333.33,2026-05-11 20:49:52.565587
7302,Appartement à vendre 93 m² à Casablanca Bd Taddart,1440000.0,Casablanca,Maarif,106.0,2,2,13584.91,2026-05-11 20:49:52.565778
7303,appartement moyen standing à meknes,754000.0,Meknès,Autre Secteur,111.0,2,2,6792.79,2026-05-11 20:49:52.565877
7304,JOLI APPARTEMENT A VENDRE,800000.0,Marrakech,Mabrouka,70.0,2,1,11428.57,2026-05-11 20:49:52.565977
7305,Appartement à vendre 64 m² à Wifak Temara,720000.0,Temara,Wifak,64.0,2,1,11250.0,2026-05-11 20:49:52.566070
7306,Studio Sidi Rahal 46m,390000.0,Sidi Rahal,Toute La Ville,46.0,1,1,8478.26,2026-05-11 20:49:52.566164
7307,Appartements et locaux commerciaux à vendre,410000.0,Kénitra,Bir Rami,75.0,2,1,5466.67,2026-05-11 20:49:52.566457
7308,Appartement à Mimosa au dessus de la CIH BANK,1400000.0,Kénitra,Centre,150.0,4,1,9333.33,2026-05-11 20:49:52.566554
7309,Appartement bien ensoleillé à vendre Salmia2,440000.0,Casablanca,Salmia,70.0,2,2,6285.71,2026-05-11 20:49:52.566649
7310,Vente Appartement,1700000.0,Agadir,Haut-Founty,102.0,2,2,16666.67,2026-05-11 20:49:52.566741
7311,Appartement à vendre 86 m² à Temara,1350000.0,Temara,Wifak,86.0,2,1,15697.67,2026-05-11 20:49:52.566833
7312,Appartement à louer 61 m² à Casablanca,450000.0,Casablanca,Hay Hassani,61.0,2,1,7377.05,2026-05-11 20:49:52.566932
7313,FES-AG-1113 - Appartement à vendre à Nouvelle V...,980000.0,Fès,Autre Secteur,147.0,3,1,6666.67,2026-05-11 20:49:52.567027
7314,Appartement à vendre Martil,640000.0,Martil,Toute La Ville,105.0,2,1,6095.24,2026-05-11 20:49:52.567366
7315,Appartement à Jnane Awarad à côté de Mcdo Route Casa,700000.0,Marrakech,Hay Izdihar,57.0,2,2,12280.7,2026-05-11 20:49:52.567471
7316,APPART FACE POSTE GUELIZ MACDO GUELIZ ZARA,1600000.0,Marrakech,Guéliz,86.0,2,1,18604.65,2026-05-11 20:49:52.567669
7317,Bel appartement meublé Islane,1240000.0,Agadir,Hay Mohammadi,89.0,2,1,13932.58,2026-05-11 20:49:52.567780
7318,Appartement S+2 Souterrain Vendu Titré à Al Massira 1 - 47 m²,240000.0,Béni Mellal,Toute La Ville,47.0,2,1,5106.38,2026-05-11 20:49:52.567875
7319,Appartement à vendre 114 m² à Temara,1100000.0,Temara,Abbadi,114.0,3,2,9649.12,2026-05-11 20:49:52.567970
7320,appartement,360000.0,Tiznit,Toute La Ville,47.0,2,1,7659.57,2026-05-11 20:49:52.568062
7321,Appartement à vendre à Hay Farouki,660000.0,Salé,Frougui,76.0,3,2,8684.21,2026-05-11 20:49:52.568153
7322,Appartement à vendre,520000.0,Fès,Mont Fleuri,110.0,2,1,4727.27,2026-05-11 20:49:52.568247
7323,Appartement à vendre à Martil Chebar,580000.0,Martil,Toute La Ville,80.0,2,1,7250.0,2026-05-11 20:49:52.568339
7324,Appartement à vendre à Oued Laou,860000.0,Oued Laou,Toute La Ville,85.0,2,1,10117.65,2026-05-11 20:49:52.568444
7325,Appartement Titré à vendre à Tanger Aouma,800000.0,Tanger,Aouama Gharbia,90.0,3,1,8888.89,2026-05-11 20:49:52.568674
7326,Appartement 107 m² 2 chambres avec terrasse/cour,1290000.0,Casablanca,Bourgogne,107.0,2,2,12056.07,2026-05-11 20:49:52.568771
7327,Appartement à vendre 65 m² à Casablanca,1400000.0,Casablanca,Oasis,65.0,1,1,21538.46,2026-05-11 20:49:52.569150
7328,Appartement titré à vendre à Martil,830000.0,Martil,Toute La Ville,68.0,2,1,12205.88,2026-05-11 20:49:52.569436
7329,Appartement à vendre à Martil Ahrik,580000.0,Martil,Toute La Ville,62.0,2,1,9354.84,2026-05-11 20:49:52.569534
7330,Appartement de 76m2 Habitable bien fini,480000.0,Kénitra,El Assam,84.0,2,2,5714.29,2026-05-11 20:49:52.569736
7331,Appartement à vendre à Firdaws Oulfa,52000000.0,Casablanca,Oulfa,51.0,2,1,1019607.84,2026-05-11 20:49:52.569828
7332,La Nouvelle Ville Ibn Battouta Kaznaya Tanger,300000.0,Tanger,Autre Secteur,50.0,2,1,6000.0,2026-05-11 20:49:52.569924
7333,CMN-AN-1936 - Appartement à vendre à Racine,3850000.0,Casablanca,Racine,247.0,3,2,15587.04,2026-05-11 20:49:52.570023
7334,appartement sidi rahal 71m,540000.0,Sidi Rahal,Toute La Ville,71.0,3,2,7605.63,2026-05-11 20:49:52.570212
7335,Appart à vendre 72m² à ANASSI CASA Moyen stand,579000.0,Casablanca,Sidi Moumen,72.0,2,1,8041.67,2026-05-11 20:49:52.570311
7336,Appartement à vendre à Tétouan Twilae,550000.0,Tétouan,Centre Ville,120.0,2,1,4583.33,2026-05-11 20:49:52.570412
7337,Appartement meublé Saïdia à vendre,350000.0,Saidia,Toute La Ville,57.0,2,1,6140.35,2026-05-11 20:49:52.570513
7338,Appartement Titré à vendre à Tétouan Al Hamama,800000.0,Tétouan,Centre Ville,95.0,2,1,8421.05,2026-05-11 20:49:52.570608
7339,Appartement à ne pas rater,620000.0,Meknès,Marjane 2,130.0,3,3,4769.23,2026-05-11 20:49:52.570724
7340,Appartement titré à vendre à Tétouan kuilma,580000.0,Tétouan,Autre Secteur,63.0,2,1,9206.35,2026-05-11 20:49:52.570818
7341,Joli Appartement dans résidence privée,1250000.0,Casablanca,Bourgogne,76.0,2,1,16447.37,2026-05-11 20:49:52.570917
7342,Appartement titré à vendre à Martil,390000.0,Martil,Toute La Ville,50.0,1,1,7800.0,2026-05-11 20:49:52.571015
7343,Appartement à vendre 86 m² Temara avec 3 façades,1020000.0,Temara,Centre Ville,110.0,3,2,9272.73,2026-05-11 20:49:52.571113
7344,Studio 10/20,740000.0,Casablanca,Maarif,50.0,1,1,14800.0,2026-05-11 20:49:52.571213
7345,😍 Duplex meublé haut standing avec terrasse à vendre,1900000.0,Marrakech,Allal El Fassi,136.0,2,2,13970.59,2026-05-11 20:49:52.571310
7346,CMN-HA-2059 - Appartement à vendre à CIL,2590000.0,Casablanca,C.I.L,170.0,3,2,15235.29,2026-05-11 20:49:52.571412
7347,Appartement meublé (Logement économique),490000.0,Mohammedia,Autre Secteur,70.0,3,2,7000.0,2026-05-11 20:49:52.571504
7348,CMN-AN-1933 - Appartement à vendre à Racine,1600000.0,Casablanca,Racine,112.0,3,2,14285.71,2026-05-11 20:49:52.571799
7349,RAK-ME-1041 - Appartement à vendre à Mhamid,729000.0,Marrakech,M'Hamid,104.0,3,3,7009.62,2026-05-11 20:49:52.571894
7350,Appartement à vendre 64 m² à Tanger,950000.0,Tanger,Autre Secteur,64.0,2,1,14843.75,2026-05-11 20:49:52.571987
7351,🏡 Appartement à vendre 📍 TANGER EL BALIA,1800000.0,Tanger,Tanja Balia,111.0,3,2,16216.22,2026-05-11 20:49:52.572133
7352,Appartement à vendre 111 m² à Tanger,1800000.0,Tanger,Tanja Balia,111.0,3,2,16216.22,2026-05-11 20:49:52.572235
7353,Appartement 🏡 à vendre 📍 Tanger El Balia,1800000.0,Tanger,Tanja Balia,111.0,3,2,16216.22,2026-05-11 20:49:52.572334
7354,Appartement à vendre 115 m² à Salé,1200000.0,Salé,Tabriquet,115.0,3,2,10434.78,2026-05-11 20:49:52.572542
7355,APPARTEMENT À VENDRE AV HASSAN 2,980000.0,Tétouan,Autre Secteur,148.0,4,2,6621.62,2026-05-11 20:49:52.572635
7356,Appartement très bien situé,650000.0,Dar Bouazza,Toute La Ville,72.0,2,2,9027.78,2026-05-11 20:49:52.572737
7357,Appartement à vendre nouveau,540000.0,Asilah,Toute La Ville,62.0,2,1,8709.68,2026-05-11 20:49:52.572832
7358,Appartement presque neuf,439000.0,Tanger,Boukhalef,58.0,2,1,7568.97,2026-05-11 20:49:52.572928
7359,Appartement économique à prix abordable à Bouznika,450000.0,Bouznika,Autre Secteur,70.0,2,2,6428.57,2026-05-11 20:49:52.573121
7360,Appartement économique à prix abordable à Bournazil,520000.0,Casablanca,Bournazil,60.0,2,1,8666.67,2026-05-11 20:49:52.573222
7361,Appartements. Avec soutien,470000.0,Benslimane,Autre Secteur,180.0,2,2,2611.11,2026-05-11 20:49:52.573517
7362,"Appartement avec ascenseur, rue principale, excellent emplacement",380000.0,Bouznika,Autre Secteur,60.0,2,1,6333.33,2026-05-11 20:49:52.573636
7363,Appartement à vendre à Na3im Oulfa Casa,450000.0,Casablanca,Oulfa,52.0,2,1,8653.85,2026-05-11 20:49:52.573737
7364,Appartement à vendre 72 m² à Salé,580000.0,Salé,Sala El Jadida,80.0,2,1,7250.0,2026-05-11 20:49:52.573838
7365,Très joli appartement,1650000.0,Casablanca,Almaz,143.0,3,3,11538.46,2026-05-11 20:49:52.573935
7366,Appartement,570000.0,Berkane,Toute La Ville,98.0,2,1,5816.33,2026-05-11 20:49:52.574028
7367,Appt Titré de 84 m2 à 2 façades,350000.0,Fès,Zouagha,128.0,2,1,2734.38,2026-05-11 20:49:52.574120
7368,appartement a vendre 0695995803,850000.0,Berrechid,Toute La Ville,95.0,3,2,8947.37,2026-05-11 20:49:52.574208
7369,Appartement à vendre 78 m² à Larache,650000.0,Larache,Toute La Ville,78.0,2,1,8333.33,2026-05-11 20:49:52.574304
7370,Appt au 1er étage de 85 M2,350000.0,Fès,Zouagha,128.0,2,1,2734.38,2026-05-11 20:49:52.574401
7371,Appartement 75 m2,720000.0,Casablanca,Roches Noires,75.0,2,1,9600.0,2026-05-11 20:49:52.574493
7372,Appartement près de l'usine Dolidol,270000.0,Dar Bouazza,Toute La Ville,60.0,2,1,4500.0,2026-05-11 20:49:52.574586
7373,Appartement à vendre à Dar Bouazza près de la mer,330000.0,Dar Bouazza,Toute La Ville,58.0,2,1,5689.66,2026-05-11 20:49:52.574683
7374,Garçonnière à vendre,180000.0,Kénitra,Autre Secteur,40.0,1,1,4500.0,2026-05-11 20:49:52.574781
7375,Appartement 3 chambres Kénitra,810000.0,Kénitra,Al Maghrib Al Arabi,110.0,3,2,7363.64,2026-05-11 20:49:52.575220
7376,Très bon appartement à vendre,470000.0,Asilah,Toute La Ville,61.0,2,1,7704.92,2026-05-11 20:49:52.575639
7377,appartement a vendre,500000.0,Bouznika,Autre Secteur,76.0,2,1,6578.95,2026-05-11 20:49:52.575731
7378,Appartement Majorelle à vendre,2100000.0,Marrakech,Guéliz,120.0,2,2,17500.0,2026-05-11 20:49:52.575851
7379,Superbe appartement à vendre dans le quartier de Guenzana,450000.0,Tanger,Autre Secteur,52.0,2,1,8653.85,2026-05-11 20:49:52.576052
7380,Appartement à vendre 71 m² à Casablanca,530000.0,Casablanca,Sidi Moumen,71.0,2,1,7464.79,2026-05-11 20:49:52.576150
7381,Appartement à vendre à Asilah,290000.0,Asilah,Toute La Ville,50.0,1,1,5800.0,2026-05-11 20:49:52.576249
7382,Appartement à vendre 76 m² à Salé,970000.0,Salé,Sala El Jadida,76.0,2,3,12763.16,2026-05-11 20:49:52.576346
7383,Appartement AlWifak Temara à vendre,1400000.0,Temara,Wifak,144.0,2,2,9722.22,2026-05-11 20:49:52.576482
7384,Appartement neuf à vendre,1250000.0,Temara,Wifak,89.0,2,2,14044.94,2026-05-11 20:49:52.576581
7385,3 chambres salon terrasse haut standing Socrate,2100000.0,Casablanca,Maârif Extension,228.0,3,2,9210.53,2026-05-11 20:49:52.576677
7386,Appartement El Jadida avec terrasse privée,700000.0,El Jadida,Saada,97.0,1,1,7216.49,2026-05-11 20:49:52.576823
7387,Appartement à vendre Tanger Balia,750000.0,Tanger,Tanja Balia,56.0,2,1,13392.86,2026-05-11 20:49:52.576916
7388,Appartement à vendre 100 m² à Tanger,3500000.0,Tanger,Manar,100.0,2,2,35000.0,2026-05-11 20:49:52.577114
7389,Appartement de 77 m² à Sidi Maarouf Lot Dandoune,660000.0,Casablanca,Sidi Maarouf,96.0,3,1,6875.0,2026-05-11 20:49:52.577302
7390,"Appartement terrasse 118 m², ascenseur, syndic, caméras de surveillance",800000.0,Tanger,Tanja Balia,118.0,2,1,6779.66,2026-05-11 20:49:52.577548
7391,Appartement balcon ascenseur vue sur la rue,450000.0,Tanger,Marjane,57.0,2,1,7894.74,2026-05-11 20:49:52.577742
7392,Appartement 74 m ascenseur syndic balcon 4 minutes gare,592000.0,Tanger,Tanja Balia,74.0,2,1,8000.0,2026-05-11 20:49:52.578072
7393,"Appartement à vendre 84 m² à Hay Adil, Hay Massira",680000.0,Casablanca,Hay Mohammadi,84.0,4,2,8095.24,2026-05-11 20:49:52.578173
7394,Appartement 4 pièces 102 m² ascenseur syndic sur rue,1070000.0,Tanger,Tanja Balia,102.0,4,2,10490.2,2026-05-11 20:49:52.578285
7395,Appartement de luxe R2 dans un endroit calme,590000.0,El Jadida,Hay Essalam,80.0,2,2,7375.0,2026-05-11 20:49:52.578387
7396,"Appartement Terrasse 196 m, Ascenseur, Syndic, Déclaration Totale",1020000.0,Tanger,Tanja Balia,196.0,2,1,5204.08,2026-05-11 20:49:52.578483
7397,Des appartements à vendre,800000.0,Meknès,Hamria,120.0,2,2,6666.67,2026-05-11 20:49:52.578582
7398,Appartement à vendre 69 m² à Ksar el-Kebir,850000.0,Ksar El-Kebir,Toute La Ville,69.0,2,2,12318.84,2026-05-11 20:49:52.578769
7399,"Appartement à vendre à Jnane Zitoun, au 1er étage",300000.0,Mohammedia,Autre Secteur,54.0,2,1,5555.56,2026-05-11 20:49:52.578862
7400,CMN-AI-1102 - Appartement à vendre à Aïn Sebaâ,945000.0,Casablanca,Ain Sebaa,74.0,2,1,12770.27,2026-05-11 20:49:52.578968
7401,Appartement à vendre à Marrakech Socoma,1000000.0,Marrakech,Socoma,106.0,3,2,9433.96,2026-05-11 20:49:52.579061
7402,Appartement à vendre 90 m² à Agadir,1400000.0,Agadir,Av Des Far,90.0,3,2,15555.56,2026-05-11 20:49:52.579155
7403,RAK-GU-1346 - Appartement à vendre à Semlalia,850000.0,Marrakech,Semlalia,91.0,2,1,9340.66,2026-05-11 20:49:52.579245
7404,RAK-AN-1075 - Appartement à vendre à Amelkis,2499000.0,Marrakech,Amelkis,125.0,2,2,19992.0,2026-05-11 20:49:52.579339
7405,Appartement à vendre 98 m² à Marrakech,1800000.0,Marrakech,Victor Hugo,98.0,2,1,18367.35,2026-05-11 20:49:52.579557
7406,Appartement meublé 76m à vendre,660000.0,Bouskoura,Bouskoura Centre,76.0,2,2,8684.21,2026-05-11 20:49:52.579653
7407,Appartement neuf 3 chambres Salon Hay Mohammadi,960000.0,Agadir,Hay Mohammadi,76.0,3,2,12631.58,2026-05-11 20:49:52.579765
7408,Appartement à vendre 79 m² à Sidi Rahal,560000.0,Sidi Rahal,Toute La Ville,79.0,2,2,7088.61,2026-05-11 20:49:52.579863
7409,Appartement à vendre 64 m² à Agadir,750000.0,Agadir,Cité Adrar,64.0,2,2,11718.75,2026-05-11 20:49:52.579961
7410,appartement à vendre Val Fleuri,1000000.0,Tanger,Val Fleuri,90.0,3,1,11111.11,2026-05-11 20:49:52.580053
7411,Appartement deux chambres deux salles de bains,880000.0,Kénitra,Centre,120.0,2,2,7333.33,2026-05-11 20:49:52.580149
7412,Appartement à vendre 82 m² à Selouane,640000.0,Selouane,Toute La Ville,82.0,2,1,7804.88,2026-05-11 20:49:52.580249
7413,Appartement neuf à Hay Mohammadi,840000.0,Agadir,Hay Mohammadi,63.0,2,2,13333.33,2026-05-11 20:49:52.580340
7414,Appartement Neuf Haut Standing sans vis à vis,1900000.0,Casablanca,Oasis,80.0,2,2,23750.0,2026-05-11 20:49:52.580443
7415,Appartement à vendre à AGDAL RABAT,2300000.0,Rabat,Agdal,120.0,3,2,19166.67,2026-05-11 20:49:52.580539
7416,Appartement avec soutien d'ita,670000.0,Bouznika,Autre Secteur,75.0,2,2,8933.33,2026-05-11 20:49:52.580636
7417,Appartement à vendre,420000.0,Rabat,El Youssoufia,50.0,1,1,8400.0,2026-05-11 20:49:52.580932
7418,"Appartement à vendre 181 m² avec terrasse, Racine",3100000.0,Casablanca,Racine,181.0,3,3,17127.07,2026-05-11 20:49:52.581536
7419,Appartement à vendre à Tanger Jnan Bouregreg,650000.0,Tanger,Autre Secteur,60.0,2,1,10833.33,2026-05-11 20:49:52.583390
7420,Appartement familial à vendre 65 m²,420000.0,Salé,Frougui,65.0,2,1,6461.54,2026-05-11 20:49:52.584957
7421,Jade - Vue Golf et piscine,1600000.0,Marrakech,Agdal,47.0,1,1,34042.55,2026-05-11 20:49:52.588202
7422,Appartement à vendre,490000.0,Salé,Hay Chmaou,66.0,2,1,7424.24,2026-05-11 20:49:52.590602
7423,Appartement 118 m² à vendre - Rabat Agdal,2100000.0,Rabat,Agdal,118.0,3,1,17796.61,2026-05-12 14:53:15.608106
7424,Appartement de 90 m2 double façades à vendre,800000.0,Marrakech,Azzouzia,90.0,2,2,8888.89,2026-05-12 14:53:15.608313
7425,Excellent appartement à vendre,340000.0,Safi,Lamiaa,65.0,2,2,5230.77,2026-05-12 14:53:15.609126
7426,Appartement à vendre 1er étage Firdaws Oulfa,500000.0,Casablanca,Oulfa,56.0,2,1,8928.57,2026-05-12 14:53:15.609223
7427,À vendre – Superbe appartement à Bouskoura,2790000.0,Bouskoura,Ville Verte,119.0,3,2,23445.38,2026-05-12 14:53:15.609355
7428,Appartement à vendre à Berrechid,860000.0,Berrechid,Toute La Ville,120.0,3,1,7166.67,2026-05-12 14:53:15.609747
7429,Appartement Sidi Moumen,390000.0,Casablanca,Sidi Moumen,49.0,2,1,7959.18,2026-05-12 14:53:15.609844
7430,Magnifique appartement à vendre Targa,2100000.0,Marrakech,Targa,97.0,2,1,21649.48,2026-05-12 14:53:15.610180
7431,Appartement à vendre,300000.0,Mohammedia,Autre Secteur,52.0,2,1,5769.23,2026-05-12 14:53:15.610423
7432,Appartement Meublé Équipé à Casablanca Californie,2500000.0,Casablanca,Aïn Chock,144.0,3,3,17361.11,2026-05-12 14:53:15.612195
7433,Appartement à vendre 58 m² à Skhirat,320000.0,Skhirat,Autre Secteur,63.0,2,1,5079.37,2026-05-12 14:53:15.612902
7434,Appartement à vendre,590000.0,Casablanca,Al Madina Aljadida,70.0,2,1,8428.57,2026-05-12 14:53:15.613024
7435,Bel appartement à vendre,830000.0,Salé,Hay Karima,97.0,3,1,8556.7,2026-05-12 14:53:15.613534
7436,Salon 2 chambres 80 m² résidence fermée Victoria,640000.0,Bouskoura,Victoria,71.0,2,2,9014.08,2026-05-12 14:53:15.614566
7437,Appartement à vendre dans la ville nouvelle,2000000.0,Agadir,Secteur Touristique,134.0,2,3,14925.37,2026-05-12 14:53:15.616281
7438,Appartement à vendre 67 m² à Meknès,285000.0,Meknès,,67.0,2,1,4253.73,2026-05-12 14:53:15.616906
7439,VENTE APPARTEMENT à AGDAL IBN SINA,2400000.0,Rabat,Agdal,118.0,3,1,20338.98,2026-05-12 14:53:15.618253
7440,Appartement à vendre 73 m² à Casablanca ANASSI,600000.0,Casablanca,Sidi Moumen,73.0,2,2,8219.18,2026-05-12 14:53:15.618555
7441,Appartement de souplex de 87 m²,600000.0,El Jadida,Mouilha,87.0,2,1,6896.55,2026-05-12 14:53:15.619426
7442,Appartement Prestigieux au Véritable Hivernage,3000000.0,Marrakech,Hivernage,180.0,2,2,16666.67,2026-05-12 14:53:15.621125
7443,ATHENA 25 Magnifique Studio Avec Grande Terrasse,870000.0,Marrakech,Route De Casablanca,72.0,1,1,12083.33,2026-05-12 14:53:15.621454
7444,Appartement 90m² à Casa avec son salon meublé,680000.0,Casablanca,Sidi Bernoussi,90.0,2,1,7555.56,2026-05-12 14:53:15.621691
7445,Appartement excellent dans une piscine,840000.0,Benslimane,Autre Secteur,84.0,2,1,10000.0,2026-05-12 14:53:15.621895
7446,Appartement à vendre 103 m² à Agdal,2500000.0,Rabat,Agdal,103.0,3,1,24271.84,2026-05-12 14:53:15.622261
7447,Appartement à vendre 176 m² à Bouznika,1100000.0,Bouznika,Autre Secteur,200.0,3,2,5500.0,2026-05-12 14:53:15.622465
7448,Appartement à vendre 176 m² à Bouznika,1100000.0,Bouznika,Autre Secteur,200.0,3,2,5500.0,2026-05-12 14:53:15.623111
7449,Appartement haut standing vue sur mer à Malabata,2211000.0,Tanger,Centre Ville,67.0,2,2,33000.0,2026-05-12 14:53:15.623220
7450,Grand appart T3 à Bab Doukkala vue panoramique,1400000.0,Marrakech,Bab Doukkala,122.0,2,1,11475.41,2026-05-12 14:53:15.623781
7451,Excellent studio à vendre – Ferme Bretonne – 46 m²,1150000.0,Casablanca,Ferme Bretone,46.0,1,1,25000.0,2026-05-12 14:53:15.626599
7452,Derniers appartements de 67 à 71m² à La Gironde,724000.0,Casablanca,La Gironde,71.0,2,2,10197.18,2026-05-12 14:53:15.627123
7453,Excellent appartement à vendre.,300000.0,Casablanca,Lissasfa,70.0,3,2,4285.71,2026-05-12 14:53:15.627433
7454,Excellent appartement avec ascenseur,360000.0,Ait Melloul,Toute La Ville,56.0,2,1,6428.57,2026-05-12 14:53:15.628087
7455,Appartement à vendre 176 m² à Bouznika,1100000.0,Bouznika,Autre Secteur,200.0,3,2,5500.0,2026-05-12 14:53:15.628188
7456,Superbe appartement avec ascenseur quartier calme,360000.0,Agadir,Autre Secteur,56.0,2,1,6428.57,2026-05-12 14:53:15.629152
7457,Bel appartement Izdihar,1000000.0,Marrakech,Hay Izdihar,76.0,2,1,13157.89,2026-05-12 14:53:15.630619
7458,Appartement à vendre 88 m² Les Jardins de la Coupole,1236400.0,Agadir,Av Mokawama,88.0,3,1,14050.0,2026-05-12 14:53:15.630738
7459,Appartement à vendre à Bourgogne,1350000.0,Casablanca,Bourgogne,163.0,3,3,8282.21,2026-05-12 14:53:15.630949
7460,Appartement à vendre 82 m² à Mohammedia,1160000.0,Mohammedia,Quartier Du Parc,127.0,4,2,9133.86,2026-05-12 14:53:15.631105
7461,Appartement à Belbachir Kawacim,450000.0,Tanger,Moujahidine,56.0,2,1,8035.71,2026-05-12 14:53:15.631341
7462,Appartement haut standing meublé à vendre,1500000.0,Casablanca,Derb Ghallef,116.0,3,2,12931.03,2026-05-12 14:53:15.632003
7463,Appartement à vendre 97 m² à Mohammedia,1390000.0,Mohammedia,Quartier Du Parc,137.0,4,3,10145.99,2026-05-12 14:53:15.632132
7464,Studio 52m Proche La Gare Oasis,1200000.0,Casablanca,Oasis,52.0,1,1,23076.92,2026-05-12 14:53:15.632753
7465,Appartement à vendre,400000.0,Temara,Ain Atig,60.0,2,1,6666.67,2026-05-12 14:53:15.632856
7466,Terrain à vendre près de Cityclub,260000.0,Sidi Bouzid,Toute La Ville,54.0,2,1,4814.81,2026-05-12 14:53:15.632978
7467,Appartement à vendre à Abaqil,60000000.0,Tanger,Mesnana,62.0,2,1,967741.94,2026-05-12 14:53:15.633749
7468,"Appartement 56 m², ascenseur, syndic, 5 minutes de Malabata",550000.0,Tanger,Tanja Balia,56.0,2,1,9821.43,2026-05-12 14:53:15.633982
7469,Vente appartement à Sidi Moumen,710000.0,Casablanca,Sidi Moumen,98.0,2,2,7244.9,2026-05-12 14:53:15.636601
7470,"Appartement 74m², ascenseur, syndic, balcon, 4 minutes de la gare",592000.0,Tanger,Tanja Balia,74.0,2,1,8000.0,2026-05-12 14:53:15.637927
7471,Appartement à vendre avec jardin terrasse arrière,950000.0,Tanger,Marjane,115.0,3,2,8260.87,2026-05-12 14:53:15.638430
7472,Appartement meublé 76 m ascenseur syndic sur la rue,798000.0,Tanger,Tanja Balia,76.0,2,1,10500.0,2026-05-12 14:53:15.638534
7473,Appartement haut standing,2400000.0,Mohammedia,Quartier Du Parc,136.0,3,2,17647.06,2026-05-12 14:53:15.638741
7474,Appartement avec grand terrasse à Guéliz,2650000.0,Marrakech,Guéliz,154.0,3,3,17207.79,2026-05-12 14:53:15.639061
7475,Appartement à la corniche,1850000.0,Mohammedia,Corniche,85.0,2,1,21764.71,2026-05-12 14:53:15.639394
7476,Appartement de luxe de 125 m² à vendre,800000.0,Fès,Route Ain Chkaf,125.0,3,2,6400.0,2026-05-12 14:53:15.639495
7477,Appartement 2 ch à côté Car Eden 2 min à pied,1700000.0,Marrakech,Guéliz,67.0,2,1,25373.13,2026-05-12 14:53:15.641173
7478,📢 Annonce de vente – Appartement meublé à Azdehar Marrakech,370000.0,Marrakech,Hay Izdihar,53.0,2,1,6981.13,2026-05-12 14:53:15.641316
7479,Appartement 3 chambres 150m² ascenseur syndic sur le boulevard,1950000.0,Tanger,Centre Ville,150.0,3,2,13000.0,2026-05-12 14:53:15.641440
7480,Bernoussi Al Qods Africa,650000.0,Casablanca,Sidi Bernoussi,85.0,3,2,7647.06,2026-05-12 14:53:15.641649
7481,Appartement meublé à vendre,480000.0,Sidi Yahya Zaer,Toute La Ville,70.0,2,1,6857.14,2026-05-12 14:53:15.642129
7482,Quartier Hassan Rabat,2500000.0,Rabat,Hassan,113.0,3,2,22123.89,2026-05-12 14:53:15.643749
7483,Appartement 3 chambres 80 mètres ascenseur syndic 5 minutes de Labata,750000.0,Tanger,Tanja Balia,80.0,3,1,9375.0,2026-05-12 14:53:15.643852
7484,Nouveau projet à Malabata Hills,3150000.0,Tanger,Sania,130.0,3,2,24230.77,2026-05-12 14:53:15.643958
7485,Appartement à vendre 204 m² à Casablanca,960000.0,Casablanca,Sidi Moumen,204.0,2,2,4705.88,2026-05-12 14:53:15.644839
7486,DUPLEX À VENDRE DANS UNE RÉSIDENCE FERMÉE,1650000.0,Casablanca,Bourgogne,92.0,3,2,17934.78,2026-05-12 14:53:15.645200
7487,Appartement à vendre II Tamesna,630000.0,Tamesna,Toute La Ville,65.0,2,2,9692.31,2026-05-12 14:53:15.646130
7488,DAR-DA-1099 - Appartement à vendre à Errahma,1100000.0,Dar Bouazza,Toute La Ville,93.0,3,2,11827.96,2026-05-12 14:53:15.646250
7489,Appartement 3 chambres 93 m ascenseur syndic balcon,744000.0,Tanger,Tanja Balia,93.0,3,1,8000.0,2026-05-12 14:53:15.646463
7490,"Appartement 4 pièces 102m², ascenseur, syndic, balcon sur rue",1070000.0,Tanger,Tanja Balia,102.0,4,2,10490.2,2026-05-12 14:53:15.647755
7491,"Appartement avec terrasse 118 m², ascenseur, syndic, 4 minutes de la gare",800000.0,Tanger,Tanja Balia,118.0,2,1,6779.66,2026-05-12 14:53:15.648111
7492,Duplex à vendre Hay Charaf près de la mosquée et Clinique Jabrane,750000.0,Béni Mellal,Toute La Ville,102.0,2,2,7352.94,2026-05-12 14:53:15.648326
7493,"Appartement terrasse 196 m, syndic ascenseur, déclaration totale",1020000.0,Tanger,Tanja Balia,196.0,2,1,5204.08,2026-05-12 14:53:15.648653
7494,MOH-MHD-1001 - Appartement à vendre à Hassan 2,2430000.0,Mohammedia,Autre Secteur,164.0,3,2,14817.07,2026-05-12 14:53:15.648760
7495,Appartement à vendre à Salé - Bettana,860000.0,Salé,Bettana,98.0,2,1,8775.51,2026-05-12 14:53:15.648867
7496,Appartement à vendre à Béni Yakhlef Louizia,450000.0,Béni Yakhlef,Toute La Ville,65.0,3,2,6923.08,2026-05-12 14:53:15.650385
7497,Bel appartement à vendre Quartier Hurriya 72m,680000.0,Mohammedia,Hay Al Horria,72.0,2,1,9444.44,2026-05-12 14:53:15.652211
7498,CMN-SI-1968 - Appartement à vendre à Bourgogne Est,1550000.0,Casablanca,Bourgogne,140.0,2,1,11071.43,2026-05-12 14:53:15.652930
7499,Appartement à vendre 50 m² à Tanger Gzennaya,360000.0,Tanger,Autre Secteur,50.0,2,1,7200.0,2026-05-12 14:53:15.653195
7500,Appartement moderne Prestigia Marrakech,1350000.0,Marrakech,Agdal,60.0,1,1,22500.0,2026-05-12 14:53:15.653773
7501,APPARTEMENT 79M² À 5 MIN DE LA PLAGE,540000.0,El Jadida,Corniche,79.0,2,1,6835.44,2026-05-12 14:53:15.655516
7502,Appartements de rêve exceptionnels sur rue 100m 115m 130m,860000.0,Had Soualem,Toute La Ville,130.0,5,2,6615.38,2026-05-12 14:53:15.656212
7503,Appartement à vendre 170 m² à Mohammedia,999999.0,Mohammedia,El Alia,85.0,4,2,11764.69,2026-05-12 14:53:15.656957
7504,Appartement à vendre 87 m² à Casablanca,980000.0,Casablanca,Sidi Maarouf,87.0,2,2,11264.37,2026-05-12 14:53:15.657206
7505,Appartement à vendre,1320000.0,Tanger,Autre Secteur,94.0,3,2,14042.55,2026-05-12 14:53:15.657314
7506,Appartement à vendre dans la résidence Assalam près du stade et des souks Assalam,830000.0,Tanger,Marjane,72.0,2,1,11527.78,2026-05-12 14:53:15.657663
7507,Excellent appartement à vendre à Temara près de la direction de Rabat,1250000.0,Temara,Autre Secteur,112.0,2,2,11160.71,2026-05-12 14:53:15.659218
7508,Appartement à vendre à Farh Salam Oulfa,230000.0,Casablanca,Oulfa,45.0,2,1,5111.11,2026-05-12 14:53:15.659555
7509,Appartement à vendre 49 m² à Casablanca,400000.0,Casablanca,Oulfa,49.0,2,1,8163.27,2026-05-12 14:53:15.659661
7510,VENTE APPARTEMENT AV HASSAN 2,980000.0,Tétouan,Autre Secteur,148.0,4,2,6621.62,2026-05-12 14:53:15.660245
7511,Appartement à vendre 208 m² à Meknès HAMRIA,1850000.0,Meknès,Hamria,208.0,3,2,8894.23,2026-05-12 14:53:15.660569
7512,Appartement belle occasion Californie,1700000.0,Casablanca,Californie,115.0,3,2,14782.61,2026-05-12 14:53:15.662209
7513,Appartement à vendre 88 m² à Had Soualem,710000.0,Had Soualem,Toute La Ville,88.0,3,2,8068.18,2026-05-12 14:53:15.663199
7514,Super appartements à vendre Marjane,490000.0,Meknès,Autre Secteur,110.0,3,2,4454.55,2026-05-12 14:53:15.663305
7515,Super appartements à vendre Meknès,520000.0,Meknès,Autre Secteur,110.0,3,2,4727.27,2026-05-12 14:53:15.663723
7516,Appartement à vendre Iken Park Founty,2800000.0,Agadir,Founty,114.0,2,2,24561.4,2026-05-12 14:53:15.665132
7517,Appartement à vendre,650000.0,Tanger,Autre Secteur,65.0,3,1,10000.0,2026-05-12 14:53:15.667139
7518,Appartement à vendre 1er étage Anza Supérieure avec soutien,600000.0,Agadir,Anza,65.0,2,2,9230.77,2026-05-12 14:53:15.667467
7519,"Appartements à vendre à Haut Anza, immeuble privé avec aide",580000.0,Agadir,Anza,58.0,2,1,10000.0,2026-05-12 14:53:15.667819
7520,Appartement à vendre à Dyar Al Nakil près de Marjane,460000.0,Marrakech,Es Saada,58.0,2,1,7931.03,2026-05-12 14:53:15.670723
7521,Appartement à vendre à Had Soualem,250000.0,Casablanca,Autre Secteur,64.0,2,1,3906.25,2026-05-12 14:53:15.676219
7522,Vente Appartement 4 pièces de 153 m2 à Casablanca,2100000.0,Casablanca,Les Princesses,153.0,3,2,13725.49,2026-05-12 14:53:15.680752
7523,Appartements de luxe près de la mosquée Moulay Melliana,690000.0,Meknès,Autre Secteur,96.0,3,2,7187.5,2026-05-12 14:53:15.734288
7524,Appartement à vendre 101m² à Casablanca belvédère,1250000.0,Casablanca,Belvédère,101.0,2,2,12376.24,2026-05-17 14:36:53.391818
7525,Appartement neuf parking ascenseur,440000.0,Casablanca,Sidi Othmane,78.0,2,1,5641.03,2026-05-17 14:36:53.391920
7526,Appartement à vendre 50 m² à Casablanca,850000.0,Casablanca,Oulfa,50.0,2,1,17000.0,2026-05-17 14:36:53.392114
7527,(P.V00243) Appartements de Haut Standing à Cabo,1125000.0,Cabo Negro,Toute La Ville,45.0,1,1,25000.0,2026-05-17 14:36:53.392316
7528,Biarritz Anfa Ocean,2400000.0,Casablanca,Anfa,107.0,3,2,22429.91,2026-05-17 14:36:53.392593
7529,Studio 61m Neuf Maarif extension,1200000.0,Casablanca,Maârif Extension,61.0,1,1,19672.13,2026-05-17 14:36:53.392687
7530,À vendre appartement 3 chambres à Ghandi,2900000.0,Casablanca,Autre Secteur,170.0,3,2,17058.82,2026-05-17 14:36:53.394442
7531,Appartement à vendre 84 m² à Casablanca Ain Sebaa,860000.0,Casablanca,Ain Sebaa,83.0,2,2,10361.45,2026-05-17 14:36:53.394807
7532,Appartement 155 millions,1550000.0,Rabat,Riyad Extension,100.0,2,2,15500.0,2026-05-17 14:36:53.394906
7533,Appartement à vendre 66 m² à ahlan,900000.0,Tanger,Ahlane,66.0,2,1,13636.36,2026-05-17 14:36:53.395180
7534,Appartement à vendre 108 m² à Tétouan,1250000.0,Tétouan,Centre Ville,108.0,2,2,11574.07,2026-05-17 14:36:53.395539
7535,Appartement à vendre 197 m² à Casablanca,3750000.0,Casablanca,Racine,197.0,3,3,19035.53,2026-05-17 14:36:53.396619
7536,"Appartement Meublé à Vendre - Mnar, Tanger",750000.0,Tanger,M'Nar,85.0,2,1,8823.53,2026-05-17 14:36:53.396986
7537,Appartement façade 70 m² 1 balcon 1er étage,600000.0,Marrakech,Autre Secteur,70.0,2,1,8571.43,2026-05-17 14:36:53.397076
7538,Rez-de-jardin Palmeraie Dar Dmana,1550000.0,Marrakech,Palmeraie,85.0,2,2,18235.29,2026-05-17 14:36:53.397904
7539,Appartement à vendre 90 m² à Temara,1200000.0,Temara,Wifak,90.0,3,2,13333.33,2026-05-17 14:36:53.435022
7540,Appartement Moderne Meublé à Vendre à Tanger,910000.0,Tanger,Aharrarine,89.0,3,2,10224.72,2026-05-17 14:36:53.398103
7541,"APPARTEMENT – ROUTE DE CASABLANCA, MARRAKECH",1250000.0,Marrakech,Route De Casablanca,70.0,1,2,17857.14,2026-05-17 14:36:53.398201
7542,Appartements à vendre quartier Chahdia Mansour,240000.0,Meknès,Autre Secteur,66.0,2,1,3636.36,2026-05-17 14:36:53.398295
7543,Mansouria appartement à vendre,870000.0,Mohammedia,Autre Secteur,76.0,2,2,11447.37,2026-05-17 14:36:53.398389
7544,Très rare au centre-ville de Kénitra — 288 m²,1600000.0,Kénitra,Maamora,300.0,4,2,5333.33,2026-05-17 14:36:53.398533
7545,Appartement à vendre 80 m² à Rabat,1400000.0,Rabat,Quartier De L'Océan,80.0,2,2,17500.0,2026-05-17 14:36:53.399029
7546,Appartement à vendre à Mohammedia près de Mimosa,1400000.0,Mohammedia,Mimosas,94.0,2,2,14893.62,2026-05-17 14:36:53.399250
7547,Appartement à vendre 72 m² à Casablanca,690000.0,Casablanca,Sidi Bernoussi,72.0,2,2,9583.33,2026-05-17 14:36:53.399347
7548,Lux appartement Belvédère,1420000.0,Casablanca,Belvédère,120.0,3,2,11833.33,2026-05-17 14:36:53.400890
7549,Appartement 2 façade بالدعم 49,490000.0,Saidia,Toute La Ville,68.0,2,1,7205.88,2026-05-17 14:36:53.401131
7550,Appartement rare à vendre sur Boulevard Mohammed V,1380000.0,Kénitra,Bir Rami,154.0,3,2,8961.04,2026-05-17 14:36:53.401614
7551,Appartement à vendre 83 m² à Marrakech,1619000.0,Marrakech,Guéliz,83.0,2,2,19506.02,2026-05-17 14:36:53.401985
7552,Studio en vente CFC,1600000.0,Casablanca,Casablanca Finance City,70.0,1,1,22857.14,2026-05-17 14:36:53.402086
7553,Appartement à vendre 143 m² à 2mars Q. Hôpitaux,1900000.0,Casablanca,Quartier Des Hôpitaux,143.0,3,2,13286.71,2026-05-17 14:36:53.402710
7554,Appartement à vendre 70 m² à Quartier des Hôpitaux,1250000.0,Casablanca,Quartier Des Hôpitaux,82.0,2,2,15243.9,2026-05-17 14:36:53.403093
7555,Joli Studio 68 m² proche des Jardins Majorelle,1190000.0,Marrakech,Majorelle,68.0,1,1,17500.0,2026-05-17 14:36:53.403386
7556,Appartement au deuxième étage à vendre,500000.0,Khouribga,Toute La Ville,100.0,2,1,5000.0,2026-05-17 14:36:53.403673
7557,Appartement en rez-de-chaussée à vendre à Marjane 1 👌 Seulement 2 voisins,460000.0,Meknès,Autre Secteur,100.0,2,2,4600.0,2026-05-17 14:36:53.403798
7558,Appartement moderne à Prestigia Marrakech,2500000.0,Marrakech,Agdal,82.0,2,2,30487.8,2026-05-17 14:36:53.404228
7559,Appartement de luxe à vendre 100 m² à Casablanca,1050000.0,Casablanca,Ain Sebaa,100.0,2,2,10500.0,2026-05-17 14:36:53.404421
7560,Appartement à vendre 110 m² à Marrakech,2700000.0,Marrakech,Agdal,110.0,2,2,24545.45,2026-05-17 14:36:53.404783
7561,Appartements à vendre 56 m² à Marrakech,560000.0,Marrakech,Mabrouka,56.0,2,1,10000.0,2026-05-17 14:36:53.405079
7562,Appartement neuf à vendre à Saïdia,390000.0,Saidia,Toute La Ville,69.0,2,1,5652.17,2026-05-17 14:36:53.405276
7563,Magnifique appartement à vendre à Saïdia avec le soutien de 10 millions,330000.0,Saidia,Toute La Ville,55.0,2,1,6000.0,2026-05-17 14:36:53.405372
7564,Appartement à vendre 208 m² à Racine,3750000.0,Casablanca,Racine,208.0,3,3,18028.85,2026-05-17 14:36:53.406175
7565,Appartements de luxe à vendre à Al-Kawthar,520000.0,Meknès,Autre Secteur,110.0,3,2,4727.27,2026-05-17 14:36:53.407844
7566,Appartement d’Exception au Dernier Étage,4500000.0,Casablanca,Racine,236.0,4,2,19067.8,2026-05-17 14:36:53.408535
7567,Appartement haut standing en résidence fermée,1770000.0,Dar Bouazza,Toute La Ville,133.0,3,2,13308.27,2026-05-17 14:36:53.408726
7568,Appartement Moderne à Vendre - Centre-ville Tanger,1600000.0,Tanger,Moulay Youssef,92.0,2,2,17391.3,2026-05-17 14:36:53.408819
7569,Chouiter Alliance,170000.0,Marrakech,Autre Secteur,47.0,1,1,3617.02,2026-05-17 14:36:53.507220
7570,Appartement titré à vendre 116 m² à Martil,750000.0,Martil,Toute La Ville,116.0,2,2,6465.52,2026-05-17 14:36:53.410504
7571,Appartements à vendre,500000.0,Martil,Toute La Ville,91.0,1,1,5494.51,2026-05-17 14:36:53.477004
7572,Appartement meublé à vendre Dar bouazza,400000.0,Dar Bouazza,Toute La Ville,49.0,2,1,8163.27,2026-05-17 14:36:53.411285
7573,Appartement à vendre 48 m² à Mhamid Marrakech,390000.0,Marrakech,M'Hamid,48.0,2,1,8125.0,2026-05-17 14:36:53.411958
7574,Appartement à vendre 93 m² à Casablanca,980000.0,Casablanca,Aïn Chock,93.0,2,2,10537.63,2026-05-17 14:36:53.412055
7575,Appartement à vendre 86m² à Martil,650000.0,Martil,Toute La Ville,86.0,2,1,7558.14,2026-05-17 14:36:53.413350
7576,Appart à vendre Oulad Mtaa,1550000.0,Rabat,Riyad Extension,100.0,2,2,15500.0,2026-05-17 14:36:53.414060
7577,Appartement à vendre à Riviera,3340000.0,Casablanca,Riviera,167.0,4,2,20000.0,2026-05-17 14:36:53.414963
7578,Appartements à vendre à l'Agdal,3400000.0,Ain Aouda,Toute La Ville,173.0,3,3,19653.18,2026-05-17 14:36:53.415893
7579,Vente d’appartements à Bouskoura À partir de 67 m²,750000.0,Bouskoura,Bouskoura Centre,68.0,3,2,11029.41,2026-05-17 14:36:53.416171
7580,Appartement à vendre 52 m² à Marrakech,850000.0,Marrakech,Route De Casablanca,52.0,2,1,16346.15,2026-05-17 14:36:53.416288
7581,Appartement 138m² au 2ème étg au Maârif,1800000.0,Casablanca,Maarif,138.0,3,3,13043.48,2026-05-17 14:36:53.416400
7582,Appartement meublé,440000.0,Casablanca,Sidi Bernoussi,56.0,3,1,7857.14,2026-05-17 14:36:53.416600
7583,Appartement à vendre,480000.0,El Jadida,Najd,74.0,3,2,6486.49,2026-05-17 14:36:53.417021
7584,"Appartement 3 pièces 80 m², ascenseur, syndic, 5 min Malabata",750000.0,Tanger,Tanja Balia,80.0,3,1,9375.0,2026-05-17 14:36:53.417114
7585,Appartement à vendre 91 m² à Meknès,380000.0,Meknès,Wislane,91.0,3,1,4175.82,2026-05-17 14:36:53.417593
7586,120 m² Moderne & Sécurisé – Prox. Casanearshore,1400000.0,Casablanca,Sidi Maarouf,120.0,3,2,11666.67,2026-05-17 14:36:53.417685
7587,Bel appartement à Saïdia,550000.0,Saidia,Toute La Ville,100.0,2,1,5500.0,2026-05-17 14:36:53.417913
7588,Appartement 74 m² potentiel résidentiel ou locatif,790000.0,Tanger,Mghogha,74.0,2,1,10675.68,2026-05-17 14:36:53.418103
7589,APPARTEMENT À VENDRE AU CŒUR DE GUELIZ,1600000.0,Marrakech,Hivernage,150.0,2,2,10666.67,2026-05-17 14:36:53.418506
7590,Appartement à vendre 95 m² à Tanger,3000000.0,Tanger,Centre Ville,125.0,3,2,24000.0,2026-05-17 14:36:53.418709
7591,"Appartement au premier étage, meilleur emplacement à Bouznika",590000.0,Bouznika,Autre Secteur,65.0,2,2,9076.92,2026-05-17 14:36:53.418809
7592,Appartement 107 m2 meublé résidence sécurisée,2100000.0,Mohammedia,Mimosas,107.0,2,2,19626.17,2026-05-17 14:36:53.419718
7593,APPARTEMENT À VENDRE AU CENTRE MARRAKECH,1950000.0,Marrakech,Hivernage,98.0,3,2,19897.96,2026-05-17 14:36:53.420334
7594,PROJET NEUF DE HAUT STANDING PRÈS DE LA PALMERAIE,960000.0,Marrakech,Route De Casablanca,60.0,1,1,16000.0,2026-05-17 14:36:53.420456
7595,APPARTEMENT À VENDRE AU CŒUR DE GUELIZ,2300000.0,Marrakech,Guéliz,110.0,2,2,20909.09,2026-05-17 14:36:53.420584
7596,Appartement à vendre 125 m² à Guéliz,1900000.0,Marrakech,Guéliz,125.0,3,2,15200.0,2026-05-17 14:36:53.421525
7597,"Appartement de 139 m² à Dar Bouazza, Casablanca",2163000.0,Casablanca,Autre Secteur,139.0,2,2,15561.15,2026-05-17 14:36:53.422220
7598,Appartement à vendre au centre de Casablanca,1900000.0,Casablanca,Centre Ville,108.0,2,2,17592.59,2026-05-17 14:36:53.422622
7599,Bonne affaire au centre,880000.0,Tanger,Centre Ville,74.0,2,1,11891.89,2026-05-17 14:36:53.423199
7600,Appartement 4 pièces 102 m² ascenseur syndic balcon sur rue,1070000.0,Tanger,Tanja Balia,102.0,4,2,10490.2,2026-05-17 14:36:53.423507
7601,Haut standing à Malabata,2000000.0,Tanger,Malabata,96.0,2,2,20833.33,2026-05-17 14:36:53.423815
7602,Appartement à vendre 66 m² à Casablanca,890000.0,Casablanca,Sidi Maarouf,66.0,2,1,13484.85,2026-05-17 14:36:53.423943
7603,Appartement de 85m très bien placé à l'oasis,1570000.0,Casablanca,Oasis,85.0,2,2,18470.59,2026-05-17 14:36:53.424047
7604,Asilah Marina Golf ⛳,1490000.0,Asilah,Toute La Ville,120.0,2,2,12416.67,2026-05-17 14:36:53.544486
7605,Appartement à vendre 80 m² à Casablanca,900000.0,Casablanca,Sidi Maarouf,80.0,2,2,11250.0,2026-05-17 14:36:53.424954
7606,Appartement 2 chambres Roches Noires,1100000.0,Casablanca,Roches Noires,85.0,2,2,12941.18,2026-05-17 14:36:53.425638
7607,Appartement 80 m² bien ensoleillé à l'oasis,1460000.0,Casablanca,Oasis,80.0,2,2,18250.0,2026-05-17 14:36:53.425828
7608,Appartement à vendre 150 m² à Casablanca,1700000.0,Casablanca,Beauséjour,171.0,3,2,9941.52,2026-05-17 14:36:53.426255
7609,"Appartement 107 m², 3 chambres, piscine, garage, ascenseur, Tanger Balia",1390000.0,Tanger,Malabata,107.0,3,2,12990.65,2026-05-17 14:36:53.426648
7610,Appartement à vendre à Tamsna,320000.0,Temara,Autre Secteur,64.0,2,2,5000.0,2026-05-17 14:36:53.426858
7611,Appartement meublé à vendre au cœur de Gueliz,1869000.0,Marrakech,Guéliz,89.0,2,1,21000.0,2026-05-17 14:36:53.426963
7612,"Appartement 74 m², ascenseur, syndic, caméras de surveillance",592000.0,Tanger,Tanja Balia,74.0,2,1,8000.0,2026-05-17 14:36:53.427488
7613,Appartement à vendre 136 m² à Casablanca,2000000.0,Casablanca,Quartier Des Hôpitaux,136.0,2,2,14705.88,2026-05-17 14:36:53.428054
7614,Appartement à vendre 86 m² à Ain sebaa,910000.0,Casablanca,Ain Sebaa,86.0,2,2,10581.4,2026-05-17 14:36:53.428158
7615,Appartements à vendre à Berrechid,380000.0,Berrechid,Toute La Ville,60.0,2,1,6333.33,2026-05-17 14:36:53.428359
7616,Appartement à vendre 78 m² à Casablanca,980000.0,Casablanca,Oulfa,78.0,2,1,12564.1,2026-05-17 14:36:53.428662
7617,"Appartement 56 m², ascenseur, syndic, 5 min Malabata",550000.0,Tanger,Tanja Balia,56.0,2,1,9821.43,2026-05-17 14:36:53.429155
7618,Appartement à vendre 59 m² à Bouskoura,350000.0,Bouskoura,Bouskoura Centre,59.0,2,1,5932.2,2026-05-17 14:36:53.429758
7619,Appartement à vendre 65 m² à El Jadida,485000.0,El Jadida,Najd,65.0,2,1,7461.54,2026-05-17 14:36:53.429951
7620,Appartements à vendre dans le quartier résidentiel de Berkour,590000.0,Berrechid,Toute La Ville,80.0,2,2,7375.0,2026-05-17 14:36:53.430047
7621,Appartement neuf avec piscine à Green House Saïdia,1200000.0,Saidia,Toute La Ville,92.0,2,1,13043.48,2026-05-17 14:36:53.430240
7622,appartement meublé à vendre Branes,1700000.0,Tanger,Branes 1,100.0,3,2,17000.0,2026-05-17 14:36:53.430338
7623,Appartement à vendre 66 m² Derb Sultan Fida,550000.0,Casablanca,Al Fida,66.0,2,2,8333.33,2026-05-17 14:36:53.431102
7624,Appartement haut standing 5ème Semlalia piscine,1700000.0,Marrakech,Semlalia,85.0,2,2,20000.0,2026-05-17 14:36:53.431293
7625,Appartement titre à vendre centre ville av de far et Kaboul tetouan,690000.0,Tétouan,Safir,86.0,3,1,8023.26,2026-05-17 14:36:53.431387
7626,Rez-de-jardin Palmeraie Dar Dmana Piscine,1400000.0,Marrakech,Palmeraie,120.0,1,1,11666.67,2026-05-17 14:36:53.431683
7627,Magnifique duplex à vendre,890000.0,Béni Mellal,Toute La Ville,148.0,3,3,6013.51,2026-05-17 14:36:53.431781
7628,"Magnifique appartement à vendre, Avenue Mohamed VI",2500000.0,Marrakech,Av Mohammed Vi,93.0,2,2,26881.72,2026-05-17 14:36:53.433010
7629,Rez-de-jardin à vendre 128 m² 20 m² jardin,2100000.0,Rabat,Souissi,148.0,3,2,14189.19,2026-05-17 14:36:53.433992
7630,Appartement🏡 à vendre résidence Nouveau✨- ⁠📍SANIA,1450000.0,Tanger,Sania,108.0,3,2,13425.93,2026-05-17 14:36:53.434189
7631,Appartement à vendre Tanger El Balia,1300000.0,Tanger,Tanja Balia,80.0,2,1,16250.0,2026-05-17 14:36:53.434288
7632,Appartements à vendre près de Camélia,250000.0,Meknès,Autre Secteur,65.0,2,1,3846.15,2026-05-17 14:36:53.434523
7633,2ème étage à Karam à côté de Carrefour,530000.0,Berrechid,Toute La Ville,88.0,2,1,6022.73,2026-05-17 14:36:53.434632
7634,Appartement à vendre 63 m² à Sidi Rahal,800000.0,Sidi Rahal,Toute La Ville,63.0,1,1,12698.41,2026-05-17 14:36:53.434730
7635,Studios et appartements à vendre à partir de 42 m²,700000.0,Casablanca,Belvédère,42.0,1,1,16666.67,2026-05-17 14:36:53.434827
7636,Studio proche bd Abdelkrim Al Khattabi (Marrakech),900000.0,Marrakech,Guéliz,53.0,1,2,16981.13,2026-05-17 14:36:53.435116
7637,À VENDRE APPARTEMENT À CÔTÉ MARJANE ROUTE DE CASA,520000.0,Marrakech,Route De Casablanca,54.0,2,1,9629.63,2026-05-17 14:36:53.435439
7638,Appartement à vendre à Imouzzer kender – Résidence Riyad Al Atlas (117m² avec garage),740000.0,Imouzzer-Kendar,Toute La Ville,117.0,3,2,6324.79,2026-05-17 14:36:53.435959
7639,Excellents appartements à vendre,1170000.0,Rabat,Guich Oudaya,65.0,2,1,18000.0,2026-05-17 14:36:53.436175
7640,appartement à vendre,500000.0,Tanger,Autre Secteur,96.0,2,1,5208.33,2026-05-17 14:36:53.436497
7641,Appartement de prestige à vendre ferme bretonne,2650000.0,Casablanca,Ferme Bretone,151.0,3,3,17549.67,2026-05-17 14:36:53.436617
7642,Appartement à vendre,800000.0,Sidi Rahal,Toute La Ville,63.0,1,1,12698.41,2026-05-17 14:36:53.436757
7643,Appartement à vendre 87 m² à Marrakech,1550000.0,Marrakech,Guéliz,87.0,2,2,17816.09,2026-05-17 14:36:53.436857
7644,Appartement meublé 58 m² à Bouskoura Andalouss,550000.0,Bouskoura,Bouskoura Centre,57.0,2,1,9649.12,2026-05-17 14:36:53.437385
7645,Résidence Al Azhari,500000.0,Casablanca,Oulfa,54.0,2,1,9259.26,2026-05-17 14:36:53.437632
7646,APPARTEMENT À VENDRE À TÉTOUAN RUE HASSAN 2,980000.0,Tétouan,Autre Secteur,148.0,4,2,6621.62,2026-05-17 14:36:53.438070
7647,Appartement de 115 m² à vendre au cœur de Berkane,470000.0,Berkane,Toute La Ville,115.0,3,2,4086.96,2026-05-17 14:36:53.438205
7648,Appartement à vendre 3 chambres,1350000.0,Temara,Wifak,94.0,3,2,14361.7,2026-05-17 14:36:53.438496
7649,Appartement à vendre 115 m² à Berkane,470000.0,Berkane,Toute La Ville,115.0,3,1,4086.96,2026-05-17 14:36:53.439514
7650,Appartement à vendre Haut Founty,3500000.0,Agadir,Haut-Founty,208.0,4,2,16826.92,2026-05-17 14:36:53.439721
7651,Appartement à vendre refait à neuf quartier Hay Karima avenue Mohammed V,900000.0,Salé,Hay Karima,105.0,2,1,8571.43,2026-05-17 14:36:53.440145
7652,Appartement à vendre Ferme Bretonne Salon 3ch,1970000.0,Casablanca,Ferme Bretone,115.0,3,2,17130.43,2026-05-17 14:36:53.441441
7653,Appartement à vendre 250 m² à Marrakech,2300000.0,Marrakech,Guéliz,250.0,3,2,9200.0,2026-05-17 14:36:53.441666
7654,Appartement neuf résidence privée à Agadir,830000.0,Agadir,Hay Mohammadi,83.0,2,2,10000.0,2026-05-17 14:36:53.442207
7655,Appartement à vendre,1120000.0,Temara,Centre Ville,117.0,3,2,9572.65,2026-05-17 14:36:53.443125
7656,Appartement à vendre,450000.0,Casablanca,Oulfa,62.0,3,1,7258.06,2026-05-17 14:36:53.444060
7657,Appartement Bouskoura résidence fermée,950000.0,Bouskoura,Victoria,127.0,3,3,7480.31,2026-05-17 14:36:53.444188
7658,Bel Appartement à vendre 105 m² à Marrakech,1680000.0,Marrakech,Majorelle,105.0,2,2,16000.0,2026-05-17 14:36:53.444482
7659,Magnifique Studio de 50 m² au cœur de Guéliz,1350000.0,Marrakech,Guéliz,50.0,1,1,27000.0,2026-05-17 14:36:53.444646
7660,Appartement à vendre les pieds dans l'eau,1650000.0,Sidi Rahal,Toute La Ville,155.0,2,2,10645.16,2026-05-17 14:36:53.444855
7661,vente studio sidi rehal,355000.0,Sidi Rahal,Toute La Ville,68.0,2,1,5220.59,2026-05-17 14:36:53.445548
7662,Appartement magnifique à 38 millions avec le soutien de la ville de Sidi Rahal Plage,380000.0,Sidi Rahal,Toute La Ville,57.0,2,1,6666.67,2026-05-17 14:36:53.445869
7663,"Appartement neuf, climatisation centralisée",1290000.0,Marrakech,Guéliz,80.0,2,2,16125.0,2026-05-17 14:36:53.446193
7664,Appartement semi meublé de 54m2 à Bouznika,345000.0,Bouznika,Autre Secteur,54.0,2,1,6388.89,2026-05-17 14:36:53.446330
7665,Appartement vide à vendre Dior Marjane,520000.0,Marrakech,Route De Casablanca,50.0,2,1,10400.0,2026-05-17 14:36:53.446769
7666,Appartement de luxe à vendre 82 m² à Casablanca,905000.0,Casablanca,Ain Sebaa,82.0,2,2,11036.59,2026-05-17 14:36:53.447100
7667,Appart 105m A Résidence Casa Park Sidi Maarouf,1250000.0,Casablanca,Sidi Maarouf,105.0,3,2,11904.76,2026-05-17 14:36:53.447240
7668,Appartement à vendre 94 m² à Casablanca,700000.0,Casablanca,Roches Noires,100.0,2,2,7000.0,2026-05-17 14:36:53.447384
7669,Appartement à vendre à très bon prix,450000.0,Tamesna,Toute La Ville,66.0,2,1,6818.18,2026-05-17 14:36:53.447542
7670,Appartement 3 chambres 150 m² ascenseur syndic sur le Boulevard,1950000.0,Tanger,Centre Ville,150.0,3,2,13000.0,2026-05-17 14:36:53.447861
7671,Appartement à vendre,290000.0,Salé,Toute La Ville,64.0,1,1,4531.25,2026-05-17 14:36:53.447974
7672,Appartement 144m haute standing Maarif Extension,2200000.0,Casablanca,Maârif Extension,144.0,3,2,15277.78,2026-05-17 14:36:53.448216
7673,"Appartement enregistré à vendre à Tétouan, proche de tout",450000.0,Tétouan,Rbat Asfaa,63.0,2,1,7142.86,2026-05-17 14:36:53.448372
7674,Appt à vendre 112 m² à 2 Mars,1300000.0,Casablanca,2 Mars,112.0,2,2,11607.14,2026-05-17 14:36:53.448583
7675,Studio à vendre 65 millions à abdelmoumen,650000.0,Casablanca,Abdelmoumen,47.0,1,1,13829.79,2026-05-17 14:36:53.449016
7676,Appartement 126m à Maarif Extension Socrate,1550000.0,Casablanca,Maârif Extension,126.0,3,2,12301.59,2026-05-17 14:36:53.449152
7677,Appartement 126m Luxe A Maarif Ex,1960000.0,Casablanca,Maârif Extension,131.0,3,2,14961.83,2026-05-17 14:36:53.449470
7678,vente appartement haut standing au Karoussel,5550000.0,Rabat,Yacoub El Mansour,155.0,3,2,35806.45,2026-05-17 14:36:53.450355
7679,Appartement 76m Neuf A Maarif Ex,1460000.0,Casablanca,Maarif,76.0,2,2,19210.53,2026-05-17 14:36:53.450654
7680,Appartement 160m Haut Standing A Maarif Ex,2120000.0,Casablanca,Maarif,160.0,3,2,13250.0,2026-05-17 14:36:53.450752
7681,Appartement 170m A Ville Vert Bouskoura,3600000.0,Bouskoura,Ville Verte,170.0,3,2,21176.47,2026-05-17 14:36:53.450967
7682,"Appartement meublé 79 m² - Malabata, Tanger",1950000.0,Tanger,Malabata,79.0,2,2,24683.54,2026-05-17 14:36:53.451086
7683,Haut standing 250 m2 à Nejma,8750000.0,Tanger,Centre,250.0,3,2,35000.0,2026-05-17 14:36:53.451641
7684,Appartement 127m A Socrate Maarif Ex,1550000.0,Casablanca,Maarif,127.0,2,2,12204.72,2026-05-17 14:36:53.453238
7685,Appartement à vendre prix négociable,900000.0,Casablanca,Sidi Bernoussi,103.0,2,1,8737.86,2026-05-17 14:36:53.453444
7686,Appartement propre neuf,520000.0,Ain Aouda,Toute La Ville,66.0,2,1,7878.79,2026-05-17 14:36:53.547994
7687,Appartement meublé à vendre,750000.0,Marrakech,Hay Izdihar,57.0,1,1,13157.89,2026-05-17 14:36:53.455176
7688,Appartement 3 chambres à vendre à Wifak,1470000.0,Temara,Wifak,105.0,3,2,14000.0,2026-05-17 14:36:53.455278
7689,Appartement à vendre 70 m² à Marrakech,1280000.0,Marrakech,Route De Casablanca,70.0,2,1,18285.71,2026-05-17 14:36:53.457888
7690,Excellents appartements à vendre,880000.0,Temara,Autre Secteur,80.0,3,2,11000.0,2026-05-17 14:36:53.458662
7691,Appart à vendre 127m² avec terasse à val-fleury,1170000.0,Kénitra,Val Fleury,127.0,2,2,9212.6,2026-05-17 14:36:53.458761
7692,Appart à vendre 3ch 115m² à Kénitra valfleury,950000.0,Kénitra,Val Fleury,115.0,3,2,8260.87,2026-05-17 14:36:53.459363
7693,Appartement à vendre 61 m² à Meknès,380000.0,Meknès,Autre Secteur,64.0,2,2,5937.5,2026-05-17 14:36:53.459671
7694,Appartement refait à neuf,550000.0,Marrakech,Route De Ouarzazate,60.0,2,1,9166.67,2026-05-17 14:36:53.460487
7695,Appartement à vendre 69 m² à Kénitra,340000.0,Kénitra,Ouled Oujih,69.0,2,1,4927.54,2026-05-17 14:36:53.461302
7696,Appartement de 193 m² à Casablanca Ain Sebaa,1300000.0,Casablanca,Ain Sebaa,192.0,3,2,6770.83,2026-05-17 14:36:53.461397
7697,Appartement bien situé,780000.0,Agadir,Hay Mohammadi,56.0,2,1,13928.57,2026-05-17 14:36:53.461496
7698,Vente Appartement 3 pièces de 77 m2 à Casablanca,1000000.0,Casablanca,Almaz,77.0,2,2,12987.01,2026-05-17 14:36:53.463125
7699,Appartement à vendre à Najd,530000.0,El Jadida,Najd,86.0,2,2,6162.79,2026-05-17 14:36:53.463221
7700,Programme à vendre à Al Massira 1,1000000.0,Marrakech,Massira 1,110.0,3,2,9090.91,2026-05-17 14:36:53.463616
7701,Appartement à vendre,680000.0,Temara,Skikina,70.0,2,2,9714.29,2026-05-17 14:36:53.484854
7702,Duplex investissement La Corniche,1080000.0,Tanger,De La Plage,90.0,1,1,12000.0,2026-05-17 14:36:53.464108
7703,FES-AG-1046 - Appartement à vendre à Nouvelle Ville,1350000.0,Fès,Autre Secteur,174.0,4,2,7758.62,2026-05-17 14:36:53.464203
7704,Vente Appartement 1 pièce de 62 m2 à Casablanca,806000.0,Casablanca,Almaz,62.0,3,2,13000.0,2026-05-17 14:36:53.464303
7705,RAK-ME-1016 - Appartement à vendre à Hivernage,2000000.0,Marrakech,Hivernage,62.0,1,1,32258.06,2026-05-17 14:36:53.464399
7706,RAK-ME-1002 - Appartement à vendre à Hivernage,2850000.0,Marrakech,Hivernage,149.0,3,2,19127.52,2026-05-17 14:36:53.464806
7707,RBA-AG-1149 - Appartement à vendre à Agdal,2350000.0,Rabat,Agdal,116.0,2,2,20258.62,2026-05-17 14:36:53.464904
7708,DAR-DA-1096 - Appartement à vendre à Errahma,640000.0,Dar Bouazza,Toute La Ville,84.0,2,2,7619.05,2026-05-17 14:36:53.465006
7709,Grand Appartement Meublé Boulevard Moulay Idriss,2350000.0,Casablanca,2 Mars,189.0,4,2,12433.86,2026-05-17 14:36:53.465138
7710,MHD-BN-1102 - Appartement à vendre à Mohammedia,930000.0,Mohammedia,Autre Secteur,82.0,3,1,11341.46,2026-05-17 14:36:53.465256
7711,Studios 68m avec terrasse à La Girande,760000.0,Casablanca,La Gironde,68.0,1,1,11176.47,2026-05-17 14:36:53.466249
7712,FES-AG-1075 - Appartement à vendre à Champ de co...,1430000.0,Fès,Autre Secteur,130.0,3,2,11000.0,2026-05-17 14:36:53.466347
7713,DAR-DA-1054 - Appartement à vendre à Tamaris,1980000.0,Dar Bouazza,Toute La Ville,139.0,2,2,14244.6,2026-05-17 14:36:53.466448
7714,DAR-DA-1051 - Appartement à vendre à Route d'Azz...,3400000.0,Dar Bouazza,Toute La Ville,199.0,3,3,17085.43,2026-05-17 14:36:53.466558
7715,RAK-GU-1327 - Appartement à vendre à Izdihar,780000.0,Marrakech,Hay Izdihar,83.0,2,2,9397.59,2026-05-17 14:36:53.466758
7716,FES-AG-1060 - Appartement à vendre à Nouvelle Ville,1250000.0,Fès,Autre Secteur,125.0,3,2,10000.0,2026-05-17 14:36:53.466858
7717,Appartement Duplex - 142 m² à Tamesna,850000.0,Tamesna,Toute La Ville,142.0,2,1,5985.92,2026-05-17 14:36:53.466959
7718,AGA-AG-1074 - Appartement à vendre à Hay Mohammadi,1450000.0,Agadir,Hay Mohammadi,116.0,3,2,12500.0,2026-05-17 14:36:53.467056
7719,RAK-GU-1277 - Appartement à vendre à Route de Ca...,1920000.0,Marrakech,Autre Secteur,107.0,2,1,17943.93,2026-05-17 14:36:53.467155
7720,"Appartements à vendre par cession, route de la nouvelle gare routière",420000.0,Tanger,Aharrarine,56.0,2,1,7500.0,2026-05-17 14:36:53.467352
7721,MEK-ME-1079 - Appartement à vendre à Essaadiyine,1250000.0,Meknès,Autre Secteur,108.0,2,2,11574.07,2026-05-17 14:36:53.467561
7722,Appartement 3 chambres et 2 salles de bain,1250000.0,Casablanca,Ain Sebaa,106.0,3,3,11792.45,2026-05-17 14:36:53.467661
7723,RBA-AG-1122 - Appartement à vendre à Agdal,3900000.0,Rabat,Agdal,274.0,3,3,14233.58,2026-05-17 14:36:53.467759
7724,APPARTEMENT VIDE – BD MOHAMED VI,1632000.0,Marrakech,Av Mohammed Vi,96.0,2,1,17000.0,2026-05-17 14:36:53.468260
7725,Portes de Salé,400000.0,Salé,Abouab Sala,62.0,2,2,6451.61,2026-05-17 14:36:53.468357
7726,RAK-GU-1325 - Appartement à vendre à Guéliz,1499000.0,Marrakech,Guéliz,100.0,3,2,14990.0,2026-05-17 14:36:53.468671
7727,Appartement Vue Sur Piscine à vendre Jawhara Smir,1500000.0,Mdiq,Toute La Ville,85.0,2,1,17647.06,2026-05-17 14:36:53.468781
7728,Appartement Meublé Quartier Al Montazah Al Jadid,540000.0,Marrakech,Route De Casablanca,52.0,2,1,10384.62,2026-05-17 14:36:53.468953
7729,Appartement À Vendre Playa Del Pacha,3700000.0,Mdiq,Toute La Ville,150.0,2,2,24666.67,2026-05-17 14:36:53.469235
7730,Appartement à vendre à Résidence El Kettani,1800000.0,Agadir,Hay Massira,135.0,3,2,13333.33,2026-05-17 14:36:53.469409
7731,Appartement En Plein Gueliz Vendu Clé En Main,1760000.0,Marrakech,Guéliz,92.0,2,2,19130.43,2026-05-17 14:36:53.469632
7732,"Appartement 74 m², ascenseur, balcon, garage, aide de l'État",740000.0,Tanger,Tanja Balia,74.0,2,1,10000.0,2026-05-17 14:36:53.470158
7733,RAK-GU-1320 - Appartement à vendre à Izdihar,2390000.0,Marrakech,Hay Izdihar,240.0,3,3,9958.33,2026-05-17 14:36:53.470313
7734,Talborjt à côté de Polytechnique cnss,900000.0,Agadir,Anahda,60.0,2,1,15000.0,2026-05-17 14:36:53.470530
7735,"Appartement 3 chambres, garage, ascenseur, balcon, aide de l'état, sur rue",876000.0,Tanger,Marjane,73.0,3,2,12000.0,2026-05-17 14:36:53.470744
7736,CMN-AN-1938 - Appartement à vendre à Bourgogne,1300000.0,Casablanca,Bourgogne,119.0,2,2,10924.37,2026-05-17 14:36:53.470920
7737,CMN-AC-2083 - Appartement à vendre à Californie,1200000.0,Casablanca,Californie,85.0,2,1,14117.65,2026-05-17 14:36:53.471025
7738,"Appartement terrasse 118 m², ascenseur, syndic, caméras de surveillance",800000.0,Tanger,Tanja Balia,118.0,2,1,6779.66,2026-05-17 14:36:53.471129
7739,CMN-AS-1782 - Appartement à vendre à Belvédère,1150000.0,Casablanca,Belvédère,104.0,2,2,11057.69,2026-05-17 14:36:53.471231
7740,CMN-MA-2607 - Appartement à vendre à Les princesses,1250000.0,Casablanca,Les Princesses,85.0,2,1,14705.88,2026-05-17 14:36:53.471334
7741,Magnifique appartement Racine,4800000.0,Casablanca,Racine,200.0,4,3,24000.0,2026-05-17 14:36:53.471542
7742,"Appartement avec terrasse 196 m, ascenseur, syndic, déclaration totale",1020000.0,Tanger,Tanja Balia,196.0,2,1,5204.08,2026-05-17 14:36:53.471645
7743,CMN-MA-2476 - Appartement à vendre à Palmier,1300000.0,Casablanca,Palmier,111.0,2,1,11711.71,2026-05-17 14:36:53.471853
7744,Appartement à vendre 129 m² à MALABATA Tanger,2300000.0,Tanger,Malabata,129.0,3,2,17829.46,2026-05-17 14:36:53.472180
7745,"Appartement meublé 76 m2, ascenseur, syndic, sur rue",798000.0,Tanger,Tanja Balia,76.0,2,1,10500.0,2026-05-17 14:36:53.472289
7746,Appartement de luxe à vendre 87 m² à Casablanca,895000.0,Casablanca,Ain Sebaa,87.0,2,2,10287.36,2026-05-17 14:36:53.472531
7747,CMN-AI-1086 - Appartement à vendre à Aïn Sebaâ,1150000.0,Casablanca,Ain Sebaa,91.0,2,2,12637.36,2026-05-17 14:36:53.472664
7748,CMN-MA-2508 - Appartement à vendre à Burger,1200000.0,Casablanca,Maarif,85.0,2,1,14117.65,2026-05-17 14:36:53.472765
7749,Appartement à vendre 50 m² à Dar Bouazza,300000.0,Dar Bouazza,Toute La Ville,50.0,2,1,6000.0,2026-05-17 14:36:53.472994
7750,Appartement à vendre 60 m² à Had Soualem,220000.0,Had Soualem,Toute La Ville,60.0,2,2,3666.67,2026-05-17 14:36:53.473123
7751,CMN-MA-2511 - Appartement à vendre à Maârif,1200000.0,Casablanca,Maârif Extension,81.0,2,1,14814.81,2026-05-17 14:36:53.473318
7752,"Appartement 4 chambres 102 m², ascenseur, balcon, syndic, sur rue",1070000.0,Tanger,Tanja Balia,102.0,4,1,10490.2,2026-05-17 14:36:53.473420
7753,CMN-HA-1938 - Appartement à vendre à Oulfa,1150000.0,Casablanca,Oulfa,107.0,2,1,10747.66,2026-05-17 14:36:53.473947
7754,CMN-AC-2069 - Appartement à vendre à Ain Chock,1350000.0,Casablanca,Aïn Chock,99.0,3,2,13636.36,2026-05-17 14:36:53.474467
7755,CMN-MA-2531 - Appartement à vendre à Maârif,1150000.0,Casablanca,Maarif,119.0,2,1,9663.87,2026-05-17 14:36:53.474573
7756,CMN-MA-2418 - Appartement à vendre à Maârif,1350000.0,Casablanca,Maârif Extension,98.0,2,1,13775.51,2026-05-17 14:36:53.474871
7757,Lotissement Karima,500000.0,Martil,Toute La Ville,96.0,1,1,5208.33,2026-05-17 14:36:53.475133
7758,"Appartement 80 m², 3 chambres, ascenseur, syndic, 5 minutes Malabata",750000.0,Tanger,Tanja Balia,80.0,3,1,9375.0,2026-05-17 14:36:53.475335
7759,"Appartement 56 m², ascenseur, syndic, 5 minutes de Malabata",550000.0,Tanger,Tanja Balia,56.0,2,1,9821.43,2026-05-17 14:36:53.475570
7760,"Appartement Sidi Rahal Plage, superficie 75 m²",600000.0,Sidi Rahal,Toute La Ville,75.0,3,2,8000.0,2026-05-17 14:36:53.475979
7761,Appartement à vendre 75m2 à Tanger,550000.0,Tanger,Branes 1,75.0,2,1,7333.33,2026-05-17 14:36:53.476180
7762,Appartement spacieux Racine,2450000.0,Casablanca,Racine,135.0,3,2,18148.15,2026-05-17 14:36:53.476608
7763,Appartement à vendre 69 m² à Bouznika,350000.0,Bouznika,Quartier Industriel,76.0,2,1,4605.26,2026-05-17 14:36:53.476709
7764,Appartements de standing à vendre dans le projet Janat Zenata,230000.0,Ain Harrouda,Toute La Ville,80.0,2,1,2875.0,2026-05-17 14:36:53.476904
7765,Appartement à vendre Corniche Martil,620000.0,Martil,Toute La Ville,63.0,1,1,9841.27,2026-05-17 14:36:53.477924
7766,À vendre appartement quartier Kenidi,500000.0,Safi,Ville Nouvelle,81.0,3,2,6172.84,2026-05-17 14:36:53.478124
7767,Appartement à vendre,440000.0,Casablanca,Oulfa,50.0,1,1,8800.0,2026-05-17 14:36:53.478218
7768,Appartement A vendre,340000.0,Tit Mellil,Toute La Ville,51.0,2,2,6666.67,2026-05-17 14:36:53.548088
7769,Vente Appartement 5 pièces de 125 m2 à Dar Bouazza,1220000.0,Dar Bouazza,Toute La Ville,125.0,2,2,9760.0,2026-05-17 14:36:53.478392
7770,Appartement 3 chambres quartier des hôpitaux,1990000.0,Casablanca,Quartier Des Hôpitaux,137.0,3,2,14525.55,2026-05-17 14:36:53.478536
7771,Studio 44 m² Les Princesses,900000.0,Casablanca,Les Princesses,44.0,1,1,20454.55,2026-05-17 14:36:53.479678
7772,Appartement à vendre 59 m² à Casablanca,1420000.0,Casablanca,Maarif,69.0,1,1,20579.71,2026-05-17 14:36:53.479988
7773,Bel appartement traversant récent à Dar Bouazza,1590000.0,Casablanca,Autre Secteur,113.0,2,2,14070.8,2026-05-17 14:36:53.480091
7774,Appartement à vendre,400000.0,Tamesna,Toute La Ville,64.0,2,1,6250.0,2026-05-17 14:36:53.480387
7775,(P.V00250) Apparts neufs - Haut Standing à Tétouan,570000.0,Tétouan,Autre Secteur,62.0,2,1,9193.55,2026-05-17 14:36:53.480939
7776,Appartement RDC 64m 2ch Temara,665000.0,Temara,Al Moustakbal,64.0,2,1,10390.62,2026-05-17 14:36:53.481343
7777,Appartement face nouvelle gare routière sans intermédiaire,550000.0,Tanger,Autre Secteur,65.0,2,1,8461.54,2026-05-17 14:36:53.481439
7778,Appartement de luxe Belvédère,1420000.0,Casablanca,Belvédère,115.0,3,2,12347.83,2026-05-17 14:36:53.481775
7779,Apparts neufs Haut Standing à Mansouria,900000.0,Mohammedia,Autre Secteur,75.0,2,2,12000.0,2026-05-17 14:36:53.481986
7780,Appartement à vendre,440000.0,Salé,Hay Alqods,56.0,2,1,7857.14,2026-05-17 14:36:53.482285
7781,Appartement à vendre quartier El Assra,720000.0,Casablanca,Aïn Chock,74.0,2,1,9729.73,2026-05-17 14:36:53.482381
7782,Appartement titré à vendre à Tetouan - M'rgan,330000.0,Tétouan,Rbat Asfaa,57.0,3,1,5789.47,2026-05-17 14:36:53.482631
7783,Appartement avec piscine privative à Dar Bouazza,1990000.0,Casablanca,Autre Secteur,178.0,2,1,11179.78,2026-05-17 14:36:53.482845
7784,Appartement 1er étage 2ch 2 façades 90m Massira2,890000.0,Temara,Massira 2,90.0,2,2,9888.89,2026-05-17 14:36:53.483060
7785,Appartement 2ch ensoleillé 3ème sans vis à vis,990000.0,Temara,Al Moustakbal,100.0,2,2,9900.0,2026-05-17 14:36:53.483157
7786,Très beau studio moderne Maarif,940000.0,Casablanca,Maarif,47.0,2,1,20000.0,2026-05-17 14:36:53.483253
7787,🏡 Excellente opportunité d'acquérir un appartement à Had Soualem – 101m²,800000.0,Had Soualem,Toute La Ville,101.0,4,2,7920.79,2026-05-17 14:36:53.483390
7788,Studio 36m À Quartiers Des Hôpitaux,800000.0,Casablanca,Quartier Des Hôpitaux,36.0,1,1,22222.22,2026-05-17 14:36:53.483508
7789,Bel appartement RDC 2 chambres et 2 salons,1500000.0,Temara,Abbadi,128.0,2,2,11718.75,2026-05-17 14:36:53.483620
7790,Appartements prêts à partir de 20 millions,200000.0,Meknès,Autre Secteur,75.0,2,2,2666.67,2026-05-17 14:36:53.483717
7791,Appartements à vendre 56 m² à Agadir,540000.0,Agadir,Autre Secteur,56.0,2,1,9642.86,2026-05-17 14:36:53.483926
7792,"Appartement à vendre à Oulfa Al Azhar, Casablanca, 50 m²",370000.0,Casablanca,Oulfa,50.0,2,1,7400.0,2026-05-17 14:36:53.484078
7793,"Appartement à vendre à Oulfa Al Azhar, Casablanca - 50 m²",370000.0,Casablanca,Oulfa,50.0,2,1,7400.0,2026-05-17 14:36:53.484185
7794,Appartement à vendre 105 m² à Casablanca,1150000.0,Casablanca,Aïn Borja,115.0,3,2,10000.0,2026-05-17 14:36:53.484319
7795,Appartement à vendre 68 m² à Tit Mellil,350000.0,Tit Mellil,Toute La Ville,68.0,3,2,5147.06,2026-05-17 14:36:53.484423
7796,Appart. titre 80m2 à hay nazik,750000.0,Casablanca,Aïn Chock,80.0,2,2,9375.0,2026-05-17 14:36:53.484533
7797,appartement résidence fermée temara,1050000.0,Temara,Autre Secteur,90.0,3,2,11666.67,2026-05-17 14:36:53.484633
7798,Appartement de 120m² à côté jardins Majorelle,2100000.0,Marrakech,Majorelle,120.0,2,2,17500.0,2026-05-17 14:36:53.484950
7799,Appartement Marrakech 93 m² 2ème étage 1 balcon,860000.0,Marrakech,M'Hamid,93.0,3,1,9247.31,2026-05-17 14:36:53.485047
7800,appartement temara résidence fermée,1050000.0,Temara,Autre Secteur,90.0,3,2,11666.67,2026-05-17 14:36:53.485147
7801,"Appartement à vendre, 1er étage",380000.0,Meknès,Autre Secteur,77.0,2,1,4935.06,2026-05-17 14:36:53.485278
7802,Appartement titré à vendre à Martil Karma Campus,650000.0,Martil,Toute La Ville,73.0,3,1,8904.11,2026-05-17 14:36:53.485389
7803,"Duplex à vendre – Quartier Al Wafaa, près du parc",600000.0,Mohammedia,Wafa,63.0,2,2,9523.81,2026-05-17 14:36:53.485533
7804,Appartement économique à vendre,520000.0,Agadir,Cité Adrar,55.0,2,1,9454.55,2026-05-17 14:36:53.485633
7805,BEL APPARTEMENT À VENDRE – BOURGOGNE – 109 m²,1300000.0,Casablanca,Bourgogne,109.0,2,2,11926.61,2026-05-17 14:36:53.485942
7806,Appartement 118 m à Prestigia,3200000.0,Rabat,Hay Riad,118.0,3,2,27118.64,2026-05-17 14:36:53.486043
7807,Appartement à vendre 75 m² à Kénitra 55M,550000.0,Kénitra,Alliance,75.0,2,2,7333.33,2026-05-17 14:36:53.486393
7808,Appartement Emplacement stratégique,490000.0,Tétouan,Autre Secteur,57.0,2,1,8596.49,2026-05-17 14:36:53.486510
7809,Appartement à vendre 171 m² à Mohammedia,730000.0,Mohammedia,El Alia,171.0,2,1,4269.01,2026-05-17 14:36:53.486628
7810,Appartement à vendre 50 m² à Mohammedia,300000.0,Mohammedia,Hay Salam,50.0,2,1,6000.0,2026-05-17 14:36:53.486732
7811,Appartement à vendre 79 m² à Bouskoura victoria,625000.0,Bouskoura,Victoria,79.0,2,2,7911.39,2026-05-17 14:36:53.486829
7812,Appartement 93 m² à azhar,570000.0,Casablanca,Sidi Bernoussi,93.0,3,1,6129.03,2026-05-17 14:36:53.486928
7813,Agdal - Studio rénové à vendre,780000.0,Rabat,Agdal,23.0,1,1,33913.04,2026-05-17 14:36:53.487034
7814,Bel appartement 3 pièces à vendre à Agadir,750000.0,Agadir,Autre Secteur,60.0,2,1,12500.0,2026-05-17 14:36:53.487152
7815,RAK-GU-1351 - Appartement à vendre à Route de Safi,1199000.0,Marrakech,Autre Secteur,125.0,2,2,9592.0,2026-05-17 14:36:53.487288
7816,Appartement à vendre 118 m² bd abdelmoumen,1200000.0,Casablanca,Abdelmoumen,127.0,2,1,9448.82,2026-05-17 14:36:53.487392
7817,Appartement à vendre 82 m² à Louizia,730000.0,Mohammedia,El Alia,82.0,2,1,8902.44,2026-05-17 14:36:53.487493
7818,Bel appartement à Wifaq,1500000.0,Temara,Wifak,125.0,3,1,12000.0,2026-05-17 14:36:53.487624
7819,Appartement d'exception Domaine Noria,1550000.0,Marrakech,Route D'Amezmiz,61.0,1,1,25409.84,2026-05-17 14:36:53.488112
7820,Bien rare à Marrakech Situé dans le quartier,850000.0,Marrakech,Amerchich,97.0,3,1,8762.89,2026-05-17 14:36:53.488246
7821,Opportunité à saisir à Tétouan,790000.0,Tétouan,Autre Secteur,967.0,3,2,816.96,2026-05-17 14:36:53.488344
7822,Appartement à vendre,800000.0,Kénitra,La Ville Haute,81.0,2,2,9876.54,2026-05-17 14:36:53.488768
7823,Appartement à vendre 64 m² à Martil,600000.0,Martil,Toute La Ville,64.0,2,1,9375.0,2026-05-17 14:36:53.488869
7824,Vue Imprenable sur le parc et la plage d'El Jadida,1050000.0,El Jadida,Corniche,96.0,2,2,10937.5,2026-05-17 14:36:53.489016
7825,Appartement 60 m2 à Rondpoint Andalous avec parking,370000.0,Tanger,Centre,54.0,1,1,6851.85,2026-05-17 14:36:53.489113
7826,Appartement 70 m2 3ème étage Awama Andalous,560000.0,Tanger,Centre,65.0,2,2,8615.38,2026-05-17 14:36:53.489217
7827,"Appartement 55 m2 à Aouama avec aide, semi-fini",250000.0,Tanger,Autre Secteur,55.0,2,1,4545.45,2026-05-17 14:36:53.489328
7828,Appartement à vendre Dior Marjane,550000.0,Marrakech,Route De Casablanca,56.0,2,1,9821.43,2026-05-17 14:36:53.489441
7829,Appartement à vendre Nassim Sidi Maarouf Casa,240000.0,Casablanca,Nassim,50.0,1,1,4800.0,2026-05-17 14:36:53.489556
7830,Appartement à JNANE AWARAD à côté de MACDO Route de Casa,680000.0,Marrakech,Hay Izdihar,57.0,2,2,11929.82,2026-05-17 14:36:53.489765
7831,Bel appartement meublé & sécurisé 5 min plage,320000.0,Kénitra,Alliance,55.0,2,2,5818.18,2026-05-17 14:36:53.489868
7832,APPARTEMENT FACE MACDO GUELIZ ZARA POSTE GUELIZ,1600000.0,Marrakech,Guéliz,86.0,2,1,18604.65,2026-05-17 14:36:53.489965
7833,"Appartement meublé à vendre, neuf",530000.0,Marrakech,Es Saada,52.0,2,1,10192.31,2026-05-17 14:36:53.490069
7834,Duplex à vendre,2500000.0,Casablanca,Laimoune,252.0,4,3,9920.63,2026-05-17 14:36:53.490268
7835,Occasion à ne pas manquer 280 000 DH seulement,280000.0,Meknès,Autre Secteur,72.0,2,1,3888.89,2026-05-17 14:36:53.490363
7836,Appartement à vendre,550000.0,Agadir,Hay Mohammadi,55.0,2,1,10000.0,2026-05-17 14:36:53.490462
7837,VENTE APPARTEMENT A PLAGE DES NATIONS BOUKNADEL,2800000.0,Sidi Bouknadel,Toute La Ville,140.0,2,2,20000.0,2026-05-17 14:36:53.490571
7838,Luxueux appartement à Prestigia,2500000.0,Bouskoura,Ville Verte,131.0,2,1,19083.97,2026-05-17 14:36:53.490672
7839,Appartement à vendre 80 m² à Meknès El Mansour,460000.0,Meknès,Autre Secteur,80.0,3,2,5750.0,2026-05-17 14:36:53.490771
7840,Appartements à vendre Al Shahdia Mansoura,280000.0,Meknès,Autre Secteur,70.0,3,1,4000.0,2026-05-17 14:36:53.490883
7841,Studio structuré H.S. 52m² à vendre,624000.0,Casablanca,Ain Sebaa,52.0,1,1,12000.0,2026-05-17 14:36:53.491106
7842,vente appartement pièces en très bonne état,390000.0,Saidia,Toute La Ville,74.0,2,1,5270.27,2026-05-17 14:36:53.491221
7843,Studio bien structuré H.S.52m²,624000.0,Casablanca,Ain Sebaa,52.0,1,1,12000.0,2026-05-17 14:36:53.491351
7844,Appartement 74 m2 ascenseur syndic balcon,592000.0,Tanger,Tanja Balia,74.0,2,1,8000.0,2026-05-17 14:36:53.491451
7845,Appartement 3 façades R+3,900000.0,Meknès,Autre Secteur,147.0,3,2,6122.45,2026-05-17 14:36:53.491560
7846,Appartement à vendre 87 m² à Casablanca,1450000.0,Casablanca,Bourgogne,103.0,2,2,14077.67,2026-05-17 14:36:53.491669
7847,CMN-AS-1825 - Appartement à vendre à Ain Borja,700000.0,Casablanca,Aïn Borja,74.0,2,1,9459.46,2026-05-17 14:36:53.491773
7848,MEK-ME-1084 - Appartement à vendre à El Borj,460000.0,Meknès,Autre Secteur,80.0,3,2,5750.0,2026-05-17 14:36:53.491871
7849,CMN-MA-2657 - Appartement à vendre à Maârif,1800000.0,Casablanca,Maarif,98.0,2,2,18367.35,2026-05-17 14:36:53.491998
7850,Appartement neuf,500000.0,Fès,Route Ain Chkaf,61.0,2,1,8196.72,2026-05-17 14:36:53.492098
7851,Appartement à vendre Mountazh Jadid,550000.0,Marrakech,Route De Casablanca,56.0,2,1,9821.43,2026-05-17 14:36:53.492195
7852,Appartement meublé à vendre à Martil,400000.0,Martil,Toute La Ville,56.0,2,1,7142.86,2026-05-17 14:36:53.492300
7853,Appartement titre foncier à vendre 100m2 à hay mly abdelah,820000.0,Casablanca,Aïn Chock,100.0,2,1,8200.0,2026-05-17 14:36:53.492402
7854,Vente appartement,650000.0,Bouznika,Plage Oued Cherrat,67.0,2,2,9701.49,2026-05-17 14:36:53.492501
7855,CMN-MA-2656 - Appartement à vendre à Palmier,1550000.0,Casablanca,Palmier,113.0,3,2,13716.81,2026-05-17 14:36:53.492601
7856,CMN-MA-2655 - Appartement à vendre à Maârif,1350000.0,Casablanca,Maârif Extension,102.0,2,1,13235.29,2026-05-17 14:36:53.492701
7857,Studio 47m Maarif Proche Twin Center,1080000.0,Casablanca,Maarif,47.0,1,1,22978.72,2026-05-17 14:36:53.492810
7858,Appartement à vendre 100 m² à Meknès,320000.0,Meknès,Autre Secteur,100.0,2,2,3200.0,2026-05-17 14:36:53.493006
7859,Studio Neuf haute qualité standing à vendre,1000000.0,Casablanca,Oulfa,67.0,1,1,14925.37,2026-05-17 14:36:53.493123
7860,Appartement à vendre bd tah ain chok,1300000.0,Casablanca,Aïn Chock,98.0,3,2,13265.31,2026-05-17 14:36:53.493324
7861,Studio neuf moyenne standing,370000.0,Marrakech,M'Hamid,44.0,1,1,8409.09,2026-05-17 14:36:53.495434
7862,TNG-TA-1117 - Appartement à vendre à Quartier de...,4600000.0,Tanger,De La Plage,124.0,3,2,37096.77,2026-05-17 14:36:53.496061
7863,Appartement à vendre avec piscine / La Corniche,1240000.0,Mohammedia,Corniche,92.0,2,2,13478.26,2026-05-17 14:36:53.501405
7864,Appartement 4 pièces 102 mètres ascenseur syndic sur la rue,1070000.0,Tanger,Tanja Balia,102.0,4,2,10490.2,2026-05-17 14:36:53.502441
7865,"Appartement 93 m², 3 chambres, ascenseur, syndic, 4 minutes de la gare",744000.0,Tanger,Tanja Balia,93.0,3,1,8000.0,2026-05-17 14:36:53.502561
7866,"Appartement avec terrasse 118 m, ascenseur, syndic, 4 minutes de la gare",800000.0,Tanger,Tanja Balia,118.0,2,1,6779.66,2026-05-17 14:36:53.502668
7867,"Appartement terrasse 196 m, ascenseur, syndic, déclaration totale",1020000.0,Tanger,Tanja Balia,196.0,2,1,5204.08,2026-05-17 14:36:53.502773
7868,Appartement à vendre 159 m² à Mohammedia,900000.0,Mohammedia,El Alia,159.0,4,2,5660.38,2026-05-17 14:36:53.503085
7869,Appartement à vendre,660000.0,Meknès,Marjane 2,109.0,3,1,6055.05,2026-05-17 14:36:53.503187
7870,Appartement à vendre 98 m² à Harhoura,1680000.0,Temara,Harhoura,98.0,2,2,17142.86,2026-05-17 14:36:53.503285
7871,Vente Appartement 2 pièces de 55 m2 à Casablanca,1650000.0,Casablanca,Racine,55.0,1,1,30000.0,2026-05-17 14:36:53.503386
7872,Appartement à vendre 54 m² à Meknès,290000.0,Meknès,Bourj Moulay Omar,54.0,2,1,5370.37,2026-05-17 14:36:53.503605
7873,RAK-GU-1350 - Appartement à vendre à Essaada,490000.0,Marrakech,Autre Secteur,51.0,2,1,9607.84,2026-05-17 14:36:53.503708
7874,Appartement à vendre 100 m² à Casablanca,1250000.0,Casablanca,Casablanca Finance City,100.0,3,2,12500.0,2026-05-17 14:36:53.503810
7875,Appartement à vendre 108 m² à Wifak,1500000.0,Temara,Wifak,108.0,2,2,13888.89,2026-05-17 14:36:53.503914
7876,"Appartement à vendre, ensoleillé, rénové",32000000.0,Casablanca,Ain Sebaa,54.0,2,1,592592.59,2026-05-17 14:36:53.504019
7877,Appartement à vendre résidence Aman Ain Sebaa Chokaria,32000000.0,Casablanca,Ain Sebaa,54.0,2,1,592592.59,2026-05-17 14:36:53.504160
7878,Appartement à vendre 91 m² à Meknès,395000.0,Meknès,Wislane,91.0,3,1,4340.66,2026-05-17 14:36:53.504395
7879,Appartement rez-de-chaussée à vendre à Prestigia,2600000.0,Marrakech,Route D'Amezmiz,168.0,2,1,15476.19,2026-05-17 14:36:53.504494
7880,Appartement à vendre 2 m² à Oujda,240000.0,Oujda,Autre Secteur,60.0,2,1,4000.0,2026-05-17 14:36:53.504818
7881,CMN-AS-1824 - Appartement à vendre à Belvédère,750000.0,Casablanca,Belvédère,67.0,2,1,11194.03,2026-05-17 14:36:53.504928
7882,Appartement 105 m² 2 chambres plein sud neuf,1450000.0,Casablanca,Franceville,105.0,2,2,13809.52,2026-05-17 14:36:53.505033
7883,"Appartement à vendre à Mnar, Tanger, face à la plage.",680000.0,Tanger,Manar,75.0,2,1,9066.67,2026-05-17 14:36:53.505145
7884,Appartement Hivernage,5900000.0,Marrakech,Centre Ville,171.0,2,2,34502.92,2026-05-17 14:36:53.505342
7885,Appartement 80m² à vendre à Toulal Massira,420000.0,Meknès,Riad Toulal,80.0,3,1,5250.0,2026-05-17 14:36:53.505450
7886,Appartement 75m à vendre à Toulal Massira,260000.0,Meknès,Riad Toulal,75.0,2,1,3466.67,2026-05-17 14:36:53.505569
7887,Appartement à vendre 70 m² à Agadir,750000.0,Agadir,Hay Mohammadi,74.0,2,2,10135.14,2026-05-17 14:36:53.505727
7888,Appartement 65m à vendre à Toulal Massira,240000.0,Meknès,Riad Toulal,65.0,2,1,3692.31,2026-05-17 14:36:53.505834
7889,Appartement à vendre près de Marjane Route de Rabat,550000.0,Tanger,Marjane,57.0,2,1,9649.12,2026-05-17 14:36:53.506100
7890,Désistement appartement neuf Les Arènes Zenata,120000.0,Zenata,Toute La Ville,49.0,1,1,2448.98,2026-05-17 14:36:53.506199
7891,PEARL GARDEN – Appartement meublé avec piscine,1470000.0,Marrakech,Autre Secteur,73.0,1,1,20136.99,2026-05-17 14:36:53.506295
7892,Appartement à vendre à Meknès 26 millions négociables,260000.0,Meknès,Autre Secteur,86.0,2,2,3023.26,2026-05-17 14:36:53.506400
7893,Appartement et garage en pleine propriété à vendre 110m².,1100000.0,Tétouan,Autre Secteur,110.0,3,1,10000.0,2026-05-17 14:36:53.506511
7894,Studio neuf meublé,1015000.0,Casablanca,Oasis,35.0,1,1,29000.0,2026-05-17 14:36:53.506630
7895,appartement à vendre,690000.0,Ait Melloul,Toute La Ville,70.0,2,1,9857.14,2026-05-17 14:36:53.506730
7896,CMN-AS-1823 - Appartement à vendre à Hay Palestine,1300000.0,Casablanca,Belvédère,135.0,3,2,9629.63,2026-05-17 14:36:53.506855
7897,Appartement à vendre 70 m² à Agadir,750000.0,Agadir,Hay Mohammadi,75.0,2,2,10000.0,2026-05-17 14:36:53.506989
7898,Deux appartements à vendre en duplex horizontal.,610000.0,Casablanca,Sidi Bernoussi,110.0,2,2,5545.45,2026-05-17 14:36:53.507112
7899,Appartement à vendre 100 m² à Meknès,400000.0,Meknès,Zitoune,118.0,3,2,3389.83,2026-05-17 14:36:53.507323
7900,Vente Appartement 4 pièces de 124 m2 à Casablanca,1612000.0,Casablanca,Almaz,124.0,3,2,13000.0,2026-05-17 14:36:53.507688
7901,Vente Appartement Hamza Hay Mohammadi,320000.0,Casablanca,Ain Sebaa,61.0,2,1,5245.9,2026-05-17 14:36:53.507830
7902,Appartement meublé 2 chambres - 76m² - Guéliz,1568000.0,Marrakech,Mouassine,76.0,2,1,20631.58,2026-05-17 14:36:53.507945
7903,Appartement à vendre,300000.0,Dar Bouazza,Toute La Ville,54.0,2,1,5555.56,2026-05-17 14:36:53.508049
7904,Studio Meublé Au Cœur De Guéliz,1100000.0,Marrakech,Guéliz,30.0,1,1,36666.67,2026-05-17 14:36:53.508271
7905,CMN-HA-2061 - Appartement à vendre à Nassim II,1250000.0,Casablanca,Nassim,133.0,4,3,9398.5,2026-05-17 14:36:53.508395
7906,Appartement à vendre 54 m² à Had Soualem,250000.0,Had Soualem,Toute La Ville,54.0,1,1,4629.63,2026-05-17 14:36:53.508644
7907,Appartement à vendre à Hay Salam,190000.0,Meknès,Hay Salam,55.0,2,1,3454.55,2026-05-17 14:36:53.508755
7908,Appartement à vendre – Proche Marjane & Décathlon,285000.0,Meknès,Marjane 2,65.0,2,1,4384.62,2026-05-17 14:36:53.508869
7909,Appartement à vendre à Wifaq Temara,1500000.0,Temara,Wifak,112.0,3,1,13392.86,2026-05-17 14:36:53.509107
7910,Bel appartement à vendre au coeur de Casablanca,2900000.0,Casablanca,Maarif,146.0,3,3,19863.01,2026-05-17 14:36:53.509224
7911,Bel Appartement à vendre à VAL FLEURI Casablanca,2650000.0,Casablanca,Ferme Bretone,151.0,3,2,17549.67,2026-05-17 14:36:53.509337
7912,Appartement vue mer à vendre à Tanger,750000.0,Tanger,Manar,85.0,2,1,8823.53,2026-05-17 14:36:53.509463
7913,Appartement en rez-de-chaussée près de Bab Atlas,390000.0,Marrakech,M'Hamid,64.0,2,1,6093.75,2026-05-17 14:36:53.509836
7914,Appartement à vendre 73 m² à Casablanca,1050000.0,Casablanca,Californie,73.0,2,1,14383.56,2026-05-17 14:36:53.509943
7915,Appartement à vendre près de Casanearshore,890000.0,Casablanca,Sidi Maarouf,90.0,2,1,9888.89,2026-05-17 14:36:53.510046
7916,Appartement 124m² à Place d'Armes,699000.0,Meknès,Hamria,124.0,2,2,5637.1,2026-05-17 14:36:53.510149
7917,Appartement à vendre dans un immeuble calme et proche des commodités,900000.0,Agadir,Hay Dakhla,82.0,3,2,10975.61,2026-05-17 14:36:53.510249
7918,Appartement à vendre 100 m² à TAMESNA,1000000.0,Skhirat,Autre Secteur,100.0,3,2,10000.0,2026-05-17 14:36:53.510355
7919,Appartement dans résidence Macha allah,1650000.0,Temara,Wifak,128.0,3,2,12890.62,2026-05-17 14:36:53.510463
7920,Appartement 74m² do7a 1,740000.0,Marrakech,Les Portes De Marrakech,74.0,2,1,10000.0,2026-05-17 14:36:53.510569
7921,Appartement à vendre 83 m² à Asilah,820000.0,Asilah,Toute La Ville,83.0,2,1,9879.52,2026-05-17 14:36:53.510670
7922,Appartement à vendre,760000.0,Casablanca,Al Madina Aljadida,168.0,3,2,4523.81,2026-05-17 14:36:53.510792
7923,Appartement à vendre,1040000.0,Meknès,Hamria,124.0,3,3,8387.1,2026-05-17 14:36:53.510890
7924,"Appartement à vendre à la résidence Palmier, Joyau de Sidi Moumen",340000.0,Casablanca,Sidi Moumen,57.0,2,1,5964.91,2026-05-17 14:36:53.510989
7925,Appartement à vendre à Alliance Riad Sidi Moumen,330000.0,Casablanca,Sidi Moumen,50.0,2,1,6600.0,2026-05-17 14:36:53.511093
7926,Appartement spacieux au 1er étage à vendre,600000.0,Deroua,Toute La Ville,100.0,3,2,6000.0,2026-05-17 14:36:53.511196
7927,Appartement haut standing neuf Menara Garden 2,2000000.0,Marrakech,Guéliz,96.0,3,2,20833.33,2026-05-17 14:36:53.511293
7928,Deux appartements à vendre à Boukhalef 2,360000.0,Tanger,Al Irfane 2,56.0,2,1,6428.57,2026-05-17 14:36:53.511399
7929,Deux appartements à vendre à Tanger Boukhalef Erfane 2,360000.0,Tanger,Al Irfane 2,56.0,2,1,6428.57,2026-05-17 14:36:53.511496
7930,appartement à vendre a3zib hadj kaddour,720000.0,Tanger,Branes 2,85.0,2,1,8470.59,2026-05-17 14:36:53.511600
7931,Appartement à vendre,510000.0,Azrou,Toute La Ville,108.0,3,1,4722.22,2026-05-17 14:36:53.511698
7932,Studio 52m² Bourgogne,870000.0,Casablanca,Bourgogne,52.0,1,1,16730.77,2026-05-17 14:36:53.511794
7933,Appartement à vendre 85 m² à Agadir,750000.0,Agadir,El Houda,85.0,2,1,8823.53,2026-05-17 14:36:53.511893
7934,Appartement à vendre 68 m² à Tétouan,570000.0,Tétouan,Autre Secteur,78.0,2,1,7307.69,2026-05-17 14:36:53.511990
7935,"Appartement à vendre à Caznaya, 3 chambres",560000.0,Tanger,Autre Secteur,75.0,3,1,7466.67,2026-05-17 14:36:53.512106
7936,Appartement à vendre 78 m² à Marrakech,1650000.0,Marrakech,Hivernage,78.0,2,2,21153.85,2026-05-17 14:36:53.512218
7937,Appartement à vendre à Marjan route de Rabat,640000.0,Tanger,Marjane,60.0,2,1,10666.67,2026-05-17 14:36:53.512421
7938,Art Déco construit en 1919 et totalement rénové,1650000.0,Casablanca,Ben Ejdia,105.0,2,2,15714.29,2026-05-17 14:36:53.512525
7939,Appartement à vendre 64 m² à Casablanca,350000.0,Casablanca,Al Madina Aljadida,70.0,2,1,5000.0,2026-05-17 14:36:53.512626
7940,appartement à vendre à oujda,280000.0,Oujda,Nour,56.0,2,1,5000.0,2026-05-17 14:36:53.512729
7941,Appartement à vendre 80 m² à Martil,820000.0,Martil,Toute La Ville,80.0,2,2,10250.0,2026-05-17 14:36:53.512935
7942,Appartement à vendre 68 m² à Casablanca,350000.0,Casablanca,Sidi Bernoussi,68.0,3,2,5147.06,2026-05-17 14:36:53.513038
7943,Appartement à vendre dans R²,690000.0,El Jadida,Najd,110.0,3,2,6272.73,2026-05-17 14:36:53.513139
7944,vente appartement,3600000.0,Agadir,Marina,147.0,3,2,24489.8,2026-05-17 14:36:53.513338
7945,Appartement à vendre rue Tah,480000.0,Casablanca,Aïn Chock,56.0,2,1,8571.43,2026-05-17 14:36:53.513434
7946,- À vendre 4ème étage 87m 87 millions 2 façades,870000.0,Marrakech,Allal El Fassi,87.0,2,1,10000.0,2026-05-17 14:36:53.513586
7947,A vendre 37 million mhamid 10 2em,370000.0,Marrakech,M'Hamid,58.0,2,1,6379.31,2026-05-17 14:36:53.513692
7948,Appartement 5 P 2 Façades 115m2 3ème étage Ascenseur,870000.0,Saidia,Toute La Ville,115.0,2,1,7565.22,2026-05-17 14:36:53.513796
7949,Appartement légal à vendre,285000.0,Mohammedia,Autre Secteur,84.0,2,1,3392.86,2026-05-17 14:36:53.513925
7950,Appartement en face de la gare Agdal,2100000.0,Rabat,Agdal,74.0,2,1,28378.38,2026-05-17 14:36:53.514035
7951,Diar El Bassatine,36000000.0,Meknès,El Bassatine,72.0,3,1,500000.0,2026-05-17 14:36:53.514136
7952,Appartement Luxueux à Gauthier,3300000.0,Casablanca,Maarif,168.0,3,2,19642.86,2026-05-17 14:36:53.514235
7953,Appartements titrés à vendre avec soutien,600000.0,Martil,Toute La Ville,51.0,2,1,11764.71,2026-05-17 14:36:53.514339
7954,Appartement de luxe à vendre situé dans une résidence,700000.0,Casablanca,Errahma,68.0,2,2,10294.12,2026-05-17 14:36:53.514440
7955,Appartement à vendre TANJA BALIA 111m2,1800000.0,Tanger,Autre Secteur,111.0,3,2,16216.22,2026-05-17 14:36:53.514579
7956,Appartement à vendre 138 m² à Casablanca,1690000.0,Casablanca,2 Mars,138.0,3,2,12246.38,2026-05-17 14:36:53.514697
7957,"Appartement à vendre 60 m² Hay El Ouifak, Temara",580000.0,Temara,Wifak,60.0,2,1,9666.67,2026-05-17 14:36:53.514800
7958,CMN-MA-2654 - Appartement à vendre à Burger,1450000.0,Casablanca,Maarif,94.0,2,2,15425.53,2026-05-17 14:36:53.514903
7959,Appartement Sanaoubar,720000.0,Marrakech,Sanaoubar,70.0,2,2,10285.71,2026-05-17 14:36:53.515008
7960,Studio meublé à vendre avec piscine,580000.0,Marrakech,Palmeraie,48.0,1,1,12083.33,2026-05-17 14:36:53.515107
7961,Studio meublé à vendre avec piscine,580000.0,Marrakech,Route De Fès,48.0,1,1,12083.33,2026-05-17 14:36:53.515206
7962,Appartement 2 chambres avec terrasse à Coralia,2000000.0,Marrakech,Guéliz,92.0,2,2,21739.13,2026-05-17 14:36:53.515306
7963,Appartement à Belvédère à vendre,1200000.0,Casablanca,Belvédère,120.0,3,2,10000.0,2026-05-17 14:36:53.515410
7964,Bel appartement à vendre,1500000.0,Tanger,Administratif,66.0,2,1,22727.27,2026-05-17 14:36:53.515525
7965,Appartement à vendre,900000.0,Salé,Toute La Ville,98.0,3,1,9183.67,2026-05-17 14:36:53.515754
7966,Appartement à Vendre Quartier Hay Mohammedi,540000.0,Agadir,Hay Mohammadi,52.0,2,1,10384.62,2026-05-17 14:36:53.515858
7967,Appartement à vendre 76 m² à Salé,630500.0,Salé,Said Hajji,76.0,2,1,8296.05,2026-05-17 14:36:53.515961
7968,Studio à vendre Oasis Casablanca,1288000.0,Casablanca,Oasis,56.0,1,1,23000.0,2026-05-17 14:36:53.516277
7969,Studio à vendre Oasis Casablanca,1173000.0,Casablanca,Oasis,51.0,1,1,23000.0,2026-05-17 14:36:53.516401
7970,Appartement à Résidence Islane à Agadir,1060000.0,Agadir,Hay Mohammadi,100.0,2,2,10600.0,2026-05-17 14:36:53.516534
7971,Appartement magnifique 😍,430000.0,Mdiq,Toute La Ville,55.0,2,1,7818.18,2026-05-17 14:36:53.516655
7972,"Appartement meublé à vendre, titré, à Martil",1550000.0,Martil,Toute La Ville,90.0,3,2,17222.22,2026-05-17 14:36:53.516764
7973,Studio à vendre Oasis Casablanca,1219000.0,Casablanca,Oasis,53.0,1,1,23000.0,2026-05-17 14:36:53.516887
7974,Appartement à vendre,1250000.0,Tétouan,Centre Ville,100.0,3,2,12500.0,2026-05-17 14:36:53.517003
7975,Studio neuf à vendre sur Oasis,1219000.0,Casablanca,Oasis,53.0,1,1,23000.0,2026-05-17 14:36:53.517128
7976,Appartement neuf à vendre à Temara,790000.0,Temara,Autre Secteur,79.0,2,2,10000.0,2026-05-17 14:36:53.517247
7977,Appartement à vendre au quartier Saada à Marrakech,475000.0,Marrakech,Es Saada,54.0,2,1,8796.3,2026-05-17 14:36:53.517390
7978,Bon appartement à très bon prix,250000.0,Meknès,Wislane,62.0,2,1,4032.26,2026-05-17 14:36:53.517507
7979,CMN-AI-1104 - Appartement à vendre à Beausite,790000.0,Casablanca,Autre Secteur,82.0,2,1,9634.15,2026-05-17 14:36:53.517638
7980,Appartement à vendre 76 m² à Casablanca,670000.0,Casablanca,Roches Noires,76.0,2,1,8815.79,2026-05-17 14:36:53.517744
7981,Appartement à vendre,380000.0,Tétouan,Tamouda,58.0,2,1,6551.72,2026-05-17 14:36:53.517855
7982,Appartement spacieux à vendre,1340000.0,Marrakech,Guéliz,56.0,1,2,23928.57,2026-05-17 14:36:53.517952
7983,Appartement à vendre 97 m² à Salé,900000.0,Salé,Said Hajji,97.0,3,2,9278.35,2026-05-17 14:36:53.518055
7984,Appartement à vendre centre ville Mohammedia,1150000.0,Mohammedia,Centre Ville,95.0,2,2,12105.26,2026-05-17 14:36:53.518153
7985,Appartement à vendre 56 m² à Casablanca,450000.0,Casablanca,Sidi Moumen,56.0,2,1,8035.71,2026-05-17 14:36:53.518262
7986,Appartement à 1 min de la Plage à Sidi Rahal,1000000.0,Sidi Rahal,Toute La Ville,88.0,2,2,11363.64,2026-05-17 14:36:53.518365
7987,"Appartement 56 m², ascenseur, syndic, à 5 minutes de Malabata",550000.0,Tanger,Tanja Balia,56.0,2,1,9821.43,2026-05-17 14:36:53.518475
7988,Appartement 3 pièces 80 mètres ascenseur syndic 5 minutes Malabata,750000.0,Tanger,Tanja Balia,80.0,3,1,9375.0,2026-05-17 14:36:53.518611
7989,"Appartement meublé 76 m², ascenseur, syndic, sur rue",798000.0,Tanger,Tanja Balia,76.0,2,1,10500.0,2026-05-17 14:36:53.518738
7990,Appartement à vendre 64 m² à Mohammedia,440000.0,Mohammedia,El Alia,64.0,2,1,6875.0,2026-05-17 14:36:53.518864
7991,Appartement 74 m ascenseur syndic balcon 4 minutes gare,592000.0,Tanger,Tanja Balia,74.0,2,1,8000.0,2026-05-17 14:36:53.519114
7992,"Appartement 3 pièces 93 m², ascenseur, syndic, 4 minutes de la gare",744000.0,Tanger,Tanja Balia,93.0,3,1,8000.0,2026-05-17 14:36:53.519252
7993,Appartement 4 pièces 102 m² ascenseur syndic sur rue,1070000.0,Tanger,Tanja Balia,102.0,4,2,10490.2,2026-05-17 14:36:53.519382
7994,"Appartement terrasse 196 m, ascenseur, syndic, déclaration totale",1020000.0,Tanger,Tanja Balia,196.0,2,1,5204.08,2026-05-17 14:36:53.519525
7995,Appartement à vendre 93 m² à Benslimane,350000.0,Benslimane,Autre Secteur,93.0,2,1,3763.44,2026-05-17 14:36:53.519774
7996,Appartement à vendre à Bouznika,650000.0,Bouznika,Plage Oued Cherrat,56.0,1,1,11607.14,2026-05-17 14:36:53.519898
7997,Appartement neuf,1280000.0,Kénitra,Centre,103.0,3,2,12427.18,2026-05-17 14:36:53.520025
7998,Appartement à vendre à SANIA 108m2,1450000.0,Tanger,Autre Secteur,108.0,3,2,13425.93,2026-05-17 14:36:53.520137
7999,Appartement neuf,1260000.0,Marrakech,Semlalia,84.0,2,2,15000.0,2026-05-17 14:36:53.520259
8000,Appartement titré à vendre à Tanger,800000.0,Tanger,Autre Secteur,95.0,3,1,8421.05,2026-05-17 14:36:53.520371
8001,Appartement,360000.0,Casablanca,Sidi Maarouf,60.0,2,1,6000.0,2026-05-17 14:36:53.520606
8002,Appartement Haut Standing Bd Anoual & Abdelmoumen,1200000.0,Casablanca,Quartier Des Hôpitaux,60.0,1,1,20000.0,2026-05-17 14:36:53.520874
8003,Appartement à vendre 51 m² à Casablanca,1150000.0,Casablanca,Maarif,71.0,1,1,16197.18,2026-05-17 14:36:53.521001
8004,Appartement à vendre 50 m² à Temara,360000.0,Temara,Autre Secteur,50.0,2,1,7200.0,2026-05-17 14:36:53.521113
8005,Appartement 2 chambres salon,470000.0,Marrakech,Akioud,64.0,2,1,7343.75,2026-05-17 14:36:53.521224
8006,CMN-MA-2653 - Appartement à vendre à Les Hôpitaux,2100000.0,Casablanca,Quartier Des Hôpitaux,137.0,3,1,15328.47,2026-05-17 14:36:53.521324
8007,"Appartement 74 m², garage, ascenseur, balcon, aide de l'État",740000.0,Tanger,Marjane,74.0,2,2,10000.0,2026-05-17 14:36:53.521430
8008,Immeubles Al Hamd 4ème étage,340000.0,Temara,Temara Plage,50.0,2,1,6800.0,2026-05-17 14:36:53.521550
8009,"Appartement à vendre à Laayoune, quartier Erfane Boukhalkhal",350000.0,Tanger,Boukhalef,50.0,2,1,7000.0,2026-05-17 14:36:53.521650
8010,Appartement 3 chambres 80 m² ascenseur syndic 5 minutes de la Bata,750000.0,Tanger,Tanja Balia,80.0,3,1,9375.0,2026-05-17 14:36:53.522250
8011,Appartement 4 pièces 120 mètres garage ascenseur balcon sur rue,1200000.0,Tanger,Marjane,120.0,4,2,10000.0,2026-05-17 14:36:53.522408
8012,"El Hada Soualem, quartier Nasr",820000.0,Had Soualem,Toute La Ville,122.0,3,2,6721.31,2026-05-17 14:36:53.522523
8013,Appartement meublé 76 m ascenseur syndic sur rue,798000.0,Tanger,Tanja Balia,76.0,2,1,10500.0,2026-05-17 14:36:53.522635
8014,"Appartement 57 m², ascenseur, balcon sur rue",450000.0,Tanger,Marjane,57.0,2,1,7894.74,2026-05-17 14:36:53.522812
8015,Quartier Khizama,1300000.0,Al Hoceima,Toute La Ville,175.0,3,2,7428.57,2026-05-17 14:36:53.522938
8016,"Appartement 150 m², 3 chambres, ascenseur, balcon, sur le boulevard",1950000.0,Tanger,Centre Ville,150.0,3,2,13000.0,2026-05-17 14:36:53.523041
8017,"Appartement de Luxe à Vendre (80 m², 5ème étage)",950000.0,Al Hoceima,Toute La Ville,80.0,2,2,11875.0,2026-05-17 14:36:53.523186
8018,appartement à vendre,290000.0,Meknès,Autre Secteur,69.0,2,2,4202.9,2026-05-17 14:36:53.523288
8019,Vente appartements,300000.0,Saidia,Toute La Ville,60.0,2,1,5000.0,2026-05-17 14:36:53.523398
8020,Appartement meublé 3 chambres ascenseur garage déclaration totale,2340500.0,Tanger,Centre Ville,151.0,3,3,15500.0,2026-05-17 14:36:53.523499
8021,"Maison à vendre Houta à Salé, rue Assounboul, près de Sidi Moussa",880000.0,Salé,Sidi Moussa,110.0,3,1,8000.0,2026-05-17 14:36:53.523723
8022,"Appartement 56 m², ascenseur, syndic, 5 minutes de Malabata",550000.0,Tanger,Tanja Balia,56.0,2,1,9821.43,2026-05-17 14:36:53.523824
8023,CMN-HA-2060 - Appartement à vendre à Ferme Bretonne,3000000.0,Casablanca,Ferme Bretone,188.0,3,2,15957.45,2026-05-17 14:36:53.523937
8024,FES-SA-1056 - Appartement à vendre à Route immouzer,510000.0,Fès,Autre Secteur,77.0,3,1,6623.38,2026-05-17 14:36:53.524039
8025,Bel Appartement à vendre Val Fleuri Casablanca,1960000.0,Casablanca,Val Fleuri,110.0,3,2,17818.18,2026-05-17 14:36:53.524145
8026,Opportunité d'un bel appartement,420000.0,Meknès,Wislane,91.0,3,1,4615.38,2026-05-17 14:36:53.524262
8027,🔥 2 Studios | Vue Mer | prêt pour Airbnb,2400000.0,Tanger,Malabata,170.0,2,2,14117.65,2026-05-17 14:36:53.524360
8028,🔥 2 Studios | Vue Mer | prêt pour Airbnb,2400000.0,Tanger,Malabata,100.0,2,2,24000.0,2026-05-17 14:36:53.524568
8029,Appartement à vendre 53 m² à Tanger,320000.0,Tanger,Marjane,53.0,2,2,6037.74,2026-05-17 14:36:53.524675
8030,Appartement 74 m ascenseur syndic 4 minutes gare,592000.0,Tanger,Tanja Balia,74.0,2,1,8000.0,2026-05-17 14:36:53.524778
8031,Appartement à vendre 87 m² à Marrakech,1750000.0,Marrakech,Route De Casablanca,87.0,2,2,20114.94,2026-05-17 14:36:53.524885
8032,Appartement à vendre 168m Magaza 49m,1400000.0,Casablanca,Bournazil,168.0,3,3,8333.33,2026-05-17 14:36:53.524992
8033,"Appartement 93 m², 3 chambres, ascenseur, syndic, 4 minutes de la gare",744000.0,Tanger,Tanja Balia,93.0,3,1,8000.0,2026-05-17 14:36:53.525090
8034,Appartement 4 pièces 120 mètres ascenseur syndic balcon sur rue,1070000.0,Tanger,Tanja Balia,102.0,4,2,10490.2,2026-05-17 14:36:53.525943
8035,"Appartement terrasse 196m, ascenseur, syndic, déclaration totale",1020000.0,Tanger,Tanja Balia,196.0,2,1,5204.08,2026-05-17 14:36:53.526059
8036,"Appartement à vendre, av my youssef à Safi",1050000.0,Safi,Ville Nouvelle,113.0,3,1,9292.04,2026-05-17 14:36:53.526422
8037,Appartement à vendre à Ait Melloul à Agadir,440000.0,Agadir,Haut Anza,62.0,2,1,7096.77,2026-05-17 14:36:53.526546
8038,Appartement à vendre,490000.0,Salé,Hay Chmaou,64.0,2,1,7656.25,2026-05-17 14:36:53.526672
8039,Bel appartement rénové à vendre,400000.0,Casablanca,Sidi Moumen,55.0,2,1,7272.73,2026-05-17 14:36:53.526779
8040,"Appartement 3ème étage deux façades, rue Nakhl, Riad Salam 90 m²",550000.0,Béni Mellal,Toute La Ville,100.0,2,2,5500.0,2026-05-17 14:36:53.526886
8041,Appartement à vendre dans le quartier Khasafat,9000000.0,Tanger,Marchan,80.0,2,1,112500.0,2026-05-17 14:36:53.527119
8042,Appartement à vendre,1800000.0,Tanger,Tanja Balia,111.0,3,2,16216.22,2026-05-17 14:36:53.527453
8043,Appartement à vendre à Hay Mohammadi R3,850000.0,Agadir,Hay Mohammadi,61.0,2,1,13934.43,2026-05-17 14:36:53.527836
8044,appartement à vendre,900000.0,Casablanca,Hay Moulay Rachid,96.0,3,1,9375.0,2026-05-17 14:36:53.528000
8045,Appartement à vendre 58 m² à Asilah,540000.0,Asilah,Toute La Ville,62.0,3,1,8709.68,2026-05-17 14:36:53.528316
8046,Appartement Duplex à vendre 165 m² - Hay Hassani,1500000.0,Casablanca,Hay Hassani,165.0,3,2,9090.91,2026-05-17 14:36:53.528431
8047,SUPERBE APPARTEMENT MEUBLÉ HAUT STANDING,3750000.0,El Menzeh,Toute La Ville,163.0,3,2,23006.13,2026-05-17 14:36:53.528572
8048,Appartement à vendre 68 m² à Agadir,900000.0,Agadir,Hay Dakhla,68.0,2,1,13235.29,2026-05-17 14:36:53.528797
8049,Appartement 115 m2,750000.0,Casablanca,Sidi Bernoussi,115.0,2,1,6521.74,2026-05-17 14:36:53.528902
8050,Appartement El Mansouria,800000.0,El Mansouria,Toute La Ville,80.0,2,2,10000.0,2026-05-17 14:36:53.529156
8051,Appartement à vendre à Tawhid Abwab Gueliz,470000.0,Marrakech,Mabrouka,58.0,2,1,8103.45,2026-05-17 14:36:53.529273
8052,🚨 Appartement à vendre 60m² à Marrakech,660000.0,Marrakech,Route De Casablanca,60.0,2,1,11000.0,2026-05-17 14:36:53.529391
8053,Appartement à vendre 85m² à Kénitra Val Fleuri,900000.0,Kénitra,Val Fleury,85.0,2,1,10588.24,2026-05-17 14:36:53.529580
8054,Superbe appartement Ahbas Massira,660000.0,Marrakech,Massira 1,74.0,2,1,8918.92,2026-05-17 14:36:53.529830
8055,Appartement à vendre à Majd - 3ème étage (avec ascenseur),840000.0,Tanger,El Majd,86.0,3,2,9767.44,2026-05-17 14:36:53.530031
8056,Appartement à vendre 71 m² à Temara,667400.0,Temara,Ain Atig,71.0,3,1,9400.0,2026-05-17 14:36:53.530466
8057,Bel appartement propre et bien situé Azhar Bernoussi,440000.0,Casablanca,Sidi Moumen,61.0,2,1,7213.11,2026-05-17 14:36:53.530574
8058,Appartement à vendre,310000.0,Meknès,Autre Secteur,65.0,2,1,4769.23,2026-05-17 14:36:53.530707
8059,Appartement à vendre à Casablanca,750000.0,Casablanca,Sidi Othmane,99.0,2,2,7575.76,2026-05-17 14:36:53.530918
8060,Appartement ensoleillé à 5min du parc,950000.0,Mohammedia,Wafa,88.0,2,2,10795.45,2026-05-17 14:36:53.531018
8061,Appartement à vendre Martil résidence Perla,650000.0,Martil,Toute La Ville,60.0,2,1,10833.33,2026-05-17 14:36:53.531116
8062,Appartement à vendre 108 m² à Marrakech,1600000.0,Marrakech,Centre Ville,108.0,3,1,14814.81,2026-05-17 14:36:53.531219
8063,Appartement à vendre 2 chambres et salon,400000.0,Marrakech,M'Hamid,54.0,2,1,7407.41,2026-05-17 14:36:53.531761
8064,Appartement meublé à louer près de Cityclub,290000.0,Sidi Bouzid,Toute La Ville,54.0,2,1,5370.37,2026-05-17 14:36:53.531966
8065,Superbe Appartement Meublé à Malabata Hills,3000000.0,Tanger,Malabata,110.0,3,3,27272.73,2026-05-17 14:36:53.532064
8066,CMN-SI-1971 - Appartement à vendre à Liberté,930000.0,Casablanca,Sidi Belyout,109.0,2,2,8532.11,2026-05-17 14:36:53.532163
8067,CMN-AS-1822 - Appartement à vendre à Ain Borja,650000.0,Casablanca,Aïn Borja,64.0,2,1,10156.25,2026-05-17 14:36:53.532260
8068,Appartement à vendre 102 m² à Salé,1450000.0,Salé,Sala El Jadida,102.0,3,2,14215.69,2026-05-17 14:36:53.532360
8069,"Appartements à vendre Fajr Al Nasr, excellente finition, 90 m² à 120 m²",680000.0,Had Soualem,Toute La Ville,90.0,5,2,7555.56,2026-05-17 14:36:53.532464
8070,CMN-MA-2650 - Appartement à vendre à Bourgogne,1760000.0,Casablanca,Maarif,110.0,2,2,16000.0,2026-05-17 14:36:53.532612
8071,CMN-ME-1733 - Appartement à vendre à Mers Sultan,700000.0,Casablanca,Mers Sultan,77.0,2,1,9090.91,2026-05-17 14:36:53.532715
8072,FES-AG-1114 - Appartement à vendre à Bourmana,540000.0,Fès,Autre Secteur,107.0,2,1,5046.73,2026-05-17 14:36:53.532818
8073,CMN-MA-2649 - Appartement à vendre à Oasis,1850000.0,Casablanca,Oasis,105.0,2,2,17619.05,2026-05-17 14:36:53.532931
8074,CMN-AS-1820 - Appartement à vendre à Belvédère,1050000.0,Casablanca,Belvédère,97.0,2,1,10824.74,2026-05-17 14:36:53.533033
8075,MOH-MHD-1003 - Appartement à vendre à Quartier d...,870000.0,Mohammedia,Autre Secteur,64.0,2,1,13593.75,2026-05-17 14:36:53.533139
8076,CMN-SI-1970 - Appartement à vendre à Ziraoui,1450000.0,Casablanca,Bourgogne,80.0,2,1,18125.0,2026-05-17 14:36:53.533244
8077,CMN-SI-1969 - Appartement à vendre à Ziraoui,1820000.0,Casablanca,Bourgogne,102.0,2,1,17843.14,2026-05-17 14:36:53.533343
8078,CMN-ME-1734 - Appartement à vendre à Casablanca,1700000.0,Casablanca,Autre Secteur,104.0,2,1,16346.15,2026-05-17 14:36:53.533441
8079,CMN-ME-1732 - Appartement à vendre à La Gironde,970000.0,Casablanca,La Gironde,78.0,1,1,12435.9,2026-05-17 14:36:53.533554
8080,Appartements à vendre à Jnane El Khir,690000.0,Ben Guerir,Toute La Ville,132.0,3,1,5227.27,2026-05-17 14:36:53.533657
8081,Excellent appartement à vendre à Jamai Boukhalk,350000.0,Tanger,Boukhalef,50.0,2,1,7000.0,2026-05-17 14:36:53.533753
8082,Vends appartement à Errahma,700000.0,Casablanca,Errahma,84.0,2,2,8333.33,2026-05-17 14:36:53.533851
8083,Appartement Tanger Al baraka 2,350000.0,Tanger,El Baraka,46.0,2,1,7608.7,2026-05-17 14:36:53.533974
8084,Grand appartement avec garage de 15m,740000.0,Bouznika,Autre Secteur,125.0,2,1,5920.0,2026-05-17 14:36:53.534173
8085,Appartement à vendre 78 m² à Fès HAY SAIDA,310000.0,Fès,Hay Mohammedi,78.0,2,1,3974.36,2026-05-17 14:36:53.534278
8086,Appartement de 125 m² avec garage,720000.0,Bouznika,Autre Secteur,125.0,2,1,5760.0,2026-05-17 14:36:53.534395
8087,Tétouan M'diq,750000.0,Tétouan,Taboula,116.0,4,2,6465.52,2026-05-17 14:36:53.534622
8088,Communay Sidi Allal El Bahraoui,540000.0,Sidi Allal Tazi,Toute La Ville,100.0,4,1,5400.0,2026-05-17 14:36:53.534826
8089,Appartement à vendre,1000000.0,Salé,Said Hajji,116.0,3,2,8620.69,2026-05-17 14:36:53.534922
8090,Appartement à vendre 64 m² à Temara,860000.0,Temara,Autre Secteur,64.0,2,1,13437.5,2026-05-17 14:36:53.535020
8091,appartement a vendre,1300000.0,Casablanca,Oulfa,131.0,3,1,9923.66,2026-05-17 14:36:53.535239
8092,À vendre – Superbe appartement à Nassim,1300000.0,Casablanca,Nassim,126.0,3,1,10317.46,2026-05-17 14:36:53.535351
8093,Appartement de prestige 115m² Meknès,6800000.0,Meknès,Autre Secteur,115.0,3,3,59130.43,2026-05-17 14:36:53.535479
8094,Appartement à vendre 61 m² à Agadir,700000.0,Agadir,Hay Salam,61.0,2,1,11475.41,2026-05-17 14:36:53.535621
8095,Appartement à vendre usage habitable ou commercial,1200000.0,Tanger,Autre Secteur,100.0,2,2,12000.0,2026-05-17 14:36:53.535750
8096,Appartement à vendre 52 m² à Casablanca,630000.0,Casablanca,Lissasfa,52.0,2,1,12115.38,2026-05-17 14:36:53.535914
8097,111111111467,1600000.0,Casablanca,Maarif,132.0,3,2,12121.21,2026-05-17 14:36:53.536025
8098,Appartement à vendre 79 m² à Meknès,510000.0,Meknès,Wislane,91.0,3,2,5604.4,2026-05-17 14:36:53.536146
8099,"Appartement à vendre à Temara, secteur El Dhaoui, avenue Hassan 2",1100000.0,Temara,Autre Secteur,117.0,2,2,9401.71,2026-05-17 14:36:53.536391
8100,Appartement à Anza Superior à prix raisonnable 35 millions,350000.0,Agadir,Haut Anza,54.0,2,1,6481.48,2026-05-17 14:36:53.536528
8101,Résidence Badr Oued Hassar,300000.0,Casablanca,Autre Secteur,56.0,2,1,5357.14,2026-05-17 14:36:53.536639
8102,Appartement à vendre 54 m² à Berrechid,25000000.0,Berrechid,Toute La Ville,54.0,2,1,462962.96,2026-05-17 14:36:53.536795
8103,Appartement à vendre 146 m² à Kénitra,1260000.0,Kénitra,Mimosas,160.0,3,2,7875.0,2026-05-17 14:36:53.536909
8104,Appartements à vendre 47 m² à Fnideq,420000.0,Fnideq,Toute La Ville,47.0,2,1,8936.17,2026-05-17 14:36:53.537022
8105,Appartement 2 chambres salon à vendre,1300000.0,Temara,Centre Ville,86.0,2,2,15116.28,2026-05-17 14:36:53.537252
8106,Appartement de luxe Rabat,3000000.0,Rabat,Yacoub El Mansour,160.0,3,2,18750.0,2026-05-17 14:36:53.537367
8107,Appartement à vendre 99 m² à Tamesna,1000000.0,Skhirat,Autre Secteur,99.0,3,2,10101.01,2026-05-17 14:36:53.537468
8108,Appartement 116 m² à Belvédère,1270000.0,Casablanca,Belvédère,116.0,2,2,10948.28,2026-05-17 14:36:53.537608
8109,Bel appartement à Marina Smir,1500000.0,Tétouan,Tamouda,75.0,2,1,20000.0,2026-05-17 14:36:53.537714
8110,"Appartement à vendre Tamesna El Amal 1, titré, rénové, 3ème étage",31000000.0,Tamesna,Toute La Ville,55.0,2,2,563636.36,2026-05-17 14:36:53.537815
8111,Appartement à vendre 183 m² à Mohammedia,1650000.0,Mohammedia,Wafa,183.0,3,2,9016.39,2026-05-17 14:36:53.537954
8112,Appartement de standing,660000.0,Dar Bouazza,Toute La Ville,80.0,2,1,8250.0,2026-05-17 14:36:53.538198
8113,Appartement de standing Dar Bouazza,570000.0,Dar Bouazza,Toute La Ville,56.0,2,1,10178.57,2026-05-17 14:36:53.538305
8114,Appartement à vendre 116 m² à Temara,980000.0,Temara,Wifak,116.0,2,1,8448.28,2026-05-17 14:36:53.538409
8115,Appartement à vendre 90 m² à Kénitra,495000.0,Kénitra,Al Maghrib Al Arabi,90.0,3,1,5500.0,2026-05-17 14:36:53.538615
8116,Appartement à vendre 90 m² à Casablanca,1800000.0,Casablanca,Maarif,90.0,2,2,20000.0,2026-05-17 14:36:53.538722
8117,Appartement à vendre 74 m² à Casablanca,740000.0,Casablanca,Oulfa,74.0,2,2,10000.0,2026-05-17 14:36:53.539403
8118,Appartement lumineux à Salé,720000.0,Salé,Hay Chmaou,66.0,2,2,10909.09,2026-05-17 14:36:53.539539
8119,"Wadahab Hay El Alo 52 m², 1er étage",480000.0,Casablanca,Sbata,51.0,2,1,9411.76,2026-05-17 14:36:53.539655
8120,Appartement à vendre Harhoura,1700000.0,Temara,Harhoura,84.0,2,2,20238.1,2026-05-17 14:36:53.539769
8121,Appartement à vendre 58 m² à Tamesna,345000.0,Tamesna,Toute La Ville,58.0,2,1,5948.28,2026-05-17 14:36:53.539885
8122,"Appartement titré à vendre à Riad Taboula, quartier Taboula, Tétouan",370000.0,Tétouan,Taboula,64.0,3,1,5781.25,2026-05-17 14:36:53.539990
8123,À définir ultérieurement,1500000.0,Temara,Wifak,128.0,3,2,11718.75,2026-05-17 14:36:53.540090
8124,A vendre appartement 4Ch Salon 207 m² à Gauthier,3300000.0,Casablanca,Gauthier,207.0,4,3,15942.03,2026-05-17 14:36:53.540189
8125,"Appartement titré à vendre, avenue des Forces Armées Royales, Tétouan",650000.0,Tétouan,Autre Secteur,116.0,3,1,5603.45,2026-05-17 14:36:53.540399
8126,Appartement à vendre 60 m² à Selouane,310000.0,Selouane,Toute La Ville,70.0,2,2,4428.57,2026-05-17 14:36:53.540618
8127,Appartement à vendre 84 m² à Temara,880000.0,Temara,Massira 1,84.0,3,1,10476.19,2026-05-17 14:36:53.540715
8128,appartement à bayti sakani louizia,340000.0,Mohammedia,Autre Secteur,54.0,2,1,6296.3,2026-05-17 14:36:53.540813
8129,Appartement à vendre 38 m² à Tanger,160000.0,Tanger,Centre Ville,39.0,1,1,4102.56,2026-05-17 14:36:53.541020
8130,Appartement à vendre 51 m² à El Jadida,300000.0,El Jadida,Autre Secteur,51.0,2,1,5882.35,2026-05-17 14:36:53.541128
8131,Studio à vendre à Prestigia Jubaea,1250000.0,Marrakech,Autre Secteur,45.0,1,1,27777.78,2026-05-17 14:36:53.541240
8132,À vendre – Superbe appartement Roches Noires,1250000.0,Casablanca,Roches Noires,98.0,2,2,12755.1,2026-05-17 14:36:53.541509
8133,"Appartement 3 chambres, garage, ascenseur, balcon, aide de l'état, sur la rue",876000.0,Tanger,Marjane,73.0,3,2,12000.0,2026-05-17 14:36:53.541836
8134,VENTE APPARTEMENT à BOUZNIKA OUED CHERRAT,2700000.0,Bouznika,Plage Oued Cherrat,124.0,3,2,21774.19,2026-05-17 14:36:53.541940
8135,"Appartement 74 m², garage, ascenseur, balcon, aide de l'État",740000.0,Tanger,Marjane,74.0,2,2,10000.0,2026-05-17 14:36:53.542043
8136,Appartement 4 pièces 120 mètres garage ascenseur balcon sur rue,1200000.0,Tanger,Marjane,120.0,4,2,10000.0,2026-05-17 14:36:53.542148
8137,Appartement ascenseur balcon vue sur la rue,450000.0,Tanger,Marjane,57.0,2,1,7894.74,2026-05-17 14:36:53.542384
8138,Appartement à vendre,380000.0,Casablanca,Ain Sebaa,56.0,2,1,6785.71,2026-05-17 14:36:53.542486
8139,"Appartement 106 m², 3 chambres, garage, piscine, balcon, Tanger Baliya",1378000.0,Tanger,Malabata,106.0,3,2,13000.0,2026-05-17 14:36:53.542597
8140,Appartement RDC à vendre Hay Hassani,690000.0,Tanger,Hay Hassani,86.0,3,1,8023.26,2026-05-17 14:36:53.542704
8141,Appartement à vendre,440000.0,Mohammedia,Nassim,60.0,2,1,7333.33,2026-05-17 14:36:53.542808
8142,Appartement 3 chambres 150 m² ascenseur balcon sur le boulevard,1950000.0,Tanger,Centre Ville,150.0,3,2,13000.0,2026-05-17 14:36:53.542910
8143,Bel appartement à vendre avec piscine,2400000.0,Tanger,De La Plage,84.0,2,2,28571.43,2026-05-17 14:36:53.543015
8144,"Appartement 56 m², ascenseur, syndic, 5 minutes Malabata",550000.0,Tanger,Tanja Balia,56.0,2,1,9821.43,2026-05-17 14:36:53.543115
8145,Appartement à vendre à Playa Tanger,3500000.0,Tanger,Centre Ville,75.0,2,2,46666.67,2026-05-17 14:36:53.543225
8146,Appartement La Rocade,480000.0,Casablanca,Oulfa,54.0,2,1,8888.89,2026-05-17 14:36:53.543330
8147,Appartement 3 chambres ascenseur syndic 5 minutes Malabata,750000.0,Tanger,Tanja Balia,80.0,3,1,9375.0,2026-05-17 14:36:53.543431
8148,Appartement à vendre 240 m² à Casablanca,4800000.0,Casablanca,Racine,240.0,4,3,20000.0,2026-05-17 14:36:53.543542
8149,Duplex à vendre,500000.0,Fès,Route Ain Chkaf,120.0,3,3,4166.67,2026-05-17 14:36:53.543644
8150,Appartement 74 m2 ascenseur balcon syndic,592000.0,Tanger,Tanja Balia,74.0,2,1,8000.0,2026-05-17 14:36:53.543744
8151,Appartement 93 m² 3 chambres ascenseur syndic 4 minutes gare,744000.0,Tanger,Tanja Balia,93.0,3,1,8000.0,2026-05-17 14:36:53.543852
8152,Appartement meublé 76 m ascenseur syndic sur la rue,798000.0,Tanger,Tanja Balia,76.0,2,1,10500.0,2026-05-17 14:36:53.543958
8153,Appartement à vendre 94 m² à El Jadida,800000.0,El Jadida,Autre Secteur,100.0,3,2,8000.0,2026-05-17 14:36:53.544063
8154,"Appartement 4 pièces 102 m², ascenseur, syndic, balcon sur rue",1070000.0,Tanger,Tanja Balia,105.0,4,2,10190.48,2026-05-17 14:36:53.544176
8155,Rez-de-chaussée Prestigia Opale,2450000.0,Marrakech,M'Hamid,117.0,2,2,20940.17,2026-05-17 14:36:53.544287
8156,Boulevard Moulay Ismail,1240000.0,Casablanca,Roches Noires,87.0,2,2,14252.87,2026-05-17 14:36:53.544385
8157,Appartement terrasse 118 m ascenseur syndic 4 minutes gare,800000.0,Tanger,Tanja Balia,118.0,2,1,6779.66,2026-05-17 14:36:53.544591
8158,"Appartement terrasse 196 m, ascenseur, syndic, déclaration totale",1020000.0,Tanger,Tanja Balia,196.0,2,1,5204.08,2026-05-17 14:36:53.544713
8159,Appartement Neuf à Vendre Tamesna (Projet CDG),400000.0,Rabat,Autre Secteur,50.0,2,2,8000.0,2026-05-17 14:36:53.544962
8160,Appartements à vendre Al Firdaws,260000.0,Ain Aouda,Toute La Ville,56.0,2,1,4642.86,2026-05-17 14:36:53.545088
8161,Prestigia Opale,2450000.0,Marrakech,M'Hamid,117.0,2,2,20940.17,2026-05-17 14:36:53.545200
8162,Appartement à vendre à Haddada,650000.0,Kénitra,Autre Secteur,94.0,2,2,6914.89,2026-05-17 14:36:53.545314
8163,"Appartement au premier étage, résidence privée, prix raisonnable",700000.0,Agadir,Hay Mohammadi,60.0,2,2,11666.67,2026-05-17 14:36:53.545439
8164,Appartements modernes et neufs à Hay Mohammadi,830000.0,Agadir,Hay Mohammadi,63.0,2,2,13174.6,2026-05-17 14:36:53.545565
8165,Appartement à vendre,1200000.0,Kénitra,Ouled Oujih,160.0,4,1,7500.0,2026-05-17 14:36:53.545696
8166,Joli appart à vendre à Californie,520000.0,Casablanca,Californie,60.0,2,1,8666.67,2026-05-17 14:36:53.545824
8167,Appartement à vendre à Salé près de Qawas El Khenifra,760000.0,Salé,Toute La Ville,81.0,3,1,9382.72,2026-05-17 14:36:53.545940
8168,Quartier Charaf Beni Mellal,650000.0,Béni Mellal,Toute La Ville,110.0,3,2,5909.09,2026-05-17 14:36:53.546163
8169,Appartement à vendre 98 m² à Marrakech,2300000.0,Marrakech,Guéliz,98.0,2,2,23469.39,2026-05-17 14:36:53.546291
8170,Superbe Appart à vendre 5 mn de Guéliz Marrakech,1340000.0,Marrakech,Centre Ville,84.0,2,2,15952.38,2026-05-17 14:36:53.546502
8171,Appartement à vendre,480000.0,Sidi Slimane,Toute La Ville,90.0,2,1,5333.33,2026-05-17 14:36:53.546764
8172,Appartement à vendre,480000.0,Berrechid,Toute La Ville,90.0,3,1,5333.33,2026-05-17 14:36:53.546858
8173,Appartement à vendre 54 m² à Agadir,700000.0,Agadir,Cité Adrar,64.0,2,1,10937.5,2026-05-17 14:36:53.546957
8174,appartement à vendre,550000.0,Oujda,Hay El Qods,76.0,2,1,7236.84,2026-05-17 14:36:53.547050
8175,Je mets en vente mon appartement,500000.0,Casablanca,Hay Mohammadi,100.0,3,1,5000.0,2026-05-17 14:36:53.547142
8176,Joli appartement,980000.0,Sidi Rahal,Toute La Ville,77.0,2,1,12727.27,2026-05-17 14:36:53.547238
8177,CMN-AC-2120 - Appartement à vendre à Sidi Maarouf,750000.0,Casablanca,Sidi Maarouf,59.0,2,1,12711.86,2026-05-17 14:36:53.547333
8178,À VENDRE – Appartement au quartier Val Fleuri,900000.0,Tanger,Val Fleuri,92.0,2,2,9782.61,2026-05-17 14:36:53.547556
8179,Prix après bénéfice du soutien 40 millions,400000.0,Martil,Toute La Ville,55.0,1,1,7272.73,2026-05-17 14:36:53.547666
8180,Appartement à Bayt Al Mostakbal,470000.0,Salé,Toute La Ville,60.0,2,2,7833.33,2026-05-17 14:36:53.547789
8181,Appartement à vendre,840000.0,Temara,Autre Secteur,83.0,2,1,10120.48,2026-05-17 14:36:53.547887
8182,Appartement à vendre 56 m² à Dar Bouazza,280000.0,Dar Bouazza,Toute La Ville,56.0,2,1,5000.0,2026-05-17 14:36:53.548184
8183,Appartement à vendre 54 m² à Casablanca,370000.0,Casablanca,Oulfa,54.0,2,1,6851.85,2026-05-17 14:36:53.548299
8184,Appartement Titer à vendre 53m Rue Miqdad Harizi à Sbata,560000.0,Casablanca,Autre Secteur,53.0,2,1,10566.04,2026-05-17 14:36:53.548506
8185,Résidence Jannat Ain Atiq Témara,620000.0,Temara,Ain Atig,96.0,2,1,6458.33,2026-05-17 14:36:53.548645
8186,Appartement à vendre 57 m² à Tanger,600000.0,Tanger,Autre Secteur,57.0,2,1,10526.32,2026-05-17 14:36:53.548739
8187,Appartement avec terrasse,880000.0,Agadir,Hay Dakhla,113.0,2,1,7787.61,2026-05-17 14:36:53.548945
8188,Appartement à vendre 95 m² à Kénitra,490000.0,Kénitra,Bir Rami,95.0,3,2,5157.89,2026-05-17 14:36:53.549136
8189,Appartement à vendre 96 m² à Agadir,1000000.0,Agadir,Hay Al Farah,96.0,2,1,10416.67,2026-05-17 14:36:53.549279
8190,Appartement à vendre 126 m² à Agadir,2300000.0,Agadir,Hay Al Farah,126.0,3,2,18253.97,2026-05-17 14:36:53.549385
8191,Appartement à vendre 63 m² à Mohammedia,380000.0,Mohammedia,Autre Secteur,63.0,3,1,6031.75,2026-05-17 14:36:53.549493
8192,Appartement à vendre 93 m² à Agadir,1300000.0,Agadir,Hay Al Farah,93.0,3,1,13978.49,2026-05-17 14:36:53.549836
8193,Appartements à vendre 46 m² à Temara,365000.0,Temara,Massira 2,46.0,1,2,7934.78,2026-05-17 14:36:53.549946
